{
 "alphabet": "arndcqeghilkmfpstwyv",
 "insrate": 0.00445028,
 "insextprob": 0.673469,
 "delrate": 0.00417218,
 "delextprob": 0.727273,
 "rootprob":
 {
  "a": 0.0542708,
  "r": 0.0346167,
  "n": 0.0192074,
  "d": 0.0551268,
  "c": 0.023224,
  "q": 0.0267448,
  "e": 0.0525379,
  "g": 0.118295,
  "h": 0.0413734,
  "i": 0.0317764,
  "l": 0.0732749,
  "k": 0.0963813,
  "m": 0.0232124,
  "f": 0.04202,
  "p": 0.062117,
  "s": 0.0968699,
  "t": 0.0369612,
  "w": 0.0139134,
  "y": 0.0393658,
  "v": 0.0587109
 },
 "subrate":
 {
  "a": { "r": 0.0239579, "n": 0.0277694, "d": 0.0436337, "c": 0.0261319, "q": 0.0350946, "e": 0.0870298, "g": 0.170127, "h": 0.0155958, "i": 0.0203561, "l": 0.044031, "k": 0.0343621, "m": 0.0222201, "f": 0.015799, "p": 0.061691, "s": 0.331754, "t": 0.170359, "w": 0.00532934, "y": 0.00873933, "v": 0.152747 },
  "r": { "a": 0.0478323, "n": 0.0484006, "d": 0.0317126, "c": 0.044533, "q": 0.0889833, "e": 0.0401329, "g": 0.0269691, "h": 0.112341, "i": 0.0358907, "l": 0.0373351, "k": 0.398895, "m": 0.0229528, "f": 0.018974, "p": 0.0703321, "s": 0.0898275, "t": 0.0337582, "w": 0.0251317, "y": 0.0172966, "v": 0.0487655 },
  "n": { "a": 0.0584998, "r": 0.0585817, "d": 0.391661, "c": 0.0164362, "q": 0.0870592, "e": 0.077541, "g": 0.130834, "h": 0.120484, "i": 0.0542247, "l": 0.0269474, "k": 0.179947, "m": 0.0235575, "f": 0.0212923, "p": 0.0375531, "s": 0.278545, "t": 0.138023, "w": 0.0177044, "y": 0.0226604, "v": 0.0411526 },
  "d": { "a": 0.0717694, "r": 0.0249609, "n": 0.319579, "c": 0.0113642, "q": 0.0506025, "e": 0.472152, "g": 0.114112, "h": 0.0407594, "i": 0.0192139, "l": 0.0147981, "k": 0.0802304, "m": 0.0149108, "f": 0.0134267, "p": 0.0290173, "s": 0.105612, "t": 0.0388394, "w": 0.0090371, "y": 0.0115744, "v": 0.0214302 },
  "c": { "a": 0.0481379, "r": 0.0247071, "n": 0.028826, "d": 0.0202394, "q": 0.0165226, "e": 0.0164893, "g": 0.0236678, "h": 0.0192012, "i": 0.0186256, "l": 0.0169994, "k": 0.0195637, "m": 0.0175379, "f": 0.0166657, "p": 0.0400301, "s": 0.051478, "t": 0.0481709, "w": 0.0133692, "y": 0.0347307, "v": 0.0264183 },
  "q": { "a": 0.0953001, "r": 0.100611, "n": 0.0882943, "d": 0.0788606, "c": 0.0145094, "e": 0.280276, "g": 0.0303191, "h": 0.182342, "i": 0.030269, "l": 0.0748657, "k": 0.132798, "m": 0.0381767, "f": 0.0167862, "p": 0.0823849, "s": 0.0599532, "t": 0.045092, "w": 0.0181776, "y": 0.0195965, "v": 0.046239 },
  "e": { "a": 0.196824, "r": 0.0249079, "n": 0.0673714, "d": 0.400917, "c": 0.00960844, "q": 0.216879, "g": 0.0584725, "h": 0.0220652, "i": 0.0171448, "l": 0.0124249, "k": 0.122553, "m": 0.0205756, "f": 0.0150597, "p": 0.05465, "s": 0.0867211, "t": 0.0527312, "w": 0.00881213, "y": 0.0135362, "v": 0.0256918 },
  "g": { "a": 0.21943, "r": 0.0105993, "n": 0.0671613, "d": 0.03986, "c": 0.005371, "q": 0.0207124, "e": 0.0289299, "h": 0.0142419, "i": 0.00751672, "l": 0.0191467, "k": 0.0238364, "m": 0.00795295, "f": 0.0168473, "p": 0.0164616, "s": 0.149467, "t": 0.0333885, "w": 0.00381879, "y": 0.00802734, "v": 0.0200967 },
  "h": { "a": 0.035398, "r": 0.0988155, "n": 0.155239, "d": 0.0636313, "c": 0.0153499, "q": 0.200833, "e": 0.0375271, "g": 0.0374384, "i": 0.025803, "l": 0.0379523, "k": 0.0414779, "m": 0.0202918, "f": 0.013945, "p": 0.100555, "s": 0.0282921, "t": 0.0200975, "w": 0.0110799, "y": 0.0130825, "v": 0.039343 },
  "i": { "a": 0.0398898, "r": 0.0406107, "n": 0.0296437, "d": 0.0248805, "c": 0.0191913, "q": 0.0308243, "e": 0.0207628, "g": 0.024898, "h": 0.0187517, "l": 0.294434, "k": 0.0456349, "m": 0.0851761, "f": 0.0542917, "p": 0.0271871, "s": 0.0348999, "t": 0.0767466, "w": 0.0105932, "y": 0.0347168, "v": 0.786345 },
  "l": { "a": 0.0453228, "r": 0.00885118, "n": 0.00889331, "d": 0.00897679, "c": 0.00584663, "q": 0.030823, "e": 0.00686666, "g": 0.0114028, "h": 0.0179007, "i": 0.142791, "k": 0.0132421, "m": 0.0665353, "f": 0.0431835, "p": 0.0151329, "s": 0.0290143, "t": 0.03374, "w": 0.00444793, "y": 0.0184919, "v": 0.0825765 },
  "k": { "a": 0.0462894, "r": 0.207917, "n": 0.0988235, "d": 0.0378237, "c": 0.0071097, "q": 0.0553625, "e": 0.0763213, "g": 0.0185053, "h": 0.0265993, "i": 0.0239556, "l": 0.0132945, "m": 0.0239429, "f": 0.0105902, "p": 0.0324443, "s": 0.0468254, "t": 0.0905072, "w": 0.00566672, "y": 0.00735766, "v": 0.0249473 },
  "m": { "a": 0.282549, "r": 0.0872174, "n": 0.100483, "d": 0.0931893, "c": 0.0554699, "q": 0.180214, "e": 0.0831833, "g": 0.0948967, "h": 0.0898414, "i": 0.386202, "l": 0.714624, "k": 0.130817, "f": 0.137885, "p": 0.10399, "s": 0.14115, "t": 0.200371, "w": 0.0433022, "y": 0.0967942, "v": 0.244299 },
  "f": { "a": 0.0328201, "r": 0.010006, "n": 0.0287581, "d": 0.0124381, "c": 0.010539, "q": 0.0125154, "e": 0.012392, "g": 0.0118617, "h": 0.0207297, "i": 0.0394591, "l": 0.119909, "k": 0.0149176, "m": 0.0184884, "p": 0.0102902, "s": 0.0395896, "t": 0.0143504, "w": 0.00777947, "y": 0.136517, "v": 0.0477847 },
  "p": { "a": 0.196979, "r": 0.0347904, "n": 0.0253651, "d": 0.0264985, "c": 0.0154612, "q": 0.0563634, "e": 0.0620181, "g": 0.0997467, "h": 0.0341195, "i": 0.0193918, "l": 0.0289594, "k": 0.0279905, "m": 0.0179533, "f": 0.0157796, "s": 0.0941688, "t": 0.0360836, "w": 0.0074413, "y": 0.0084121, "v": 0.0461827 },
  "s": { "a": 0.36066, "r": 0.0451123, "n": 0.176649, "d": 0.0662638, "c": 0.0207427, "q": 0.026802, "e": 0.0475161, "g": 0.139979, "h": 0.0176378, "i": 0.0167332, "l": 0.0381169, "k": 0.0491281, "m": 0.0133232, "f": 0.0227682, "p": 0.0740683, "t": 0.373269, "w": 0.00660355, "y": 0.0121889, "v": 0.0194285 },
  "t": { "a": 0.2108, "r": 0.0223116, "n": 0.091028, "d": 0.0484823, "c": 0.0121179, "q": 0.0385071, "e": 0.0701571, "g": 0.0317036, "h": 0.0166638, "i": 0.0690673, "l": 0.0380809, "k": 0.0815198, "m": 0.0293542, "f": 0.0194857, "p": 0.0400407, "s": 0.437215, "w": 0.00860899, "y": 0.0133913, "v": 0.157818 },
  "w": { "a": 0.0423282, "r": 0.0828757, "n": 0.0431737, "d": 0.0380197, "c": 0.031901, "q": 0.0424066, "e": 0.0372175, "g": 0.035137, "h": 0.0369829, "i": 0.043033, "l": 0.0475013, "k": 0.04192, "m": 0.0400954, "f": 0.0472438, "p": 0.0416395, "s": 0.0748764, "t": 0.0450515, "y": 0.0368285, "v": 0.0378026 },
  "y": { "a": 0.0299199, "r": 0.0137551, "n": 0.0319782, "d": 0.0159015, "c": 0.0430882, "q": 0.0146782, "e": 0.0156616, "g": 0.0148725, "h": 0.0298706, "i": 0.0406374, "l": 0.0436931, "k": 0.0206933, "m": 0.0191125, "f": 0.241717, "p": 0.0175079, "s": 0.0315004, "t": 0.0313105, "w": 0.01948, "v": 0.0243551 },
  "v": { "a": 0.1896, "r": 0.0227621, "n": 0.0183583, "d": 0.0201504, "c": 0.0177217, "q": 0.0203844, "e": 0.0191064, "g": 0.0226246, "h": 0.0115129, "i": 0.405932, "l": 0.0685918, "k": 0.0400623, "m": 0.0318492, "f": 0.026925, "p": 0.0277384, "s": 0.0290622, "t": 0.101662, "w": 0.00574061, "y": 0.0154529 }
 }
}
