{
 "alphabet": "arndcqeghilkmfpstwyv",
 "insrate": 0.00558775,
 "insextprob": 0.618182,
 "delrate": 0.00505495,
 "delextprob": 0.720588,
 "rootprob":
 {
  "a": 0.0681704,
  "r": 0.0438653,
  "n": 0.0273346,
  "d": 0.0373301,
  "c": 0.0472403,
  "q": 0.0436901,
  "e": 0.0544528,
  "g": 0.104466,
  "h": 0.0323674,
  "i": 0.0398387,
  "l": 0.0859152,
  "k": 0.0784901,
  "m": 0.0181605,
  "f": 0.0303186,
  "p": 0.0474486,
  "s": 0.0859158,
  "t": 0.0477225,
  "w": 0.013594,
  "y": 0.0266343,
  "v": 0.0670443
 },
 "subrate":
 {
  "a": { "r": 0.0330683, "n": 0.0275626, "d": 0.0385316, "c": 0.0163007, "q": 0.0329574, "e": 0.077003, "g": 0.252848, "h": 0.0148552, "i": 0.0157168, "l": 0.0317768, "k": 0.0287937, "m": 0.0204531, "f": 0.0177159, "p": 0.109189, "s": 0.361496, "t": 0.140378, "w": 0.00533124, "y": 0.00648996, "v": 0.109168 },
  "r": { "a": 0.025622, "n": 0.0419276, "d": 0.0168469, "c": 0.0179561, "q": 0.0702896, "e": 0.0199223, "g": 0.0261697, "h": 0.0689045, "i": 0.0138612, "l": 0.0147085, "k": 0.439014, "m": 0.0217615, "f": 0.00958995, "p": 0.0392502, "s": 0.0707071, "t": 0.0326132, "w": 0.0219587, "y": 0.0125722, "v": 0.0160833 },
  "n": { "a": 0.0495695, "r": 0.0468908, "d": 0.372436, "c": 0.0162766, "q": 0.0732535, "e": 0.0611127, "g": 0.15186, "h": 0.125597, "i": 0.0273294, "l": 0.0202366, "k": 0.279215, "m": 0.0220266, "f": 0.0156273, "p": 0.0267365, "s": 0.265262, "t": 0.10838, "w": 0.0148617, "y": 0.0325055, "v": 0.0325239 },
  "d": { "a": 0.0698519, "r": 0.0169268, "n": 0.315523, "c": 0.011225, "q": 0.0447761, "e": 0.399212, "g": 0.0813261, "h": 0.0382907, "i": 0.0156438, "l": 0.0152837, "k": 0.0505369, "m": 0.0136375, "f": 0.0096473, "p": 0.0294568, "s": 0.0976085, "t": 0.0492813, "w": 0.00863324, "y": 0.0140362, "v": 0.0266585 },
  "c": { "a": 0.0502012, "r": 0.025342, "n": 0.0136753, "d": 0.0168666, "q": 0.00968329, "e": 0.0104655, "g": 0.0278875, "h": 0.0340914, "i": 0.0139441, "l": 0.00834053, "k": 0.0111814, "m": 0.00979691, "f": 0.0107239, "p": 0.0402299, "s": 0.0796971, "t": 0.0166362, "w": 0.0131869, "y": 0.0271637, "v": 0.0255821 },
  "q": { "a": 0.0690504, "r": 0.102814, "n": 0.0962997, "d": 0.0521967, "c": 0.0252265, "e": 0.219019, "g": 0.0461944, "h": 0.22633, "i": 0.0266654, "l": 0.0323013, "k": 0.210159, "m": 0.0239114, "f": 0.0131125, "p": 0.0437285, "s": 0.0818596, "t": 0.0481526, "w": 0.0109313, "y": 0.0149734, "v": 0.0333597 },
  "e": { "a": 0.121083, "r": 0.0218735, "n": 0.0690758, "d": 0.380604, "c": 0.0107793, "q": 0.243582, "g": 0.068529, "h": 0.0399789, "i": 0.0231484, "l": 0.0188616, "k": 0.109665, "m": 0.0151487, "f": 0.0113809, "p": 0.025275, "s": 0.0899297, "t": 0.0443231, "w": 0.00882552, "y": 0.0158098, "v": 0.0534968 },
  "g": { "a": 0.19289, "r": 0.0181375, "n": 0.0670617, "d": 0.104446, "c": 0.00755357, "q": 0.0295772, "e": 0.0445965, "h": 0.00986185, "i": 0.0127131, "l": 0.0110053, "k": 0.0242265, "m": 0.00876444, "f": 0.00916474, "p": 0.0292933, "s": 0.0928313, "t": 0.0170038, "w": 0.00565154, "y": 0.00597047, "v": 0.0317613 },
  "h": { "a": 0.0548999, "r": 0.102591, "n": 0.174088, "d": 0.0647248, "c": 0.0280727, "q": 0.158399, "e": 0.0494993, "g": 0.0453083, "i": 0.0375252, "l": 0.0739765, "k": 0.0371957, "m": 0.0247462, "f": 0.0284365, "p": 0.0422076, "s": 0.056028, "t": 0.0263272, "w": 0.0140242, "y": 0.0724845, "v": 0.0265414 },
  "i": { "a": 0.0328683, "r": 0.015503, "n": 0.0386223, "d": 0.0164714, "c": 0.0148543, "q": 0.0155812, "e": 0.0176868, "g": 0.0274488, "h": 0.0156653, "l": 0.279416, "k": 0.0268316, "m": 0.0978346, "f": 0.0541492, "p": 0.0341732, "s": 0.0361931, "t": 0.0701159, "w": 0.00924375, "y": 0.0266869, "v": 0.759801 },
  "l": { "a": 0.0307964, "r": 0.0151214, "n": 0.0144784, "d": 0.00648581, "c": 0.0044838, "q": 0.0147571, "e": 0.00872971, "g": 0.00913215, "h": 0.0163885, "i": 0.194663, "k": 0.0108326, "m": 0.0989614, "f": 0.0609866, "p": 0.0161191, "s": 0.0242321, "t": 0.0214784, "w": 0.00481883, "y": 0.0168062, "v": 0.0616219 },
  "k": { "a": 0.04294, "r": 0.162238, "n": 0.101761, "d": 0.0493982, "c": 0.00818721, "q": 0.0778326, "e": 0.0376036, "g": 0.0177955, "h": 0.0205508, "i": 0.0145708, "l": 0.00916482, "m": 0.0339855, "f": 0.00550817, "p": 0.0181531, "s": 0.0249794, "t": 0.111013, "w": 0.00613239, "y": 0.0072592, "v": 0.00910908 },
  "m": { "a": 0.179116, "r": 0.0923625, "n": 0.0875457, "d": 0.0580476, "c": 0.0387029, "q": 0.0726617, "e": 0.069103, "g": 0.0717332, "h": 0.06008, "i": 0.351027, "l": 0.555386, "k": 0.182531, "f": 0.118552, "p": 0.0825014, "s": 0.116958, "t": 0.211216, "w": 0.0337223, "y": 0.0556297, "v": 0.198493 },
  "f": { "a": 0.0268071, "r": 0.0118618, "n": 0.0144692, "d": 0.0157963, "c": 0.0135743, "q": 0.0119145, "e": 0.017102, "g": 0.0235399, "h": 0.0510871, "i": 0.0541066, "l": 0.162113, "k": 0.0117209, "m": 0.0238691, "p": 0.0203608, "s": 0.0280881, "t": 0.0157519, "w": 0.0232508, "y": 0.200209, "v": 0.0301525 },
  "p": { "a": 0.247482, "r": 0.0652029, "n": 0.0440653, "d": 0.0333018, "c": 0.0296607, "q": 0.0667584, "e": 0.0319126, "g": 0.0712986, "h": 0.0392432, "i": 0.0242544, "l": 0.0593446, "k": 0.0549282, "m": 0.0230439, "f": 0.0195277, "s": 0.139062, "t": 0.0627497, "w": 0.0102234, "y": 0.0119868, "v": 0.0340133 },
  "s": { "a": 0.44557, "r": 0.0387041, "n": 0.205778, "d": 0.0844513, "c": 0.0202922, "q": 0.0465651, "e": 0.0520719, "g": 0.195405, "h": 0.0218337, "i": 0.0170983, "l": 0.0220488, "k": 0.0503438, "m": 0.0164889, "f": 0.0207618, "p": 0.0791452, "t": 0.338007, "w": 0.00733007, "y": 0.00998793, "v": 0.0233235 },
  "t": { "a": 0.273288, "r": 0.0309922, "n": 0.0801792, "d": 0.0451309, "c": 0.0122943, "q": 0.0284108, "e": 0.03465, "g": 0.0286479, "h": 0.026247, "i": 0.0369155, "l": 0.0342703, "k": 0.0913257, "m": 0.0496565, "f": 0.0140375, "p": 0.0447271, "s": 0.374535, "w": 0.00785239, "y": 0.00992207, "v": 0.0840886 },
  "w": { "a": 0.035423, "r": 0.141808, "n": 0.0494829, "d": 0.033349, "c": 0.0290307, "q": 0.0345026, "e": 0.0321877, "g": 0.0434287, "h": 0.042483, "i": 0.0322994, "l": 0.07838, "k": 0.0564658, "m": 0.0356406, "f": 0.0600473, "p": 0.0342323, "s": 0.0967291, "t": 0.0358917, "y": 0.107659, "v": 0.0315899 },
  "y": { "a": 0.0301834, "r": 0.0175464, "n": 0.032253, "d": 0.0225001, "c": 0.0323305, "q": 0.0176621, "e": 0.016839, "g": 0.0215087, "h": 0.128395, "i": 0.0231055, "l": 0.0558053, "k": 0.0216849, "m": 0.0192347, "f": 0.236732, "p": 0.0208805, "s": 0.0348527, "t": 0.057259, "w": 0.0298786, "v": 0.0359046 },
  "v": { "a": 0.161378, "r": 0.0131084, "n": 0.017087, "d": 0.0133212, "c": 0.0178158, "q": 0.00977995, "e": 0.0168526, "g": 0.0485782, "h": 0.0119335, "i": 0.462041, "l": 0.0660766, "k": 0.0177091, "m": 0.0275801, "f": 0.026814, "p": 0.0393235, "s": 0.0310797, "t": 0.090883, "w": 0.00597184, "y": 0.0156466 }
 }
}
