{
 "alphabet": "arndcqeghilkmfpstwyv",
 "insrate": 0.00277821,
 "insextprob": 0.782609,
 "delrate": 0.00472058,
 "delextprob": 0.673077,
 "rootprob":
 {
  "a": 0.0752335,
  "r": 0.0355313,
  "n": 0.0504398,
  "d": 0.037039,
  "c": 0.0310856,
  "q": 0.0145173,
  "e": 0.0410085,
  "g": 0.0989744,
  "h": 0.057286,
  "i": 0.0161012,
  "l": 0.0711079,
  "k": 0.108016,
  "m": 0.0408069,
  "f": 0.0480488,
  "p": 0.0467728,
  "s": 0.0824665,
  "t": 0.0412657,
  "w": 0.0134048,
  "y": 0.0203781,
  "v": 0.0705162
 },
 "subrate":
 {
  "a": { "r": 0.0217718, "n": 0.0240571, "d": 0.0377409, "c": 0.0136453, "q": 0.0381005, "e": 0.0605168, "g": 0.189759, "h": 0.0212405, "i": 0.0216357, "l": 0.024704, "k": 0.0233071, "m": 0.0119505, "f": 0.00951751, "p": 0.104839, "s": 0.293858, "t": 0.132788, "w": 0.00458908, "y": 0.0101589, "v": 0.154259 },
  "r": { "a": 0.0719155, "n": 0.0350453, "d": 0.0327365, "c": 0.012161, "q": 0.11518, "e": 0.0366886, "g": 0.0308317, "h": 0.0565361, "i": 0.0203162, "l": 0.057485, "k": 0.362797, "m": 0.0242975, "f": 0.0142392, "p": 0.0469259, "s": 0.156617, "t": 0.0517457, "w": 0.0284716, "y": 0.0108232, "v": 0.0215719 },
  "n": { "a": 0.0648654, "r": 0.03863, "d": 0.275939, "c": 0.0269928, "q": 0.0816105, "e": 0.0728737, "g": 0.122148, "h": 0.0921367, "i": 0.0253888, "l": 0.0262741, "k": 0.127141, "m": 0.0381929, "f": 0.0262723, "p": 0.0428638, "s": 0.221662, "t": 0.151811, "w": 0.0217428, "y": 0.0310206, "v": 0.0281831 },
  "d": { "a": 0.114602, "r": 0.0280514, "n": 0.256916, "c": 0.0185875, "q": 0.0674228, "e": 0.443849, "g": 0.125862, "h": 0.0342673, "i": 0.0254396, "l": 0.0260538, "k": 0.041844, "m": 0.018774, "f": 0.0121747, "p": 0.0536386, "s": 0.0917776, "t": 0.0408998, "w": 0.0129593, "y": 0.0155947, "v": 0.0234523 },
  "c": { "a": 0.0611128, "r": 0.0315827, "n": 0.0290865, "d": 0.0225491, "q": 0.0198407, "e": 0.0298138, "g": 0.0675416, "h": 0.0563663, "i": 0.0373061, "l": 0.0245417, "k": 0.0442818, "m": 0.0208768, "f": 0.0290693, "p": 0.0248147, "s": 0.0811892, "t": 0.0749695, "w": 0.0140813, "y": 0.041817, "v": 0.0268752 },
  "q": { "a": 0.0865325, "r": 0.103052, "n": 0.064438, "d": 0.0731232, "c": 0.014305, "e": 0.364521, "g": 0.0309706, "h": 0.199626, "i": 0.0223355, "l": 0.0494966, "k": 0.115177, "m": 0.0269434, "f": 0.0133882, "p": 0.0615595, "s": 0.0551667, "t": 0.0528931, "w": 0.0128356, "y": 0.0176336, "v": 0.0309346 },
  "e": { "a": 0.17732, "r": 0.0258778, "n": 0.0462549, "d": 0.329648, "c": 0.0111481, "q": 0.23966, "g": 0.0604071, "h": 0.0278857, "i": 0.025587, "l": 0.0226413, "k": 0.0777103, "m": 0.015397, "f": 0.00970108, "p": 0.0419962, "s": 0.0497797, "t": 0.0348261, "w": 0.00913299, "y": 0.0174328, "v": 0.0428519 },
  "g": { "a": 0.193281, "r": 0.0124109, "n": 0.0473041, "d": 0.0465869, "c": 0.0094277, "q": 0.0245624, "e": 0.0339535, "h": 0.00813077, "i": 0.0094899, "l": 0.0130575, "k": 0.0163661, "m": 0.00678269, "f": 0.0163274, "p": 0.0200782, "s": 0.132862, "t": 0.0197892, "w": 0.00382485, "y": 0.00487382, "v": 0.0291207 },
  "h": { "a": 0.0461551, "r": 0.0991018, "n": 0.115117, "d": 0.0591803, "c": 0.0240817, "q": 0.267458, "e": 0.0699197, "g": 0.0179364, "i": 0.0128838, "l": 0.0376941, "k": 0.0294434, "m": 0.0183773, "f": 0.0108428, "p": 0.0418729, "s": 0.0227031, "t": 0.0365023, "w": 0.0140401, "y": 0.0203846, "v": 0.0301633 },
  "i": { "a": 0.045037, "r": 0.0370474, "n": 0.0374308, "d": 0.0279573, "c": 0.020757, "q": 0.0264535, "e": 0.0374034, "g": 0.0271368, "h": 0.0202612, "l": 0.320906, "k": 0.0581811, "m": 0.0781564, "f": 0.0999185, "p": 0.0449845, "s": 0.0372783, "t": 0.0593409, "w": 0.0136707, "y": 0.0232506, "v": 0.66845 },
  "l": { "a": 0.0149833, "r": 0.0149669, "n": 0.0119696, "d": 0.0170673, "c": 0.00528669, "q": 0.0325004, "e": 0.0126117, "g": 0.00947227, "h": 0.00884277, "i": 0.126068, "k": 0.0278256, "m": 0.0974855, "f": 0.0678054, "p": 0.0201494, "s": 0.0238506, "t": 0.0158273, "w": 0.00491098, "y": 0.012842, "v": 0.0544125 },
  "k": { "a": 0.0347442, "r": 0.168143, "n": 0.106159, "d": 0.024531, "c": 0.00552335, "q": 0.0794887, "e": 0.0418465, "g": 0.0215804, "h": 0.0245335, "i": 0.0236159, "l": 0.0168367, "m": 0.0372729, "f": 0.00578725, "p": 0.0221524, "s": 0.040921, "t": 0.0787638, "w": 0.00572433, "y": 0.00470545, "v": 0.0301595 },
  "m": { "a": 0.105145, "r": 0.11288, "n": 0.109587, "d": 0.0668895, "c": 0.0317312, "q": 0.107734, "e": 0.0736628, "g": 0.0640056, "h": 0.0593077, "i": 0.17386, "l": 0.749973, "k": 0.167673, "f": 0.0837417, "p": 0.055611, "s": 0.101662, "t": 0.124929, "w": 0.0370569, "y": 0.0654911, "v": 0.114399 },
  "f": { "a": 0.0103917, "r": 0.019333, "n": 0.0167382, "d": 0.00907643, "c": 0.00780474, "q": 0.00923558, "e": 0.00947346, "g": 0.00870952, "h": 0.029309, "i": 0.0587663, "l": 0.103266, "k": 0.0144169, "m": 0.0345134, "p": 0.00979757, "s": 0.0192866, "t": 0.0106088, "w": 0.0135586, "y": 0.232066, "v": 0.0576329 },
  "p": { "a": 0.148991, "r": 0.0669275, "n": 0.0291678, "d": 0.0575002, "c": 0.0100527, "q": 0.101646, "e": 0.0370221, "g": 0.0307273, "h": 0.035325, "i": 0.024842, "l": 0.0447531, "k": 0.0413855, "m": 0.0131711, "f": 0.0157257, "s": 0.164821, "t": 0.0761636, "w": 0.00803462, "y": 0.0108628, "v": 0.0435592 },
  "s": { "a": 0.415038, "r": 0.063199, "n": 0.115598, "d": 0.0628131, "c": 0.0173501, "q": 0.0437756, "e": 0.0297409, "g": 0.151664, "h": 0.0203539, "i": 0.0198574, "l": 0.0163446, "k": 0.0400684, "m": 0.0109764, "f": 0.0115013, "p": 0.130816, "t": 0.369837, "w": 0.00582767, "y": 0.0118132, "v": 0.0161351 },
  "t": { "a": 0.207412, "r": 0.0371553, "n": 0.0893272, "d": 0.0450364, "c": 0.0218938, "q": 0.0326066, "e": 0.0300892, "g": 0.0328487, "h": 0.0394822, "i": 0.0584504, "l": 0.0282329, "k": 0.0796368, "m": 0.0255865, "f": 0.0144509, "p": 0.0955394, "s": 0.419797, "w": 0.00807679, "y": 0.0295555, "v": 0.0904166 },
  "w": { "a": 0.0315857, "r": 0.0883689, "n": 0.0346404, "d": 0.0313497, "c": 0.0271198, "q": 0.0320585, "e": 0.0305155, "g": 0.0528027, "h": 0.0397755, "i": 0.0397093, "l": 0.0560589, "k": 0.0329469, "m": 0.034008, "f": 0.0508839, "p": 0.0387166, "s": 0.0315774, "t": 0.0309309, "y": 0.0891384, "v": 0.0308549 },
  "y": { "a": 0.0387268, "r": 0.0224942, "n": 0.0303184, "d": 0.0140991, "c": 0.0136037, "q": 0.0163885, "e": 0.0186508, "g": 0.0124145, "h": 0.0535785, "i": 0.0419907, "l": 0.0315481, "k": 0.013754, "m": 0.02526, "f": 0.202241, "p": 0.0176535, "s": 0.0264342, "t": 0.0162506, "w": 0.0398598, "v": 0.0312942 },
  "v": { "a": 0.187512, "r": 0.0142501, "n": 0.0155507, "d": 0.0146129, "c": 0.0186079, "q": 0.0198713, "e": 0.0360778, "g": 0.0223901, "h": 0.0132531, "i": 0.503208, "l": 0.0757491, "k": 0.0249325, "m": 0.0203119, "f": 0.0176462, "p": 0.0455512, "s": 0.0177013, "t": 0.0600424, "w": 0.00634895, "y": 0.0108551 }
 }
}
