{
 "alphabet": "arndcqeghilkmfpstwyv",
 "insrate": 0.00601316,
 "insextprob": 0.727273,
 "delrate": 0.00858085,
 "delextprob": 0.6875,
 "rootprob":
 {
  "a": 0.0682222,
  "r": 0.0562478,
  "n": 0.0269765,
  "d": 0.0601329,
  "c": 0.0288257,
  "q": 0.0260838,
  "e": 0.0528633,
  "g": 0.0856141,
  "h": 0.0229215,
  "i": 0.0519074,
  "l": 0.104383,
  "k": 0.0746444,
  "m": 0.0207394,
  "f": 0.0407302,
  "p": 0.0565856,
  "s": 0.0546559,
  "t": 0.0537025,
  "w": 0.0149364,
  "y": 0.0458485,
  "v": 0.0539786
 },
 "subrate":
 {
  "a": { "r": 0.0177064, "n": 0.0346887, "d": 0.0296286, "c": 0.0317831, "q": 0.0499536, "e": 0.0736071, "g": 0.195094, "h": 0.018922, "i": 0.0146114, "l": 0.0405326, "k": 0.0374276, "m": 0.0296454, "f": 0.0138697, "p": 0.0888064, "s": 0.320933, "t": 0.141203, "w": 0.00748596, "y": 0.0105082, "v": 0.152114 },
  "r": { "a": 0.0393624, "n": 0.0907721, "d": 0.0239209, "c": 0.013634, "q": 0.0944821, "e": 0.0224776, "g": 0.0263793, "h": 0.0903737, "i": 0.0290459, "l": 0.0297729, "k": 0.387436, "m": 0.0186106, "f": 0.0134932, "p": 0.0267574, "s": 0.0711391, "t": 0.0367691, "w": 0.0305487, "y": 0.0159017, "v": 0.0306111 },
  "n": { "a": 0.0804395, "r": 0.0456556, "d": 0.340481, "c": 0.0272151, "q": 0.0816496, "e": 0.0758675, "g": 0.142895, "h": 0.143168, "i": 0.0267612, "l": 0.0199776, "k": 0.180955, "m": 0.0210267, "f": 0.0191647, "p": 0.034368, "s": 0.287328, "t": 0.131663, "w": 0.0182166, "y": 0.0196666, "v": 0.0285879 },
  "d": { "a": 0.0597368, "r": 0.0157918, "n": 0.219765, "c": 0.0135226, "q": 0.0428252, "e": 0.457251, "g": 0.083349, "h": 0.0620244, "i": 0.0147133, "l": 0.0110106, "k": 0.0381598, "m": 0.0103274, "f": 0.0131222, "p": 0.035967, "s": 0.072283, "t": 0.0645386, "w": 0.00981657, "y": 0.00878422, "v": 0.0237179 },
  "c": { "a": 0.112293, "r": 0.0324391, "n": 0.0376477, "d": 0.0263859, "q": 0.0162268, "e": 0.017474, "g": 0.0265358, "h": 0.0157484, "i": 0.0336657, "l": 0.0215913, "k": 0.0163274, "m": 0.0200082, "f": 0.0154626, "p": 0.0336341, "s": 0.169398, "t": 0.0254524, "w": 0.0149552, "y": 0.035437, "v": 0.0761919 },
  "q": { "a": 0.114192, "r": 0.115304, "n": 0.0940213, "d": 0.102274, "c": 0.0161847, "e": 0.235333, "g": 0.0859553, "h": 0.148016, "i": 0.0207396, "l": 0.0526149, "k": 0.168763, "m": 0.0354221, "f": 0.0200489, "p": 0.113664, "s": 0.0823485, "t": 0.0599493, "w": 0.0188221, "y": 0.0193011, "v": 0.0266109 },
  "e": { "a": 0.164085, "r": 0.022381, "n": 0.053962, "d": 0.455538, "c": 0.0121573, "q": 0.190492, "g": 0.0739329, "h": 0.0510228, "i": 0.0160289, "l": 0.0196706, "k": 0.114328, "m": 0.0137377, "f": 0.0110948, "p": 0.0440443, "s": 0.0623094, "t": 0.046702, "w": 0.0110069, "y": 0.0105524, "v": 0.0537612 },
  "g": { "a": 0.153424, "r": 0.00868441, "n": 0.0566973, "d": 0.0416637, "c": 0.018337, "q": 0.0118489, "e": 0.0333016, "h": 0.0167879, "i": 0.010613, "l": 0.00872591, "k": 0.0193867, "m": 0.00780263, "f": 0.00620064, "p": 0.019747, "s": 0.194044, "t": 0.0130419, "w": 0.00724985, "y": 0.00565009, "v": 0.0263924 },
  "h": { "a": 0.0591464, "r": 0.0522209, "n": 0.150564, "d": 0.0750379, "c": 0.016352, "q": 0.209627, "e": 0.0350804, "g": 0.030393, "i": 0.0206055, "l": 0.0442875, "k": 0.030059, "m": 0.0169465, "f": 0.0597936, "p": 0.0372313, "s": 0.0429877, "t": 0.0276696, "w": 0.015862, "y": 0.0468501, "v": 0.0259496 },
  "i": { "a": 0.0328751, "r": 0.023251, "n": 0.0281261, "d": 0.0156584, "c": 0.0175156, "q": 0.0160773, "e": 0.019275, "g": 0.0201819, "h": 0.017506, "l": 0.393015, "k": 0.0242503, "m": 0.072426, "f": 0.0316791, "p": 0.0223738, "s": 0.0343535, "t": 0.0559944, "w": 0.0122865, "y": 0.0253966, "v": 0.98446 },
  "l": { "a": 0.0203851, "r": 0.0125203, "n": 0.00682628, "d": 0.00541189, "c": 0.0109035, "q": 0.0133433, "e": 0.0146322, "g": 0.00883539, "h": 0.0152484, "i": 0.141152, "k": 0.0237814, "m": 0.0975955, "f": 0.0608939, "p": 0.0109725, "s": 0.010206, "t": 0.0109869, "w": 0.005307, "y": 0.0197711, "v": 0.0974629 },
  "k": { "a": 0.043978, "r": 0.193928, "n": 0.145576, "d": 0.0315671, "c": 0.00797292, "q": 0.126711, "e": 0.0853079, "g": 0.0604095, "h": 0.027037, "i": 0.0251207, "l": 0.0176623, "m": 0.0281615, "f": 0.00955219, "p": 0.0568873, "s": 0.116854, "t": 0.0492751, "w": 0.00976366, "y": 0.0101937, "v": 0.0186481 },
  "m": { "a": 0.090317, "r": 0.0409825, "n": 0.0638882, "d": 0.0303825, "c": 0.0391004, "q": 0.0876287, "e": 0.0525627, "g": 0.0341744, "h": 0.0373688, "i": 0.163391, "l": 0.51325, "k": 0.136319, "f": 0.0523203, "p": 0.0340043, "s": 0.0804293, "t": 0.103596, "w": 0.0274793, "y": 0.0338976, "v": 0.154131 },
  "f": { "a": 0.0156508, "r": 0.0102778, "n": 0.0162672, "d": 0.00981446, "c": 0.0110833, "q": 0.0101163, "e": 0.00927136, "g": 0.00963719, "h": 0.0258108, "i": 0.0584479, "l": 0.103473, "k": 0.0137022, "m": 0.0193813, "p": 0.0186565, "s": 0.0311914, "t": 0.0109381, "w": 0.0110189, "y": 0.119377, "v": 0.0305123 },
  "p": { "a": 0.143394, "r": 0.0432865, "n": 0.019299, "d": 0.0194325, "c": 0.0103843, "q": 0.0566369, "e": 0.0393465, "g": 0.0451777, "h": 0.0143864, "i": 0.0203392, "l": 0.0236207, "k": 0.047952, "m": 0.0114783, "f": 0.00772901, "s": 0.108505, "t": 0.0405319, "w": 0.00864194, "y": 0.00698869, "v": 0.0385234 },
  "s": { "a": 0.437243, "r": 0.027519, "n": 0.178929, "d": 0.0848461, "c": 0.0453742, "q": 0.0382202, "e": 0.0484464, "g": 0.178486, "h": 0.0249793, "i": 0.0157761, "l": 0.0186417, "k": 0.0531037, "m": 0.0267552, "f": 0.012486, "p": 0.0914138, "t": 0.353321, "w": 0.00981259, "y": 0.0140609, "v": 0.0185939 },
  "t": { "a": 0.219103, "r": 0.0310975, "n": 0.0770371, "d": 0.0387749, "c": 0.0245864, "q": 0.028958, "e": 0.0415626, "g": 0.0307631, "h": 0.0186412, "i": 0.0527887, "l": 0.0370759, "k": 0.0661494, "m": 0.0548442, "f": 0.00978743, "p": 0.0383859, "s": 0.369251, "w": 0.0105167, "y": 0.0252548, "v": 0.107501 },
  "w": { "a": 0.122539, "r": 0.14596, "n": 0.125738, "d": 0.117501, "c": 0.0821334, "q": 0.113013, "e": 0.103108, "g": 0.10566, "h": 0.104254, "i": 0.104128, "l": 0.258389, "k": 0.106488, "m": 0.145469, "f": 0.158361, "p": 0.0964878, "s": 0.150939, "t": 0.111913, "y": 0.0882641, "v": 0.104524 },
  "y": { "a": 0.0434449, "r": 0.0158053, "n": 0.0402662, "d": 0.0151943, "c": 0.0450983, "q": 0.0152213, "e": 0.0156832, "g": 0.0119988, "h": 0.0496139, "i": 0.0264625, "l": 0.0417846, "k": 0.017219, "m": 0.0135587, "f": 0.274216, "p": 0.0137845, "s": 0.034112, "t": 0.0245867, "w": 0.0127216, "v": 0.022298 },
  "v": { "a": 0.209523, "r": 0.0176989, "n": 0.0192196, "d": 0.0118538, "c": 0.0187493, "q": 0.0120112, "e": 0.020537, "g": 0.0202401, "h": 0.010201, "i": 0.46604, "l": 0.125581, "k": 0.0184074, "m": 0.0337071, "f": 0.0147122, "p": 0.0244749, "s": 0.0258364, "t": 0.10125, "w": 0.00732858, "y": 0.0124794 }
 }
}
