{
 "alphabet": "arndcqeghilkmfpstwyv",
 "insrate": 0.00584886,
 "insextprob": 0.676471,
 "delrate": 0.00451729,
 "delextprob": 0.773333,
 "rootprob":
 {
  "a": 0.0831843,
  "r": 0.037856,
  "n": 0.0426185,
  "d": 0.0595293,
  "c": 0.0387438,
  "q": 0.0349996,
  "e": 0.0534276,
  "g": 0.10695,
  "h": 0.0264441,
  "i": 0.0270149,
  "l": 0.101413,
  "k": 0.06047,
  "m": 0.0129706,
  "f": 0.0401884,
  "p": 0.0570709,
  "s": 0.0478845,
  "t": 0.0702046,
  "w": 0.0136818,
  "y": 0.0265738,
  "v": 0.0587751
 },
 "subrate":
 {
  "a": { "r": 0.024691, "n": 0.0162808, "d": 0.0363533, "c": 0.0187538, "q": 0.0263313, "e": 0.0539457, "g": 0.184634, "h": 0.0127535, "i": 0.0144185, "l": 0.0272862, "k": 0.0311543, "m": 0.0192975, "f": 0.0079948, "p": 0.0916359, "s": 0.293107, "t": 0.150808, "w": 0.00490674, "y": 0.010954, "v": 0.169741 },
  "r": { "a": 0.0412187, "n": 0.0407989, "d": 0.0285663, "c": 0.0112606, "q": 0.130358, "e": 0.023128, "g": 0.0446322, "h": 0.0896695, "i": 0.0300942, "l": 0.0186238, "k": 0.383613, "m": 0.0190033, "f": 0.0129523, "p": 0.0323511, "s": 0.104565, "t": 0.062958, "w": 0.0108909, "y": 0.0157174, "v": 0.0282305 },
  "n": { "a": 0.0472479, "r": 0.0410935, "d": 0.324048, "c": 0.0112183, "q": 0.0723356, "e": 0.0826145, "g": 0.118278, "h": 0.111835, "i": 0.0248798, "l": 0.0181494, "k": 0.209633, "m": 0.0193481, "f": 0.0117796, "p": 0.030218, "s": 0.230671, "t": 0.144224, "w": 0.0083436, "y": 0.0158283, "v": 0.0213863 },
  "d": { "a": 0.0620165, "r": 0.0182818, "n": 0.295072, "c": 0.01036, "q": 0.052316, "e": 0.424027, "g": 0.134415, "h": 0.054481, "i": 0.0145232, "l": 0.015317, "k": 0.0384621, "m": 0.0143445, "f": 0.0100018, "p": 0.0470079, "s": 0.109357, "t": 0.0422398, "w": 0.00686948, "y": 0.0114208, "v": 0.0160479 },
  "c": { "a": 0.0689766, "r": 0.0197094, "n": 0.0218148, "d": 0.0109281, "q": 0.0109437, "e": 0.0112988, "g": 0.0458822, "h": 0.0100641, "i": 0.0496447, "l": 0.0113249, "k": 0.015349, "m": 0.0149276, "f": 0.0174577, "p": 0.0195846, "s": 0.0761947, "t": 0.0478315, "w": 0.0155249, "y": 0.0262815, "v": 0.0238526 },
  "q": { "a": 0.0728131, "r": 0.0876378, "n": 0.0718319, "d": 0.0590697, "c": 0.0114238, "e": 0.218531, "g": 0.0267139, "h": 0.182566, "i": 0.0242524, "l": 0.0472277, "k": 0.167475, "m": 0.0332614, "f": 0.0240422, "p": 0.0932001, "s": 0.057782, "t": 0.0501229, "w": 0.0091799, "y": 0.0192223, "v": 0.0292166 },
  "e": { "a": 0.150834, "r": 0.0252065, "n": 0.069257, "d": 0.444923, "c": 0.0109726, "q": 0.169738, "g": 0.0868429, "h": 0.0241548, "i": 0.0259338, "l": 0.0262318, "k": 0.13054, "m": 0.017816, "f": 0.012352, "p": 0.0400379, "s": 0.0468508, "t": 0.0367525, "w": 0.0072222, "y": 0.0133525, "v": 0.0346571 },
  "g": { "a": 0.174115, "r": 0.0232957, "n": 0.03189, "d": 0.0448385, "c": 0.00830697, "q": 0.013178, "e": 0.0328668, "h": 0.0218844, "i": 0.0068597, "l": 0.0183355, "k": 0.0140616, "m": 0.0101429, "f": 0.00449214, "p": 0.0341448, "s": 0.169806, "t": 0.0149421, "w": 0.00359022, "y": 0.0062779, "v": 0.0264741 },
  "h": { "a": 0.0624721, "r": 0.0476005, "n": 0.175417, "d": 0.0605143, "c": 0.0130124, "q": 0.328391, "e": 0.0454236, "g": 0.0361181, "i": 0.0332932, "l": 0.0419654, "k": 0.0706717, "m": 0.0228099, "f": 0.0223225, "p": 0.0405069, "s": 0.0484116, "t": 0.0300492, "w": 0.0116278, "y": 0.0375993, "v": 0.0216185 },
  "i": { "a": 0.0360688, "r": 0.0480464, "n": 0.0449792, "d": 0.0298626, "c": 0.0433418, "q": 0.0335107, "e": 0.0337386, "g": 0.0361761, "h": 0.0229531, "l": 0.351272, "k": 0.0894211, "m": 0.0981399, "f": 0.0530468, "p": 0.0334806, "s": 0.0411965, "t": 0.124929, "w": 0.0118431, "y": 0.0327742, "v": 0.853528 },
  "l": { "a": 0.0168239, "r": 0.0227336, "n": 0.0159941, "d": 0.0100975, "c": 0.00679715, "q": 0.0282008, "e": 0.0110632, "g": 0.0101134, "h": 0.016781, "i": 0.172565, "k": 0.0215145, "m": 0.106406, "f": 0.0836713, "p": 0.0199101, "s": 0.017987, "t": 0.0226005, "w": 0.00430564, "y": 0.00878639, "v": 0.0828382 },
  "k": { "a": 0.0449784, "r": 0.201984, "n": 0.148619, "d": 0.0373829, "c": 0.0060327, "q": 0.06579, "e": 0.0596749, "g": 0.0264499, "h": 0.020293, "i": 0.0213778, "l": 0.00815693, "m": 0.0251204, "f": 0.00717693, "p": 0.0193017, "s": 0.0744181, "t": 0.0600127, "w": 0.00485937, "y": 0.0105661, "v": 0.0144333 },
  "m": { "a": 0.114637, "r": 0.082989, "n": 0.0875972, "d": 0.0693885, "c": 0.0455436, "q": 0.105233, "e": 0.0772099, "g": 0.084395, "h": 0.0692801, "i": 0.275078, "l": 0.622304, "k": 0.181635, "f": 0.096936, "p": 0.0881972, "s": 0.0982954, "t": 0.14908, "w": 0.0305736, "y": 0.0551576, "v": 0.216762 },
  "f": { "a": 0.0211049, "r": 0.0162436, "n": 0.0174752, "d": 0.0184925, "c": 0.0117681, "q": 0.0177899, "e": 0.0149304, "g": 0.0186403, "h": 0.03854, "i": 0.0849176, "l": 0.0745099, "k": 0.0221122, "m": 0.0487138, "p": 0.0138138, "s": 0.040062, "t": 0.0244116, "w": 0.0191938, "y": 0.102317, "v": 0.0340262 },
  "p": { "a": 0.155561, "r": 0.0414551, "n": 0.0167804, "d": 0.0221608, "c": 0.0191016, "q": 0.0765465, "e": 0.0564718, "g": 0.0461095, "h": 0.0163082, "i": 0.0243642, "l": 0.0319963, "k": 0.0320835, "m": 0.0143023, "f": 0.0136905, "s": 0.165234, "t": 0.0677297, "w": 0.00659006, "y": 0.00907995, "v": 0.0252212 },
  "s": { "a": 0.38525, "r": 0.0593614, "n": 0.13702, "d": 0.0802092, "c": 0.0343314, "q": 0.0291721, "e": 0.0370591, "g": 0.137631, "h": 0.0212125, "i": 0.0141788, "l": 0.026917, "k": 0.0668639, "m": 0.0153683, "f": 0.0230233, "p": 0.0782104, "t": 0.338231, "w": 0.00549464, "y": 0.0154239, "v": 0.021478 },
  "t": { "a": 0.276875, "r": 0.0366253, "n": 0.100796, "d": 0.0390357, "c": 0.0143808, "q": 0.0272132, "e": 0.0417252, "g": 0.0310899, "h": 0.0194908, "i": 0.0459721, "l": 0.0324595, "k": 0.121418, "m": 0.0292592, "f": 0.013278, "p": 0.067697, "s": 0.386521, "w": 0.00624672, "y": 0.0147788, "v": 0.0964639 },
  "w": { "a": 0.0296216, "r": 0.130465, "n": 0.0275763, "d": 0.0265869, "c": 0.0266569, "q": 0.027989, "e": 0.0269528, "g": 0.0268297, "h": 0.0272351, "i": 0.0342793, "l": 0.109543, "k": 0.0449315, "m": 0.0328813, "f": 0.0442638, "p": 0.0511263, "s": 0.0291517, "t": 0.0352327, "y": 0.0415842, "v": 0.03567 },
  "y": { "a": 0.0347348, "r": 0.0366631, "n": 0.0277443, "d": 0.0329672, "c": 0.0552971, "q": 0.0281081, "e": 0.0235134, "g": 0.0252918, "h": 0.0482814, "i": 0.0560308, "l": 0.027996, "k": 0.0459847, "m": 0.0262883, "f": 0.202126, "p": 0.0204023, "s": 0.0503898, "t": 0.026324, "w": 0.0174264, "v": 0.0919011 },
  "v": { "a": 0.12738, "r": 0.0214577, "n": 0.0171333, "d": 0.0166815, "c": 0.0175858, "q": 0.0247593, "e": 0.029266, "g": 0.0558742, "h": 0.0109934, "i": 0.465218, "l": 0.110159, "k": 0.0432588, "m": 0.0406149, "f": 0.0181191, "p": 0.0256639, "s": 0.0221903, "t": 0.132085, "w": 0.00606072, "y": 0.0120502 }
 }
}
