{
 "alphabet": "arndcqeghilkmfpstwyv",
 "insrate": 0.00542607,
 "insextprob": 0.678571,
 "delrate": 0.00241362,
 "delextprob": 0.666667,
 "rootprob":
 {
  "a": 0.0999274,
  "r": 0.0535476,
  "n": 0.0254297,
  "d": 0.03348,
  "c": 0.0408945,
  "q": 0.0495158,
  "e": 0.0433763,
  "g": 0.082822,
  "h": 0.0299258,
  "i": 0.0281851,
  "l": 0.0860729,
  "k": 0.0877319,
  "m": 0.0164932,
  "f": 0.0449071,
  "p": 0.0430701,
  "s": 0.0563606,
  "t": 0.0521988,
  "w": 0.0142912,
  "y": 0.0364045,
  "v": 0.0753654
 },
 "subrate":
 {
  "a": { "r": 0.016753, "n": 0.0268328, "d": 0.0554502, "c": 0.0118604, "q": 0.0492792, "e": 0.119875, "g": 0.246824, "h": 0.0146117, "i": 0.0199829, "l": 0.0380366, "k": 0.0379289, "m": 0.0170454, "f": 0.0127746, "p": 0.116902, "s": 0.299574, "t": 0.155626, "w": 0.00822654, "y": 0.0087914, "v": 0.157774 },
  "r": { "a": 0.0310071, "n": 0.0539765, "d": 0.023256, "c": 0.0102695, "q": 0.101188, "e": 0.0215523, "g": 0.0446762, "h": 0.063583, "i": 0.0364119, "l": 0.0247635, "k": 0.496809, "m": 0.0197107, "f": 0.0280796, "p": 0.0271346, "s": 0.0794564, "t": 0.0412498, "w": 0.0237373, "y": 0.0187792, "v": 0.0233361 },
  "n": { "a": 0.0590068, "r": 0.048598, "d": 0.407643, "c": 0.0213826, "q": 0.104613, "e": 0.0657186, "g": 0.189819, "h": 0.108098, "i": 0.0370017, "l": 0.0214155, "k": 0.20599, "m": 0.0189477, "f": 0.0222525, "p": 0.0296147, "s": 0.354282, "t": 0.124552, "w": 0.0167347, "y": 0.0317869, "v": 0.0265498 },
  "d": { "a": 0.0658689, "r": 0.0146101, "n": 0.245336, "c": 0.0145698, "q": 0.0548861, "e": 0.33392, "g": 0.13763, "h": 0.0454905, "i": 0.0157573, "l": 0.0173597, "k": 0.0555588, "m": 0.0119497, "f": 0.0106543, "p": 0.0343767, "s": 0.0890844, "t": 0.0489376, "w": 0.0141502, "y": 0.0132546, "v": 0.017155 },
  "c": { "a": 0.0180399, "r": 0.0173141, "n": 0.0145747, "d": 0.00983626, "q": 0.0101131, "e": 0.00959427, "g": 0.0190042, "h": 0.0249541, "i": 0.0262691, "l": 0.00866259, "k": 0.0108651, "m": 0.00981203, "f": 0.013877, "p": 0.0103701, "s": 0.0960721, "t": 0.0179078, "w": 0.00989997, "y": 0.0172648, "v": 0.0280531 },
  "q": { "a": 0.104383, "r": 0.0935004, "n": 0.133335, "d": 0.0848905, "c": 0.0136868, "e": 0.198223, "g": 0.0263055, "h": 0.115133, "i": 0.0301933, "l": 0.0525908, "k": 0.129467, "m": 0.0199124, "f": 0.0170018, "p": 0.0581068, "s": 0.0732732, "t": 0.0583609, "w": 0.0155165, "y": 0.0134935, "v": 0.0261455 },
  "e": { "a": 0.16729, "r": 0.0201956, "n": 0.0731896, "d": 0.459656, "c": 0.0145629, "q": 0.174587, "g": 0.130269, "h": 0.0384345, "i": 0.0235353, "l": 0.022281, "k": 0.100962, "m": 0.0165685, "f": 0.0154801, "p": 0.0668365, "s": 0.0749739, "t": 0.0563461, "w": 0.0151412, "y": 0.0151621, "v": 0.045296 },
  "g": { "a": 0.22258, "r": 0.0263635, "n": 0.0612502, "d": 0.0289725, "c": 0.00704243, "q": 0.0135629, "e": 0.0457238, "h": 0.0134462, "i": 0.0151368, "l": 0.01739, "k": 0.011799, "m": 0.00717747, "f": 0.00583858, "p": 0.0451525, "s": 0.139906, "t": 0.0202138, "w": 0.00560462, "y": 0.0072456, "v": 0.0241511 },
  "h": { "a": 0.0322538, "r": 0.148673, "n": 0.207592, "d": 0.106484, "c": 0.0160072, "q": 0.215327, "e": 0.0734884, "g": 0.0341368, "i": 0.0268589, "l": 0.0208267, "k": 0.0423428, "m": 0.020062, "f": 0.0310885, "p": 0.0398266, "s": 0.0606007, "t": 0.0468006, "w": 0.0210762, "y": 0.0553132, "v": 0.0293832 },
  "i": { "a": 0.0505644, "r": 0.0297438, "n": 0.0485884, "d": 0.0295269, "c": 0.0147751, "q": 0.0343509, "e": 0.0302849, "g": 0.0350967, "h": 0.023697, "l": 0.280446, "k": 0.0328788, "m": 0.091853, "f": 0.0645135, "p": 0.0208651, "s": 0.0438713, "t": 0.0930421, "w": 0.0136753, "y": 0.0192621, "v": 0.977984 },
  "l": { "a": 0.0401419, "r": 0.0143876, "n": 0.0098784, "d": 0.00917514, "c": 0.00441706, "q": 0.0230775, "e": 0.00717539, "g": 0.0114082, "h": 0.0154722, "i": 0.113363, "k": 0.0190662, "m": 0.0779695, "f": 0.0551479, "p": 0.0265564, "s": 0.0155146, "t": 0.0284289, "w": 0.00903877, "y": 0.0122519, "v": 0.0924633 },
  "k": { "a": 0.0349602, "r": 0.242642, "n": 0.111128, "d": 0.0322272, "c": 0.00554984, "q": 0.0585395, "e": 0.0562341, "g": 0.0138539, "h": 0.0123866, "i": 0.0243959, "l": 0.022737, "m": 0.0235492, "f": 0.0111186, "p": 0.0163173, "s": 0.0920245, "t": 0.0897969, "w": 0.008329, "y": 0.00819681, "v": 0.0210174 },
  "m": { "a": 0.124609, "r": 0.070432, "n": 0.0837848, "d": 0.0559715, "c": 0.03133, "q": 0.0810663, "e": 0.0510115, "g": 0.0605891, "h": 0.0554589, "i": 0.321998, "l": 0.44132, "k": 0.0767982, "f": 0.115798, "p": 0.063373, "s": 0.0949853, "t": 0.123459, "w": 0.0488679, "y": 0.0585768, "v": 0.222206 },
  "f": { "a": 0.0344548, "r": 0.013645, "n": 0.0198467, "d": 0.0107144, "c": 0.00823761, "q": 0.0136574, "e": 0.0110308, "g": 0.019633, "h": 0.0221865, "i": 0.0763677, "l": 0.120821, "k": 0.0132566, "m": 0.0258123, "p": 0.0096245, "s": 0.0196158, "t": 0.0164673, "w": 0.00976166, "y": 0.187121, "v": 0.0506951 },
  "p": { "a": 0.187999, "r": 0.0364483, "n": 0.0182503, "d": 0.0294953, "c": 0.013252, "q": 0.0487191, "e": 0.0580728, "g": 0.038265, "h": 0.0414209, "i": 0.0137899, "l": 0.0219301, "k": 0.0529512, "m": 0.0233068, "f": 0.0175659, "s": 0.145563, "t": 0.0351055, "w": 0.0102433, "y": 0.0095247, "v": 0.0430088 },
  "s": { "a": 0.307024, "r": 0.023006, "n": 0.162968, "d": 0.081385, "c": 0.0332894, "q": 0.0380409, "e": 0.0415542, "g": 0.20283, "h": 0.0256804, "i": 0.0159521, "l": 0.0166733, "k": 0.0583484, "m": 0.0115372, "f": 0.0227331, "p": 0.107737, "t": 0.312112, "w": 0.00837586, "y": 0.0101663, "v": 0.0145755 },
  "t": { "a": 0.220322, "r": 0.0185402, "n": 0.0748899, "d": 0.0443929, "c": 0.0130335, "q": 0.0345052, "e": 0.0372136, "g": 0.0298141, "h": 0.0181418, "i": 0.0839274, "l": 0.0183256, "k": 0.0898462, "m": 0.025066, "f": 0.012046, "p": 0.0480022, "s": 0.415907, "w": 0.00859504, "y": 0.0124624, "v": 0.132633 },
  "w": { "a": 0.0500895, "r": 0.272395, "n": 0.0518315, "d": 0.0394618, "c": 0.0367107, "q": 0.0424368, "e": 0.0380856, "g": 0.0738121, "h": 0.0869929, "i": 0.0430937, "l": 0.0767264, "k": 0.0481644, "m": 0.0421463, "f": 0.0415452, "p": 0.0665934, "s": 0.0871568, "t": 0.0411069, "y": 0.0517957, "v": 0.0613343 },
  "y": { "a": 0.0337583, "r": 0.0313414, "n": 0.0401097, "d": 0.0205976, "c": 0.0509666, "q": 0.0189539, "e": 0.0391244, "g": 0.0195914, "h": 0.0584135, "i": 0.0343941, "l": 0.0310218, "k": 0.0523686, "m": 0.0227441, "f": 0.278196, "p": 0.0299232, "s": 0.0591836, "t": 0.0511775, "w": 0.0242794, "v": 0.0385361 },
  "v": { "a": 0.208401, "r": 0.0126253, "n": 0.0172297, "d": 0.019373, "c": 0.00718862, "q": 0.0199493, "e": 0.0320282, "g": 0.0251495, "h": 0.0124374, "i": 0.456172, "l": 0.105534, "k": 0.0179512, "m": 0.0379316, "f": 0.0173218, "p": 0.0136827, "s": 0.0236639, "t": 0.103405, "w": 0.00602623, "y": 0.00966745 }
 }
}
