{
 "alphabet": "arndcqeghilkmfpstwyv",
 "insrate": 0.00421528,
 "insextprob": 0.711538,
 "delrate": 0.00757972,
 "delextprob": 0.756757,
 "rootprob":
 {
  "a": 0.0632695,
  "r": 0.0533097,
  "n": 0.0466144,
  "d": 0.0455668,
  "c": 0.0418207,
  "q": 0.0379021,
  "e": 0.0521753,
  "g": 0.0840578,
  "h": 0.0306926,
  "i": 0.0457755,
  "l": 0.099468,
  "k": 0.0783379,
  "m": 0.0098378,
  "f": 0.0259317,
  "p": 0.0469848,
  "s": 0.066821,
  "t": 0.0489584,
  "w": 0.0214036,
  "y": 0.0462071,
  "v": 0.0548651
 },
 "subrate":
 {
  "a": { "r": 0.0174695, "n": 0.0317382, "d": 0.0509653, "c": 0.0122407, "q": 0.0393437, "e": 0.0831493, "g": 0.266951, "h": 0.0135226, "i": 0.0164215, "l": 0.033853, "k": 0.0405331, "m": 0.0244044, "f": 0.00686848, "p": 0.145131, "s": 0.313566, "t": 0.157101, "w": 0.00463152, "y": 0.0141887, "v": 0.0819747 },
  "r": { "a": 0.0655772, "n": 0.0469126, "d": 0.0240332, "c": 0.0257635, "q": 0.138049, "e": 0.0291282, "g": 0.0336666, "h": 0.0622279, "i": 0.0302504, "l": 0.0264257, "k": 0.612495, "m": 0.037379, "f": 0.017235, "p": 0.0456337, "s": 0.0631355, "t": 0.0272386, "w": 0.014479, "y": 0.0238333, "v": 0.0447201 },
  "n": { "a": 0.0878338, "r": 0.0358682, "d": 0.324966, "c": 0.0146222, "q": 0.0890724, "e": 0.0757428, "g": 0.138783, "h": 0.168237, "i": 0.036462, "l": 0.0210923, "k": 0.235105, "m": 0.0301148, "f": 0.0121975, "p": 0.0382296, "s": 0.272122, "t": 0.115082, "w": 0.0112969, "y": 0.0166093, "v": 0.0236711 },
  "d": { "a": 0.0893342, "r": 0.0170175, "n": 0.317506, "c": 0.0098397, "q": 0.0544897, "e": 0.446967, "g": 0.130347, "h": 0.0426069, "i": 0.0164842, "l": 0.0117127, "k": 0.049668, "m": 0.0154523, "f": 0.00797507, "p": 0.0432943, "s": 0.086542, "t": 0.032106, "w": 0.00761578, "y": 0.00838497, "v": 0.0175239 },
  "c": { "a": 0.05571, "r": 0.0219655, "n": 0.0251672, "d": 0.0174225, "q": 0.0147509, "e": 0.02438, "g": 0.0416146, "h": 0.0173733, "i": 0.0567416, "l": 0.0162407, "k": 0.017696, "m": 0.0159987, "f": 0.0180912, "p": 0.0160761, "s": 0.100934, "t": 0.0457008, "w": 0.0106744, "y": 0.0175296, "v": 0.0399223 },
  "q": { "a": 0.109532, "r": 0.108482, "n": 0.121669, "d": 0.0787631, "c": 0.0136742, "e": 0.364005, "g": 0.0455266, "h": 0.182243, "i": 0.0193565, "l": 0.0392903, "k": 0.179739, "m": 0.0291845, "f": 0.015652, "p": 0.101457, "s": 0.0753895, "t": 0.0472319, "w": 0.0142452, "y": 0.0138754, "v": 0.022913 },
  "e": { "a": 0.165381, "r": 0.0257847, "n": 0.0835988, "d": 0.498995, "c": 0.0111362, "q": 0.259933, "g": 0.0714922, "h": 0.0285209, "i": 0.0280079, "l": 0.0151422, "k": 0.141207, "m": 0.0156304, "f": 0.00872711, "p": 0.0537774, "s": 0.0542347, "t": 0.0443539, "w": 0.00818594, "y": 0.00903734, "v": 0.0296802 },
  "g": { "a": 0.194821, "r": 0.0118859, "n": 0.0554341, "d": 0.0648595, "c": 0.00514901, "q": 0.0197983, "e": 0.032224, "h": 0.0112462, "i": 0.00864845, "l": 0.00915073, "k": 0.020203, "m": 0.00909823, "f": 0.00729421, "p": 0.0459988, "s": 0.226962, "t": 0.0344581, "w": 0.00414187, "y": 0.00487416, "v": 0.0200968 },
  "h": { "a": 0.0584808, "r": 0.066575, "n": 0.228371, "d": 0.0862557, "c": 0.024694, "q": 0.229738, "e": 0.0460745, "g": 0.030231, "i": 0.0257755, "l": 0.0535255, "k": 0.0763953, "m": 0.0229531, "f": 0.0167793, "p": 0.0469081, "s": 0.039201, "t": 0.0331649, "w": 0.0148635, "y": 0.0379453, "v": 0.0191827 },
  "i": { "a": 0.0549956, "r": 0.0276679, "n": 0.0366805, "d": 0.0173782, "c": 0.018222, "q": 0.0192086, "e": 0.0294661, "g": 0.0376777, "h": 0.0182207, "l": 0.241966, "k": 0.0278517, "m": 0.0938351, "f": 0.0701256, "p": 0.024198, "s": 0.0361123, "t": 0.0685697, "w": 0.0107378, "y": 0.0281961, "v": 0.802756 },
  "l": { "a": 0.0525147, "r": 0.00760591, "n": 0.0161475, "d": 0.00650146, "c": 0.00562406, "q": 0.0260588, "e": 0.00865508, "g": 0.0225386, "h": 0.00645362, "i": 0.0968715, "k": 0.01073, "m": 0.055894, "f": 0.0495713, "p": 0.0139593, "s": 0.0121425, "t": 0.0223576, "w": 0.00450121, "y": 0.0103721, "v": 0.0863248 },
  "k": { "a": 0.051703, "r": 0.301387, "n": 0.0770792, "d": 0.0315092, "c": 0.0076458, "q": 0.0566432, "e": 0.0798437, "g": 0.0162165, "h": 0.0217885, "i": 0.0153298, "l": 0.00944129, "m": 0.0234967, "f": 0.00475819, "p": 0.0142151, "s": 0.036682, "t": 0.0608705, "w": 0.00499863, "y": 0.00556681, "v": 0.0109542 },
  "m": { "a": 0.176593, "r": 0.0733489, "n": 0.0969108, "d": 0.0593253, "c": 0.0404191, "q": 0.0752744, "e": 0.0625148, "g": 0.091614, "h": 0.0510323, "i": 0.174901, "l": 0.40833, "k": 0.110347, "f": 0.0662813, "p": 0.0558913, "s": 0.0811106, "t": 0.117757, "w": 0.029408, "y": 0.048483, "v": 0.215663 },
  "f": { "a": 0.023448, "r": 0.0264003, "n": 0.0129383, "d": 0.0203697, "c": 0.0124743, "q": 0.0166436, "e": 0.0195249, "g": 0.0117731, "h": 0.0140606, "i": 0.0509438, "l": 0.117285, "k": 0.0138763, "m": 0.0185215, "p": 0.0112068, "s": 0.017532, "t": 0.0143144, "w": 0.0101148, "y": 0.176416, "v": 0.0255535 },
  "p": { "a": 0.211103, "r": 0.0250856, "n": 0.0338892, "d": 0.0331073, "c": 0.0178143, "q": 0.0436201, "e": 0.0382545, "g": 0.0531288, "h": 0.0259981, "i": 0.0210403, "l": 0.0313436, "k": 0.0467369, "m": 0.0139671, "f": 0.0153006, "s": 0.135042, "t": 0.100333, "w": 0.00791026, "y": 0.0227066, "v": 0.0313768 },
  "s": { "a": 0.408047, "r": 0.0273705, "n": 0.143722, "d": 0.0790132, "c": 0.0106686, "q": 0.0397849, "e": 0.038369, "g": 0.221273, "h": 0.0204235, "i": 0.016572, "l": 0.0195627, "k": 0.0434423, "m": 0.013374, "f": 0.00938825, "p": 0.109489, "t": 0.353757, "w": 0.00542605, "y": 0.0112198, "v": 0.0157377 },
  "t": { "a": 0.19096, "r": 0.0157029, "n": 0.0741299, "d": 0.0308485, "c": 0.0205923, "q": 0.0243193, "e": 0.0447438, "g": 0.0414872, "h": 0.0172669, "i": 0.04635, "l": 0.0355021, "k": 0.0655337, "m": 0.029433, "f": 0.010497, "p": 0.0614108, "s": 0.355164, "w": 0.00605917, "y": 0.0160117, "v": 0.0938159 },
  "w": { "a": 0.0264746, "r": 0.158213, "n": 0.0341679, "d": 0.0265401, "c": 0.0211879, "q": 0.0420427, "e": 0.0260214, "g": 0.0292672, "h": 0.0280409, "i": 0.0242095, "l": 0.0263631, "k": 0.0412805, "m": 0.025032, "f": 0.0352451, "p": 0.0267915, "s": 0.0668601, "t": 0.0246759, "y": 0.0276351, "v": 0.0238613 },
  "y": { "a": 0.0545236, "r": 0.0146466, "n": 0.0357802, "d": 0.0133963, "c": 0.0235828, "q": 0.0150185, "e": 0.0206491, "g": 0.0124607, "h": 0.0714905, "i": 0.0293947, "l": 0.032624, "k": 0.0154126, "m": 0.0153516, "f": 0.309842, "p": 0.0123813, "s": 0.0273284, "t": 0.0379918, "w": 0.018103, "v": 0.0491453 },
  "v": { "a": 0.18981, "r": 0.0160513, "n": 0.0184286, "d": 0.0114791, "c": 0.0152801, "q": 0.0123438, "e": 0.0183712, "g": 0.0334674, "h": 0.0137856, "i": 0.439085, "l": 0.0937608, "k": 0.01778, "m": 0.0569798, "f": 0.0305591, "p": 0.0229132, "s": 0.0233283, "t": 0.127597, "w": 0.00650262, "y": 0.0172441 }
 }
}
