{
 "alphabet": "arndcqeghilkmfpstwyv",
 "insrate": 0.00427583,
 "insextprob": 0.703704,
 "delrate": 0.0053429,
 "delextprob": 0.583333,
 "rootprob":
 {
  "a": 0.0857409,
  "r": 0.0339716,
  "n": 0.0380928,
  "d": 0.0536432,
  "c": 0.0263121,
  "q": 0.0285984,
  "e": 0.0536687,
  "g": 0.0877306,
  "h": 0.0358439,
  "i": 0.0384933,
  "l": 0.108897,
  "k": 0.0857993,
  "m": 0.0256412,
  "f": 0.0388834,
  "p": 0.0593928,
  "s": 0.0569663,
  "t": 0.0405176,
  "w": 0.0165197,
  "y": 0.0286583,
  "v": 0.0566285
 },
 "subrate":
 {
  "a": { "r": 0.0133306, "n": 0.0274656, "d": 0.0270476, "c": 0.0186476, "q": 0.0579441, "e": 0.0802178, "g": 0.194901, "h": 0.0299944, "i": 0.0172102, "l": 0.0220258, "k": 0.0260352, "m": 0.0228671, "f": 0.0111499, "p": 0.0882667, "s": 0.25597, "t": 0.134563, "w": 0.00527881, "y": 0.00776564, "v": 0.140345 },
  "r": { "a": 0.0311871, "n": 0.0570525, "d": 0.0184388, "c": 0.0105511, "q": 0.0678691, "e": 0.0158538, "g": 0.0132091, "h": 0.056226, "i": 0.0308617, "l": 0.0260218, "k": 0.302604, "m": 0.0176026, "f": 0.00996011, "p": 0.0432546, "s": 0.0484069, "t": 0.0312948, "w": 0.00935769, "y": 0.00934634, "v": 0.0253454 },
  "n": { "a": 0.0451608, "r": 0.0609958, "d": 0.296236, "c": 0.012301, "q": 0.0608082, "e": 0.0487016, "g": 0.132595, "h": 0.100664, "i": 0.0231917, "l": 0.0253933, "k": 0.200949, "m": 0.0177508, "f": 0.0169767, "p": 0.0296842, "s": 0.302181, "t": 0.145738, "w": 0.0106245, "y": 0.0240498, "v": 0.030385 },
  "d": { "a": 0.0582797, "r": 0.0296765, "n": 0.251563, "c": 0.00975848, "q": 0.05387, "e": 0.48549, "g": 0.0909126, "h": 0.051476, "i": 0.0141984, "l": 0.0232902, "k": 0.0637583, "m": 0.0137183, "f": 0.0142507, "p": 0.0430675, "s": 0.0935936, "t": 0.0703911, "w": 0.0136962, "y": 0.0113213, "v": 0.0184415 },
  "c": { "a": 0.0363456, "r": 0.0196627, "n": 0.0175178, "d": 0.0154105, "q": 0.0178052, "e": 0.0155646, "g": 0.0254977, "h": 0.0145702, "i": 0.0289256, "l": 0.0201816, "k": 0.0183209, "m": 0.0170628, "f": 0.0141166, "p": 0.0194736, "s": 0.142908, "t": 0.0779682, "w": 0.0149309, "y": 0.0264814, "v": 0.0569588 },
  "q": { "a": 0.0967401, "r": 0.0853022, "n": 0.0664494, "d": 0.0575378, "c": 0.0140264, "e": 0.243639, "g": 0.0459823, "h": 0.16123, "i": 0.0431379, "l": 0.0497951, "k": 0.219933, "m": 0.0240685, "f": 0.0147295, "p": 0.0666718, "s": 0.073511, "t": 0.0777947, "w": 0.0109539, "y": 0.0143127, "v": 0.0437754 },
  "e": { "a": 0.134152, "r": 0.0285768, "n": 0.0473216, "d": 0.455364, "c": 0.009703, "q": 0.267579, "g": 0.0506393, "h": 0.0354821, "i": 0.0175156, "l": 0.0170876, "k": 0.130572, "m": 0.014563, "f": 0.0103614, "p": 0.0444771, "s": 0.047899, "t": 0.0753169, "w": 0.00888696, "y": 0.0139266, "v": 0.0321479 },
  "g": { "a": 0.171296, "r": 0.00589821, "n": 0.0666717, "d": 0.0407945, "c": 0.0181216, "q": 0.0136724, "e": 0.0224351, "h": 0.0131228, "i": 0.00794298, "l": 0.0129263, "k": 0.01491, "m": 0.0114536, "f": 0.0153911, "p": 0.0346114, "s": 0.152794, "t": 0.0373374, "w": 0.00459606, "y": 0.0059898, "v": 0.0258419 },
  "h": { "a": 0.0538092, "r": 0.07643, "n": 0.179531, "d": 0.049704, "c": 0.0136702, "q": 0.192586, "e": 0.0435637, "g": 0.0396571, "i": 0.0289462, "l": 0.0881002, "k": 0.109114, "m": 0.0260525, "f": 0.035807, "p": 0.062629, "s": 0.0666172, "t": 0.0707965, "w": 0.0130736, "y": 0.0470578, "v": 0.0371567 },
  "i": { "a": 0.0416177, "r": 0.0344052, "n": 0.0382381, "d": 0.0168239, "c": 0.0205377, "q": 0.0245201, "e": 0.037517, "g": 0.0278526, "h": 0.0176583, "l": 0.258494, "k": 0.0454555, "m": 0.0695643, "f": 0.0603716, "p": 0.0400846, "s": 0.0294513, "t": 0.080887, "w": 0.0095355, "y": 0.0201861, "v": 0.863774 },
  "l": { "a": 0.0287935, "r": 0.0234119, "n": 0.0164564, "d": 0.00604096, "c": 0.00420481, "q": 0.0150831, "e": 0.0104604, "g": 0.00964134, "h": 0.0107705, "i": 0.146423, "k": 0.0189182, "m": 0.0826756, "f": 0.0682842, "p": 0.0155058, "s": 0.0160607, "t": 0.0286957, "w": 0.00396073, "y": 0.0071587, "v": 0.0858641 },
  "k": { "a": 0.0248495, "r": 0.183356, "n": 0.119647, "d": 0.0335834, "c": 0.00499688, "q": 0.0800368, "e": 0.0397216, "g": 0.0212514, "h": 0.0276825, "i": 0.0170331, "l": 0.0122257, "m": 0.015442, "f": 0.00538156, "p": 0.0295794, "s": 0.0661536, "t": 0.0571079, "w": 0.00443821, "y": 0.00790725, "v": 0.0121783 },
  "m": { "a": 0.0716981, "r": 0.047824, "n": 0.0651147, "d": 0.0365743, "c": 0.0322262, "q": 0.0511564, "e": 0.0696141, "g": 0.0418331, "h": 0.036287, "i": 0.157243, "l": 0.462568, "k": 0.106878, "f": 0.0485379, "p": 0.0534101, "s": 0.056208, "t": 0.217314, "w": 0.0202285, "y": 0.0319569, "v": 0.144112 },
  "f": { "a": 0.0173693, "r": 0.0140695, "n": 0.0154691, "d": 0.0108499, "c": 0.00795777, "q": 0.0103083, "e": 0.00915825, "g": 0.00861912, "h": 0.0226418, "i": 0.0337721, "l": 0.0981393, "k": 0.00993725, "m": 0.0229734, "p": 0.0217686, "s": 0.0315119, "t": 0.0335853, "w": 0.00691332, "y": 0.241462, "v": 0.0235737 },
  "p": { "a": 0.187017, "r": 0.0434108, "n": 0.0283048, "d": 0.0174974, "c": 0.0278827, "q": 0.0279997, "e": 0.0208014, "g": 0.0218042, "h": 0.0170759, "i": 0.0134961, "l": 0.0187584, "k": 0.0353035, "m": 0.0117535, "f": 0.0229195, "s": 0.105967, "t": 0.0372792, "w": 0.0137072, "y": 0.00766289, "v": 0.0199967 },
  "s": { "a": 0.383921, "r": 0.0389783, "n": 0.203231, "d": 0.0744916, "c": 0.0185424, "q": 0.0717696, "e": 0.041478, "g": 0.164774, "h": 0.051372, "i": 0.0203366, "l": 0.0189307, "k": 0.0706172, "m": 0.0184456, "f": 0.0172391, "p": 0.109867, "t": 0.432344, "w": 0.00793287, "y": 0.0135791, "v": 0.0269941 },
  "t": { "a": 0.189166, "r": 0.035105, "n": 0.0931719, "d": 0.0373097, "c": 0.0153829, "q": 0.0770585, "e": 0.04184, "g": 0.0384619, "h": 0.0339458, "i": 0.0512405, "l": 0.0297338, "k": 0.116697, "m": 0.0626892, "f": 0.0146611, "p": 0.0635288, "s": 0.400346, "w": 0.00845049, "y": 0.0177877, "v": 0.143716 },
  "w": { "a": 0.036031, "r": 0.0844421, "n": 0.0486592, "d": 0.0391412, "c": 0.0388264, "q": 0.0517339, "e": 0.0421095, "g": 0.037508, "h": 0.0470824, "i": 0.0321783, "l": 0.0876797, "k": 0.0478547, "m": 0.0345784, "f": 0.0286577, "p": 0.0705093, "s": 0.0657926, "t": 0.0379061, "y": 0.0274122, "v": 0.0317729 },
  "y": { "a": 0.0236994, "r": 0.0148996, "n": 0.0557847, "d": 0.0155564, "c": 0.0250097, "q": 0.0165793, "e": 0.0232646, "g": 0.0129785, "h": 0.0310962, "i": 0.0226961, "l": 0.0309451, "k": 0.0327528, "m": 0.0209055, "f": 0.364352, "p": 0.0175863, "s": 0.0273614, "t": 0.0300539, "w": 0.0110607, "v": 0.018138 },
  "v": { "a": 0.149674, "r": 0.0228162, "n": 0.0218291, "d": 0.0124057, "c": 0.0250194, "q": 0.0256622, "e": 0.0456978, "g": 0.0418965, "h": 0.0134335, "i": 0.467802, "l": 0.0744124, "k": 0.0244348, "m": 0.0414944, "f": 0.0203239, "p": 0.0318572, "s": 0.0212781, "t": 0.0985879, "w": 0.0057018, "y": 0.00877536 }
 }
}
