{
 "alphabet": "arndcqeghilkmfpstwyv",
 "insrate": 0.00480366,
 "insextprob": 0.71875,
 "delrate": 0.00480329,
 "delextprob": 0.571429,
 "rootprob":
 {
  "a": 0.113955,
  "r": 0.03549,
  "n": 0.0497587,
  "d": 0.0253678,
  "c": 0.0305429,
  "q": 0.0357444,
  "e": 0.0431447,
  "g": 0.0909125,
  "h": 0.0378703,
  "i": 0.0386899,
  "l": 0.079215,
  "k": 0.0903251,
  "m": 0.00555456,
  "f": 0.0501102,
  "p": 0.0414404,
  "s": 0.0759136,
  "t": 0.0252922,
  "w": 0.0119816,
  "y": 0.0478206,
  "v": 0.0708709
 },
 "subrate":
 {
  "a": { "r": 0.0137742, "n": 0.0280354, "d": 0.0281501, "c": 0.0194856, "q": 0.0428409, "e": 0.0670807, "g": 0.24871, "h": 0.0118036, "i": 0.0194768, "l": 0.0266351, "k": 0.0413932, "m": 0.0159476, "f": 0.0086606, "p": 0.127251, "s": 0.280431, "t": 0.162896, "w": 0.00495931, "y": 0.0109543, "v": 0.154382 },
  "r": { "a": 0.0249025, "n": 0.0838224, "d": 0.0208232, "c": 0.00791344, "q": 0.0804075, "e": 0.0250206, "g": 0.0159676, "h": 0.0361837, "i": 0.0396324, "l": 0.0270794, "k": 0.472316, "m": 0.0194574, "f": 0.00907778, "p": 0.0374169, "s": 0.074429, "t": 0.0358201, "w": 0.0323589, "y": 0.00875768, "v": 0.0296659 },
  "n": { "a": 0.0565027, "r": 0.062506, "d": 0.281904, "c": 0.0122704, "q": 0.0826613, "e": 0.0675706, "g": 0.151851, "h": 0.129791, "i": 0.0263801, "l": 0.0370487, "k": 0.181767, "m": 0.0229817, "f": 0.0140381, "p": 0.0434188, "s": 0.379272, "t": 0.1299, "w": 0.0116072, "y": 0.0174078, "v": 0.0297345 },
  "d": { "a": 0.0568901, "r": 0.0184312, "n": 0.169564, "c": 0.00942988, "q": 0.0449769, "e": 0.417189, "g": 0.0892734, "h": 0.0382167, "i": 0.0139679, "l": 0.0195658, "k": 0.0457425, "m": 0.014964, "f": 0.00993492, "p": 0.0291788, "s": 0.146241, "t": 0.0328605, "w": 0.00871312, "y": 0.010349, "v": 0.0144304 },
  "c": { "a": 0.0211534, "r": 0.0227008, "n": 0.0154801, "d": 0.0120699, "q": 0.0128607, "e": 0.0119854, "g": 0.0165872, "h": 0.0105622, "i": 0.0224153, "l": 0.0166896, "k": 0.0115427, "m": 0.0137985, "f": 0.0118996, "p": 0.0125241, "s": 0.115534, "t": 0.0267532, "w": 0.0101035, "y": 0.0288166, "v": 0.0169779 },
  "q": { "a": 0.0754064, "r": 0.109497, "n": 0.0818249, "d": 0.0536084, "c": 0.0105437, "e": 0.188993, "g": 0.032297, "h": 0.185762, "i": 0.0210373, "l": 0.042093, "k": 0.181489, "m": 0.0280313, "f": 0.00991059, "p": 0.0671187, "s": 0.0685356, "t": 0.0408532, "w": 0.0095747, "y": 0.0103627, "v": 0.0173599 },
  "e": { "a": 0.122231, "r": 0.0219401, "n": 0.0560998, "d": 0.446769, "c": 0.00933323, "q": 0.238347, "g": 0.103064, "h": 0.0351348, "i": 0.0224456, "l": 0.0196334, "k": 0.0909721, "m": 0.0184435, "f": 0.00957536, "p": 0.0342918, "s": 0.0768762, "t": 0.0481914, "w": 0.00875947, "y": 0.00961909, "v": 0.019887 },
  "g": { "a": 0.188117, "r": 0.00779608, "n": 0.0543194, "d": 0.0606751, "c": 0.0105329, "q": 0.0136123, "e": 0.065459, "h": 0.0212898, "i": 0.011721, "l": 0.00921022, "k": 0.0153363, "m": 0.008357, "f": 0.00557632, "p": 0.0340873, "s": 0.125626, "t": 0.0237204, "w": 0.00426611, "y": 0.00461584, "v": 0.0177138 },
  "h": { "a": 0.0258558, "r": 0.06106, "n": 0.124285, "d": 0.0778462, "c": 0.00792919, "q": 0.185277, "e": 0.0404388, "g": 0.0156454, "i": 0.0127047, "l": 0.0146535, "k": 0.0467875, "m": 0.0131606, "f": 0.00989962, "p": 0.0552874, "s": 0.0449025, "t": 0.0245206, "w": 0.00843391, "y": 0.024751, "v": 0.0196448 },
  "i": { "a": 0.0622681, "r": 0.0315887, "n": 0.0380049, "d": 0.0169097, "c": 0.018547, "q": 0.0233391, "e": 0.0291866, "g": 0.0377271, "h": 0.0187296, "l": 0.406755, "k": 0.0507806, "m": 0.100081, "f": 0.0332217, "p": 0.0299909, "s": 0.0322942, "t": 0.062749, "w": 0.0161483, "y": 0.0329226, "v": 0.898972 },
  "l": { "a": 0.045424, "r": 0.0114592, "n": 0.0112031, "d": 0.008976, "c": 0.00504027, "q": 0.0255226, "e": 0.0149843, "g": 0.011403, "h": 0.0122606, "i": 0.128975, "k": 0.0211538, "m": 0.104952, "f": 0.056658, "p": 0.00738019, "s": 0.0132474, "t": 0.0212139, "w": 0.00766935, "y": 0.0182677, "v": 0.12003 },
  "k": { "a": 0.021909, "r": 0.295137, "n": 0.0933118, "d": 0.0250788, "c": 0.00463725, "q": 0.0649317, "e": 0.0494239, "g": 0.0169686, "h": 0.0279742, "i": 0.0218902, "l": 0.0249204, "m": 0.0319975, "f": 0.00528653, "p": 0.0311759, "s": 0.0748924, "t": 0.0820273, "w": 0.00867915, "y": 0.00508381, "v": 0.00895098 },
  "m": { "a": 0.29866, "r": 0.126869, "n": 0.157938, "d": 0.108148, "c": 0.0662154, "q": 0.181045, "e": 0.139432, "g": 0.137856, "h": 0.112666, "i": 0.366659, "l": 0.933551, "k": 0.287225, "f": 0.142734, "p": 0.115456, "s": 0.153077, "t": 0.226441, "w": 0.0906187, "y": 0.107802, "v": 0.253587 },
  "f": { "a": 0.0362743, "r": 0.0406421, "n": 0.0208583, "d": 0.00989571, "c": 0.0077055, "q": 0.0187083, "e": 0.0163002, "g": 0.0350899, "h": 0.0166197, "i": 0.0448136, "l": 0.106167, "k": 0.0196913, "m": 0.0284329, "p": 0.0151082, "s": 0.0171794, "t": 0.0168633, "w": 0.0157035, "y": 0.206032, "v": 0.0429841 },
  "p": { "a": 0.185573, "r": 0.0278354, "n": 0.0765182, "d": 0.0285796, "c": 0.013661, "q": 0.065275, "e": 0.0419735, "g": 0.0391345, "h": 0.0419943, "i": 0.0210588, "l": 0.0343682, "k": 0.0419653, "m": 0.0298988, "f": 0.012373, "s": 0.234274, "t": 0.0911781, "w": 0.00980277, "y": 0.0187187, "v": 0.0637819 },
  "s": { "a": 0.327303, "r": 0.0437852, "n": 0.193026, "d": 0.0713509, "c": 0.0244899, "q": 0.0499683, "e": 0.0508109, "g": 0.222916, "h": 0.0273513, "i": 0.0164947, "l": 0.0135993, "k": 0.0778397, "m": 0.01512, "f": 0.0171217, "p": 0.136025, "t": 0.365842, "w": 0.00775937, "y": 0.0156853, "v": 0.0199257 },
  "t": { "a": 0.209608, "r": 0.0349134, "n": 0.108815, "d": 0.0349821, "c": 0.0137709, "q": 0.060139, "e": 0.0793576, "g": 0.0376392, "h": 0.0225258, "i": 0.0458124, "l": 0.0217825, "k": 0.108717, "m": 0.0300189, "f": 0.0206074, "p": 0.0510251, "s": 0.421232, "w": 0.00964819, "y": 0.0214298, "v": 0.0933287 },
  "w": { "a": 0.0426383, "r": 0.0559788, "n": 0.0457516, "d": 0.0337709, "c": 0.0273959, "q": 0.036218, "e": 0.0345914, "g": 0.0353965, "h": 0.0332597, "i": 0.0381416, "l": 0.0953011, "k": 0.0641556, "m": 0.0585675, "f": 0.0362464, "p": 0.0603005, "s": 0.0476726, "t": 0.0388281, "y": 0.0494529, "v": 0.0371585 },
  "y": { "a": 0.029404, "r": 0.0166931, "n": 0.0683759, "d": 0.0195372, "c": 0.0149455, "q": 0.0176771, "e": 0.0207987, "g": 0.0169498, "h": 0.0716304, "i": 0.024473, "l": 0.0362526, "k": 0.0199602, "m": 0.0194973, "f": 0.335884, "p": 0.027861, "s": 0.0375419, "t": 0.0270718, "w": 0.0193993, "v": 0.0256656 },
  "v": { "a": 0.199888, "r": 0.0132424, "n": 0.0236439, "d": 0.00886735, "c": 0.018626, "q": 0.0143047, "e": 0.0219213, "g": 0.0319542, "h": 0.00961505, "i": 0.503931, "l": 0.142534, "k": 0.0194151, "m": 0.0322075, "f": 0.0147392, "p": 0.0188454, "s": 0.0163309, "t": 0.0712882, "w": 0.00824346, "y": 0.0149864 }
 }
}
