{
 "alphabet": "arndcqeghilkmfpstwyv",
 "insrate": 0.00561731,
 "insextprob": 0.758621,
 "delrate": 0.00428194,
 "delextprob": 0.515152,
 "rootprob":
 {
  "a": 0.0845985,
  "r": 0.0365517,
  "n": 0.0305154,
  "d": 0.0538387,
  "c": 0.0372822,
  "q": 0.0351215,
  "e": 0.0546806,
  "g": 0.0758504,
  "h": 0.0336604,
  "i": 0.0290438,
  "l": 0.0772451,
  "k": 0.0954659,
  "m": 0.0183477,
  "f": 0.0428821,
  "p": 0.0756173,
  "s": 0.0701744,
  "t": 0.0496067,
  "w": 0.0164152,
  "y": 0.0302811,
  "v": 0.0528213
 },
 "subrate":
 {
  "a": { "r": 0.0222983, "n": 0.0271833, "d": 0.0391712, "c": 0.0157662, "q": 0.0443285, "e": 0.0586005, "g": 0.229721, "h": 0.0205319, "i": 0.0329313, "l": 0.0386444, "k": 0.0359031, "m": 0.0211769, "f": 0.00794042, "p": 0.122384, "s": 0.330513, "t": 0.148536, "w": 0.00756226, "y": 0.00898137, "v": 0.182002 },
  "r": { "a": 0.0315724, "n": 0.0684907, "d": 0.0269383, "c": 0.0251808, "q": 0.117079, "e": 0.0322585, "g": 0.032079, "h": 0.136355, "i": 0.0268644, "l": 0.0428501, "k": 0.555109, "m": 0.0462321, "f": 0.0128421, "p": 0.0627227, "s": 0.0733858, "t": 0.0547283, "w": 0.0106939, "y": 0.0319579, "v": 0.0269579 },
  "n": { "a": 0.0513016, "r": 0.0501668, "d": 0.32809, "c": 0.0205513, "q": 0.0714557, "e": 0.058551, "g": 0.14273, "h": 0.108704, "i": 0.0280078, "l": 0.0198582, "k": 0.16356, "m": 0.0185689, "f": 0.0131507, "p": 0.0468611, "s": 0.310033, "t": 0.146432, "w": 0.0130385, "y": 0.0190808, "v": 0.0241185 },
  "d": { "a": 0.0558304, "r": 0.0174036, "n": 0.233838, "c": 0.0100353, "q": 0.0515805, "e": 0.382002, "g": 0.0982648, "h": 0.0775392, "i": 0.0124272, "l": 0.0117927, "k": 0.0340619, "m": 0.0116085, "f": 0.00797, "p": 0.0349242, "s": 0.112195, "t": 0.0433129, "w": 0.00697815, "y": 0.011791, "v": 0.0150095 },
  "c": { "a": 0.0597391, "r": 0.0333789, "n": 0.022662, "d": 0.014494, "q": 0.0130209, "e": 0.0124772, "g": 0.0157579, "h": 0.0226874, "i": 0.0220682, "l": 0.0356721, "k": 0.0125213, "m": 0.0185528, "f": 0.0182401, "p": 0.0188502, "s": 0.0447571, "t": 0.0308897, "w": 0.0105318, "y": 0.0431491, "v": 0.0387102 },
  "q": { "a": 0.0816176, "r": 0.14139, "n": 0.0913274, "d": 0.0558231, "c": 0.0123184, "e": 0.254706, "g": 0.0247042, "h": 0.175837, "i": 0.0237528, "l": 0.0654235, "k": 0.196321, "m": 0.0405887, "f": 0.0111943, "p": 0.04833, "s": 0.0650202, "t": 0.0574465, "w": 0.00936586, "y": 0.0146, "v": 0.0290096 },
  "e": { "a": 0.141289, "r": 0.0315614, "n": 0.0537742, "d": 0.372002, "c": 0.0105863, "q": 0.289921, "g": 0.0644515, "h": 0.0409767, "i": 0.0185209, "l": 0.0148591, "k": 0.138395, "m": 0.0138979, "f": 0.00918653, "p": 0.0262361, "s": 0.0631345, "t": 0.0447091, "w": 0.00738625, "y": 0.00983614, "v": 0.0270083 },
  "g": { "a": 0.185708, "r": 0.0102739, "n": 0.0733969, "d": 0.0610011, "c": 0.00961861, "q": 0.0193434, "e": 0.0332266, "h": 0.00998184, "i": 0.0107455, "l": 0.00852699, "k": 0.0226356, "m": 0.00721062, "f": 0.0050686, "p": 0.0323946, "s": 0.146572, "t": 0.0194427, "w": 0.00426786, "y": 0.00705073, "v": 0.018633 },
  "h": { "a": 0.0305731, "r": 0.158964, "n": 0.141016, "d": 0.109586, "c": 0.0299395, "q": 0.187161, "e": 0.0499845, "g": 0.0221137, "i": 0.0195538, "l": 0.0594128, "k": 0.0958618, "m": 0.0222113, "f": 0.0271885, "p": 0.0615442, "s": 0.0408898, "t": 0.0375455, "w": 0.0109823, "y": 0.037044, "v": 0.0198578 },
  "i": { "a": 0.0554622, "r": 0.0313169, "n": 0.0379938, "d": 0.0200883, "c": 0.012657, "q": 0.028463, "e": 0.022375, "g": 0.0286551, "h": 0.0195284, "l": 0.258037, "k": 0.0267987, "m": 0.0950114, "f": 0.0559884, "p": 0.0249507, "s": 0.0382263, "t": 0.0684325, "w": 0.0106838, "y": 0.017907, "v": 0.800579 },
  "l": { "a": 0.066667, "r": 0.0236085, "n": 0.0104549, "d": 0.00741574, "c": 0.00533531, "q": 0.0290362, "e": 0.00886858, "g": 0.012529, "h": 0.0284105, "i": 0.142306, "k": 0.0196881, "m": 0.121439, "f": 0.0895276, "p": 0.0174732, "s": 0.0226816, "t": 0.0176928, "w": 0.00669654, "y": 0.0139639, "v": 0.095427 },
  "k": { "a": 0.0328382, "r": 0.187579, "n": 0.0970882, "d": 0.0291744, "c": 0.00502237, "q": 0.0857818, "e": 0.0718016, "g": 0.0269993, "h": 0.0325101, "i": 0.0154569, "l": 0.0195315, "m": 0.0359556, "f": 0.00713477, "p": 0.0177454, "s": 0.0527767, "t": 0.0688694, "w": 0.004642, "y": 0.00806344, "v": 0.015172 },
  "m": { "a": 0.149119, "r": 0.0873501, "n": 0.0464399, "d": 0.0383752, "c": 0.0256206, "q": 0.100457, "e": 0.0407692, "g": 0.0477893, "h": 0.0595536, "i": 0.231001, "l": 0.507843, "k": 0.112963, "f": 0.0670852, "p": 0.0728205, "s": 0.0604082, "t": 0.128699, "w": 0.032638, "y": 0.0378036, "v": 0.115171 },
  "f": { "a": 0.0170623, "r": 0.0117605, "n": 0.0175188, "d": 0.0132369, "c": 0.00746968, "q": 0.00863438, "e": 0.0118381, "g": 0.0108066, "h": 0.0300155, "i": 0.0376365, "l": 0.120927, "k": 0.0112271, "m": 0.0168508, "p": 0.0134516, "s": 0.0275138, "t": 0.0103924, "w": 0.00762954, "y": 0.190854, "v": 0.0276434 },
  "p": { "a": 0.132184, "r": 0.0571749, "n": 0.0465683, "d": 0.0532083, "c": 0.00895414, "q": 0.0424862, "e": 0.0362395, "g": 0.0315299, "h": 0.0465875, "i": 0.0137224, "l": 0.0268573, "k": 0.0220929, "m": 0.0191321, "f": 0.00643589, "s": 0.163227, "t": 0.0346102, "w": 0.00563163, "y": 0.0074689, "v": 0.0313847 },
  "s": { "a": 0.341086, "r": 0.0313545, "n": 0.189898, "d": 0.080729, "c": 0.018024, "q": 0.024662, "e": 0.0289161, "g": 0.179135, "h": 0.0186028, "i": 0.0128428, "l": 0.0190486, "k": 0.0549322, "m": 0.0107224, "f": 0.00810261, "p": 0.108239, "t": 0.332217, "w": 0.00695051, "y": 0.016836, "v": 0.0149255 },
  "t": { "a": 0.223049, "r": 0.0275155, "n": 0.113767, "d": 0.0536063, "c": 0.0182606, "q": 0.0281748, "e": 0.0367154, "g": 0.0411417, "h": 0.0199762, "i": 0.0489793, "l": 0.0273695, "k": 0.0763354, "m": 0.0324259, "f": 0.00973366, "p": 0.067024, "s": 0.453603, "w": 0.00921252, "y": 0.0124541, "v": 0.127027 },
  "w": { "a": 0.0298335, "r": 0.053154, "n": 0.0533191, "d": 0.0262618, "c": 0.0232025, "q": 0.0373239, "e": 0.026755, "g": 0.0250395, "h": 0.0423825, "i": 0.0272202, "l": 0.0998253, "k": 0.0425757, "m": 0.0304268, "f": 0.0468253, "p": 0.0284554, "s": 0.0304305, "t": 0.0299674, "y": 0.0373225, "v": 0.0267612 },
  "y": { "a": 0.017077, "r": 0.0291423, "n": 0.0210354, "d": 0.0160598, "c": 0.0215013, "q": 0.0206749, "e": 0.0485208, "g": 0.0125286, "h": 0.0400433, "i": 0.0288311, "l": 0.0216038, "k": 0.0585747, "m": 0.0145978, "f": 0.191769, "p": 0.0182039, "s": 0.0524274, "t": 0.0295566, "w": 0.0139813, "v": 0.0200861 },
  "v": { "a": 0.261145, "r": 0.0191304, "n": 0.0159093, "d": 0.0142248, "c": 0.00855553, "q": 0.0165566, "e": 0.0199349, "g": 0.0277052, "h": 0.0121198, "i": 0.58749, "l": 0.0951355, "k": 0.0202343, "m": 0.0267309, "f": 0.0239283, "p": 0.0298694, "s": 0.0293754, "t": 0.119995, "w": 0.00699456, "y": 0.0126458 }
 }
}
