{
 "alphabet": "arndcqeghilkmfpstwyv",
 "insrate": 0.00648029,
 "insextprob": 0.520833,
 "delrate": 0.00451007,
 "delextprob": 0.659574,
 "rootprob":
 {
  "a": 0.0787467,
  "r": 0.0537601,
  "n": 0.032782,
  "d": 0.0463617,
  "c": 0.0445824,
  "q": 0.053151,
  "e": 0.0599357,
  "g": 0.0588806,
  "h": 0.056104,
  "i": 0.0447016,
  "l": 0.0897305,
  "k": 0.050916,
  "m": 0.0126769,
  "f": 0.0430998,
  "p": 0.0453291,
  "s": 0.0579638,
  "t": 0.0539141,
  "w": 0.0112827,
  "y": 0.0284492,
  "v": 0.0776322
 },
 "subrate":
 {
  "a": { "r": 0.0232839, "n": 0.0250762, "d": 0.0321254, "c": 0.0210961, "q": 0.0336465, "e": 0.0420414, "g": 0.169927, "h": 0.0184657, "i": 0.0292106, "l": 0.0415991, "k": 0.0368975, "m": 0.0297527, "f": 0.00791776, "p": 0.158516, "s": 0.276889, "t": 0.15658, "w": 0.00762855, "y": 0.0095731, "v": 0.198705 },
  "r": { "a": 0.0325261, "n": 0.0536559, "d": 0.0309329, "c": 0.0168428, "q": 0.0715551, "e": 0.0268869, "g": 0.0379604, "h": 0.0696967, "i": 0.0347826, "l": 0.0255925, "k": 0.437693, "m": 0.0162749, "f": 0.0144723, "p": 0.0532736, "s": 0.113524, "t": 0.0737515, "w": 0.0289794, "y": 0.010616, "v": 0.0273437 },
  "n": { "a": 0.0756367, "r": 0.041872, "d": 0.384193, "c": 0.0202981, "q": 0.118822, "e": 0.0639937, "g": 0.124395, "h": 0.0841383, "i": 0.047543, "l": 0.0299242, "k": 0.234576, "m": 0.0220732, "f": 0.0220355, "p": 0.0437565, "s": 0.290318, "t": 0.107092, "w": 0.018532, "y": 0.0212727, "v": 0.0301368 },
  "d": { "a": 0.071546, "r": 0.0225101, "n": 0.277206, "c": 0.0173823, "q": 0.046362, "e": 0.477884, "g": 0.124969, "h": 0.0257682, "i": 0.0246702, "l": 0.0199435, "k": 0.0651543, "m": 0.0160098, "f": 0.0146716, "p": 0.0476922, "s": 0.0889792, "t": 0.0367071, "w": 0.0105438, "y": 0.0189178, "v": 0.0257509 },
  "c": { "a": 0.0459715, "r": 0.0367282, "n": 0.0128881, "d": 0.0259223, "q": 0.0104604, "e": 0.0104898, "g": 0.0161227, "h": 0.0244182, "i": 0.0192341, "l": 0.0101864, "k": 0.0153751, "m": 0.0125265, "f": 0.0190966, "p": 0.0300986, "s": 0.105641, "t": 0.0138844, "w": 0.00954015, "y": 0.0479153, "v": 0.0211634 },
  "q": { "a": 0.0782573, "r": 0.0565651, "n": 0.0863877, "d": 0.0565307, "c": 0.0116764, "e": 0.32088, "g": 0.0305728, "h": 0.167494, "i": 0.0262294, "l": 0.0277741, "k": 0.221168, "m": 0.023607, "f": 0.0205918, "p": 0.0728742, "s": 0.0613835, "t": 0.0562612, "w": 0.0115142, "y": 0.0123214, "v": 0.0237617 },
  "e": { "a": 0.122345, "r": 0.0227705, "n": 0.0463493, "d": 0.448421, "c": 0.00985813, "q": 0.207481, "g": 0.0653368, "h": 0.0187237, "i": 0.0262958, "l": 0.0149206, "k": 0.118747, "m": 0.0144401, "f": 0.00944424, "p": 0.0313334, "s": 0.063233, "t": 0.0379382, "w": 0.00872449, "y": 0.0212333, "v": 0.0322091 },
  "g": { "a": 0.161224, "r": 0.0150801, "n": 0.0545507, "d": 0.0571181, "c": 0.00941585, "q": 0.0241719, "e": 0.0460243, "h": 0.0131431, "i": 0.012188, "l": 0.018117, "k": 0.0399967, "m": 0.0132015, "f": 0.00675278, "p": 0.030172, "s": 0.167532, "t": 0.0258322, "w": 0.00652987, "y": 0.0143974, "v": 0.0235401 },
  "h": { "a": 0.0159733, "r": 0.0722819, "n": 0.117131, "d": 0.0455563, "c": 0.0142914, "q": 0.198856, "e": 0.0509805, "g": 0.0181397, "i": 0.0180156, "l": 0.0344485, "k": 0.0297319, "m": 0.0112119, "f": 0.0113231, "p": 0.0634521, "s": 0.0523887, "t": 0.0157719, "w": 0.00916614, "y": 0.0356864, "v": 0.0111654 },
  "i": { "a": 0.0471578, "r": 0.0209413, "n": 0.0418322, "d": 0.0401386, "c": 0.017377, "q": 0.0216224, "e": 0.0309882, "g": 0.0464292, "h": 0.0190885, "l": 0.336027, "k": 0.0277679, "m": 0.0714129, "f": 0.0342058, "p": 0.0313304, "s": 0.0481731, "t": 0.107109, "w": 0.0129106, "y": 0.0274803, "v": 0.739345 },
  "l": { "a": 0.0203898, "r": 0.0135346, "n": 0.0168582, "d": 0.00874609, "c": 0.00451304, "q": 0.0133692, "e": 0.00704197, "g": 0.00739737, "h": 0.0165537, "i": 0.112424, "k": 0.0122607, "m": 0.136303, "f": 0.0360177, "p": 0.0128271, "s": 0.0180493, "t": 0.0145127, "w": 0.00977781, "y": 0.0101903, "v": 0.0798767 },
  "k": { "a": 0.0322224, "r": 0.190719, "n": 0.119558, "d": 0.0386781, "c": 0.0100383, "q": 0.0879015, "e": 0.053249, "g": 0.0298013, "h": 0.0203318, "i": 0.0301211, "l": 0.0130579, "m": 0.0161179, "f": 0.00970577, "p": 0.03664, "s": 0.0481201, "t": 0.0651397, "w": 0.0110105, "y": 0.00629719, "v": 0.0190606 },
  "m": { "a": 0.132794, "r": 0.0593869, "n": 0.0993055, "d": 0.0694705, "c": 0.0359132, "q": 0.0656869, "e": 0.0508546, "g": 0.0813654, "h": 0.0507784, "i": 0.236636, "l": 0.605776, "k": 0.0867667, "f": 0.0737364, "p": 0.0590871, "s": 0.0761914, "t": 0.100934, "w": 0.041045, "y": 0.0736227, "v": 0.183046 },
  "f": { "a": 0.0208743, "r": 0.0182098, "n": 0.0200967, "d": 0.0108265, "c": 0.00973574, "q": 0.0118714, "e": 0.0146205, "g": 0.026843, "h": 0.0159235, "i": 0.0331678, "l": 0.12831, "k": 0.0224481, "m": 0.0253813, "p": 0.0345072, "s": 0.0226909, "t": 0.0228423, "w": 0.0204908, "y": 0.162389, "v": 0.0210543 },
  "p": { "a": 0.180711, "r": 0.0457091, "n": 0.0446969, "d": 0.0213712, "c": 0.0148041, "q": 0.0665094, "e": 0.0319594, "g": 0.0380956, "h": 0.0221817, "i": 0.0246968, "l": 0.0179628, "k": 0.088149, "m": 0.0154509, "f": 0.014106, "s": 0.208126, "t": 0.0644663, "w": 0.00988228, "y": 0.00849009, "v": 0.0374992 },
  "s": { "a": 0.341684, "r": 0.0502794, "n": 0.177436, "d": 0.0660026, "c": 0.0264276, "q": 0.0401099, "e": 0.0473276, "g": 0.18716, "h": 0.0308097, "i": 0.0213279, "l": 0.0275453, "k": 0.0739785, "m": 0.0137261, "f": 0.017894, "p": 0.131226, "t": 0.308853, "w": 0.0119031, "y": 0.00901619, "v": 0.0241252 },
  "t": { "a": 0.261675, "r": 0.0467073, "n": 0.0833288, "d": 0.0386618, "c": 0.0154866, "q": 0.0412136, "e": 0.0424774, "g": 0.0345448, "h": 0.0201846, "i": 0.101737, "l": 0.0405462, "k": 0.120054, "m": 0.0226387, "f": 0.0132159, "p": 0.0524002, "s": 0.365385, "w": 0.0108514, "y": 0.0112503, "v": 0.11641 },
  "w": { "a": 0.0790028, "r": 0.142407, "n": 0.081773, "d": 0.0657005, "c": 0.0530099, "q": 0.0632716, "e": 0.0609335, "g": 0.0658041, "h": 0.0615566, "i": 0.0674831, "l": 0.0672743, "k": 0.079165, "m": 0.0608015, "f": 0.0685072, "p": 0.0703933, "s": 0.115151, "t": 0.0713603, "y": 0.0865527, "v": 0.0689539 },
  "y": { "a": 0.0179917, "r": 0.0257428, "n": 0.0202905, "d": 0.014039, "c": 0.0482587, "q": 0.013261, "e": 0.0144519, "g": 0.0227119, "h": 0.0213401, "i": 0.0523579, "l": 0.0420843, "k": 0.0283166, "m": 0.0195828, "f": 0.169206, "p": 0.0134721, "s": 0.0295535, "t": 0.0280205, "w": 0.0130259, "v": 0.0418135 },
  "v": { "a": 0.234945, "r": 0.0181445, "n": 0.0230511, "d": 0.0262967, "c": 0.0186972, "q": 0.0168872, "e": 0.0330157, "g": 0.0326292, "h": 0.0108052, "i": 0.492081, "l": 0.11781, "k": 0.0271437, "m": 0.0326982, "f": 0.0160579, "p": 0.0423129, "s": 0.034629, "t": 0.104011, "w": 0.00789132, "y": 0.0162081 }
 }
}
