{
 "alphabet": "arndcqeghilkmfpstwyv",
 "insrate": 0.00351039,
 "insextprob": 0.606061,
 "delrate": 0.00647551,
 "delextprob": 0.688312,
 "rootprob":
 {
  "a": 0.0823811,
  "r": 0.0562008,
  "n": 0.0347365,
  "d": 0.0588975,
  "c": 0.0412837,
  "q": 0.0275388,
  "e": 0.0619396,
  "g": 0.0951036,
  "h": 0.025959,
  "i": 0.0305494,
  "l": 0.072669,
  "k": 0.0803954,
  "m": 0.0231708,
  "f": 0.0337243,
  "p": 0.0562098,
  "s": 0.0431522,
  "t": 0.0693287,
  "w": 0.0150556,
  "y": 0.0313898,
  "v": 0.0603143
 },
 "subrate":
 {
  "a": { "r": 0.0133839, "n": 0.0195666, "d": 0.031314, "c": 0.0141501, "q": 0.028538, "e": 0.0916751, "g": 0.257194, "h": 0.0161758, "i": 0.0138655, "l": 0.0337141, "k": 0.0417883, "m": 0.0182081, "f": 0.00991912, "p": 0.0911053, "s": 0.309951, "t": 0.118827, "w": 0.00625388, "y": 0.0104574, "v": 0.0736999 },
  "r": { "a": 0.0467299, "n": 0.0640043, "d": 0.0226433, "c": 0.0197593, "q": 0.104969, "e": 0.0245246, "g": 0.0273315, "h": 0.0529925, "i": 0.0201446, "l": 0.0407916, "k": 0.44478, "m": 0.0188143, "f": 0.0181212, "p": 0.052052, "s": 0.0846984, "t": 0.061727, "w": 0.0129062, "y": 0.0190764, "v": 0.0215768 },
  "n": { "a": 0.0562184, "r": 0.0718278, "d": 0.315133, "c": 0.0186303, "q": 0.0836293, "e": 0.0645505, "g": 0.153866, "h": 0.154689, "i": 0.0247027, "l": 0.027549, "k": 0.202652, "m": 0.0283084, "f": 0.0122193, "p": 0.0224783, "s": 0.17137, "t": 0.109044, "w": 0.0101198, "y": 0.0202423, "v": 0.0255117 },
  "d": { "a": 0.0598435, "r": 0.0313918, "n": 0.431339, "c": 0.0170748, "q": 0.0660637, "e": 0.478424, "g": 0.105589, "h": 0.0744272, "i": 0.0182442, "l": 0.0187846, "k": 0.0427904, "m": 0.0150851, "f": 0.009638, "p": 0.0306177, "s": 0.0852478, "t": 0.0559845, "w": 0.00871322, "y": 0.0118858, "v": 0.0198885 },
  "c": { "a": 0.0562713, "r": 0.0479835, "n": 0.0191145, "d": 0.0168985, "q": 0.0146964, "e": 0.0170297, "g": 0.0561113, "h": 0.0227092, "i": 0.0218101, "l": 0.0227183, "k": 0.0155618, "m": 0.0193394, "f": 0.011884, "p": 0.0155749, "s": 0.0961284, "t": 0.0307826, "w": 0.0102556, "y": 0.0265161, "v": 0.0360645 },
  "q": { "a": 0.105106, "r": 0.0818853, "n": 0.096356, "d": 0.0854797, "c": 0.0159668, "e": 0.282639, "g": 0.0507544, "h": 0.164924, "i": 0.0200007, "l": 0.0502705, "k": 0.185207, "m": 0.0224089, "f": 0.0132758, "p": 0.127556, "s": 0.086614, "t": 0.0675296, "w": 0.0121611, "y": 0.0198828, "v": 0.0249393 },
  "e": { "a": 0.111719, "r": 0.0267801, "n": 0.076057, "d": 0.399372, "c": 0.0104858, "q": 0.289016, "g": 0.0826622, "h": 0.0391417, "i": 0.0120306, "l": 0.0182466, "k": 0.0890864, "m": 0.0117097, "f": 0.00821393, "p": 0.0415712, "s": 0.0590604, "t": 0.0669568, "w": 0.00736741, "y": 0.0105208, "v": 0.0146276 },
  "g": { "a": 0.188012, "r": 0.00791358, "n": 0.0457945, "d": 0.0662195, "c": 0.00870323, "q": 0.00836088, "e": 0.0447374, "h": 0.00633651, "i": 0.00987829, "l": 0.0109227, "k": 0.0394252, "m": 0.00873324, "f": 0.00844311, "p": 0.0329994, "s": 0.18243, "t": 0.0218776, "w": 0.00428147, "y": 0.00687512, "v": 0.0208035 },
  "h": { "a": 0.045991, "r": 0.0703584, "n": 0.180782, "d": 0.0662117, "c": 0.0181231, "q": 0.224745, "e": 0.0381386, "g": 0.0253336, "i": 0.0293295, "l": 0.0691274, "k": 0.0989055, "m": 0.023544, "f": 0.0191453, "p": 0.0290099, "s": 0.0358695, "t": 0.0334859, "w": 0.0179178, "y": 0.0732761, "v": 0.0362859 },
  "i": { "a": 0.0447653, "r": 0.032442, "n": 0.0308558, "d": 0.0290162, "c": 0.0248818, "q": 0.0266779, "e": 0.0281731, "g": 0.0391802, "h": 0.0302928, "l": 0.310311, "k": 0.0399463, "m": 0.0670603, "f": 0.0613174, "p": 0.0222035, "s": 0.0432436, "t": 0.0752175, "w": 0.0193712, "y": 0.024615, "v": 0.908069 },
  "l": { "a": 0.02796, "r": 0.00838757, "n": 0.0175755, "d": 0.00670224, "c": 0.00809183, "q": 0.0198822, "e": 0.00815738, "g": 0.00806055, "h": 0.0233859, "i": 0.0996726, "k": 0.0181963, "m": 0.101364, "f": 0.0615546, "p": 0.00762824, "s": 0.0119874, "t": 0.0124441, "w": 0.0082887, "y": 0.0167181, "v": 0.0861766 },
  "k": { "a": 0.0500261, "r": 0.179504, "n": 0.137499, "d": 0.0285542, "c": 0.00823042, "q": 0.0878074, "e": 0.0589967, "g": 0.0296797, "h": 0.0232264, "i": 0.0158537, "l": 0.0154267, "m": 0.029505, "f": 0.00696464, "p": 0.0452208, "s": 0.0889052, "t": 0.109319, "w": 0.00525637, "y": 0.00806059, "v": 0.0146628 },
  "m": { "a": 0.114494, "r": 0.0534467, "n": 0.0984436, "d": 0.0548981, "c": 0.0493373, "q": 0.0796072, "e": 0.0535437, "g": 0.0659505, "h": 0.0647737, "i": 0.213561, "l": 0.714118, "k": 0.15984, "f": 0.0742056, "p": 0.0467893, "s": 0.0738496, "t": 0.118717, "w": 0.0397079, "y": 0.0555823, "v": 0.201766 },
  "f": { "a": 0.0228983, "r": 0.0117884, "n": 0.0169331, "d": 0.0160351, "c": 0.0166208, "q": 0.0144948, "e": 0.0132693, "g": 0.0152748, "h": 0.0189347, "i": 0.0426747, "l": 0.148832, "k": 0.0125807, "m": 0.0268338, "p": 0.0113914, "s": 0.0250214, "t": 0.0254509, "w": 0.00958635, "y": 0.226746, "v": 0.0285625 },
  "p": { "a": 0.140419, "r": 0.0318822, "n": 0.0224812, "d": 0.0255135, "c": 0.0130147, "q": 0.0342474, "e": 0.0307616, "g": 0.0321135, "h": 0.0269406, "i": 0.0103257, "l": 0.0168174, "k": 0.0322434, "m": 0.0154884, "f": 0.0092299, "s": 0.206653, "t": 0.0619609, "w": 0.00983046, "y": 0.00812852, "v": 0.0152818 },
  "s": { "a": 0.427587, "r": 0.0328681, "n": 0.112701, "d": 0.0726152, "c": 0.0224122, "q": 0.0428942, "e": 0.0556002, "g": 0.230821, "h": 0.0191166, "i": 0.0163918, "l": 0.0269413, "k": 0.0689372, "m": 0.0161816, "f": 0.00914781, "p": 0.163221, "t": 0.339236, "w": 0.00744191, "y": 0.0115701, "v": 0.022076 },
  "t": { "a": 0.21072, "r": 0.026391, "n": 0.0681054, "d": 0.0256849, "c": 0.0179808, "q": 0.046657, "e": 0.0357042, "g": 0.0528381, "h": 0.0170434, "i": 0.0426699, "l": 0.0474575, "k": 0.125668, "m": 0.0273209, "f": 0.0097523, "p": 0.0482297, "s": 0.365317, "w": 0.00727167, "y": 0.0102329, "v": 0.108226 },
  "w": { "a": 0.0379397, "r": 0.0706811, "n": 0.0344728, "d": 0.0318503, "c": 0.0293847, "q": 0.0397463, "e": 0.0319148, "g": 0.0371677, "h": 0.0340315, "i": 0.0518898, "l": 0.176063, "k": 0.0341355, "m": 0.0433481, "f": 0.0544971, "p": 0.0499344, "s": 0.0656394, "t": 0.0503731, "y": 0.0307035, "v": 0.0334734 },
  "y": { "a": 0.0342457, "r": 0.0194038, "n": 0.0250464, "d": 0.0269798, "c": 0.058298, "q": 0.0229274, "e": 0.033694, "g": 0.0233669, "h": 0.0273269, "i": 0.0448768, "l": 0.0320419, "k": 0.0163273, "m": 0.0198343, "f": 0.291488, "p": 0.0195511, "s": 0.0584193, "t": 0.0437708, "w": 0.0123811, "v": 0.0522196 },
  "v": { "a": 0.149559, "r": 0.0108708, "n": 0.0144475, "d": 0.0136434, "c": 0.0149569, "q": 0.0151909, "e": 0.0271784, "g": 0.0467923, "h": 0.0123384, "i": 0.419628, "l": 0.0897205, "k": 0.0211246, "m": 0.0263838, "f": 0.0282734, "p": 0.0144049, "s": 0.0261974, "t": 0.0895158, "w": 0.00696065, "y": 0.0106866 }
 }
}
