{
 "alphabet": "arndcqeghilkmfpstwyv",
 "insrate": 0.00338819,
 "insextprob": 0.815385,
 "delrate": 0.00676941,
 "delextprob": 0.707317,
 "rootprob":
 {
  "a": 0.0662461,
  "r": 0.0421944,
  "n": 0.0407211,
  "d": 0.0485253,
  "c": 0.0399339,
  "q": 0.0597283,
  "e": 0.0355123,
  "g": 0.101468,
  "h": 0.0343987,
  "i": 0.0357017,
  "l": 0.0816302,
  "k": 0.096179,
  "m": 0.00411043,
  "f": 0.0287615,
  "p": 0.0277771,
  "s": 0.0714142,
  "t": 0.047346,
  "w": 0.016105,
  "y": 0.058287,
  "v": 0.0639592
 },
 "subrate":
 {
  "a": { "r": 0.027656, "n": 0.0327332, "d": 0.0329518, "c": 0.0162361, "q": 0.0483557, "e": 0.0682661, "g": 0.16803, "h": 0.0172272, "i": 0.0190749, "l": 0.0204507, "k": 0.0827936, "m": 0.0198076, "f": 0.00994964, "p": 0.0975597, "s": 0.310814, "t": 0.174376, "w": 0.00895326, "y": 0.00704123, "v": 0.1298 },
  "r": { "a": 0.0579359, "n": 0.0304254, "d": 0.016711, "c": 0.0101762, "q": 0.123379, "e": 0.0202016, "g": 0.0293008, "h": 0.0934105, "i": 0.0181154, "l": 0.045756, "k": 0.360914, "m": 0.0216556, "f": 0.015201, "p": 0.0305209, "s": 0.0935517, "t": 0.0353397, "w": 0.0217342, "y": 0.0159139, "v": 0.0193584 },
  "n": { "a": 0.0670413, "r": 0.0503139, "d": 0.354759, "c": 0.017442, "q": 0.104513, "e": 0.0742914, "g": 0.160838, "h": 0.167791, "i": 0.0505418, "l": 0.0245469, "k": 0.191282, "m": 0.0213725, "f": 0.0241679, "p": 0.0389827, "s": 0.293917, "t": 0.167609, "w": 0.0134761, "y": 0.0204051, "v": 0.0245613 },
  "d": { "a": 0.0737268, "r": 0.0166009, "n": 0.223647, "c": 0.00988626, "q": 0.0306811, "e": 0.426177, "g": 0.129086, "h": 0.0421831, "i": 0.0208983, "l": 0.0123055, "k": 0.0326536, "m": 0.0118758, "f": 0.0100246, "p": 0.0448151, "s": 0.0757767, "t": 0.0340589, "w": 0.00798363, "y": 0.0106593, "v": 0.031891 },
  "c": { "a": 0.0768435, "r": 0.0347828, "n": 0.0146588, "d": 0.0137202, "q": 0.0228767, "e": 0.014117, "g": 0.0398795, "h": 0.0137299, "i": 0.0147326, "l": 0.0137522, "k": 0.0162476, "m": 0.0135083, "f": 0.0233442, "p": 0.0296265, "s": 0.0901439, "t": 0.0498195, "w": 0.0106107, "y": 0.062164, "v": 0.0531212 },
  "q": { "a": 0.102265, "r": 0.112017, "n": 0.0876481, "d": 0.0491105, "c": 0.0122826, "e": 0.329118, "g": 0.0310026, "h": 0.221804, "i": 0.0194949, "l": 0.0552233, "k": 0.170777, "m": 0.024939, "f": 0.0111167, "p": 0.0933854, "s": 0.0992986, "t": 0.0711245, "w": 0.0101569, "y": 0.0143463, "v": 0.0217451 },
  "e": { "a": 0.114619, "r": 0.017262, "n": 0.0569343, "d": 0.405207, "c": 0.00975953, "q": 0.179854, "g": 0.0363152, "h": 0.0569126, "i": 0.0219754, "l": 0.0164181, "k": 0.123437, "m": 0.0134328, "f": 0.00888687, "p": 0.0484897, "s": 0.0477567, "t": 0.0536435, "w": 0.00808321, "y": 0.0118234, "v": 0.0490693 },
  "g": { "a": 0.221928, "r": 0.0225188, "n": 0.0923023, "d": 0.0693603, "c": 0.00663588, "q": 0.0133665, "e": 0.0444675, "h": 0.00980785, "i": 0.00930509, "l": 0.00839059, "k": 0.0353923, "m": 0.0102529, "f": 0.0109768, "p": 0.0300986, "s": 0.144967, "t": 0.0201644, "w": 0.00720279, "y": 0.0071499, "v": 0.0172217 },
  "h": { "a": 0.0321191, "r": 0.122309, "n": 0.146139, "d": 0.0446041, "c": 0.0236111, "q": 0.251697, "e": 0.0458635, "g": 0.0173092, "i": 0.0182369, "l": 0.0604461, "k": 0.031383, "m": 0.0165048, "f": 0.0117686, "p": 0.0506422, "s": 0.0493471, "t": 0.0413439, "w": 0.00990144, "y": 0.0361474, "v": 0.0139418 },
  "i": { "a": 0.0415199, "r": 0.0228786, "n": 0.0298228, "d": 0.0249798, "c": 0.0164183, "q": 0.0296077, "e": 0.0293598, "g": 0.0228018, "h": 0.020554, "l": 0.46309, "k": 0.0346464, "m": 0.130924, "f": 0.0667305, "p": 0.0316309, "s": 0.0265859, "t": 0.0994179, "w": 0.0134313, "y": 0.0186156, "v": 0.79718 },
  "l": { "a": 0.0523519, "r": 0.0140379, "n": 0.00723041, "d": 0.00727982, "c": 0.0053571, "q": 0.0449415, "e": 0.0170774, "g": 0.0173802, "h": 0.010202, "i": 0.159044, "k": 0.0177347, "m": 0.113168, "f": 0.0733947, "p": 0.0106818, "s": 0.0138616, "t": 0.0182194, "w": 0.00824818, "y": 0.0105851, "v": 0.0921691 },
  "k": { "a": 0.0656112, "r": 0.21265, "n": 0.0977865, "d": 0.0386349, "c": 0.0070807, "q": 0.108294, "e": 0.0783695, "g": 0.0324201, "h": 0.027732, "i": 0.0259418, "l": 0.0218252, "m": 0.0376311, "f": 0.00945381, "p": 0.028816, "s": 0.0792362, "t": 0.0776686, "w": 0.00616751, "y": 0.00904047, "v": 0.0152144 },
  "m": { "a": 0.150833, "r": 0.0787634, "n": 0.0703681, "d": 0.0622617, "c": 0.0450632, "q": 0.1455, "e": 0.0778801, "g": 0.073094, "h": 0.0787447, "i": 0.279543, "l": 0.766765, "k": 0.230249, "f": 0.099274, "p": 0.0651493, "s": 0.0769314, "t": 0.138159, "w": 0.0476862, "y": 0.0554395, "v": 0.166288 },
  "f": { "a": 0.0174142, "r": 0.0209076, "n": 0.0168011, "d": 0.0188108, "c": 0.0116579, "q": 0.014152, "e": 0.0123281, "g": 0.0167397, "h": 0.0191351, "i": 0.0492825, "l": 0.181309, "k": 0.0167987, "m": 0.0315304, "p": 0.0132022, "s": 0.0193711, "t": 0.0268144, "w": 0.00960085, "y": 0.228474, "v": 0.0278407 },
  "p": { "a": 0.133081, "r": 0.0298183, "n": 0.016815, "d": 0.0169762, "c": 0.0159849, "q": 0.038929, "e": 0.0374143, "g": 0.029237, "h": 0.026296, "i": 0.0181163, "l": 0.0206254, "k": 0.0288329, "m": 0.0132563, "f": 0.017372, "s": 0.155689, "t": 0.0791806, "w": 0.00847774, "y": 0.0150569, "v": 0.0635825 },
  "s": { "a": 0.378997, "r": 0.0296327, "n": 0.13176, "d": 0.0726896, "c": 0.0390696, "q": 0.0469613, "e": 0.0379315, "g": 0.154801, "h": 0.01724, "i": 0.0154093, "l": 0.0155901, "k": 0.0647023, "m": 0.0104787, "f": 0.0208398, "p": 0.104313, "t": 0.381516, "w": 0.0079805, "y": 0.0115709, "v": 0.0158375 },
  "t": { "a": 0.222144, "r": 0.021648, "n": 0.0904986, "d": 0.0378427, "c": 0.0239996, "q": 0.039882, "e": 0.0516738, "g": 0.0285886, "h": 0.0170972, "i": 0.0759664, "l": 0.029134, "k": 0.103097, "m": 0.0217358, "f": 0.0116471, "p": 0.0567452, "s": 0.417995, "w": 0.00937008, "y": 0.0101995, "v": 0.0912752 },
  "w": { "a": 0.0381688, "r": 0.0652766, "n": 0.0546838, "d": 0.043969, "c": 0.022834, "q": 0.0475873, "e": 0.0297458, "g": 0.0386234, "h": 0.0278492, "i": 0.0298041, "l": 0.0979608, "k": 0.0282656, "m": 0.0335559, "f": 0.0456128, "p": 0.025584, "s": 0.0427689, "t": 0.0312402, "y": 0.023478, "v": 0.0276924 },
  "y": { "a": 0.0189293, "r": 0.0105757, "n": 0.0253455, "d": 0.01155, "c": 0.0267624, "q": 0.00921911, "e": 0.00883467, "g": 0.00892966, "h": 0.0339875, "i": 0.0143958, "l": 0.0168425, "k": 0.014923, "m": 0.017677, "f": 0.289714, "p": 0.0133411, "s": 0.0201022, "t": 0.0169086, "w": 0.00694089, "v": 0.0206527 },
  "v": { "a": 0.180833, "r": 0.0171624, "n": 0.0150702, "d": 0.0155115, "c": 0.0148617, "q": 0.0221181, "e": 0.0323575, "g": 0.0132915, "h": 0.011783, "i": 0.453558, "l": 0.138292, "k": 0.0254238, "m": 0.0462788, "f": 0.0216908, "p": 0.0533045, "s": 0.0170176, "t": 0.107151, "w": 0.00738842, "y": 0.012684 }
 }
}
