{
 "alphabet": "arndcqeghilkmfpstwyv",
 "insrate": 0.00702246,
 "insextprob": 0.637681,
 "delrate": 0.00477729,
 "delextprob": 0.638298,
 "rootprob":
 {
  "a": 0.082994,
  "r": 0.0504494,
  "n": 0.0427075,
  "d": 0.0576172,
  "c": 0.0454288,
  "q": 0.0431152,
  "e": 0.0253978,
  "g": 0.0824642,
  "h": 0.0473532,
  "i": 0.0303493,
  "l": 0.110249,
  "k": 0.0554785,
  "m": 0.0257542,
  "f": 0.0464169,
  "p": 0.0376543,
  "s": 0.0703915,
  "t": 0.0469759,
  "w": 0.0156912,
  "y": 0.025231,
  "v": 0.0582809
 },
 "subrate":
 {
  "a": { "r": 0.0233447, "n": 0.0277598, "d": 0.0344969, "c": 0.013234, "q": 0.0319153, "e": 0.105306, "g": 0.168731, "h": 0.014123, "i": 0.01706, "l": 0.0229575, "k": 0.0433207, "m": 0.0390534, "f": 0.00873604, "p": 0.0602875, "s": 0.308958, "t": 0.197049, "w": 0.00596168, "y": 0.00596377, "v": 0.148565 },
  "r": { "a": 0.0254885, "n": 0.0544485, "d": 0.023055, "c": 0.0147733, "q": 0.0834664, "e": 0.0226053, "g": 0.0313588, "h": 0.112702, "i": 0.0162577, "l": 0.0189188, "k": 0.423414, "m": 0.0163281, "f": 0.010687, "p": 0.0456205, "s": 0.0903608, "t": 0.028296, "w": 0.0158464, "y": 0.02175, "v": 0.0281008 },
  "n": { "a": 0.0601496, "r": 0.0501149, "d": 0.292175, "c": 0.0142165, "q": 0.097369, "e": 0.0822633, "g": 0.154049, "h": 0.13626, "i": 0.0380527, "l": 0.0382175, "k": 0.232854, "m": 0.0231314, "f": 0.0231915, "p": 0.048981, "s": 0.344053, "t": 0.150727, "w": 0.0139517, "y": 0.016439, "v": 0.0384559 },
  "d": { "a": 0.0907307, "r": 0.0227272, "n": 0.217086, "c": 0.00937433, "q": 0.0500227, "e": 0.553514, "g": 0.101834, "h": 0.0511372, "i": 0.0184072, "l": 0.0161239, "k": 0.04972, "m": 0.0150452, "f": 0.0103605, "p": 0.0351382, "s": 0.134891, "t": 0.0693994, "w": 0.0107749, "y": 0.0112213, "v": 0.0182601 },
  "c": { "a": 0.0385164, "r": 0.0152244, "n": 0.0214464, "d": 0.012375, "q": 0.0180354, "e": 0.0128054, "g": 0.0247322, "h": 0.0186648, "i": 0.0123362, "l": 0.0126118, "k": 0.0157367, "m": 0.0154286, "f": 0.010055, "p": 0.014208, "s": 0.0859965, "t": 0.0481384, "w": 0.00996179, "y": 0.038285, "v": 0.0548133 },
  "q": { "a": 0.104415, "r": 0.105067, "n": 0.0909277, "d": 0.0522801, "c": 0.0109075, "e": 0.268233, "g": 0.0445884, "h": 0.125282, "i": 0.0216948, "l": 0.0974639, "k": 0.171043, "m": 0.0328971, "f": 0.0155323, "p": 0.0978581, "s": 0.0953177, "t": 0.0574878, "w": 0.0133602, "y": 0.0138544, "v": 0.0286185 },
  "e": { "a": 0.192404, "r": 0.0311516, "n": 0.0558361, "d": 0.476615, "c": 0.0107186, "q": 0.256475, "g": 0.0688578, "h": 0.0331927, "i": 0.0380979, "l": 0.0208544, "k": 0.122919, "m": 0.0257868, "f": 0.0121119, "p": 0.0578284, "s": 0.101435, "t": 0.0757019, "w": 0.0118753, "y": 0.0137203, "v": 0.0449171 },
  "g": { "a": 0.209139, "r": 0.030576, "n": 0.0492919, "d": 0.0486343, "c": 0.00855727, "q": 0.0310347, "e": 0.0316234, "h": 0.0111506, "i": 0.0160562, "l": 0.0142836, "k": 0.0498664, "m": 0.0105388, "f": 0.00637577, "p": 0.0234309, "s": 0.143834, "t": 0.022673, "w": 0.00569069, "y": 0.00647557, "v": 0.024581 },
  "h": { "a": 0.0327579, "r": 0.188489, "n": 0.182225, "d": 0.0684097, "c": 0.0141961, "q": 0.178069, "e": 0.0371202, "g": 0.0261736, "i": 0.0199071, "l": 0.0634361, "k": 0.0439907, "m": 0.0182266, "f": 0.0241539, "p": 0.0921282, "s": 0.0888665, "t": 0.041608, "w": 0.0130468, "y": 0.0530589, "v": 0.0227507 },
  "i": { "a": 0.0378655, "r": 0.0185896, "n": 0.0286517, "d": 0.0275477, "c": 0.015286, "q": 0.0222867, "e": 0.0409735, "g": 0.0213188, "h": 0.0168316, "l": 0.235163, "k": 0.0286544, "m": 0.0922901, "f": 0.0785244, "p": 0.0460365, "s": 0.0259762, "t": 0.0503689, "w": 0.0119744, "y": 0.0271095, "v": 0.844845 },
  "l": { "a": 0.0311584, "r": 0.00871186, "n": 0.0200646, "d": 0.0102904, "c": 0.00583834, "q": 0.0453773, "e": 0.0121009, "g": 0.00810237, "h": 0.0129125, "i": 0.139369, "k": 0.0123066, "m": 0.0647252, "f": 0.0443392, "p": 0.014162, "s": 0.0165656, "t": 0.0140884, "w": 0.0057769, "y": 0.0110802, "v": 0.0921233 },
  "k": { "a": 0.0351952, "r": 0.201462, "n": 0.160975, "d": 0.0398772, "c": 0.00529466, "q": 0.0761415, "e": 0.0562183, "g": 0.0260511, "h": 0.0210749, "i": 0.0135881, "l": 0.0121306, "m": 0.0237895, "f": 0.00568339, "p": 0.031877, "s": 0.0648474, "t": 0.0452763, "w": 0.00748666, "y": 0.00923347, "v": 0.0126272 },
  "m": { "a": 0.158142, "r": 0.0442464, "n": 0.0625878, "d": 0.0515388, "c": 0.036616, "q": 0.0991969, "e": 0.0624531, "g": 0.0633093, "h": 0.0428421, "i": 0.222227, "l": 0.582639, "k": 0.0783896, "f": 0.0956453, "p": 0.0497268, "s": 0.0672133, "t": 0.117365, "w": 0.0380382, "y": 0.0474445, "v": 0.207467 },
  "f": { "a": 0.0132477, "r": 0.00988773, "n": 0.0119597, "d": 0.0108655, "c": 0.0102785, "q": 0.0128721, "e": 0.0175445, "g": 0.0166572, "h": 0.0274107, "i": 0.128667, "l": 0.116202, "k": 0.0101207, "m": 0.0216929, "p": 0.0101164, "s": 0.010647, "t": 0.0121061, "w": 0.013741, "y": 0.26445, "v": 0.0297803 },
  "p": { "a": 0.121879, "r": 0.0233908, "n": 0.0265579, "d": 0.0252554, "c": 0.0150368, "q": 0.035496, "e": 0.047785, "g": 0.0375641, "h": 0.0207182, "i": 0.0228584, "l": 0.0238229, "k": 0.0218726, "m": 0.0186334, "f": 0.0153563, "s": 0.175468, "t": 0.0817023, "w": 0.00952475, "y": 0.0139059, "v": 0.0652418 },
  "s": { "a": 0.454031, "r": 0.0319337, "n": 0.156218, "d": 0.052155, "c": 0.0203193, "q": 0.0477208, "e": 0.0546843, "g": 0.184191, "h": 0.0309958, "i": 0.0160651, "l": 0.0170554, "k": 0.0893363, "m": 0.0157734, "f": 0.00833506, "p": 0.115387, "t": 0.41608, "w": 0.00709165, "y": 0.00821913, "v": 0.023753 },
  "t": { "a": 0.23223, "r": 0.0194496, "n": 0.119661, "d": 0.0456778, "c": 0.0184724, "q": 0.0357416, "e": 0.0687134, "g": 0.0528336, "h": 0.0260489, "i": 0.0509684, "l": 0.0472595, "k": 0.10417, "m": 0.0336534, "f": 0.0138927, "p": 0.0760047, "s": 0.420473, "w": 0.00873394, "y": 0.0108233, "v": 0.139372 },
  "w": { "a": 0.056867, "r": 0.0645946, "n": 0.0569474, "d": 0.0416941, "c": 0.0276617, "q": 0.0512462, "e": 0.0372864, "g": 0.0333079, "h": 0.0370958, "i": 0.0356454, "l": 0.0772001, "k": 0.0475449, "m": 0.0572143, "f": 0.0787373, "p": 0.033451, "s": 0.0717041, "t": 0.0498371, "y": 0.0378935, "v": 0.0351412 },
  "y": { "a": 0.0274839, "r": 0.0264599, "n": 0.0255166, "d": 0.0144854, "c": 0.0210962, "q": 0.0254187, "e": 0.0174007, "g": 0.0191957, "h": 0.0579554, "i": 0.0572209, "l": 0.0560709, "k": 0.0286588, "m": 0.018599, "f": 0.222663, "p": 0.0278494, "s": 0.0257196, "t": 0.0242906, "w": 0.0121303, "v": 0.0359986 },
  "v": { "a": 0.144325, "r": 0.0179293, "n": 0.0160017, "d": 0.0177012, "c": 0.0205809, "q": 0.0169774, "e": 0.0446781, "g": 0.0174872, "h": 0.00940644, "i": 0.442887, "l": 0.0737271, "k": 0.0172327, "m": 0.0516593, "f": 0.028655, "p": 0.0475327, "s": 0.0164527, "t": 0.0678643, "w": 0.00667028, "y": 0.0111042 }
 }
}
