{
 "alphabet": "arndcqeghilkmfpstwyv",
 "insrate": 0.00741399,
 "insextprob": 0.597015,
 "delrate": 0.00522114,
 "delextprob": 0.577778,
 "rootprob":
 {
  "a": 0.0770767,
  "r": 0.0372065,
  "n": 0.0451552,
  "d": 0.0638566,
  "c": 0.0444545,
  "q": 0.0169163,
  "e": 0.048019,
  "g": 0.0770971,
  "h": 0.0457316,
  "i": 0.0338109,
  "l": 0.0867156,
  "k": 0.0727522,
  "m": 0.0107663,
  "f": 0.0337081,
  "p": 0.0431819,
  "s": 0.060623,
  "t": 0.0793846,
  "w": 0.0114912,
  "y": 0.0350119,
  "v": 0.0770409
 },
 "subrate":
 {
  "a": { "r": 0.0149112, "n": 0.0235366, "d": 0.0387503, "c": 0.0096615, "q": 0.0253981, "e": 0.0761844, "g": 0.222807, "h": 0.0101982, "i": 0.0150892, "l": 0.0349394, "k": 0.0468681, "m": 0.0141763, "f": 0.00837644, "p": 0.096161, "s": 0.275384, "t": 0.158602, "w": 0.0053977, "y": 0.00574078, "v": 0.112982 },
  "r": { "a": 0.0271721, "n": 0.0266203, "d": 0.0178557, "c": 0.0170281, "q": 0.0634416, "e": 0.018288, "g": 0.023207, "h": 0.0499179, "i": 0.0132827, "l": 0.0120509, "k": 0.370586, "m": 0.0310077, "f": 0.0159858, "p": 0.0687593, "s": 0.0856185, "t": 0.0413442, "w": 0.0419236, "y": 0.0147648, "v": 0.0130369 },
  "n": { "a": 0.0655295, "r": 0.0343722, "d": 0.349556, "c": 0.0174268, "q": 0.0736949, "e": 0.0830372, "g": 0.125153, "h": 0.133232, "i": 0.0279508, "l": 0.0230271, "k": 0.131512, "m": 0.0231175, "f": 0.019083, "p": 0.0375763, "s": 0.320689, "t": 0.167524, "w": 0.0134254, "y": 0.022747, "v": 0.0322836 },
  "d": { "a": 0.0965105, "r": 0.0127985, "n": 0.216372, "c": 0.0110442, "q": 0.0583972, "e": 0.448921, "g": 0.0884552, "h": 0.0414125, "i": 0.0215322, "l": 0.0198112, "k": 0.0292716, "m": 0.0135024, "f": 0.01142, "p": 0.0308857, "s": 0.068422, "t": 0.0375751, "w": 0.00860954, "y": 0.0106407, "v": 0.0215968 },
  "c": { "a": 0.0895543, "r": 0.0119879, "n": 0.015055, "d": 0.0146858, "q": 0.0150139, "e": 0.0161876, "g": 0.015132, "h": 0.0147728, "i": 0.0352684, "l": 0.0134646, "k": 0.021723, "m": 0.0138563, "f": 0.0114517, "p": 0.0128456, "s": 0.0660276, "t": 0.0315205, "w": 0.0185847, "y": 0.0528475, "v": 0.087044 },
  "q": { "a": 0.0740642, "r": 0.0650263, "n": 0.0688153, "d": 0.0697229, "c": 0.0137817, "e": 0.334645, "g": 0.0723379, "h": 0.14172, "i": 0.0241524, "l": 0.043805, "k": 0.220544, "m": 0.031631, "f": 0.0148822, "p": 0.0664402, "s": 0.0908575, "t": 0.0535813, "w": 0.0156775, "y": 0.0149068, "v": 0.0308689 },
  "e": { "a": 0.111156, "r": 0.0160348, "n": 0.0475741, "d": 0.341143, "c": 0.00844957, "q": 0.29083, "g": 0.075097, "h": 0.0226735, "i": 0.0178019, "l": 0.019328, "k": 0.0871232, "m": 0.0156117, "f": 0.0099665, "p": 0.027861, "s": 0.0553961, "t": 0.0476486, "w": 0.00893653, "y": 0.0127816, "v": 0.0261644 },
  "g": { "a": 0.276729, "r": 0.010996, "n": 0.0602456, "d": 0.0615404, "c": 0.00920307, "q": 0.0220768, "e": 0.0424589, "h": 0.0116031, "i": 0.0121819, "l": 0.00844792, "k": 0.0287329, "m": 0.00870882, "f": 0.00759045, "p": 0.0272064, "s": 0.111408, "t": 0.0189499, "w": 0.00549615, "y": 0.00576604, "v": 0.0204242 },
  "h": { "a": 0.0496513, "r": 0.159859, "n": 0.178584, "d": 0.0584562, "c": 0.0182303, "q": 0.203249, "e": 0.0320114, "g": 0.0314602, "i": 0.0209288, "l": 0.0298338, "k": 0.0426706, "m": 0.0206258, "f": 0.0180088, "p": 0.0421156, "s": 0.0843634, "t": 0.0318537, "w": 0.0145157, "y": 0.0310951, "v": 0.0281886 },
  "i": { "a": 0.0516375, "r": 0.0172718, "n": 0.0369301, "d": 0.0279314, "c": 0.0177848, "q": 0.0269095, "e": 0.0232626, "g": 0.0397117, "h": 0.024788, "l": 0.298596, "k": 0.0282358, "m": 0.0709345, "f": 0.0541779, "p": 0.0209412, "s": 0.0316571, "t": 0.0950731, "w": 0.0128366, "y": 0.0174404, "v": 0.879605 },
  "l": { "a": 0.0302567, "r": 0.0137813, "n": 0.010946, "d": 0.0107074, "c": 0.00454699, "q": 0.0315721, "e": 0.0111614, "g": 0.010306, "h": 0.0289714, "i": 0.104393, "k": 0.0190036, "m": 0.127467, "f": 0.0656184, "p": 0.016752, "s": 0.0182651, "t": 0.0284572, "w": 0.00671249, "y": 0.0099016, "v": 0.0591888 },
  "k": { "a": 0.0479052, "r": 0.169892, "n": 0.061381, "d": 0.0555192, "c": 0.00655863, "q": 0.0893414, "e": 0.0522875, "g": 0.0332476, "h": 0.0113324, "i": 0.00915092, "l": 0.0140386, "m": 0.0360664, "f": 0.00813837, "p": 0.0283023, "s": 0.0466628, "t": 0.060645, "w": 0.0106638, "y": 0.00513684, "v": 0.00905966 },
  "m": { "a": 0.152004, "r": 0.0568832, "n": 0.0721085, "d": 0.0631707, "c": 0.0363484, "q": 0.0934452, "e": 0.0669911, "g": 0.0776773, "h": 0.0660313, "i": 0.22684, "l": 0.662827, "k": 0.108218, "f": 0.0840037, "p": 0.0760127, "s": 0.0960631, "t": 0.20831, "w": 0.0418467, "y": 0.0433759, "v": 0.160311 },
  "f": { "a": 0.0162782, "r": 0.0123746, "n": 0.0184381, "d": 0.0115939, "c": 0.00973457, "q": 0.0117168, "e": 0.0117288, "g": 0.0190288, "h": 0.0194605, "i": 0.054616, "l": 0.037201, "k": 0.0125273, "m": 0.0205229, "p": 0.0310943, "s": 0.0249765, "t": 0.0242523, "w": 0.0105017, "y": 0.276248, "v": 0.0227252 },
  "p": { "a": 0.145649, "r": 0.0634157, "n": 0.0335584, "d": 0.0246874, "c": 0.00906829, "q": 0.0368509, "e": 0.0229058, "g": 0.036647, "h": 0.0375194, "i": 0.0193588, "l": 0.0215845, "k": 0.0172669, "m": 0.0135484, "f": 0.0136567, "s": 0.161365, "t": 0.0520964, "w": 0.00878565, "y": 0.0113806, "v": 0.0267003 },
  "s": { "a": 0.418809, "r": 0.0284248, "n": 0.181535, "d": 0.0644362, "c": 0.0132069, "q": 0.0346093, "e": 0.0556486, "g": 0.184141, "h": 0.0344678, "i": 0.0136711, "l": 0.0252799, "k": 0.0485295, "m": 0.0208061, "f": 0.012954, "p": 0.136322, "t": 0.310577, "w": 0.00802709, "y": 0.0147153, "v": 0.01767 },
  "t": { "a": 0.265607, "r": 0.0215528, "n": 0.15228, "d": 0.0349311, "c": 0.0159851, "q": 0.0393537, "e": 0.0350128, "g": 0.0442368, "h": 0.0175931, "i": 0.0694592, "l": 0.0341813, "k": 0.0954782, "m": 0.0249781, "f": 0.0159611, "p": 0.0524183, "s": 0.392985, "w": 0.0113568, "y": 0.00956293, "v": 0.133371 },
  "w": { "a": 0.0912555, "r": 0.133342, "n": 0.0767792, "d": 0.0669346, "c": 0.0534746, "q": 0.0781931, "e": 0.0667217, "g": 0.0729708, "h": 0.124008, "i": 0.0682589, "l": 0.0734878, "k": 0.0872859, "m": 0.0685142, "f": 0.0574616, "p": 0.0735427, "s": 0.16263, "t": 0.112336, "y": 0.0540741, "v": 0.0697118 },
  "y": { "a": 0.0248868, "r": 0.014665, "n": 0.0265577, "d": 0.0172026, "c": 0.022075, "q": 0.0142678, "e": 0.0135507, "g": 0.0221009, "h": 0.0514388, "i": 0.0340825, "l": 0.0548384, "k": 0.0178496, "m": 0.017764, "f": 0.307114, "p": 0.0236006, "s": 0.0315094, "t": 0.0487776, "w": 0.0127544, "v": 0.0331076 },
  "v": { "a": 0.208775, "r": 0.00899428, "n": 0.020449, "d": 0.0133335, "c": 0.0158043, "q": 0.0227529, "e": 0.0171365, "g": 0.0545555, "h": 0.0105982, "i": 0.514937, "l": 0.0946665, "k": 0.0205929, "m": 0.0310373, "f": 0.0159525, "p": 0.0154539, "s": 0.0290119, "t": 0.10302, "w": 0.00699772, "y": 0.00884261 }
 }
}
