{
 "alphabet": "arndcqeghilkmfpstwyv",
 "insrate": 0.00698016,
 "insextprob": 0.666667,
 "delrate": 0.0022361,
 "delextprob": 0.777778,
 "rootprob":
 {
  "a": 0.0908926,
  "r": 0.0496268,
  "n": 0.0321798,
  "d": 0.0367678,
  "c": 0.0458727,
  "q": 0.0244556,
  "e": 0.0496138,
  "g": 0.0866805,
  "h": 0.0414579,
  "i": 0.0334911,
  "l": 0.0942203,
  "k": 0.0898129,
  "m": 0.0176972,
  "f": 0.0458837,
  "p": 0.034874,
  "s": 0.0713379,
  "t": 0.0546176,
  "w": 0.0173528,
  "y": 0.0301653,
  "v": 0.0529995
 },
 "subrate":
 {
  "a": { "r": 0.0182554, "n": 0.0247898, "d": 0.0311849, "c": 0.0250211, "q": 0.0491505, "e": 0.0793119, "g": 0.193673, "h": 0.0179245, "i": 0.0174296, "l": 0.0328329, "k": 0.0361559, "m": 0.0174649, "f": 0.00871242, "p": 0.0951248, "s": 0.31971, "t": 0.146178, "w": 0.00413338, "y": 0.00721459, "v": 0.103732 },
  "r": { "a": 0.036223, "n": 0.0406866, "d": 0.0222131, "c": 0.0291549, "q": 0.060024, "e": 0.0361383, "g": 0.0330319, "h": 0.0799834, "i": 0.0276035, "l": 0.0394504, "k": 0.39063, "m": 0.0262225, "f": 0.0147351, "p": 0.159002, "s": 0.110994, "t": 0.0357856, "w": 0.00967167, "y": 0.0156839, "v": 0.027579 },
  "n": { "a": 0.0471394, "r": 0.0441026, "d": 0.295618, "c": 0.0221141, "q": 0.0815779, "e": 0.0558399, "g": 0.111248, "h": 0.174589, "i": 0.0256253, "l": 0.0273158, "k": 0.194284, "m": 0.0237362, "f": 0.0177256, "p": 0.0475948, "s": 0.310881, "t": 0.121583, "w": 0.0147064, "y": 0.0237995, "v": 0.0269596 },
  "d": { "a": 0.117142, "r": 0.0236379, "n": 0.299989, "c": 0.0143823, "q": 0.0427738, "e": 0.459932, "g": 0.168852, "h": 0.0420516, "i": 0.0308774, "l": 0.0188825, "k": 0.0579953, "m": 0.0199477, "f": 0.0139085, "p": 0.0428233, "s": 0.122874, "t": 0.0522331, "w": 0.0104991, "y": 0.0179918, "v": 0.0225467 },
  "c": { "a": 0.0576857, "r": 0.0212682, "n": 0.0108015, "d": 0.00923907, "q": 0.0105015, "e": 0.00997095, "g": 0.0212212, "h": 0.0189959, "i": 0.0113873, "l": 0.0125879, "k": 0.0215267, "m": 0.0153596, "f": 0.0164987, "p": 0.0117047, "s": 0.0678316, "t": 0.0393476, "w": 0.00719535, "y": 0.0300333, "v": 0.0340449 },
  "q": { "a": 0.103042, "r": 0.07561, "n": 0.0838157, "d": 0.0539914, "c": 0.024327, "e": 0.31489, "g": 0.0298072, "h": 0.214094, "i": 0.0216577, "l": 0.0359026, "k": 0.0938511, "m": 0.0276295, "f": 0.0154553, "p": 0.090395, "s": 0.110621, "t": 0.0719068, "w": 0.0102909, "y": 0.0160507, "v": 0.025117 },
  "e": { "a": 0.232418, "r": 0.0228633, "n": 0.0605483, "d": 0.440563, "c": 0.0121663, "q": 0.206591, "g": 0.100111, "h": 0.0304889, "i": 0.0315535, "l": 0.0185552, "k": 0.124403, "m": 0.0167062, "f": 0.0115573, "p": 0.0333121, "s": 0.0769406, "t": 0.0623186, "w": 0.00797021, "y": 0.0127558, "v": 0.0211787 },
  "g": { "a": 0.234779, "r": 0.0223013, "n": 0.0412791, "d": 0.0393992, "c": 0.00922113, "q": 0.0192317, "e": 0.0721354, "h": 0.0124454, "i": 0.0130799, "l": 0.0124052, "k": 0.0357578, "m": 0.00990263, "f": 0.00772833, "p": 0.064032, "s": 0.182932, "t": 0.0201751, "w": 0.00441962, "y": 0.00782494, "v": 0.0174538 },
  "h": { "a": 0.0386689, "r": 0.0756173, "n": 0.193472, "d": 0.061756, "c": 0.0212399, "q": 0.312511, "e": 0.0507099, "g": 0.0236692, "i": 0.019683, "l": 0.0306212, "k": 0.0571121, "m": 0.0359352, "f": 0.0294699, "p": 0.0627512, "s": 0.0501881, "t": 0.0402952, "w": 0.0113752, "y": 0.0538005, "v": 0.032223 },
  "i": { "a": 0.0338393, "r": 0.0360366, "n": 0.0315237, "d": 0.0380258, "c": 0.0161773, "q": 0.0417036, "e": 0.0247121, "g": 0.0492356, "h": 0.0228802, "l": 0.406541, "k": 0.0328759, "m": 0.0790694, "f": 0.0678341, "p": 0.039578, "s": 0.0360253, "t": 0.0827039, "w": 0.0134475, "y": 0.0242178, "v": 0.8854 },
  "l": { "a": 0.0246632, "r": 0.0141144, "n": 0.00782772, "d": 0.00851164, "c": 0.00584535, "q": 0.0179043, "e": 0.00800072, "g": 0.0107044, "h": 0.0104758, "i": 0.153818, "k": 0.0133057, "m": 0.116742, "f": 0.0501747, "p": 0.029769, "s": 0.0110183, "t": 0.0126959, "w": 0.0147134, "y": 0.013566, "v": 0.129186 },
  "k": { "a": 0.0242705, "r": 0.204297, "n": 0.0900798, "d": 0.0356654, "c": 0.00731644, "q": 0.0549921, "e": 0.101011, "g": 0.0237721, "h": 0.0278332, "i": 0.0142571, "l": 0.0106865, "m": 0.0394566, "f": 0.00599283, "p": 0.0389342, "s": 0.0562425, "t": 0.0667919, "w": 0.00424261, "y": 0.00863008, "v": 0.0103223 },
  "m": { "a": 0.151087, "r": 0.086315, "n": 0.0833129, "d": 0.0786684, "c": 0.0696145, "q": 0.125326, "e": 0.0725615, "g": 0.0941803, "h": 0.0822743, "i": 0.281922, "l": 0.801193, "k": 0.110619, "f": 0.0835292, "p": 0.0858226, "s": 0.0986912, "t": 0.162813, "w": 0.0446922, "y": 0.0964391, "v": 0.204858 },
  "f": { "a": 0.0247027, "r": 0.00955697, "n": 0.016037, "d": 0.0104591, "c": 0.0104267, "q": 0.00983958, "e": 0.0122833, "g": 0.0108783, "h": 0.0308362, "i": 0.0350544, "l": 0.128471, "k": 0.0133078, "m": 0.0166287, "p": 0.0209389, "s": 0.0889785, "t": 0.0126938, "w": 0.00785187, "y": 0.192123, "v": 0.0188605 },
  "p": { "a": 0.154933, "r": 0.0741776, "n": 0.033834, "d": 0.0354473, "c": 0.0216493, "q": 0.112924, "e": 0.0443444, "g": 0.0613062, "h": 0.0484659, "i": 0.0250937, "l": 0.0463534, "k": 0.0544868, "m": 0.0182355, "f": 0.0157314, "s": 0.142478, "t": 0.0983448, "w": 0.00848373, "y": 0.0115107, "v": 0.0443546 },
  "s": { "a": 0.381873, "r": 0.0360567, "n": 0.168502, "d": 0.0593479, "c": 0.0313623, "q": 0.036649, "e": 0.0468043, "g": 0.161323, "h": 0.0288735, "i": 0.017807, "l": 0.0224601, "k": 0.0673333, "m": 0.0157872, "f": 0.0124128, "p": 0.11299, "t": 0.365274, "w": 0.00521463, "y": 0.0121626, "v": 0.0232282 },
  "t": { "a": 0.170369, "r": 0.0283607, "n": 0.0799556, "d": 0.0424614, "c": 0.0260767, "q": 0.0344571, "e": 0.0406218, "g": 0.0277662, "h": 0.022713, "i": 0.0615789, "l": 0.0391217, "k": 0.140174, "m": 0.0403781, "f": 0.0104215, "p": 0.0612687, "s": 0.405539, "w": 0.00648466, "y": 0.0138854, "v": 0.122939 },
  "w": { "a": 0.0268466, "r": 0.0916875, "n": 0.038182, "d": 0.0249878, "c": 0.0220532, "q": 0.0273253, "e": 0.0249165, "g": 0.024209, "h": 0.0558241, "i": 0.0263368, "l": 0.0357684, "k": 0.0251819, "m": 0.0275653, "f": 0.023192, "p": 0.0361673, "s": 0.0310536, "t": 0.0306669, "y": 0.0269924, "v": 0.0256846 },
  "y": { "a": 0.0469096, "r": 0.0249463, "n": 0.0405402, "d": 0.0242247, "c": 0.0635636, "q": 0.0201837, "e": 0.0288375, "g": 0.0180043, "h": 0.0833643, "i": 0.0334793, "l": 0.0470471, "k": 0.024562, "m": 0.0290578, "f": 0.286435, "p": 0.0224012, "s": 0.03653, "t": 0.028693, "w": 0.0179194, "v": 0.0311077 },
  "v": { "a": 0.10484, "r": 0.0178364, "n": 0.0169887, "d": 0.0228261, "c": 0.00979212, "q": 0.0207858, "e": 0.0181404, "g": 0.0370006, "h": 0.0114364, "i": 0.468424, "l": 0.143638, "k": 0.0200106, "m": 0.0292151, "f": 0.0201221, "p": 0.0374776, "s": 0.0287583, "t": 0.117037, "w": 0.00650855, "y": 0.015857 }
 }
}
