{
 "alphabet": "arndcqeghilkmfpstwyv",
 "insrate": 0.0051429,
 "insextprob": 0.538462,
 "delrate": 0.00285849,
 "delextprob": 0.444444,
 "rootprob":
 {
  "a": 0.0772387,
  "r": 0.0462687,
  "n": 0.0259779,
  "d": 0.0468231,
  "c": 0.044593,
  "q": 0.0332432,
  "e": 0.0461394,
  "g": 0.0855886,
  "h": 0.0345234,
  "i": 0.0295472,
  "l": 0.100959,
  "k": 0.0836096,
  "m": 0.027145,
  "f": 0.0340678,
  "p": 0.0418824,
  "s": 0.0744809,
  "t": 0.0528638,
  "w": 0.0193898,
  "y": 0.0332036,
  "v": 0.0624547
 },
 "subrate":
 {
  "a": { "r": 0.0277614, "n": 0.0266438, "d": 0.0338286, "c": 0.0132881, "q": 0.0546902, "e": 0.0869497, "g": 0.213095, "h": 0.0139422, "i": 0.0141871, "l": 0.0359572, "k": 0.0304361, "m": 0.0105719, "f": 0.00817574, "p": 0.0832452, "s": 0.268074, "t": 0.121447, "w": 0.00545833, "y": 0.0127177, "v": 0.133114 },
  "r": { "a": 0.0533501, "n": 0.0515814, "d": 0.034104, "c": 0.0146942, "q": 0.107449, "e": 0.0372777, "g": 0.04919, "h": 0.150306, "i": 0.0295423, "l": 0.0246145, "k": 0.529377, "m": 0.0243543, "f": 0.0117123, "p": 0.0426529, "s": 0.0946492, "t": 0.0520832, "w": 0.0162982, "y": 0.0138818, "v": 0.0361263 },
  "n": { "a": 0.0627043, "r": 0.0496623, "d": 0.283539, "c": 0.0178544, "q": 0.0697094, "e": 0.066308, "g": 0.150618, "h": 0.102551, "i": 0.0235074, "l": 0.022015, "k": 0.21862, "m": 0.0180238, "f": 0.0124576, "p": 0.0514687, "s": 0.277682, "t": 0.104732, "w": 0.0131254, "y": 0.0240344, "v": 0.0234163 },
  "d": { "a": 0.0764987, "r": 0.0242886, "n": 0.257083, "c": 0.00910954, "q": 0.0458984, "e": 0.485094, "g": 0.126894, "h": 0.03477, "i": 0.020234, "l": 0.0172268, "k": 0.0418691, "m": 0.0131602, "f": 0.00835654, "p": 0.0271148, "s": 0.0708425, "t": 0.0348373, "w": 0.00907584, "y": 0.0113292, "v": 0.0194906 },
  "c": { "a": 0.0284672, "r": 0.0285744, "n": 0.0184872, "d": 0.011603, "q": 0.0101681, "e": 0.00992022, "g": 0.0240265, "h": 0.0148339, "i": 0.0295866, "l": 0.0135528, "k": 0.0104127, "m": 0.0119729, "f": 0.00869859, "p": 0.0332663, "s": 0.0910486, "t": 0.0528448, "w": 0.00894741, "y": 0.00895784, "v": 0.035728 },
  "q": { "a": 0.149393, "r": 0.121865, "n": 0.084029, "d": 0.0652078, "c": 0.0133257, "e": 0.293231, "g": 0.0639378, "h": 0.169144, "i": 0.0325163, "l": 0.0809096, "k": 0.197848, "m": 0.0271814, "f": 0.0139471, "p": 0.0792614, "s": 0.0777086, "t": 0.0832333, "w": 0.0150673, "y": 0.0196988, "v": 0.0499092 },
  "e": { "a": 0.161009, "r": 0.0210679, "n": 0.0575144, "d": 0.420096, "c": 0.00798134, "q": 0.200443, "g": 0.0935499, "h": 0.0234087, "i": 0.0295405, "l": 0.0150179, "k": 0.0856697, "m": 0.0142844, "f": 0.00761229, "p": 0.0396537, "s": 0.0405535, "t": 0.0364012, "w": 0.00799271, "y": 0.0108368, "v": 0.0264913 },
  "g": { "a": 0.253543, "r": 0.0350347, "n": 0.0710095, "d": 0.0512919, "c": 0.00617927, "q": 0.0279888, "e": 0.0539549, "h": 0.0203069, "i": 0.0096244, "l": 0.0204523, "k": 0.0354882, "m": 0.00825601, "f": 0.00811526, "p": 0.0157533, "s": 0.106875, "t": 0.0210595, "w": 0.00657155, "y": 0.00663109, "v": 0.0143349 },
  "h": { "a": 0.0323179, "r": 0.0670338, "n": 0.15033, "d": 0.0415863, "c": 0.0116035, "q": 0.19318, "e": 0.0324642, "g": 0.0400884, "i": 0.0246588, "l": 0.0404088, "k": 0.0372046, "m": 0.0152483, "f": 0.0166714, "p": 0.0665342, "s": 0.0284281, "t": 0.0318907, "w": 0.011019, "y": 0.0598646, "v": 0.0272716 },
  "i": { "a": 0.0356052, "r": 0.0351578, "n": 0.0362184, "d": 0.0192325, "c": 0.0195689, "q": 0.0230403, "e": 0.0403011, "g": 0.0311112, "h": 0.0183369, "l": 0.304568, "k": 0.0305659, "m": 0.0781544, "f": 0.0401624, "p": 0.0236967, "s": 0.0323484, "t": 0.0887675, "w": 0.0106769, "y": 0.0160779, "v": 0.708341 },
  "l": { "a": 0.0271325, "r": 0.0225048, "n": 0.0145399, "d": 0.00878649, "c": 0.0104274, "q": 0.029783, "e": 0.0104407, "g": 0.0157632, "h": 0.00846284, "i": 0.158517, "k": 0.0158854, "m": 0.0848304, "f": 0.042429, "p": 0.0287922, "s": 0.0208731, "t": 0.0315159, "w": 0.00466747, "y": 0.0118025, "v": 0.127165 },
  "k": { "a": 0.0380157, "r": 0.23797, "n": 0.0814924, "d": 0.0332616, "c": 0.00783359, "q": 0.0800456, "e": 0.0525946, "g": 0.0174576, "h": 0.0352339, "i": 0.0113795, "l": 0.00963618, "m": 0.0145297, "f": 0.00519902, "p": 0.0384737, "s": 0.0648531, "t": 0.0503243, "w": 0.00683923, "y": 0.00647748, "v": 0.0144075 },
  "m": { "a": 0.0815188, "r": 0.0985236, "n": 0.067267, "d": 0.0443148, "c": 0.0270555, "q": 0.111173, "e": 0.048675, "g": 0.0543638, "h": 0.0438234, "i": 0.178896, "l": 0.420965, "k": 0.091123, "f": 0.0451405, "p": 0.0632967, "s": 0.0646168, "t": 0.156395, "w": 0.0245993, "y": 0.0350404, "v": 0.110817 },
  "f": { "a": 0.0167377, "r": 0.0146046, "n": 0.0153816, "d": 0.0125187, "c": 0.0139655, "q": 0.0151501, "e": 0.014879, "g": 0.0132155, "h": 0.0234874, "i": 0.0860565, "l": 0.0952777, "k": 0.0121196, "m": 0.0294318, "p": 0.0181699, "s": 0.0185503, "t": 0.0198241, "w": 0.0137521, "y": 0.234565, "v": 0.0231002 },
  "p": { "a": 0.14658, "r": 0.027133, "n": 0.0436649, "d": 0.0448693, "c": 0.00977642, "q": 0.0705494, "e": 0.0340537, "g": 0.0325125, "h": 0.0461679, "i": 0.0246751, "l": 0.0203304, "k": 0.0487931, "m": 0.0191408, "f": 0.0147882, "s": 0.137926, "t": 0.0558028, "w": 0.0115096, "y": 0.0113161, "v": 0.0338665 },
  "s": { "a": 0.426686, "r": 0.0525828, "n": 0.192847, "d": 0.0774383, "c": 0.0259993, "q": 0.0415116, "e": 0.0533118, "g": 0.183501, "h": 0.0221489, "i": 0.0165332, "l": 0.0201561, "k": 0.0569531, "m": 0.012194, "f": 0.0110089, "p": 0.0974708, "t": 0.361376, "w": 0.0107512, "y": 0.0177457, "v": 0.0194847 },
  "t": { "a": 0.195006, "r": 0.040125, "n": 0.096442, "d": 0.0411045, "c": 0.0137441, "q": 0.0366188, "e": 0.0396518, "g": 0.0380092, "h": 0.0250332, "i": 0.0700436, "l": 0.0295748, "k": 0.0788345, "m": 0.0258356, "f": 0.0158221, "p": 0.0593777, "s": 0.423483, "w": 0.00932245, "y": 0.0213825, "v": 0.150436 },
  "w": { "a": 0.0412545, "r": 0.178639, "n": 0.042702, "d": 0.0460708, "c": 0.0309214, "q": 0.055724, "e": 0.0503845, "g": 0.0485983, "h": 0.0470688, "i": 0.0391224, "l": 0.0743797, "k": 0.0441058, "m": 0.0482985, "f": 0.0993692, "p": 0.0394576, "s": 0.096411, "t": 0.0447046, "y": 0.0505486, "v": 0.037434 },
  "y": { "a": 0.0608752, "r": 0.0276456, "n": 0.0407729, "d": 0.029416, "c": 0.0187652, "q": 0.0311536, "e": 0.0329655, "g": 0.0203348, "h": 0.0873068, "i": 0.0308415, "l": 0.0318536, "k": 0.0199412, "m": 0.0231931, "f": 0.237633, "p": 0.0269808, "s": 0.023312, "t": 0.0249061, "w": 0.0243402, "v": 0.0257086 },
  "v": { "a": 0.246391, "r": 0.0254272, "n": 0.0195943, "d": 0.016249, "c": 0.0177942, "q": 0.0224505, "e": 0.0422773, "g": 0.0402016, "h": 0.0179095, "i": 0.430665, "l": 0.118376, "k": 0.0202556, "m": 0.0284688, "f": 0.0218983, "p": 0.0210112, "s": 0.0322383, "t": 0.162135, "w": 0.00692738, "y": 0.0142188 }
 }
}
