{
 "alphabet": "arndcqeghilkmfpstwyv",
 "insrate": 0.00495462,
 "insextprob": 0.645833,
 "delrate": 0.00641045,
 "delextprob": 0.694444,
 "rootprob":
 {
  "a": 0.0685463,
  "r": 0.0266887,
  "n": 0.0380172,
  "d": 0.0501444,
  "c": 0.0392112,
  "q": 0.0318825,
  "e": 0.0427907,
  "g": 0.0821595,
  "h": 0.0542292,
  "i": 0.0518292,
  "l": 0.0739694,
  "k": 0.108786,
  "m": 0.0181479,
  "f": 0.0476595,
  "p": 0.0466141,
  "s": 0.0769137,
  "t": 0.0487586,
  "w": 0.0159157,
  "y": 0.0256663,
  "v": 0.0520694
 },
 "subrate":
 {
  "a": { "r": 0.0331671, "n": 0.018716, "d": 0.0605991, "c": 0.0192656, "q": 0.0508956, "e": 0.0498434, "g": 0.248127, "h": 0.0130609, "i": 0.0155815, "l": 0.0177425, "k": 0.0549585, "m": 0.013214, "f": 0.0139255, "p": 0.0866771, "s": 0.290081, "t": 0.14412, "w": 0.00521224, "y": 0.00954318, "v": 0.125509 },
  "r": { "a": 0.0450223, "n": 0.0650235, "d": 0.0199225, "c": 0.0109921, "q": 0.0769361, "e": 0.0337735, "g": 0.0224372, "h": 0.053753, "i": 0.0194163, "l": 0.0242574, "k": 0.515263, "m": 0.0170568, "f": 0.0125578, "p": 0.0528353, "s": 0.0555738, "t": 0.0467226, "w": 0.0103624, "y": 0.0121319, "v": 0.0315328 },
  "n": { "a": 0.0481663, "r": 0.0605124, "d": 0.362202, "c": 0.0218696, "q": 0.082413, "e": 0.0715192, "g": 0.119477, "h": 0.0913803, "i": 0.0254981, "l": 0.0251981, "k": 0.202185, "m": 0.0160752, "f": 0.0151876, "p": 0.0336092, "s": 0.280842, "t": 0.151071, "w": 0.0099292, "y": 0.0143421, "v": 0.0323284 },
  "d": { "a": 0.0841722, "r": 0.0132746, "n": 0.27936, "c": 0.00910735, "q": 0.0540194, "e": 0.507211, "g": 0.107855, "h": 0.0259834, "i": 0.0135843, "l": 0.0188614, "k": 0.0443044, "m": 0.0110254, "f": 0.00943639, "p": 0.0325289, "s": 0.100954, "t": 0.030572, "w": 0.00732248, "y": 0.00940216, "v": 0.0171233 },
  "c": { "a": 0.0388247, "r": 0.00979047, "n": 0.0199309, "d": 0.0177781, "q": 0.0126121, "e": 0.012025, "g": 0.0225162, "h": 0.0132519, "i": 0.0115115, "l": 0.0116299, "k": 0.0109628, "m": 0.0104531, "f": 0.0168043, "p": 0.0257811, "s": 0.139912, "t": 0.0457129, "w": 0.00867546, "y": 0.0167971, "v": 0.035329 },
  "q": { "a": 0.102167, "r": 0.0911532, "n": 0.110423, "d": 0.106915, "c": 0.0185233, "e": 0.244331, "g": 0.0325796, "h": 0.139149, "i": 0.0245382, "l": 0.0510412, "k": 0.174092, "m": 0.0330857, "f": 0.0153549, "p": 0.123778, "s": 0.0974004, "t": 0.082862, "w": 0.0119367, "y": 0.016438, "v": 0.0405848 },
  "e": { "a": 0.128918, "r": 0.0205315, "n": 0.0972653, "d": 0.517611, "c": 0.011211, "q": 0.200999, "g": 0.0634847, "h": 0.0419122, "i": 0.0181692, "l": 0.028705, "k": 0.104292, "m": 0.0148752, "f": 0.0136728, "p": 0.0445043, "s": 0.0593638, "t": 0.0539625, "w": 0.00901478, "y": 0.0123743, "v": 0.0272747 },
  "g": { "a": 0.247142, "r": 0.0155777, "n": 0.0400551, "d": 0.0715308, "c": 0.0117012, "q": 0.0213236, "e": 0.0276599, "h": 0.0117864, "i": 0.0155539, "l": 0.0185386, "k": 0.0162672, "m": 0.0132712, "f": 0.0128619, "p": 0.0179885, "s": 0.171274, "t": 0.02701, "w": 0.00466854, "y": 0.0124181, "v": 0.024083 },
  "h": { "a": 0.0756779, "r": 0.125453, "n": 0.147432, "d": 0.0633306, "c": 0.0229261, "q": 0.221697, "e": 0.0459496, "g": 0.0173234, "i": 0.0373916, "l": 0.0510799, "k": 0.0370834, "m": 0.0237291, "f": 0.0397285, "p": 0.0703928, "s": 0.0715774, "t": 0.0493, "w": 0.0136053, "y": 0.0416426, "v": 0.0301556 },
  "i": { "a": 0.0342757, "r": 0.0338467, "n": 0.0177756, "d": 0.0191054, "c": 0.0185247, "q": 0.0314622, "e": 0.0247128, "g": 0.0218489, "h": 0.0253079, "l": 0.290779, "k": 0.026712, "m": 0.140518, "f": 0.0522136, "p": 0.0291365, "s": 0.0268219, "t": 0.0859835, "w": 0.0118141, "y": 0.0259471, "v": 0.880338 },
  "l": { "a": 0.0360808, "r": 0.0149675, "n": 0.00971905, "d": 0.0128373, "c": 0.00602676, "q": 0.0291217, "e": 0.0169143, "g": 0.0123572, "h": 0.0166618, "i": 0.127207, "k": 0.0298471, "m": 0.140069, "f": 0.0911041, "p": 0.0226574, "s": 0.0231061, "t": 0.0292666, "w": 0.00563007, "y": 0.0177353, "v": 0.0957337 },
  "k": { "a": 0.0308814, "r": 0.230082, "n": 0.139251, "d": 0.0166098, "c": 0.00523329, "q": 0.0900335, "e": 0.046139, "g": 0.0146331, "h": 0.0137512, "i": 0.017717, "l": 0.0185735, "m": 0.0135078, "f": 0.00943768, "p": 0.0286633, "s": 0.0560364, "t": 0.0895554, "w": 0.00446307, "y": 0.00600061, "v": 0.0199192 },
  "m": { "a": 0.110975, "r": 0.0731176, "n": 0.0449221, "d": 0.046831, "c": 0.0284442, "q": 0.091202, "e": 0.0694801, "g": 0.093357, "h": 0.0512177, "i": 0.20031, "l": 0.595606, "k": 0.130748, "f": 0.0672835, "p": 0.0639598, "s": 0.0612871, "t": 0.122045, "w": 0.0253921, "y": 0.0383557, "v": 0.139414 },
  "f": { "a": 0.0209757, "r": 0.0122365, "n": 0.0219341, "d": 0.0109295, "c": 0.00904737, "q": 0.0119095, "e": 0.015054, "g": 0.02536, "h": 0.0337029, "i": 0.0409847, "l": 0.164973, "k": 0.0197939, "m": 0.0226673, "p": 0.0187177, "s": 0.0384294, "t": 0.0203264, "w": 0.00925866, "y": 0.235654, "v": 0.0308004 },
  "p": { "a": 0.207571, "r": 0.0207869, "n": 0.0172732, "d": 0.0362895, "c": 0.0174517, "q": 0.041034, "e": 0.0225374, "g": 0.0654779, "h": 0.0351704, "i": 0.0189385, "l": 0.0190595, "k": 0.0446799, "m": 0.01357, "f": 0.0128377, "s": 0.118513, "t": 0.0747411, "w": 0.00818756, "y": 0.00999383, "v": 0.0537493 },
  "s": { "a": 0.387309, "r": 0.033234, "n": 0.131333, "d": 0.0700925, "c": 0.0562821, "q": 0.0493368, "e": 0.0256438, "g": 0.195518, "h": 0.0267401, "i": 0.0106979, "l": 0.0177069, "k": 0.0768688, "m": 0.0101972, "f": 0.0141533, "p": 0.0924565, "t": 0.354506, "w": 0.00640344, "y": 0.0109367, "v": 0.0150533 },
  "t": { "a": 0.165721, "r": 0.0415791, "n": 0.0989788, "d": 0.048547, "c": 0.0244526, "q": 0.0434103, "e": 0.0290464, "g": 0.0316751, "h": 0.0267895, "i": 0.0497401, "l": 0.0307198, "k": 0.129925, "m": 0.0267999, "f": 0.0166815, "p": 0.0600765, "s": 0.392693, "w": 0.00772054, "y": 0.0165205, "v": 0.115539 },
  "w": { "a": 0.0366646, "r": 0.0965855, "n": 0.0375759, "d": 0.0348425, "c": 0.0315239, "q": 0.0377716, "e": 0.0352949, "g": 0.0348375, "h": 0.106356, "i": 0.0354415, "l": 0.051598, "k": 0.0582186, "m": 0.0367115, "f": 0.0353699, "p": 0.0391706, "s": 0.044799, "t": 0.0381689, "y": 0.0809654, "v": 0.0354973 },
  "y": { "a": 0.029429, "r": 0.0194703, "n": 0.0494062, "d": 0.0183719, "c": 0.0364441, "q": 0.0322655, "e": 0.0201996, "g": 0.0228092, "h": 0.0641133, "i": 0.0236945, "l": 0.0392492, "k": 0.0236881, "m": 0.0212693, "f": 0.360556, "p": 0.0248372, "s": 0.0471267, "t": 0.0303807, "w": 0.0178925, "v": 0.0310319 },
  "v": { "a": 0.136908, "r": 0.0238003, "n": 0.0100225, "d": 0.0132209, "c": 0.0191263, "q": 0.0191083, "e": 0.0160334, "g": 0.0206455, "h": 0.0119258, "i": 0.402803, "l": 0.103979, "k": 0.0182137, "m": 0.03766, "f": 0.0193467, "p": 0.0240393, "s": 0.018248, "t": 0.118188, "w": 0.00693662, "y": 0.00922116 }
 }
}
