{
 "alphabet": "arndcqeghilkmfpstwyv",
 "insrate": 0.00630298,
 "insextprob": 0.717647,
 "delrate": 0.0042041,
 "delextprob": 0.333333,
 "rootprob":
 {
  "a": 0.0575141,
  "r": 0.0349445,
  "n": 0.0492293,
  "d": 0.0443424,
  "c": 0.0411838,
  "q": 0.0379656,
  "e": 0.0483943,
  "g": 0.110564,
  "h": 0.0292853,
  "i": 0.0341412,
  "l": 0.0662771,
  "k": 0.0888997,
  "m": 0.0371099,
  "f": 0.0480701,
  "p": 0.0546377,
  "s": 0.0607852,
  "t": 0.0509312,
  "w": 0.0113891,
  "y": 0.031761,
  "v": 0.0625747
 },
 "subrate":
 {
  "a": { "r": 0.0167676, "n": 0.0290551, "d": 0.0339351, "c": 0.0148242, "q": 0.0460115, "e": 0.0475241, "g": 0.193143, "h": 0.0154122, "i": 0.0161104, "l": 0.0322737, "k": 0.0437846, "m": 0.0199373, "f": 0.00949443, "p": 0.0857147, "s": 0.317829, "t": 0.168144, "w": 0.00515831, "y": 0.00856241, "v": 0.148175 },
  "r": { "a": 0.0400472, "n": 0.0480019, "d": 0.0184185, "c": 0.0157987, "q": 0.128216, "e": 0.0275417, "g": 0.0257494, "h": 0.0638165, "i": 0.0297801, "l": 0.0181547, "k": 0.365036, "m": 0.0295962, "f": 0.0115458, "p": 0.0457288, "s": 0.0937852, "t": 0.0672099, "w": 0.0211178, "y": 0.0121705, "v": 0.0191068 },
  "n": { "a": 0.0436183, "r": 0.0341271, "d": 0.26838, "c": 0.0132623, "q": 0.052112, "e": 0.0400678, "g": 0.135146, "h": 0.149342, "i": 0.0175213, "l": 0.0234068, "k": 0.15562, "m": 0.0161683, "f": 0.0121179, "p": 0.0334591, "s": 0.284294, "t": 0.12613, "w": 0.00794893, "y": 0.021889, "v": 0.0217897 },
  "d": { "a": 0.0563267, "r": 0.0150625, "n": 0.304411, "c": 0.0105498, "q": 0.0570435, "e": 0.409742, "g": 0.151945, "h": 0.0251847, "i": 0.0151238, "l": 0.0164937, "k": 0.0362838, "m": 0.015797, "f": 0.00953458, "p": 0.0382694, "s": 0.117805, "t": 0.0455918, "w": 0.00798389, "y": 0.0110076, "v": 0.0240638 },
  "c": { "a": 0.0710776, "r": 0.0142833, "n": 0.0353251, "d": 0.0151192, "q": 0.0145563, "e": 0.0127078, "g": 0.015407, "h": 0.0137548, "i": 0.0476009, "l": 0.0228479, "k": 0.0143752, "m": 0.0190857, "f": 0.0167814, "p": 0.0279852, "s": 0.0920065, "t": 0.0222018, "w": 0.010191, "y": 0.0150658, "v": 0.0435869 },
  "q": { "a": 0.0817026, "r": 0.163783, "n": 0.0739336, "d": 0.0598038, "c": 0.0169284, "e": 0.280578, "g": 0.0392673, "h": 0.108548, "i": 0.0184306, "l": 0.0485818, "k": 0.109045, "m": 0.0501656, "f": 0.0118499, "p": 0.0436586, "s": 0.0740487, "t": 0.0668802, "w": 0.010611, "y": 0.0155042, "v": 0.0202961 },
  "e": { "a": 0.118235, "r": 0.0192002, "n": 0.0459368, "d": 0.415892, "c": 0.00922083, "q": 0.23355, "g": 0.0513661, "h": 0.0235233, "i": 0.0151798, "l": 0.0218824, "k": 0.0826192, "m": 0.0150855, "f": 0.00850361, "p": 0.0358731, "s": 0.0454288, "t": 0.0440095, "w": 0.00782336, "y": 0.0093525, "v": 0.023489 },
  "g": { "a": 0.206396, "r": 0.00935855, "n": 0.076563, "d": 0.0834927, "c": 0.00620415, "q": 0.0105564, "e": 0.0336509, "h": 0.0182794, "i": 0.00808566, "l": 0.00823934, "k": 0.0215871, "m": 0.0102877, "f": 0.0053225, "p": 0.0345945, "s": 0.0889732, "t": 0.0228403, "w": 0.0037823, "y": 0.00999962, "v": 0.0203399 },
  "h": { "a": 0.0346606, "r": 0.102957, "n": 0.191435, "d": 0.0362668, "c": 0.0297353, "q": 0.159074, "e": 0.0261329, "g": 0.0359485, "i": 0.0194932, "l": 0.0251171, "k": 0.0370893, "m": 0.0180754, "f": 0.021259, "p": 0.0729994, "s": 0.108981, "t": 0.0314783, "w": 0.0118683, "y": 0.0586696, "v": 0.0333889 },
  "i": { "a": 0.0341054, "r": 0.0204105, "n": 0.0263414, "d": 0.0293492, "c": 0.022092, "q": 0.0184658, "e": 0.0239726, "g": 0.021773, "h": 0.0172377, "l": 0.328756, "k": 0.0432333, "m": 0.0821621, "f": 0.0711368, "p": 0.0238845, "s": 0.028607, "t": 0.102794, "w": 0.011115, "y": 0.0224121, "v": 0.718863 },
  "l": { "a": 0.0465198, "r": 0.00779957, "n": 0.012856, "d": 0.00602562, "c": 0.00664154, "q": 0.0316215, "e": 0.0065737, "g": 0.0120794, "h": 0.0078475, "i": 0.115908, "k": 0.0110491, "m": 0.111893, "f": 0.0496087, "p": 0.0165728, "s": 0.0139652, "t": 0.0179423, "w": 0.00616663, "y": 0.0112192, "v": 0.0818723 },
  "k": { "a": 0.039789, "r": 0.232825, "n": 0.15104, "d": 0.0266427, "c": 0.00837304, "q": 0.0696748, "e": 0.0591276, "g": 0.0354369, "h": 0.0173492, "i": 0.0170999, "l": 0.0120727, "m": 0.0186413, "f": 0.0061781, "p": 0.0303206, "s": 0.0630619, "t": 0.100497, "w": 0.00929019, "y": 0.00892142, "v": 0.0120977 },
  "m": { "a": 0.157154, "r": 0.0475947, "n": 0.0510073, "d": 0.0398368, "c": 0.0292048, "q": 0.0678395, "e": 0.0492576, "g": 0.0475426, "h": 0.032799, "i": 0.176534, "l": 0.54322, "k": 0.0951846, "f": 0.0817378, "p": 0.0573678, "s": 0.0828282, "t": 0.123688, "w": 0.0240031, "y": 0.0306251, "v": 0.122337 },
  "f": { "a": 0.0191686, "r": 0.011073, "n": 0.0102177, "d": 0.00833799, "c": 0.00861345, "q": 0.0113688, "e": 0.00852396, "g": 0.0128737, "h": 0.0230043, "i": 0.0793288, "l": 0.120797, "k": 0.0119731, "m": 0.0340775, "p": 0.00959882, "s": 0.0254639, "t": 0.0243345, "w": 0.0147197, "y": 0.190626, "v": 0.0218185 },
  "p": { "a": 0.194585, "r": 0.0421711, "n": 0.0225467, "d": 0.0182418, "c": 0.0145259, "q": 0.0682364, "e": 0.0318531, "g": 0.0535586, "h": 0.023506, "i": 0.0192067, "l": 0.0403972, "k": 0.033473, "m": 0.0144764, "f": 0.0155724, "s": 0.168666, "t": 0.0415462, "w": 0.0138481, "y": 0.0197821, "v": 0.0293687 },
  "s": { "a": 0.416877, "r": 0.0465082, "n": 0.223062, "d": 0.0806198, "c": 0.0289451, "q": 0.0444128, "e": 0.0347606, "g": 0.151169, "h": 0.0334133, "i": 0.0166197, "l": 0.0213324, "k": 0.0731903, "m": 0.0158137, "f": 0.0175706, "p": 0.111602, "t": 0.392796, "w": 0.00696688, "y": 0.0185478, "v": 0.0237109 },
  "t": { "a": 0.227971, "r": 0.0252862, "n": 0.0963932, "d": 0.0350276, "c": 0.00977179, "q": 0.0314028, "e": 0.0324845, "g": 0.0237842, "h": 0.0148545, "i": 0.0604675, "l": 0.026938, "k": 0.0931478, "m": 0.0333793, "f": 0.00994489, "p": 0.0453402, "s": 0.373496, "w": 0.00718817, "y": 0.0102968, "v": 0.112186 },
  "w": { "a": 0.0417916, "r": 0.123687, "n": 0.0398806, "d": 0.044424, "c": 0.0312522, "q": 0.0386724, "e": 0.0441777, "g": 0.0360938, "h": 0.0358867, "i": 0.0416051, "l": 0.068977, "k": 0.0427784, "m": 0.038419, "f": 0.0907895, "p": 0.0383025, "s": 0.0480618, "t": 0.0537673, "y": 0.0371119, "v": 0.0362851 },
  "y": { "a": 0.0221766, "r": 0.0173856, "n": 0.0447455, "d": 0.0192404, "c": 0.0226661, "q": 0.0245702, "e": 0.0171683, "g": 0.0275193, "h": 0.0669477, "i": 0.0355657, "l": 0.0346506, "k": 0.0167586, "m": 0.0176151, "f": 0.291749, "p": 0.0159339, "s": 0.0659075, "t": 0.04859, "w": 0.0186481, "v": 0.0240277 },
  "v": { "a": 0.221718, "r": 0.0124204, "n": 0.0190576, "d": 0.0248206, "c": 0.0153335, "q": 0.0149098, "e": 0.0206301, "g": 0.0285425, "h": 0.0157529, "i": 0.505014, "l": 0.116954, "k": 0.0226361, "m": 0.0406493, "f": 0.0208268, "p": 0.0372325, "s": 0.0277119, "t": 0.141767, "w": 0.00697206, "y": 0.011085 }
 }
}
