{
 "alphabet": "arndcqeghilkmfpstwyv",
 "insrate": 0.00382958,
 "insextprob": 0.651163,
 "delrate": 0.00586844,
 "delextprob": 0.757895,
 "rootprob":
 {
  "a": 0.084299,
  "r": 0.0548419,
  "n": 0.0206589,
  "d": 0.0523572,
  "c": 0.0291986,
  "q": 0.0344777,
  "e": 0.049989,
  "g": 0.0922023,
  "h": 0.0406404,
  "i": 0.0465817,
  "l": 0.0930247,
  "k": 0.0647155,
  "m": 0.0132442,
  "f": 0.0380716,
  "p": 0.0394592,
  "s": 0.0701674,
  "t": 0.0640394,
  "w": 0.00949246,
  "y": 0.0313994,
  "v": 0.0711394
 },
 "subrate":
 {
  "a": { "r": 0.0217239, "n": 0.0313256, "d": 0.0485466, "c": 0.0118074, "q": 0.0295495, "e": 0.0841532, "g": 0.207529, "h": 0.0168558, "i": 0.0153058, "l": 0.0512694, "k": 0.0431109, "m": 0.0200167, "f": 0.0155534, "p": 0.101945, "s": 0.266809, "t": 0.164639, "w": 0.00551561, "y": 0.00519512, "v": 0.166954 },
  "r": { "a": 0.0385419, "n": 0.0353018, "d": 0.0188998, "c": 0.00929582, "q": 0.103988, "e": 0.0425453, "g": 0.0480646, "h": 0.0907064, "i": 0.0177194, "l": 0.0293727, "k": 0.368343, "m": 0.0176499, "f": 0.0106991, "p": 0.0468709, "s": 0.0561791, "t": 0.0390707, "w": 0.0156181, "y": 0.00964522, "v": 0.0170168 },
  "n": { "a": 0.0695778, "r": 0.0417542, "d": 0.35008, "c": 0.0137918, "q": 0.0834103, "e": 0.0790853, "g": 0.130849, "h": 0.119621, "i": 0.0312443, "l": 0.0210409, "k": 0.158124, "m": 0.0228032, "f": 0.0195889, "p": 0.0379258, "s": 0.262242, "t": 0.117453, "w": 0.0128708, "y": 0.0245425, "v": 0.0266501 },
  "d": { "a": 0.103574, "r": 0.0139191, "n": 0.229786, "c": 0.00783492, "q": 0.0353968, "e": 0.384269, "g": 0.150296, "h": 0.0228993, "i": 0.0240016, "l": 0.0135966, "k": 0.0329209, "m": 0.0117318, "f": 0.0126173, "p": 0.0289627, "s": 0.0922894, "t": 0.0326698, "w": 0.00829658, "y": 0.0106381, "v": 0.0172938 },
  "c": { "a": 0.0722875, "r": 0.0219997, "n": 0.0162626, "d": 0.0152028, "q": 0.0146601, "e": 0.0187229, "g": 0.0228627, "h": 0.0138424, "i": 0.036533, "l": 0.0148309, "k": 0.0136349, "m": 0.0157405, "f": 0.0159196, "p": 0.0216444, "s": 0.0638415, "t": 0.0498179, "w": 0.0135462, "y": 0.0330682, "v": 0.0645719 },
  "q": { "a": 0.0911111, "r": 0.114581, "n": 0.0734439, "d": 0.0529417, "c": 0.0174713, "e": 0.296068, "g": 0.0407264, "h": 0.189744, "i": 0.0174073, "l": 0.0508065, "k": 0.127266, "m": 0.0331864, "f": 0.0123547, "p": 0.0526451, "s": 0.0588357, "t": 0.0367799, "w": 0.0116678, "y": 0.0116748, "v": 0.0195145 },
  "e": { "a": 0.166567, "r": 0.0199354, "n": 0.0447535, "d": 0.382392, "c": 0.00808088, "q": 0.229239, "g": 0.0697999, "h": 0.0343119, "i": 0.0215494, "l": 0.0194486, "k": 0.0836986, "m": 0.012946, "f": 0.0107827, "p": 0.0421404, "s": 0.0472997, "t": 0.0365913, "w": 0.0084726, "y": 0.0165167, "v": 0.0260762 },
  "g": { "a": 0.225836, "r": 0.0172434, "n": 0.0690575, "d": 0.0840026, "c": 0.00879042, "q": 0.0156893, "e": 0.0322699, "h": 0.0102178, "i": 0.00637158, "l": 0.00994965, "k": 0.0346813, "m": 0.00700881, "f": 0.0106899, "p": 0.029957, "s": 0.138667, "t": 0.0221591, "w": 0.00471694, "y": 0.00407395, "v": 0.014086 },
  "h": { "a": 0.0393369, "r": 0.086165, "n": 0.134239, "d": 0.0618844, "c": 0.0134675, "q": 0.196559, "e": 0.0428561, "g": 0.0174576, "i": 0.022166, "l": 0.0350687, "k": 0.0377881, "m": 0.016335, "f": 0.0202963, "p": 0.0755374, "s": 0.0344255, "t": 0.025516, "w": 0.0116802, "y": 0.0496973, "v": 0.0241091 },
  "i": { "a": 0.0334977, "r": 0.0208596, "n": 0.0461427, "d": 0.0197743, "c": 0.0154506, "q": 0.0193624, "e": 0.0209284, "g": 0.0213896, "h": 0.0283285, "l": 0.443874, "k": 0.0267054, "m": 0.101525, "f": 0.0337077, "p": 0.0188397, "s": 0.0217413, "t": 0.0765044, "w": 0.0139265, "y": 0.0120333, "v": 0.896848 },
  "l": { "a": 0.0295229, "r": 0.0114107, "n": 0.0133574, "d": 0.00799231, "c": 0.00506013, "q": 0.0354494, "e": 0.00978363, "g": 0.0112225, "h": 0.019453, "i": 0.190865, "k": 0.0153795, "m": 0.130626, "f": 0.0709735, "p": 0.0274929, "s": 0.0153596, "t": 0.0312242, "w": 0.00640687, "y": 0.0113323, "v": 0.105351 },
  "k": { "a": 0.0484117, "r": 0.196655, "n": 0.0831815, "d": 0.0259157, "c": 0.00576002, "q": 0.0952597, "e": 0.0825121, "g": 0.0364722, "h": 0.019976, "i": 0.0159876, "l": 0.0241888, "m": 0.0194152, "f": 0.0078683, "p": 0.0148007, "s": 0.0393015, "t": 0.0512223, "w": 0.00907544, "y": 0.00691523, "v": 0.0166897 },
  "m": { "a": 0.161434, "r": 0.100429, "n": 0.104634, "d": 0.0561713, "c": 0.0410459, "q": 0.114473, "e": 0.0628259, "g": 0.0794568, "h": 0.0709434, "i": 0.324053, "l": 0.821857, "k": 0.165793, "f": 0.12307, "p": 0.0673065, "s": 0.0761331, "t": 0.170269, "w": 0.0434615, "y": 0.0482536, "v": 0.211867 },
  "f": { "a": 0.0363891, "r": 0.0100765, "n": 0.0147613, "d": 0.0122215, "c": 0.0132509, "q": 0.0107124, "e": 0.0124196, "g": 0.0259358, "h": 0.0129392, "i": 0.0684915, "l": 0.199405, "k": 0.0125526, "m": 0.0269888, "p": 0.0119106, "s": 0.027204, "t": 0.0374326, "w": 0.0121184, "y": 0.227591, "v": 0.0308912 },
  "p": { "a": 0.156246, "r": 0.0338369, "n": 0.05305, "d": 0.0306779, "c": 0.0118269, "q": 0.0440305, "e": 0.0360712, "g": 0.0713117, "h": 0.0430945, "i": 0.0249692, "l": 0.0569076, "k": 0.0490633, "m": 0.0156196, "f": 0.0176685, "s": 0.152392, "t": 0.0699491, "w": 0.0119147, "y": 0.0101432, "v": 0.0432598 },
  "s": { "a": 0.385432, "r": 0.0319442, "n": 0.186543, "d": 0.0776042, "c": 0.0198983, "q": 0.0353412, "e": 0.0394228, "g": 0.203128, "h": 0.0278796, "i": 0.0140325, "l": 0.0266759, "k": 0.0512873, "m": 0.0128767, "f": 0.0288319, "p": 0.0993722, "t": 0.455629, "w": 0.00790734, "y": 0.00915974, "v": 0.0173908 },
  "t": { "a": 0.209659, "r": 0.0235012, "n": 0.0869638, "d": 0.0289681, "c": 0.0133058, "q": 0.0245506, "e": 0.0551108, "g": 0.0415904, "h": 0.028466, "i": 0.0396691, "l": 0.0304581, "k": 0.0457516, "m": 0.0193677, "f": 0.024254, "p": 0.0699624, "s": 0.415622, "w": 0.010419, "y": 0.00953719, "v": 0.103248 },
  "w": { "a": 0.0740513, "r": 0.154285, "n": 0.070583, "d": 0.0650917, "c": 0.0504572, "q": 0.0632147, "e": 0.0649372, "g": 0.088502, "h": 0.0659934, "i": 0.0877104, "l": 0.0739551, "k": 0.0661457, "m": 0.0626191, "f": 0.0622459, "p": 0.0746167, "s": 0.136266, "t": 0.0741615, "y": 0.0607529, "v": 0.0631667 },
  "y": { "a": 0.0199511, "r": 0.0138307, "n": 0.0163595, "d": 0.012322, "c": 0.011603, "q": 0.0124032, "e": 0.0182872, "g": 0.0132528, "h": 0.0298901, "i": 0.026713, "l": 0.0315598, "k": 0.0233461, "m": 0.0158776, "f": 0.298481, "p": 0.0123451, "s": 0.0170363, "t": 0.0222958, "w": 0.0167469, "v": 0.0242832 },
  "v": { "a": 0.167645, "r": 0.011401, "n": 0.0134807, "d": 0.0114201, "c": 0.0120949, "q": 0.0121768, "e": 0.022125, "g": 0.0267258, "h": 0.0161066, "i": 0.495795, "l": 0.158793, "k": 0.0140889, "m": 0.0311474, "f": 0.0143263, "p": 0.0160619, "s": 0.0139803, "t": 0.106528, "w": 0.00623774, "y": 0.00587005 }
 }
}
