{
 "alphabet": "arndcqeghilkmfpstwyv",
 "insrate": 0.00572895,
 "insextprob": 0.758621,
 "delrate": 0.00545763,
 "delextprob": 0.473684,
 "rootprob":
 {
  "a": 0.0791588,
  "r": 0.0681096,
  "n": 0.0467337,
  "d": 0.0351933,
  "c": 0.0322843,
  "q": 0.050918,
  "e": 0.0384453,
  "g": 0.0854353,
  "h": 0.0273249,
  "i": 0.0342575,
  "l": 0.0911276,
  "k": 0.0663464,
  "m": 0.0159317,
  "f": 0.0478985,
  "p": 0.0599853,
  "s": 0.0639775,
  "t": 0.062855,
  "w": 0.00906675,
  "y": 0.0285188,
  "v": 0.0564317
 },
 "subrate":
 {
  "a": { "r": 0.0291607, "n": 0.026709, "d": 0.0319821, "c": 0.015104, "q": 0.0359716, "e": 0.0836552, "g": 0.229324, "h": 0.0146094, "i": 0.0128864, "l": 0.0284069, "k": 0.0348546, "m": 0.0158442, "f": 0.00630426, "p": 0.107785, "s": 0.319031, "t": 0.146704, "w": 0.00508393, "y": 0.007544, "v": 0.12018 },
  "r": { "a": 0.0460124, "n": 0.0366961, "d": 0.0206696, "c": 0.0134335, "q": 0.111646, "e": 0.0263464, "g": 0.0273674, "h": 0.0606638, "i": 0.0223292, "l": 0.036225, "k": 0.438108, "m": 0.0311531, "f": 0.00952764, "p": 0.0874863, "s": 0.067341, "t": 0.0460722, "w": 0.0147236, "y": 0.011791, "v": 0.0137299 },
  "n": { "a": 0.0473655, "r": 0.0383926, "d": 0.41582, "c": 0.0139961, "q": 0.0713631, "e": 0.0662216, "g": 0.121629, "h": 0.155834, "i": 0.0368045, "l": 0.0232003, "k": 0.163448, "m": 0.0221864, "f": 0.0160923, "p": 0.0538809, "s": 0.31537, "t": 0.145228, "w": 0.0113181, "y": 0.0373797, "v": 0.023203 },
  "d": { "a": 0.063089, "r": 0.0172492, "n": 0.27902, "c": 0.0109297, "q": 0.0534859, "e": 0.387248, "g": 0.10935, "h": 0.0396438, "i": 0.0212214, "l": 0.0181246, "k": 0.0412143, "m": 0.013344, "f": 0.013592, "p": 0.0301749, "s": 0.103562, "t": 0.0591383, "w": 0.00940511, "y": 0.0127659, "v": 0.0253659 },
  "c": { "a": 0.0655822, "r": 0.0152917, "n": 0.0138873, "d": 0.0164281, "q": 0.0177283, "e": 0.0151642, "g": 0.0178969, "h": 0.0123872, "i": 0.0349313, "l": 0.0133391, "k": 0.0164451, "m": 0.0125404, "f": 0.0189068, "p": 0.0118793, "s": 0.0748808, "t": 0.0177154, "w": 0.0108528, "y": 0.0500996, "v": 0.0172074 },
  "q": { "a": 0.0794734, "r": 0.120001, "n": 0.0918311, "d": 0.0658355, "c": 0.0135494, "e": 0.312425, "g": 0.0516106, "h": 0.129445, "i": 0.0179758, "l": 0.0492931, "k": 0.190419, "m": 0.0226952, "f": 0.0115998, "p": 0.10179, "s": 0.0911324, "t": 0.0590553, "w": 0.0101643, "y": 0.0115103, "v": 0.0220625 },
  "e": { "a": 0.143438, "r": 0.0377577, "n": 0.0659433, "d": 0.424042, "c": 0.0111386, "q": 0.312227, "g": 0.0686242, "h": 0.0302054, "i": 0.0175665, "l": 0.0192119, "k": 0.151623, "m": 0.0147439, "f": 0.0134221, "p": 0.0468911, "s": 0.0618472, "t": 0.0540484, "w": 0.00998925, "y": 0.0105701, "v": 0.0260607 },
  "g": { "a": 0.15402, "r": 0.0180129, "n": 0.066125, "d": 0.0715184, "c": 0.00858308, "q": 0.0142583, "e": 0.0519551, "h": 0.00643589, "i": 0.00905526, "l": 0.0134998, "k": 0.0202873, "m": 0.00646297, "f": 0.00404772, "p": 0.0219708, "s": 0.118742, "t": 0.0185625, "w": 0.00521181, "y": 0.00549392, "v": 0.0204563 },
  "h": { "a": 0.0320448, "r": 0.0894025, "n": 0.137445, "d": 0.0464274, "c": 0.0129385, "q": 0.114291, "e": 0.0385238, "g": 0.0225723, "i": 0.0195711, "l": 0.0350155, "k": 0.0724383, "m": 0.0268836, "f": 0.0308374, "p": 0.0471091, "s": 0.0501388, "t": 0.0250923, "w": 0.0141746, "y": 0.0585316, "v": 0.0217085 },
  "i": { "a": 0.0537638, "r": 0.0539102, "n": 0.0362767, "d": 0.0278717, "c": 0.0240858, "q": 0.0271821, "e": 0.0290407, "g": 0.0329926, "h": 0.0298654, "l": 0.352629, "k": 0.0544017, "m": 0.105259, "f": 0.0276187, "p": 0.0307657, "s": 0.0340284, "t": 0.0967279, "w": 0.0136131, "y": 0.0219059, "v": 0.933519 },
  "l": { "a": 0.0474097, "r": 0.0156438, "n": 0.00816424, "d": 0.0119168, "c": 0.0111513, "q": 0.0198105, "e": 0.0154267, "g": 0.0142482, "h": 0.0130984, "i": 0.146545, "k": 0.0226826, "m": 0.0998341, "f": 0.0367524, "p": 0.0392425, "s": 0.0160229, "t": 0.0150226, "w": 0.00491188, "y": 0.0139816, "v": 0.0851821 },
  "k": { "a": 0.0366969, "r": 0.272082, "n": 0.115281, "d": 0.026755, "c": 0.00721385, "q": 0.0898102, "e": 0.0820409, "g": 0.0319486, "h": 0.0296608, "i": 0.0234694, "l": 0.0225356, "m": 0.0312968, "f": 0.00736734, "p": 0.0318924, "s": 0.0638689, "t": 0.0624173, "w": 0.00721931, "y": 0.00821881, "v": 0.0151741 },
  "m": { "a": 0.198324, "r": 0.0615519, "n": 0.0526613, "d": 0.0490689, "c": 0.0373153, "q": 0.0663833, "e": 0.0615607, "g": 0.062114, "h": 0.0569283, "i": 0.217033, "l": 0.528416, "k": 0.0865363, "f": 0.0510728, "p": 0.0628747, "s": 0.0688283, "t": 0.0992512, "w": 0.0282072, "y": 0.0389045, "v": 0.158576 },
  "f": { "a": 0.0134709, "r": 0.0134293, "n": 0.0145935, "d": 0.0140864, "c": 0.00869119, "q": 0.00849753, "e": 0.0090022, "g": 0.0119346, "h": 0.0232268, "i": 0.0845835, "l": 0.0926919, "k": 0.01316, "m": 0.0126549, "p": 0.00966801, "s": 0.0274043, "t": 0.0139793, "w": 0.0224416, "y": 0.13517, "v": 0.0362943 },
  "p": { "a": 0.147193, "r": 0.0472297, "n": 0.0297011, "d": 0.0204992, "c": 0.00878561, "q": 0.0952371, "e": 0.0343264, "g": 0.0451776, "h": 0.0274987, "i": 0.0155108, "l": 0.0385011, "k": 0.0313561, "m": 0.0181352, "f": 0.0108793, "s": 0.151329, "t": 0.0510127, "w": 0.00675796, "y": 0.00839331, "v": 0.0230698 },
  "s": { "a": 0.365831, "r": 0.055803, "n": 0.173054, "d": 0.0724635, "c": 0.0318939, "q": 0.0670612, "e": 0.0455569, "g": 0.159461, "h": 0.030437, "i": 0.0140352, "l": 0.0205165, "k": 0.0504038, "m": 0.0132049, "f": 0.00929787, "p": 0.110042, "t": 0.358904, "w": 0.00620158, "y": 0.013789, "v": 0.016485 },
  "t": { "a": 0.212743, "r": 0.0368496, "n": 0.111933, "d": 0.0338952, "c": 0.0165782, "q": 0.0418075, "e": 0.0350334, "g": 0.0332626, "h": 0.018132, "i": 0.0414551, "l": 0.0287467, "k": 0.104972, "m": 0.0204784, "f": 0.0100294, "p": 0.0595341, "s": 0.388022, "w": 0.0067676, "y": 0.0115753, "v": 0.10368 },
  "w": { "a": 0.0892856, "r": 0.102939, "n": 0.0531488, "d": 0.0551201, "c": 0.0431369, "q": 0.0527701, "e": 0.056171, "g": 0.0593513, "h": 0.0707544, "i": 0.0513392, "l": 0.0489951, "k": 0.0677886, "m": 0.0479744, "f": 0.115196, "p": 0.0516256, "s": 0.0541446, "t": 0.0509305, "y": 0.0488356, "v": 0.049415 },
  "y": { "a": 0.0173927, "r": 0.0198341, "n": 0.0238991, "d": 0.0226411, "c": 0.0427109, "q": 0.0143692, "e": 0.0151201, "g": 0.0154225, "h": 0.0563823, "i": 0.0337876, "l": 0.0191338, "k": 0.0210746, "m": 0.0142687, "f": 0.231968, "p": 0.0151768, "s": 0.0198402, "t": 0.0163421, "w": 0.0140212, "v": 0.015981 },
  "v": { "a": 0.244396, "r": 0.0208448, "n": 0.0187006, "d": 0.0169076, "c": 0.0126058, "q": 0.0167392, "e": 0.0259345, "g": 0.0399267, "h": 0.023643, "i": 0.492678, "l": 0.117865, "k": 0.034327, "m": 0.0411085, "f": 0.0112573, "p": 0.0273087, "s": 0.0232093, "t": 0.144412, "w": 0.00748148, "y": 0.0122744 }
 }
}
