{
 "alphabet": "arndcqeghilkmfpstwyv",
 "insrate": 0.00436997,
 "insextprob": 0.619048,
 "delrate": 0.00627986,
 "delextprob": 0.708861,
 "rootprob":
 {
  "a": 0.06404,
  "r": 0.0403126,
  "n": 0.0334965,
  "d": 0.0465831,
  "c": 0.024278,
  "q": 0.0399602,
  "e": 0.0579361,
  "g": 0.109046,
  "h": 0.0307053,
  "i": 0.0490181,
  "l": 0.0885874,
  "k": 0.0690079,
  "m": 0.0108801,
  "f": 0.0512542,
  "p": 0.0487118,
  "s": 0.0606843,
  "t": 0.0569097,
  "w": 0.0174538,
  "y": 0.0370031,
  "v": 0.0641319
 },
 "subrate":
 {
  "a": { "r": 0.0228221, "n": 0.0198668, "d": 0.0403211, "c": 0.0091992, "q": 0.0380618, "e": 0.11448, "g": 0.146486, "h": 0.0122268, "i": 0.0178836, "l": 0.0212951, "k": 0.0397404, "m": 0.0155666, "f": 0.0111912, "p": 0.108058, "s": 0.272567, "t": 0.127788, "w": 0.00536164, "y": 0.00932683, "v": 0.126078 },
  "r": { "a": 0.0633757, "n": 0.0470814, "d": 0.0182479, "c": 0.0095707, "q": 0.0657775, "e": 0.0385547, "g": 0.0260809, "h": 0.0607892, "i": 0.0168066, "l": 0.0359453, "k": 0.430477, "m": 0.0213998, "f": 0.0127299, "p": 0.0271892, "s": 0.0642139, "t": 0.0353847, "w": 0.0132715, "y": 0.0173581, "v": 0.0251017 },
  "n": { "a": 0.0553726, "r": 0.0354909, "d": 0.320179, "c": 0.0135866, "q": 0.0893004, "e": 0.0703526, "g": 0.201744, "h": 0.134546, "i": 0.03443, "l": 0.0286525, "k": 0.182427, "m": 0.0335351, "f": 0.0154254, "p": 0.0417503, "s": 0.287299, "t": 0.135005, "w": 0.0127296, "y": 0.0266009, "v": 0.0556335 },
  "d": { "a": 0.0643178, "r": 0.016029, "n": 0.332425, "c": 0.00999, "q": 0.04505, "e": 0.416983, "g": 0.150264, "h": 0.0659546, "i": 0.0219233, "l": 0.0207751, "k": 0.0599985, "m": 0.0240963, "f": 0.014412, "p": 0.0397428, "s": 0.0933982, "t": 0.0382807, "w": 0.00859332, "y": 0.0126175, "v": 0.0277058 },
  "c": { "a": 0.0454497, "r": 0.0273242, "n": 0.0177551, "d": 0.0166152, "q": 0.0183972, "e": 0.015943, "g": 0.0212811, "h": 0.018491, "i": 0.0242062, "l": 0.0154994, "k": 0.016044, "m": 0.0163903, "f": 0.0161123, "p": 0.0247207, "s": 0.0505797, "t": 0.0224027, "w": 0.0138776, "y": 0.0831164, "v": 0.0328834 },
  "q": { "a": 0.105434, "r": 0.0770458, "n": 0.0876849, "d": 0.0638577, "c": 0.0229163, "e": 0.271759, "g": 0.0447738, "h": 0.181373, "i": 0.0200317, "l": 0.0424943, "k": 0.176769, "m": 0.0490229, "f": 0.0137714, "p": 0.0842715, "s": 0.0811259, "t": 0.0443029, "w": 0.0101273, "y": 0.0137748, "v": 0.0261953 },
  "e": { "a": 0.107988, "r": 0.0236757, "n": 0.0537489, "d": 0.40021, "c": 0.00845587, "q": 0.231107, "g": 0.0852328, "h": 0.0261639, "i": 0.0187154, "l": 0.0226061, "k": 0.133904, "m": 0.0225424, "f": 0.0093821, "p": 0.0347449, "s": 0.0744, "t": 0.0413564, "w": 0.00707616, "y": 0.00966639, "v": 0.0251253 },
  "g": { "a": 0.198655, "r": 0.0118658, "n": 0.0699571, "d": 0.0646482, "c": 0.0051698, "q": 0.0129165, "e": 0.0385915, "h": 0.0137039, "i": 0.00922131, "l": 0.0116256, "k": 0.0260633, "m": 0.0109358, "f": 0.00631879, "p": 0.0368551, "s": 0.153475, "t": 0.0179062, "w": 0.0041173, "y": 0.00561752, "v": 0.0235128 },
  "h": { "a": 0.0436117, "r": 0.0574259, "n": 0.202465, "d": 0.0602615, "c": 0.0194696, "q": 0.212293, "e": 0.0299441, "g": 0.0327656, "i": 0.0340468, "l": 0.037311, "k": 0.0455585, "m": 0.0338026, "f": 0.0272772, "p": 0.0687461, "s": 0.0609477, "t": 0.0286302, "w": 0.0120748, "y": 0.0395939, "v": 0.0264115 },
  "i": { "a": 0.0426798, "r": 0.0297991, "n": 0.0311546, "d": 0.0234317, "c": 0.0232083, "q": 0.0200597, "e": 0.0238745, "g": 0.0246993, "h": 0.030075, "l": 0.4166, "k": 0.041645, "m": 0.0723882, "f": 0.049817, "p": 0.0455622, "s": 0.0354184, "t": 0.0988963, "w": 0.0101948, "y": 0.0192202, "v": 0.867807 },
  "l": { "a": 0.0175264, "r": 0.020515, "n": 0.00878373, "d": 0.00657539, "c": 0.00496266, "q": 0.0159712, "e": 0.00840004, "g": 0.00996421, "h": 0.0185825, "i": 0.133551, "k": 0.0188741, "m": 0.116085, "f": 0.0506562, "p": 0.0179901, "s": 0.0136096, "t": 0.0255096, "w": 0.00386983, "y": 0.00715509, "v": 0.0879353 },
  "k": { "a": 0.050408, "r": 0.203085, "n": 0.0805443, "d": 0.0197338, "c": 0.00450759, "q": 0.0726958, "e": 0.0384245, "g": 0.0360454, "h": 0.0274083, "i": 0.00837645, "l": 0.0141094, "m": 0.0204927, "f": 0.00816494, "p": 0.0261216, "s": 0.0409219, "t": 0.0566757, "w": 0.00460969, "y": 0.00908858, "v": 0.0107262 },
  "m": { "a": 0.128237, "r": 0.0664025, "n": 0.0747981, "d": 0.0593412, "c": 0.0358601, "q": 0.0941864, "e": 0.0794577, "g": 0.0560365, "h": 0.0618373, "i": 0.208915, "l": 0.682912, "k": 0.127718, "f": 0.0665527, "p": 0.0657166, "s": 0.0751159, "t": 0.146165, "w": 0.0287139, "y": 0.0405107, "v": 0.1958 },
  "f": { "a": 0.0326257, "r": 0.0165158, "n": 0.0190002, "d": 0.0104294, "c": 0.0202502, "q": 0.0101329, "e": 0.00939093, "g": 0.013704, "h": 0.0244986, "i": 0.0363832, "l": 0.140893, "k": 0.013679, "m": 0.0259466, "p": 0.00953085, "s": 0.0286352, "t": 0.0142021, "w": 0.0127383, "y": 0.233748, "v": 0.0247806 },
  "p": { "a": 0.174048, "r": 0.0233801, "n": 0.0350587, "d": 0.0734174, "c": 0.0119085, "q": 0.0393301, "e": 0.0732931, "g": 0.041049, "h": 0.030072, "i": 0.0222121, "l": 0.0241456, "k": 0.0379824, "m": 0.0144203, "f": 0.0173083, "s": 0.14688, "t": 0.0913923, "w": 0.00777903, "y": 0.00972966, "v": 0.0441384 },
  "s": { "a": 0.381243, "r": 0.0274168, "n": 0.152425, "d": 0.0672426, "c": 0.0128492, "q": 0.0384209, "e": 0.0562456, "g": 0.183611, "h": 0.0265517, "i": 0.021854, "l": 0.0281029, "k": 0.0605064, "m": 0.0127337, "f": 0.0173059, "p": 0.105632, "t": 0.34943, "w": 0.00813672, "y": 0.0173225, "v": 0.0204681 },
  "t": { "a": 0.197522, "r": 0.0241422, "n": 0.088842, "d": 0.0287727, "c": 0.0151391, "q": 0.0294077, "e": 0.0444365, "g": 0.026335, "h": 0.0229363, "i": 0.0854726, "l": 0.0396337, "k": 0.108829, "m": 0.0229666, "f": 0.0150353, "p": 0.0752232, "s": 0.418124, "w": 0.00749002, "y": 0.0146953, "v": 0.142715 },
  "w": { "a": 0.0442846, "r": 0.106795, "n": 0.0414426, "d": 0.0303931, "c": 0.0263756, "q": 0.0310272, "e": 0.0296904, "g": 0.0300003, "h": 0.0308912, "i": 0.0524585, "l": 0.0535967, "k": 0.042911, "m": 0.033523, "f": 0.0519695, "p": 0.0456532, "s": 0.0656044, "t": 0.0339604, "y": 0.0576304, "v": 0.0337559 },
  "y": { "a": 0.0211469, "r": 0.011924, "n": 0.0425189, "d": 0.0119643, "c": 0.0135213, "q": 0.0108955, "e": 0.0101723, "g": 0.0116919, "h": 0.0671893, "i": 0.0386125, "l": 0.0216128, "k": 0.0230271, "m": 0.013965, "f": 0.295483, "p": 0.0103998, "s": 0.0243622, "t": 0.0292094, "w": 0.0116858, "v": 0.0151983 },
  "v": { "a": 0.1882, "r": 0.0187038, "n": 0.0220285, "d": 0.0130812, "c": 0.0139158, "q": 0.012589, "e": 0.0201698, "g": 0.0230757, "h": 0.0144366, "i": 0.473117, "l": 0.137498, "k": 0.0221473, "m": 0.0275161, "f": 0.0230938, "p": 0.0419401, "s": 0.0224792, "t": 0.105492, "w": 0.00571513, "y": 0.0115428 }
 }
}
