{
 "alphabet": "arndcqeghilkmfpstwyv",
 "insrate": 0.00505632,
 "insextprob": 0.575,
 "delrate": 0.00357154,
 "delextprob": 0.72093,
 "rootprob":
 {
  "a": 0.0837289,
  "r": 0.0524373,
  "n": 0.0346452,
  "d": 0.041981,
  "c": 0.0511448,
  "q": 0.0486115,
  "e": 0.0313297,
  "g": 0.0645761,
  "h": 0.0306586,
  "i": 0.0357134,
  "l": 0.0855589,
  "k": 0.0906225,
  "m": 0.0113264,
  "f": 0.0519329,
  "p": 0.0727222,
  "s": 0.0578774,
  "t": 0.0475992,
  "w": 0.0137157,
  "y": 0.0350977,
  "v": 0.0587205
 },
 "subrate":
 {
  "a": { "r": 0.026293, "n": 0.0214183, "d": 0.0426046, "c": 0.0128719, "q": 0.0323387, "e": 0.059441, "g": 0.189375, "h": 0.00987513, "i": 0.0202518, "l": 0.0222969, "k": 0.0377209, "m": 0.0306446, "f": 0.0169989, "p": 0.112979, "s": 0.332922, "t": 0.162593, "w": 0.00558378, "y": 0.0127959, "v": 0.186005 },
  "r": { "a": 0.049159, "n": 0.0528553, "d": 0.0181778, "c": 0.0145458, "q": 0.0679788, "e": 0.0167822, "g": 0.0177798, "h": 0.0966476, "i": 0.023292, "l": 0.0414696, "k": 0.328039, "m": 0.051163, "f": 0.0184966, "p": 0.0298919, "s": 0.0903366, "t": 0.0358559, "w": 0.0143598, "y": 0.00975255, "v": 0.021162 },
  "n": { "a": 0.0508254, "r": 0.0572264, "d": 0.351496, "c": 0.0134409, "q": 0.0740048, "e": 0.0823867, "g": 0.0813514, "h": 0.174729, "i": 0.0334855, "l": 0.0290111, "k": 0.219582, "m": 0.0291089, "f": 0.0172112, "p": 0.039389, "s": 0.306763, "t": 0.15425, "w": 0.0130126, "y": 0.0171355, "v": 0.0247948 },
  "d": { "a": 0.0888948, "r": 0.021758, "n": 0.288351, "c": 0.0105733, "q": 0.04872, "e": 0.416891, "g": 0.0880013, "h": 0.0302684, "i": 0.0202209, "l": 0.0210863, "k": 0.0376851, "m": 0.0193239, "f": 0.0126614, "p": 0.0464011, "s": 0.0721467, "t": 0.0447696, "w": 0.0118241, "y": 0.0125891, "v": 0.021481 },
  "c": { "a": 0.0971376, "r": 0.0147404, "n": 0.0221816, "d": 0.0129214, "q": 0.0146367, "e": 0.0164441, "g": 0.0462207, "h": 0.0141179, "i": 0.027333, "l": 0.0134211, "k": 0.0126471, "m": 0.0145254, "f": 0.0191216, "p": 0.0149543, "s": 0.040425, "t": 0.0463475, "w": 0.0103732, "y": 0.0352646, "v": 0.0748533 },
  "q": { "a": 0.0796151, "r": 0.0904328, "n": 0.104953, "d": 0.0512936, "c": 0.012139, "e": 0.258077, "g": 0.0288448, "h": 0.180217, "i": 0.0268741, "l": 0.11678, "k": 0.219779, "m": 0.0387972, "f": 0.0175542, "p": 0.10003, "s": 0.0913205, "t": 0.0510694, "w": 0.0112928, "y": 0.0160293, "v": 0.0365059 },
  "e": { "a": 0.118832, "r": 0.0233762, "n": 0.0626092, "d": 0.452175, "c": 0.0111012, "q": 0.177045, "g": 0.0470181, "h": 0.0316799, "i": 0.0164817, "l": 0.0310165, "k": 0.110352, "m": 0.0182788, "f": 0.0144518, "p": 0.0507191, "s": 0.0431383, "t": 0.0399378, "w": 0.00995091, "y": 0.0138631, "v": 0.0235961 },
  "g": { "a": 0.184743, "r": 0.00926687, "n": 0.0499283, "d": 0.0652563, "c": 0.0203476, "q": 0.024887, "e": 0.0251827, "h": 0.0102043, "i": 0.0123976, "l": 0.0179383, "k": 0.00820911, "m": 0.0107128, "f": 0.0115778, "p": 0.0228993, "s": 0.132325, "t": 0.0450781, "w": 0.00588491, "y": 0.00771072, "v": 0.0291986 },
  "h": { "a": 0.0317648, "r": 0.0992368, "n": 0.238329, "d": 0.04015, "c": 0.0204804, "q": 0.176227, "e": 0.041463, "g": 0.0430093, "i": 0.0272457, "l": 0.026484, "k": 0.0527974, "m": 0.0281819, "f": 0.0171153, "p": 0.0438835, "s": 0.0726307, "t": 0.0374185, "w": 0.011713, "y": 0.0268071, "v": 0.0239814 },
  "i": { "a": 0.0351331, "r": 0.0280496, "n": 0.0428914, "d": 0.0169659, "c": 0.0114869, "q": 0.0233918, "e": 0.0240203, "g": 0.0281671, "h": 0.0197132, "l": 0.295892, "k": 0.0206508, "m": 0.0747169, "f": 0.0390063, "p": 0.0241655, "s": 0.0255832, "t": 0.116738, "w": 0.0146755, "y": 0.0159963, "v": 0.828075 },
  "l": { "a": 0.0269823, "r": 0.0190791, "n": 0.0191507, "d": 0.00884755, "c": 0.0051837, "q": 0.0284322, "e": 0.0125771, "g": 0.00956487, "h": 0.0089222, "i": 0.188327, "k": 0.010836, "m": 0.0776077, "f": 0.0599516, "p": 0.0121092, "s": 0.0220811, "t": 0.0323741, "w": 0.0092572, "y": 0.0167082, "v": 0.134544 },
  "k": { "a": 0.0392666, "r": 0.177354, "n": 0.133147, "d": 0.0278153, "c": 0.00567451, "q": 0.088966, "e": 0.0626556, "g": 0.0136797, "h": 0.0189065, "i": 0.0217629, "l": 0.0265956, "m": 0.0201384, "f": 0.00658926, "p": 0.0238951, "s": 0.073212, "t": 0.0704712, "w": 0.00556931, "y": 0.00623221, "v": 0.0166349 },
  "m": { "a": 0.198443, "r": 0.139235, "n": 0.155566, "d": 0.0903828, "c": 0.0510243, "q": 0.172901, "e": 0.104159, "g": 0.120425, "h": 0.0860724, "i": 0.310708, "l": 0.76337, "k": 0.119439, "f": 0.113312, "p": 0.0893176, "s": 0.126408, "t": 0.33801, "w": 0.0544034, "y": 0.068467, "v": 0.254962 },
  "f": { "a": 0.0224619, "r": 0.0224192, "n": 0.0153736, "d": 0.0121433, "c": 0.027317, "q": 0.0151427, "e": 0.0129623, "g": 0.0170976, "h": 0.0378529, "i": 0.120894, "l": 0.155367, "k": 0.0181376, "m": 0.0261779, "p": 0.0280266, "s": 0.0280254, "t": 0.0255278, "w": 0.0180684, "y": 0.273639, "v": 0.0299822 },
  "p": { "a": 0.158246, "r": 0.0414647, "n": 0.0292716, "d": 0.0322759, "c": 0.0120046, "q": 0.0670662, "e": 0.0369283, "g": 0.0530262, "h": 0.0295661, "i": 0.0162693, "l": 0.0233836, "k": 0.0427712, "m": 0.0135642, "f": 0.0156129, "s": 0.182819, "t": 0.0696034, "w": 0.00762015, "y": 0.00885376, "v": 0.0293532 },
  "s": { "a": 0.395502, "r": 0.0356404, "n": 0.144499, "d": 0.0576991, "c": 0.013948, "q": 0.0409063, "e": 0.0292924, "g": 0.127101, "h": 0.0226215, "i": 0.0149005, "l": 0.0149862, "k": 0.0694967, "m": 0.0147596, "f": 0.0230142, "p": 0.0829667, "t": 0.393585, "w": 0.00744006, "y": 0.0154251, "v": 0.0159436 },
  "t": { "a": 0.21076, "r": 0.0284393, "n": 0.0978062, "d": 0.0264203, "c": 0.0102215, "q": 0.0322763, "e": 0.0428107, "g": 0.0301586, "h": 0.023029, "i": 0.0782639, "l": 0.0242911, "k": 0.0848353, "m": 0.0400085, "f": 0.0230558, "p": 0.0306895, "s": 0.473657, "w": 0.00812443, "y": 0.0176311, "v": 0.126142 },
  "w": { "a": 0.0413524, "r": 0.125735, "n": 0.0416529, "d": 0.0389421, "c": 0.0317728, "q": 0.0384787, "e": 0.0368623, "g": 0.0374908, "h": 0.0373263, "i": 0.0475208, "l": 0.0433679, "k": 0.0451453, "m": 0.0410876, "f": 0.0584457, "p": 0.0377158, "s": 0.0700184, "t": 0.0455597, "y": 0.0635907, "v": 0.0432124 },
  "y": { "a": 0.0374428, "r": 0.0150561, "n": 0.0351393, "d": 0.0159713, "c": 0.014072, "q": 0.0170358, "e": 0.0191221, "g": 0.0184337, "h": 0.0445729, "i": 0.0231887, "l": 0.0340212, "k": 0.0524704, "m": 0.0174922, "f": 0.2426, "p": 0.0141517, "s": 0.0323072, "t": 0.0313357, "w": 0.0182733, "v": 0.0198082 },
  "v": { "a": 0.162412, "r": 0.0136214, "n": 0.0174678, "d": 0.012603, "c": 0.00714301, "q": 0.017788, "e": 0.036235, "g": 0.0455745, "h": 0.0148799, "i": 0.391292, "l": 0.101662, "k": 0.0120286, "m": 0.0414216, "f": 0.0117494, "p": 0.030611, "s": 0.0190916, "t": 0.126429, "w": 0.00614704, "y": 0.00913178 }
 }
}
