{
 "alphabet": "arndcqeghilkmfpstwyv",
 "insrate": 0.00549206,
 "insextprob": 0.736842,
 "delrate": 0.00439465,
 "delextprob": 0.673469,
 "rootprob":
 {
  "a": 0.0823,
  "r": 0.0488278,
  "n": 0.0464145,
  "d": 0.0396307,
  "c": 0.0303095,
  "q": 0.0523511,
  "e": 0.0337181,
  "g": 0.0844538,
  "h": 0.0202038,
  "i": 0.0519267,
  "l": 0.0823964,
  "k": 0.0830722,
  "m": 0.0245409,
  "f": 0.0388784,
  "p": 0.0434314,
  "s": 0.0542589,
  "t": 0.0628188,
  "w": 0.016659,
  "y": 0.0306401,
  "v": 0.0731677
 },
 "subrate":
 {
  "a": { "r": 0.020946, "n": 0.024292, "d": 0.0366763, "c": 0.0228258, "q": 0.0320214, "e": 0.105235, "g": 0.209056, "h": 0.0213604, "i": 0.019639, "l": 0.0218125, "k": 0.0508645, "m": 0.0260585, "f": 0.00968945, "p": 0.103138, "s": 0.296153, "t": 0.123468, "w": 0.00432628, "y": 0.00865525, "v": 0.153379 },
  "r": { "a": 0.0338819, "n": 0.0348767, "d": 0.0274111, "c": 0.0133822, "q": 0.135961, "e": 0.0321362, "g": 0.030937, "h": 0.128688, "i": 0.020121, "l": 0.0202627, "k": 0.355854, "m": 0.0184657, "f": 0.013425, "p": 0.0511524, "s": 0.076509, "t": 0.0386837, "w": 0.0138772, "y": 0.0155924, "v": 0.0176684 },
  "n": { "a": 0.0738759, "r": 0.0420525, "d": 0.36977, "c": 0.027957, "q": 0.0992948, "e": 0.076124, "g": 0.225843, "h": 0.119862, "i": 0.0326914, "l": 0.0327868, "k": 0.207787, "m": 0.0337597, "f": 0.0192092, "p": 0.024595, "s": 0.293651, "t": 0.152209, "w": 0.0208571, "y": 0.0167711, "v": 0.0301929 },
  "d": { "a": 0.0528107, "r": 0.0207692, "n": 0.210802, "c": 0.0173222, "q": 0.0372435, "e": 0.394466, "g": 0.114642, "h": 0.0337396, "i": 0.0189416, "l": 0.0168716, "k": 0.0613915, "m": 0.0129769, "f": 0.00994585, "p": 0.0169493, "s": 0.108065, "t": 0.0382512, "w": 0.00790796, "y": 0.0114107, "v": 0.0225736 },
  "c": { "a": 0.0373835, "r": 0.0158308, "n": 0.0199209, "d": 0.0135729, "q": 0.0124404, "e": 0.0131837, "g": 0.0251083, "h": 0.0272658, "i": 0.0261381, "l": 0.0125771, "k": 0.0159492, "m": 0.0167874, "f": 0.0218679, "p": 0.0206666, "s": 0.0848934, "t": 0.0233571, "w": 0.00978505, "y": 0.0214415, "v": 0.05134 },
  "q": { "a": 0.0780496, "r": 0.114046, "n": 0.0796572, "d": 0.0593386, "c": 0.0133197, "e": 0.370247, "g": 0.0424417, "h": 0.17683, "i": 0.017482, "l": 0.0395077, "k": 0.213505, "m": 0.0252139, "f": 0.0116104, "p": 0.0451786, "s": 0.0608763, "t": 0.0405946, "w": 0.00941264, "y": 0.0133115, "v": 0.0336548 },
  "e": { "a": 0.115843, "r": 0.0285011, "n": 0.0530287, "d": 0.346989, "c": 0.0127572, "q": 0.194787, "g": 0.102669, "h": 0.0258159, "i": 0.0208629, "l": 0.0193294, "k": 0.135973, "m": 0.0166414, "f": 0.00931372, "p": 0.0374196, "s": 0.0628632, "t": 0.0485761, "w": 0.007533, "y": 0.0115894, "v": 0.0276767 },
  "g": { "a": 0.202285, "r": 0.01788, "n": 0.0806226, "d": 0.0605016, "c": 0.00811405, "q": 0.0286929, "e": 0.0373438, "h": 0.0177276, "i": 0.0122182, "l": 0.00875104, "k": 0.0324473, "m": 0.00865986, "f": 0.00882408, "p": 0.0216536, "s": 0.173061, "t": 0.0232993, "w": 0.00437504, "y": 0.00648023, "v": 0.0251761 },
  "h": { "a": 0.0466403, "r": 0.0790299, "n": 0.133407, "d": 0.0438817, "c": 0.026483, "q": 0.109581, "e": 0.0487318, "g": 0.0544109, "i": 0.0262177, "l": 0.0407414, "k": 0.047341, "m": 0.0211674, "f": 0.0195895, "p": 0.0699997, "s": 0.0439635, "t": 0.0270186, "w": 0.0127711, "y": 0.0702524, "v": 0.0245514 },
  "i": { "a": 0.0423019, "r": 0.0212002, "n": 0.0319684, "d": 0.0161121, "c": 0.0263159, "q": 0.0243845, "e": 0.0302749, "g": 0.0275996, "h": 0.0133121, "l": 0.43807, "k": 0.0583198, "m": 0.0826325, "f": 0.0556843, "p": 0.0189353, "s": 0.0387452, "t": 0.0789333, "w": 0.00887729, "y": 0.021542, "v": 0.863387 },
  "l": { "a": 0.0470831, "r": 0.0120419, "n": 0.0147052, "d": 0.00559114, "c": 0.00566272, "q": 0.0235717, "e": 0.0108047, "g": 0.0111652, "h": 0.00545859, "i": 0.153222, "k": 0.0181037, "m": 0.0988475, "f": 0.0799118, "p": 0.0110064, "s": 0.0181997, "t": 0.0157195, "w": 0.00363157, "y": 0.00673193, "v": 0.0933858 },
  "k": { "a": 0.042131, "r": 0.241828, "n": 0.115847, "d": 0.0589856, "c": 0.00965116, "q": 0.0880242, "e": 0.0731132, "g": 0.0278502, "h": 0.0211017, "i": 0.0233217, "l": 0.0283364, "m": 0.0316613, "f": 0.00685623, "p": 0.0378304, "s": 0.0660149, "t": 0.081798, "w": 0.00757795, "y": 0.00830939, "v": 0.013054 },
  "m": { "a": 0.129665, "r": 0.0587779, "n": 0.0802954, "d": 0.0354493, "c": 0.0311301, "q": 0.103159, "e": 0.0634874, "g": 0.0633382, "h": 0.0330785, "i": 0.201872, "l": 0.541207, "k": 0.130254, "f": 0.0784544, "p": 0.0361043, "s": 0.0733549, "t": 0.122483, "w": 0.0202033, "y": 0.0297473, "v": 0.140979 },
  "f": { "a": 0.0226911, "r": 0.0145566, "n": 0.0196934, "d": 0.0117164, "c": 0.0100855, "q": 0.0137264, "e": 0.011102, "g": 0.0191556, "h": 0.0262127, "i": 0.081741, "l": 0.170393, "k": 0.0146844, "m": 0.0194801, "p": 0.0185477, "s": 0.0231219, "t": 0.0130948, "w": 0.0152267, "y": 0.288346, "v": 0.0472719 },
  "p": { "a": 0.143365, "r": 0.0446013, "n": 0.0357077, "d": 0.0260882, "c": 0.01495, "q": 0.034771, "e": 0.0474848, "g": 0.0273178, "h": 0.0433397, "i": 0.0261566, "l": 0.0643902, "k": 0.0562056, "m": 0.0178627, "f": 0.0167199, "s": 0.159004, "t": 0.0527866, "w": 0.00927549, "y": 0.0111593, "v": 0.0553399 },
  "s": { "a": 0.390437, "r": 0.0392303, "n": 0.12892, "d": 0.0831624, "c": 0.0271099, "q": 0.0270908, "e": 0.0446942, "g": 0.161813, "h": 0.027647, "i": 0.0206951, "l": 0.0147441, "k": 0.0653485, "m": 0.0159852, "f": 0.013404, "p": 0.0787014, "t": 0.286648, "w": 0.00552397, "y": 0.00756723, "v": 0.0175524 },
  "t": { "a": 0.221729, "r": 0.0309656, "n": 0.0892697, "d": 0.0475716, "c": 0.0117295, "q": 0.0274574, "e": 0.0554345, "g": 0.0292568, "h": 0.020661, "i": 0.0648762, "l": 0.0228436, "k": 0.0964182, "m": 0.0431319, "f": 0.0144815, "p": 0.0338113, "s": 0.365026, "w": 0.0069878, "y": 0.00899665, "v": 0.128703 },
  "w": { "a": 0.0291601, "r": 0.072926, "n": 0.0474419, "d": 0.0270252, "c": 0.0244641, "q": 0.0284884, "e": 0.0269162, "g": 0.0278728, "h": 0.0439583, "i": 0.0283636, "l": 0.0317754, "k": 0.0422839, "m": 0.0290509, "f": 0.0257034, "p": 0.0274374, "s": 0.0470947, "t": 0.0534996, "y": 0.0261646, "v": 0.0270982 },
  "y": { "a": 0.0566339, "r": 0.0185566, "n": 0.0411087, "d": 0.0152169, "c": 0.0175216, "q": 0.0161085, "e": 0.0172714, "g": 0.021656, "h": 0.0460513, "i": 0.0471885, "l": 0.0408144, "k": 0.0220365, "m": 0.0216524, "f": 0.347725, "p": 0.0151417, "s": 0.0268484, "t": 0.017044, "w": 0.0226573, "v": 0.0502844 },
  "v": { "a": 0.169602, "r": 0.0125871, "n": 0.0130811, "d": 0.00929249, "c": 0.0277191, "q": 0.0181747, "e": 0.0243799, "g": 0.0224644, "h": 0.00689223, "i": 0.407077, "l": 0.101459, "k": 0.024318, "m": 0.0267332, "f": 0.0174528, "p": 0.0156158, "s": 0.0174559, "t": 0.0957891, "w": 0.00440848, "y": 0.007764 }
 }
}
