{
 "alphabet": "arndcqeghilkmfpstwyv",
 "insrate": 0.00503232,
 "insextprob": 0.730159,
 "delrate": 0.00503126,
 "delextprob": 0.540541,
 "rootprob":
 {
  "a": 0.0525656,
  "r": 0.059282,
  "n": 0.0337609,
  "d": 0.0471953,
  "c": 0.0367833,
  "q": 0.0416905,
  "e": 0.048327,
  "g": 0.0995921,
  "h": 0.04174,
  "i": 0.0557141,
  "l": 0.0926142,
  "k": 0.0576813,
  "m": 0.0125357,
  "f": 0.0636213,
  "p": 0.0544478,
  "s": 0.0519747,
  "t": 0.0413574,
  "w": 0.0152197,
  "y": 0.0337129,
  "v": 0.0601844
 },
 "subrate":
 {
  "a": { "r": 0.0141683, "n": 0.0382989, "d": 0.0298963, "c": 0.0217123, "q": 0.0335879, "e": 0.0963451, "g": 0.22957, "h": 0.0178749, "i": 0.0175513, "l": 0.0281659, "k": 0.0311518, "m": 0.0143209, "f": 0.0111176, "p": 0.0840336, "s": 0.30414, "t": 0.159383, "w": 0.00484187, "y": 0.00928522, "v": 0.136418 },
  "r": { "a": 0.047827, "n": 0.0287006, "d": 0.0146838, "c": 0.00959773, "q": 0.0872032, "e": 0.0293141, "g": 0.0423208, "h": 0.0491541, "i": 0.0214445, "l": 0.0273307, "k": 0.423151, "m": 0.0187572, "f": 0.0104845, "p": 0.0691436, "s": 0.100255, "t": 0.036426, "w": 0.0301447, "y": 0.0115838, "v": 0.0230768 },
  "n": { "a": 0.0851863, "r": 0.0328159, "d": 0.285646, "c": 0.0245032, "q": 0.0801043, "e": 0.0705195, "g": 0.107784, "h": 0.113929, "i": 0.0428358, "l": 0.0282705, "k": 0.204447, "m": 0.0223033, "f": 0.021277, "p": 0.0654999, "s": 0.280758, "t": 0.135501, "w": 0.0104579, "y": 0.0157544, "v": 0.0375769 },
  "d": { "a": 0.103028, "r": 0.0156012, "n": 0.328101, "c": 0.0128213, "q": 0.0423581, "e": 0.440157, "g": 0.114395, "h": 0.0309541, "i": 0.0191021, "l": 0.0148076, "k": 0.0339272, "m": 0.0132077, "f": 0.00973229, "p": 0.0342522, "s": 0.0647266, "t": 0.0492646, "w": 0.00817376, "y": 0.00927776, "v": 0.0210498 },
  "c": { "a": 0.0564099, "r": 0.0121743, "n": 0.0159332, "d": 0.0121374, "q": 0.0129151, "e": 0.010576, "g": 0.0225986, "h": 0.0233026, "i": 0.0278928, "l": 0.0174423, "k": 0.0099464, "m": 0.0118256, "f": 0.0119716, "p": 0.0130409, "s": 0.0905644, "t": 0.0227536, "w": 0.008471, "y": 0.0270942, "v": 0.0208062 },
  "q": { "a": 0.0959446, "r": 0.125493, "n": 0.09854, "d": 0.0623945, "c": 0.0170304, "e": 0.325761, "g": 0.0357486, "h": 0.238073, "i": 0.027553, "l": 0.0453755, "k": 0.186544, "m": 0.0268508, "f": 0.0162963, "p": 0.0791428, "s": 0.0952869, "t": 0.0451807, "w": 0.0111283, "y": 0.0167703, "v": 0.0295139 },
  "e": { "a": 0.183302, "r": 0.0275242, "n": 0.0522979, "d": 0.394639, "c": 0.0102253, "q": 0.226856, "g": 0.0426162, "h": 0.0271424, "i": 0.0214782, "l": 0.0231082, "k": 0.108031, "m": 0.017713, "f": 0.00920543, "p": 0.0492835, "s": 0.0609056, "t": 0.0385647, "w": 0.00773053, "y": 0.00905122, "v": 0.0308778 },
  "g": { "a": 0.242899, "r": 0.00917988, "n": 0.0499336, "d": 0.0376124, "c": 0.0079931, "q": 0.0180612, "e": 0.0480128, "h": 0.0139244, "i": 0.0106764, "l": 0.0179079, "k": 0.0261335, "m": 0.00880625, "f": 0.0117515, "p": 0.0333304, "s": 0.134788, "t": 0.0288678, "w": 0.00388914, "y": 0.0114767, "v": 0.022993 },
  "h": { "a": 0.0362594, "r": 0.112845, "n": 0.151122, "d": 0.0938399, "c": 0.0266471, "q": 0.148651, "e": 0.0488589, "g": 0.0315365, "i": 0.0172059, "l": 0.0235617, "k": 0.0617439, "m": 0.0149426, "f": 0.0139016, "p": 0.0505827, "s": 0.0371098, "t": 0.0213968, "w": 0.00965798, "y": 0.0321602, "v": 0.032801 },
  "i": { "a": 0.0345069, "r": 0.0226992, "n": 0.0287384, "d": 0.0258584, "c": 0.0210173, "q": 0.0319149, "e": 0.0246852, "g": 0.0243269, "h": 0.018508, "l": 0.399063, "k": 0.0366517, "m": 0.112104, "f": 0.0452881, "p": 0.0281133, "s": 0.0336544, "t": 0.0904131, "w": 0.0112386, "y": 0.0217444, "v": 0.844827 },
  "l": { "a": 0.035404, "r": 0.0129388, "n": 0.0111943, "d": 0.00593983, "c": 0.00604277, "q": 0.0268044, "e": 0.00672174, "g": 0.00985924, "h": 0.0210764, "i": 0.139723, "k": 0.0290087, "m": 0.105145, "f": 0.0825198, "p": 0.0116866, "s": 0.00975123, "t": 0.0171227, "w": 0.00552738, "y": 0.0137507, "v": 0.0754712 },
  "k": { "a": 0.0620282, "r": 0.212086, "n": 0.0976121, "d": 0.0169025, "c": 0.00719488, "q": 0.0729046, "e": 0.0762394, "g": 0.0186895, "h": 0.0252848, "i": 0.0136542, "l": 0.017393, "m": 0.0140733, "f": 0.0117918, "p": 0.0439535, "s": 0.0922749, "t": 0.0546481, "w": 0.00938813, "y": 0.0086481, "v": 0.0109197 },
  "m": { "a": 0.153486, "r": 0.087933, "n": 0.0760503, "d": 0.0514196, "c": 0.0464539, "q": 0.10236, "e": 0.05927, "g": 0.107242, "h": 0.0611122, "i": 0.225084, "l": 0.627485, "k": 0.169592, "f": 0.148766, "p": 0.0615813, "s": 0.0829306, "t": 0.188501, "w": 0.0342425, "y": 0.0528462, "v": 0.197104 },
  "f": { "a": 0.0283229, "r": 0.00982988, "n": 0.026853, "d": 0.0098336, "c": 0.0121074, "q": 0.0197213, "e": 0.00972789, "g": 0.0187406, "h": 0.0232676, "i": 0.0601018, "l": 0.170341, "k": 0.0133293, "m": 0.040305, "p": 0.0144221, "s": 0.0187426, "t": 0.0225281, "w": 0.016792, "y": 0.249788, "v": 0.0350989 },
  "p": { "a": 0.121597, "r": 0.0567891, "n": 0.0232965, "d": 0.0146306, "c": 0.0105721, "q": 0.0604213, "e": 0.0193307, "g": 0.0355935, "h": 0.0577891, "i": 0.0133358, "l": 0.0208104, "k": 0.0464337, "m": 0.0111649, "f": 0.0108827, "s": 0.148721, "t": 0.067513, "w": 0.00903811, "y": 0.0197035, "v": 0.02807 },
  "s": { "a": 0.438808, "r": 0.0507146, "n": 0.195971, "d": 0.0435571, "c": 0.0343591, "q": 0.0451405, "e": 0.0396306, "g": 0.201234, "h": 0.0229733, "i": 0.018165, "l": 0.0154157, "k": 0.0594934, "m": 0.0187426, "f": 0.0137901, "p": 0.0900329, "t": 0.386253, "w": 0.00663685, "y": 0.0130093, "v": 0.0220305 },
  "t": { "a": 0.22631, "r": 0.0229956, "n": 0.103247, "d": 0.0301491, "c": 0.020605, "q": 0.0297572, "e": 0.0415909, "g": 0.0510583, "h": 0.0161987, "i": 0.0508409, "l": 0.0356913, "k": 0.0958105, "m": 0.0408326, "f": 0.0244711, "p": 0.0498795, "s": 0.423415, "w": 0.00778466, "y": 0.0163227, "v": 0.110223 },
  "w": { "a": 0.0245103, "r": 0.0750017, "n": 0.0249971, "d": 0.0274976, "c": 0.0217158, "q": 0.0262651, "e": 0.0283672, "g": 0.023396, "h": 0.0503671, "i": 0.0357624, "l": 0.0436421, "k": 0.0269145, "m": 0.026648, "f": 0.023926, "p": 0.0241031, "s": 0.0251654, "t": 0.0243896, "y": 0.0228796, "v": 0.0267963 },
  "y": { "a": 0.032222, "r": 0.0177436, "n": 0.0477201, "d": 0.0220105, "c": 0.0253546, "q": 0.0187369, "e": 0.0236597, "g": 0.0256137, "h": 0.0546098, "i": 0.0424856, "l": 0.0398587, "k": 0.0258865, "m": 0.0288779, "f": 0.218553, "p": 0.0173781, "s": 0.0241141, "t": 0.0244298, "w": 0.011798, "v": 0.0194373 },
  "v": { "a": 0.176939, "r": 0.0131394, "n": 0.0161316, "d": 0.0218133, "c": 0.0140409, "q": 0.0312112, "e": 0.0443109, "g": 0.0266077, "h": 0.012551, "i": 0.485212, "l": 0.117693, "k": 0.0203475, "m": 0.042842, "f": 0.0280349, "p": 0.0351507, "s": 0.0217109, "t": 0.111235, "w": 0.00689423, "y": 0.0131364 }
 }
}
