{
 "alphabet": "arndcqeghilkmfpstwyv",
 "insrate": 0.00736838,
 "insextprob": 0.75,
 "delrate": 0.00560334,
 "delextprob": 0.62,
 "rootprob":
 {
  "a": 0.0702943,
  "r": 0.0398461,
  "n": 0.0316715,
  "d": 0.0499068,
  "c": 0.0417345,
  "q": 0.034643,
  "e": 0.0492279,
  "g": 0.0685916,
  "h": 0.037718,
  "i": 0.0465705,
  "l": 0.0740229,
  "k": 0.0907677,
  "m": 0.0139067,
  "f": 0.0642651,
  "p": 0.0705193,
  "s": 0.069234,
  "t": 0.0549547,
  "w": 0.0088807,
  "y": 0.0345638,
  "v": 0.048681
 },
 "subrate":
 {
  "a": { "r": 0.0167787, "n": 0.0265639, "d": 0.0355644, "c": 0.0237372, "q": 0.0242574, "e": 0.0666651, "g": 0.202889, "h": 0.0189746, "i": 0.0136965, "l": 0.0238518, "k": 0.0292224, "m": 0.021039, "f": 0.0106113, "p": 0.0937864, "s": 0.255144, "t": 0.176943, "w": 0.00507871, "y": 0.0101958, "v": 0.139117 },
  "r": { "a": 0.0300649, "n": 0.0321467, "d": 0.0326574, "c": 0.00959358, "q": 0.0832013, "e": 0.0210852, "g": 0.0364715, "h": 0.0691575, "i": 0.0174437, "l": 0.0224203, "k": 0.318913, "m": 0.0250186, "f": 0.00984981, "p": 0.0485304, "s": 0.120319, "t": 0.0303099, "w": 0.00928926, "y": 0.00950445, "v": 0.0240019 },
  "n": { "a": 0.0595412, "r": 0.0365597, "d": 0.37184, "c": 0.0175393, "q": 0.106458, "e": 0.0800657, "g": 0.101903, "h": 0.0924016, "i": 0.0257097, "l": 0.0194635, "k": 0.216177, "m": 0.026684, "f": 0.0127182, "p": 0.0507585, "s": 0.264206, "t": 0.158973, "w": 0.0130788, "y": 0.0429712, "v": 0.0250902 },
  "d": { "a": 0.0667222, "r": 0.0172135, "n": 0.255557, "c": 0.0103999, "q": 0.0777687, "e": 0.459829, "g": 0.0813042, "h": 0.025005, "i": 0.0168706, "l": 0.01365, "k": 0.0403752, "m": 0.0174315, "f": 0.0100468, "p": 0.0288775, "s": 0.113896, "t": 0.0466606, "w": 0.00865623, "y": 0.0123097, "v": 0.0182399 },
  "c": { "a": 0.0469956, "r": 0.0243316, "n": 0.0230322, "d": 0.0171232, "q": 0.0111545, "e": 0.010945, "g": 0.0211037, "h": 0.010737, "i": 0.0182427, "l": 0.0106191, "k": 0.0117865, "m": 0.0117808, "f": 0.00904929, "p": 0.0111493, "s": 0.0964934, "t": 0.0329744, "w": 0.00938641, "y": 0.0181346, "v": 0.037465 },
  "q": { "a": 0.11787, "r": 0.141445, "n": 0.109991, "d": 0.0764116, "c": 0.0174597, "e": 0.262318, "g": 0.0465063, "h": 0.201793, "i": 0.0295215, "l": 0.0407339, "k": 0.174197, "m": 0.0495755, "f": 0.0198475, "p": 0.0784782, "s": 0.113509, "t": 0.0687915, "w": 0.0132482, "y": 0.0160954, "v": 0.0402945 },
  "e": { "a": 0.117286, "r": 0.0179478, "n": 0.077836, "d": 0.423349, "c": 0.00918742, "q": 0.223976, "g": 0.0946348, "h": 0.0282893, "i": 0.0247344, "l": 0.0191124, "k": 0.110008, "m": 0.0186945, "f": 0.0104626, "p": 0.0525919, "s": 0.0677392, "t": 0.048183, "w": 0.00845572, "y": 0.0110103, "v": 0.0369711 },
  "g": { "a": 0.207614, "r": 0.0186629, "n": 0.0565245, "d": 0.0543385, "c": 0.0157108, "q": 0.0180002, "e": 0.0554793, "h": 0.0176234, "i": 0.0118614, "l": 0.00950964, "k": 0.0137937, "m": 0.0135128, "f": 0.00547867, "p": 0.0203991, "s": 0.100177, "t": 0.0236725, "w": 0.00538785, "y": 0.0105185, "v": 0.0299538 },
  "h": { "a": 0.0559916, "r": 0.0820701, "n": 0.118316, "d": 0.0774006, "c": 0.0193293, "q": 0.232774, "e": 0.0410444, "g": 0.0572318, "i": 0.0351104, "l": 0.0558128, "k": 0.0459812, "m": 0.0253963, "f": 0.0174303, "p": 0.135157, "s": 0.0545305, "t": 0.029864, "w": 0.0136431, "y": 0.0646076, "v": 0.0285492 },
  "i": { "a": 0.0543154, "r": 0.0321081, "n": 0.0336486, "d": 0.0264231, "c": 0.0159775, "q": 0.0276163, "e": 0.0319453, "g": 0.0328089, "h": 0.0287098, "l": 0.458808, "k": 0.0379208, "m": 0.105543, "f": 0.0580327, "p": 0.031139, "s": 0.0365197, "t": 0.107398, "w": 0.0165084, "y": 0.0203791, "v": 0.834397 },
  "l": { "a": 0.0398216, "r": 0.0102415, "n": 0.0123476, "d": 0.00819146, "c": 0.00514229, "q": 0.0300946, "e": 0.0146359, "g": 0.0229613, "h": 0.0108278, "i": 0.155145, "k": 0.0102576, "m": 0.104914, "f": 0.0837023, "p": 0.0090866, "s": 0.019783, "t": 0.020089, "w": 0.0089237, "y": 0.0160576, "v": 0.0787631 },
  "k": { "a": 0.0388872, "r": 0.210902, "n": 0.121144, "d": 0.0236397, "c": 0.00663623, "q": 0.0914801, "e": 0.0670139, "g": 0.023769, "h": 0.0163874, "i": 0.0231336, "l": 0.0199821, "m": 0.0196155, "f": 0.00531279, "p": 0.0423926, "s": 0.098031, "t": 0.0461663, "w": 0.00567095, "y": 0.00528647, "v": 0.0303251 },
  "m": { "a": 0.242979, "r": 0.119484, "n": 0.124956, "d": 0.0799266, "c": 0.0504131, "q": 0.177411, "e": 0.0961266, "g": 0.136285, "h": 0.0965497, "i": 0.317236, "l": 0.628485, "k": 0.157479, "f": 0.121789, "p": 0.100708, "s": 0.144675, "t": 0.27964, "w": 0.0546135, "y": 0.0660737, "v": 0.180341 },
  "f": { "a": 0.0284744, "r": 0.00814036, "n": 0.0110866, "d": 0.0078384, "c": 0.00667841, "q": 0.0116405, "e": 0.00904218, "g": 0.0135541, "h": 0.00905013, "i": 0.0389617, "l": 0.183817, "k": 0.0121222, "m": 0.027504, "p": 0.0183345, "s": 0.0137224, "t": 0.0146225, "w": 0.0143866, "y": 0.222332, "v": 0.0133517 },
  "p": { "a": 0.207797, "r": 0.0551587, "n": 0.0302409, "d": 0.0265427, "c": 0.0108169, "q": 0.0362074, "e": 0.0509979, "g": 0.058909, "h": 0.0412781, "i": 0.0258933, "l": 0.0194014, "k": 0.0510919, "m": 0.0185571, "f": 0.0135771, "s": 0.161761, "t": 0.0508446, "w": 0.00773779, "y": 0.0101935, "v": 0.058134 },
  "s": { "a": 0.477203, "r": 0.0523328, "n": 0.167993, "d": 0.0875892, "c": 0.0332652, "q": 0.0418648, "e": 0.0681679, "g": 0.193345, "h": 0.0262286, "i": 0.0156851, "l": 0.0265654, "k": 0.0644056, "m": 0.0186195, "f": 0.0142971, "p": 0.119763, "t": 0.399598, "w": 0.00878897, "y": 0.0185729, "v": 0.0209672 },
  "t": { "a": 0.289972, "r": 0.0334233, "n": 0.109859, "d": 0.039219, "c": 0.019747, "q": 0.0421166, "e": 0.0474084, "g": 0.0379166, "h": 0.0192648, "i": 0.0473612, "l": 0.0217016, "k": 0.104106, "m": 0.0484953, "f": 0.0112147, "p": 0.0487955, "s": 0.456775, "w": 0.0103612, "y": 0.0168982, "v": 0.116209 },
  "w": { "a": 0.0671853, "r": 0.0568352, "n": 0.0749652, "d": 0.0551712, "c": 0.0455604, "q": 0.0627107, "e": 0.0553634, "g": 0.0585668, "h": 0.0540839, "i": 0.0594494, "l": 0.0586347, "k": 0.0824685, "m": 0.0639062, "f": 0.110718, "p": 0.0534882, "s": 0.069793, "t": 0.0630245, "y": 0.0629389, "v": 0.0626842 },
  "y": { "a": 0.0336575, "r": 0.0259311, "n": 0.064697, "d": 0.0251714, "c": 0.0595983, "q": 0.0249183, "e": 0.02054, "g": 0.0305867, "h": 0.0251499, "i": 0.0217547, "l": 0.0238647, "k": 0.0229198, "m": 0.0187072, "f": 0.235032, "p": 0.0155903, "s": 0.0453092, "t": 0.0218809, "w": 0.0625181, "v": 0.0248233 },
  "v": { "a": 0.220663, "r": 0.0171189, "n": 0.0178656, "d": 0.0159327, "c": 0.0181198, "q": 0.0227634, "e": 0.028339, "g": 0.035924, "h": 0.0192702, "i": 0.485517, "l": 0.0969457, "k": 0.0298219, "m": 0.032651, "f": 0.0270077, "p": 0.0311989, "s": 0.0264177, "t": 0.157284, "w": 0.00924801, "y": 0.0133344 }
 }
}
