{
 "alphabet": "arndcqeghilkmfpstwyv",
 "insrate": 0.004409,
 "insextprob": 0.724138,
 "delrate": 0.00330809,
 "delextprob": 0.733333,
 "rootprob":
 {
  "a": 0.0608261,
  "r": 0.0507857,
  "n": 0.0435587,
  "d": 0.0418277,
  "c": 0.041456,
  "q": 0.0526048,
  "e": 0.0553684,
  "g": 0.0717955,
  "h": 0.026368,
  "i": 0.0303034,
  "l": 0.0945658,
  "k": 0.0801108,
  "m": 0.0275413,
  "f": 0.0374764,
  "p": 0.0583552,
  "s": 0.0538512,
  "t": 0.0844991,
  "w": 0.0060114,
  "y": 0.0341926,
  "v": 0.0485018
 },
 "subrate":
 {
  "a": { "r": 0.0221755, "n": 0.0288404, "d": 0.0296645, "c": 0.0145711, "q": 0.044899, "e": 0.0697135, "g": 0.156881, "h": 0.0117238, "i": 0.0139859, "l": 0.0269761, "k": 0.0401663, "m": 0.01927, "f": 0.00631327, "p": 0.0800367, "s": 0.272922, "t": 0.149772, "w": 0.00621804, "y": 0.0081101, "v": 0.16914 },
  "r": { "a": 0.0351524, "n": 0.0338556, "d": 0.0186985, "c": 0.0124472, "q": 0.0653744, "e": 0.0254112, "g": 0.024072, "h": 0.107321, "i": 0.0504349, "l": 0.022127, "k": 0.461198, "m": 0.0253024, "f": 0.00957408, "p": 0.0360251, "s": 0.0612586, "t": 0.0470455, "w": 0.0219604, "y": 0.0108337, "v": 0.0182834 },
  "n": { "a": 0.0806409, "r": 0.0503102, "d": 0.349566, "c": 0.0203319, "q": 0.0914749, "e": 0.0599969, "g": 0.124184, "h": 0.102025, "i": 0.0332948, "l": 0.019531, "k": 0.163415, "m": 0.028519, "f": 0.0167865, "p": 0.0459426, "s": 0.312012, "t": 0.224685, "w": 0.0136812, "y": 0.0244767, "v": 0.0305683 },
  "d": { "a": 0.0794543, "r": 0.0285024, "n": 0.352344, "c": 0.0135862, "q": 0.0511283, "e": 0.495657, "g": 0.0869282, "h": 0.0449116, "i": 0.0217643, "l": 0.0183843, "k": 0.0408007, "m": 0.0338563, "f": 0.0133003, "p": 0.0721797, "s": 0.0882145, "t": 0.0573287, "w": 0.0124525, "y": 0.0208867, "v": 0.0442252 },
  "c": { "a": 0.0871668, "r": 0.0242679, "n": 0.0216896, "d": 0.0214362, "q": 0.0139611, "e": 0.0143092, "g": 0.0147994, "h": 0.0174942, "i": 0.0357376, "l": 0.0142982, "k": 0.0156929, "m": 0.0153201, "f": 0.0154272, "p": 0.0133907, "s": 0.125293, "t": 0.0483661, "w": 0.0122321, "y": 0.0589423, "v": 0.0499535 },
  "q": { "a": 0.105638, "r": 0.124269, "n": 0.0966759, "d": 0.0796369, "c": 0.0113406, "e": 0.232837, "g": 0.0661669, "h": 0.162249, "i": 0.0239212, "l": 0.0579287, "k": 0.151287, "m": 0.0418926, "f": 0.0116501, "p": 0.124928, "s": 0.102222, "t": 0.0771397, "w": 0.0129121, "y": 0.0121009, "v": 0.0279224 },
  "e": { "a": 0.166784, "r": 0.0389551, "n": 0.0564862, "d": 0.402034, "c": 0.00993999, "q": 0.211088, "g": 0.0806956, "h": 0.0345952, "i": 0.0187201, "l": 0.0330711, "k": 0.106438, "m": 0.0251543, "f": 0.0102466, "p": 0.036846, "s": 0.0659013, "t": 0.0459886, "w": 0.0107953, "y": 0.016625, "v": 0.0423076 },
  "g": { "a": 0.172889, "r": 0.0146193, "n": 0.0604286, "d": 0.0225459, "c": 0.00774198, "q": 0.0282066, "e": 0.0480809, "h": 0.019382, "i": 0.00996009, "l": 0.0180753, "k": 0.0154746, "m": 0.0168399, "f": 0.00724986, "p": 0.0172822, "s": 0.111737, "t": 0.0267089, "w": 0.0076126, "y": 0.00686151, "v": 0.0179214 },
  "h": { "a": 0.0331626, "r": 0.142515, "n": 0.125414, "d": 0.0831954, "c": 0.0184687, "q": 0.136283, "e": 0.0595644, "g": 0.0632826, "i": 0.0233297, "l": 0.025083, "k": 0.0567777, "m": 0.0259791, "f": 0.0215139, "p": 0.0519082, "s": 0.0693262, "t": 0.04279, "w": 0.0175409, "y": 0.0248769, "v": 0.0285342 },
  "i": { "a": 0.0442484, "r": 0.0256495, "n": 0.0342004, "d": 0.0251207, "c": 0.0189761, "q": 0.0352576, "e": 0.0251125, "g": 0.027363, "h": 0.0181638, "l": 0.276278, "k": 0.052508, "m": 0.0770808, "f": 0.0592816, "p": 0.0209862, "s": 0.0355452, "t": 0.0764238, "w": 0.0226709, "y": 0.0229642, "v": 0.754814 },
  "l": { "a": 0.033616, "r": 0.0150466, "n": 0.0212519, "d": 0.00797191, "c": 0.00497347, "q": 0.024477, "e": 0.0119183, "g": 0.0160457, "h": 0.0132638, "i": 0.121295, "k": 0.0171644, "m": 0.0959366, "f": 0.0348914, "p": 0.0161805, "s": 0.01721, "t": 0.0143771, "w": 0.0153292, "y": 0.0144856, "v": 0.0899008 },
  "k": { "a": 0.0386263, "r": 0.26635, "n": 0.0947683, "d": 0.0227607, "c": 0.00816569, "q": 0.0532339, "e": 0.0721981, "g": 0.0362186, "h": 0.0224035, "i": 0.0219814, "l": 0.0112355, "m": 0.0532179, "f": 0.00581885, "p": 0.020577, "s": 0.0461182, "t": 0.0659912, "w": 0.00670755, "y": 0.00889427, "v": 0.00945843 },
  "m": { "a": 0.173894, "r": 0.0675358, "n": 0.0812823, "d": 0.0533608, "c": 0.0393328, "q": 0.118483, "e": 0.0623278, "g": 0.0608423, "h": 0.0511772, "i": 0.250887, "l": 0.552628, "k": 0.174042, "f": 0.050438, "p": 0.0607768, "s": 0.113965, "t": 0.131648, "w": 0.046552, "y": 0.0404664, "v": 0.131929 },
  "f": { "a": 0.0178469, "r": 0.0122303, "n": 0.0329334, "d": 0.015691, "c": 0.013871, "q": 0.0136867, "e": 0.01603, "g": 0.0120761, "h": 0.0275377, "i": 0.0582906, "l": 0.137436, "k": 0.0131397, "m": 0.0304277, "p": 0.012612, "s": 0.0319102, "t": 0.01594, "w": 0.0250056, "y": 0.21881, "v": 0.0448409 },
  "p": { "a": 0.198875, "r": 0.0502689, "n": 0.0546063, "d": 0.0654533, "c": 0.0208354, "q": 0.0830865, "e": 0.0433861, "g": 0.0289515, "h": 0.0286247, "i": 0.0229419, "l": 0.0359395, "k": 0.0534041, "m": 0.0235669, "f": 0.0172207, "s": 0.194407, "t": 0.0879138, "w": 0.0124939, "y": 0.0115928, "v": 0.0464992 },
  "s": { "a": 0.400099, "r": 0.0442309, "n": 0.173573, "d": 0.0541518, "c": 0.0170101, "q": 0.0670067, "e": 0.0315779, "g": 0.122235, "h": 0.0258374, "i": 0.0146997, "l": 0.016361, "k": 0.0764705, "m": 0.0179352, "f": 0.00844634, "p": 0.0603859, "t": 0.326249, "w": 0.0125175, "y": 0.0127064, "v": 0.018245 },
  "t": { "a": 0.295459, "r": 0.0263798, "n": 0.121855, "d": 0.0544089, "c": 0.00921115, "q": 0.0474816, "e": 0.0309331, "g": 0.0269605, "h": 0.0182782, "i": 0.0444609, "l": 0.016419, "k": 0.0966695, "m": 0.0328707, "f": 0.00848974, "p": 0.0496078, "s": 0.420864, "w": 0.00868537, "y": 0.0137036, "v": 0.102856 },
  "w": { "a": 0.071137, "r": 0.10861, "n": 0.0623364, "d": 0.0570465, "c": 0.0445977, "q": 0.060277, "e": 0.0627203, "g": 0.0675217, "h": 0.0996138, "i": 0.0770229, "l": 0.158869, "k": 0.0628511, "m": 0.0929816, "f": 0.0502595, "p": 0.0536847, "s": 0.0974433, "t": 0.0625261, "y": 0.0529567, "v": 0.0814795 },
  "y": { "a": 0.0450273, "r": 0.025426, "n": 0.0376846, "d": 0.0199098, "c": 0.0171651, "q": 0.0175062, "e": 0.0412084, "g": 0.0156111, "h": 0.0394504, "i": 0.0291758, "l": 0.035319, "k": 0.0178645, "m": 0.0216635, "f": 0.37173, "p": 0.0147352, "s": 0.0247162, "t": 0.0291617, "w": 0.0275634, "v": 0.037885 },
  "v": { "a": 0.240749, "r": 0.0164238, "n": 0.0230014, "d": 0.0194129, "c": 0.0264785, "q": 0.0303541, "e": 0.0291126, "g": 0.0419299, "h": 0.0135117, "i": 0.468827, "l": 0.0947081, "k": 0.026142, "m": 0.0314915, "f": 0.0219011, "p": 0.027109, "s": 0.0285992, "t": 0.117695, "w": 0.0122521, "y": 0.0144155 }
 }
}
