{
 "alphabet": "arndcqeghilkmfpstwyv",
 "insrate": 0.00199278,
 "insextprob": 0.794118,
 "delrate": 0.00483577,
 "delextprob": 0.730159,
 "rootprob":
 {
  "a": 0.0918033,
  "r": 0.0378663,
  "n": 0.0399713,
  "d": 0.0293676,
  "c": 0.0399086,
  "q": 0.0360136,
  "e": 0.0401917,
  "g": 0.0923476,
  "h": 0.0353015,
  "i": 0.0284099,
  "l": 0.0750536,
  "k": 0.0714806,
  "m": 0.0235946,
  "f": 0.0495697,
  "p": 0.0326369,
  "s": 0.100265,
  "t": 0.0450332,
  "w": 0.0107429,
  "y": 0.0359263,
  "v": 0.0845153
 },
 "subrate":
 {
  "a": { "r": 0.018358, "n": 0.0220194, "d": 0.044859, "c": 0.0178774, "q": 0.039705, "e": 0.0726497, "g": 0.21716, "h": 0.0122576, "i": 0.0154402, "l": 0.0185313, "k": 0.0314871, "m": 0.0164882, "f": 0.00914084, "p": 0.106856, "s": 0.357173, "t": 0.124654, "w": 0.00595602, "y": 0.0104735, "v": 0.129172 },
  "r": { "a": 0.0656448, "n": 0.0432963, "d": 0.0308949, "c": 0.0126733, "q": 0.101298, "e": 0.0347754, "g": 0.0284157, "h": 0.0971114, "i": 0.0303389, "l": 0.0254343, "k": 0.436166, "m": 0.0196595, "f": 0.0143613, "p": 0.0684385, "s": 0.0634045, "t": 0.0472286, "w": 0.0256794, "y": 0.0121905, "v": 0.0249552 },
  "n": { "a": 0.0549776, "r": 0.042322, "d": 0.303845, "c": 0.0151808, "q": 0.0625206, "e": 0.0596033, "g": 0.13196, "h": 0.153755, "i": 0.0243861, "l": 0.0252496, "k": 0.241083, "m": 0.0339705, "f": 0.0232287, "p": 0.0217594, "s": 0.258601, "t": 0.194584, "w": 0.015724, "y": 0.0255287, "v": 0.0245921 },
  "d": { "a": 0.0911505, "r": 0.0296314, "n": 0.272665, "c": 0.0124347, "q": 0.0586542, "e": 0.524002, "g": 0.0927805, "h": 0.0421339, "i": 0.0208369, "l": 0.0168177, "k": 0.0569895, "m": 0.0178553, "f": 0.014644, "p": 0.0309453, "s": 0.108328, "t": 0.0604213, "w": 0.0197788, "y": 0.0155903, "v": 0.0247476 },
  "c": { "a": 0.0582211, "r": 0.0438804, "n": 0.0201025, "d": 0.0111397, "q": 0.0137031, "e": 0.0115116, "g": 0.0192906, "h": 0.0154399, "i": 0.0197241, "l": 0.0162237, "k": 0.0134034, "m": 0.0211284, "f": 0.0119827, "p": 0.0179781, "s": 0.068835, "t": 0.021043, "w": 0.0114214, "y": 0.0340564, "v": 0.0412005 },
  "q": { "a": 0.0912305, "r": 0.0889453, "n": 0.0677649, "d": 0.0778197, "c": 0.0144351, "e": 0.341169, "g": 0.0362694, "h": 0.135915, "i": 0.0279056, "l": 0.0722729, "k": 0.178812, "m": 0.0489793, "f": 0.0144634, "p": 0.0851523, "s": 0.0876043, "t": 0.0871544, "w": 0.0172521, "y": 0.014395, "v": 0.0282319 },
  "e": { "a": 0.142036, "r": 0.023982, "n": 0.0455429, "d": 0.420939, "c": 0.0100797, "q": 0.235238, "g": 0.0408446, "h": 0.0220552, "i": 0.0249103, "l": 0.0163497, "k": 0.105669, "m": 0.0213375, "f": 0.00937649, "p": 0.0236133, "s": 0.0694342, "t": 0.0522484, "w": 0.0123186, "y": 0.00948128, "v": 0.0374739 },
  "g": { "a": 0.202933, "r": 0.022167, "n": 0.0742039, "d": 0.0796939, "c": 0.0143394, "q": 0.0266217, "e": 0.0447798, "h": 0.0211319, "i": 0.00860716, "l": 0.0103249, "k": 0.0266369, "m": 0.00740451, "f": 0.00572149, "p": 0.0301639, "s": 0.145851, "t": 0.023675, "w": 0.00600866, "y": 0.00700822, "v": 0.0160333 },
  "h": { "a": 0.0362198, "r": 0.094786, "n": 0.164223, "d": 0.0509723, "c": 0.01448, "q": 0.255769, "e": 0.0497175, "g": 0.0422916, "i": 0.0172484, "l": 0.0401174, "k": 0.0733906, "m": 0.016943, "f": 0.0335161, "p": 0.0196021, "s": 0.0377546, "t": 0.0572243, "w": 0.0148906, "y": 0.0359713, "v": 0.0163993 },
  "i": { "a": 0.042703, "r": 0.0251236, "n": 0.0348529, "d": 0.0228509, "c": 0.0166761, "q": 0.0258832, "e": 0.0221321, "g": 0.0268714, "h": 0.017277, "l": 0.390347, "k": 0.0422834, "m": 0.0947188, "f": 0.0420151, "p": 0.0247583, "s": 0.0352544, "t": 0.0782531, "w": 0.0153985, "y": 0.0159029, "v": 0.785516 },
  "l": { "a": 0.0249493, "r": 0.0102417, "n": 0.0191245, "d": 0.00835564, "c": 0.00695213, "q": 0.0197484, "e": 0.0111909, "g": 0.0169785, "h": 0.0113274, "i": 0.126378, "k": 0.0146603, "m": 0.0942536, "f": 0.033081, "p": 0.0186246, "s": 0.0141765, "t": 0.0228272, "w": 0.00655796, "y": 0.0100392, "v": 0.119185 },
  "k": { "a": 0.0465357, "r": 0.167103, "n": 0.0846506, "d": 0.0247647, "c": 0.00600349, "q": 0.0560013, "e": 0.0835799, "g": 0.0221969, "h": 0.0233896, "i": 0.0257202, "l": 0.0162662, "m": 0.0250993, "f": 0.00520682, "p": 0.0324293, "s": 0.0602386, "t": 0.0920929, "w": 0.012266, "y": 0.00624084, "v": 0.0148803 },
  "m": { "a": 0.0806119, "r": 0.0468914, "n": 0.0659852, "d": 0.0432067, "c": 0.0354658, "q": 0.0977229, "e": 0.0742322, "g": 0.0517105, "h": 0.0387413, "i": 0.193915, "l": 0.536891, "k": 0.190533, "f": 0.0453129, "p": 0.0379677, "s": 0.0548779, "t": 0.127208, "w": 0.0361293, "y": 0.035697, "v": 0.185956 },
  "f": { "a": 0.0164383, "r": 0.0141998, "n": 0.0187195, "d": 0.0098356, "c": 0.00830106, "q": 0.00862293, "e": 0.0103644, "g": 0.00906495, "h": 0.0181664, "i": 0.0516078, "l": 0.13952, "k": 0.00859031, "m": 0.0179864, "p": 0.0120318, "s": 0.0282445, "t": 0.0222914, "w": 0.0260711, "y": 0.239868, "v": 0.022199 },
  "p": { "a": 0.129763, "r": 0.0379923, "n": 0.0154819, "d": 0.0436483, "c": 0.0104261, "q": 0.0350526, "e": 0.0367361, "g": 0.0253411, "h": 0.0273817, "i": 0.0202789, "l": 0.0132749, "k": 0.0414136, "m": 0.0125052, "f": 0.0101738, "s": 0.0992937, "t": 0.0576009, "w": 0.00989046, "y": 0.0149226, "v": 0.0365623 },
  "s": { "a": 0.461788, "r": 0.0390044, "n": 0.178382, "d": 0.081194, "c": 0.0282934, "q": 0.0479299, "e": 0.0542168, "g": 0.197358, "h": 0.0301797, "i": 0.014822, "l": 0.0206568, "k": 0.0789915, "m": 0.0147008, "f": 0.0119936, "p": 0.105477, "t": 0.37835, "w": 0.00865023, "y": 0.0176346, "v": 0.020448 },
  "t": { "a": 0.202333, "r": 0.0300384, "n": 0.128219, "d": 0.045772, "c": 0.0242756, "q": 0.0567797, "e": 0.0385421, "g": 0.0421351, "h": 0.0279353, "i": 0.0693714, "l": 0.0441234, "k": 0.115918, "m": 0.0366617, "f": 0.0180373, "p": 0.0710964, "s": 0.461261, "w": 0.0117516, "y": 0.0256242, "v": 0.140974 },
  "w": { "a": 0.104383, "r": 0.141638, "n": 0.10478, "d": 0.0986036, "c": 0.0657912, "q": 0.0914859, "e": 0.0940214, "g": 0.0884422, "h": 0.0870317, "i": 0.0942086, "l": 0.0933756, "k": 0.17187, "m": 0.0899423, "f": 0.18706, "p": 0.0835264, "s": 0.23433, "t": 0.112274, "y": 0.0899983, "v": 0.126853 },
  "y": { "a": 0.0217888, "r": 0.0226387, "n": 0.0417251, "d": 0.0218828, "c": 0.0107061, "q": 0.0127447, "e": 0.0183973, "g": 0.0210545, "h": 0.0416962, "i": 0.0257938, "l": 0.0410582, "k": 0.0195785, "m": 0.0143674, "f": 0.363942, "p": 0.0170275, "s": 0.0433942, "t": 0.0285154, "w": 0.016516, "v": 0.0153662 },
  "v": { "a": 0.223398, "r": 0.0147543, "n": 0.0211018, "d": 0.0198721, "c": 0.0201672, "q": 0.0240162, "e": 0.0191956, "g": 0.0374945, "h": 0.0104022, "i": 0.535124, "l": 0.159698, "k": 0.0278001, "m": 0.0480808, "f": 0.0186177, "p": 0.0465132, "s": 0.039679, "t": 0.152589, "w": 0.00996237, "y": 0.00975593 }
 }
}
