{
 "alphabet": "arndcqeghilkmfpstwyv",
 "insrate": 0.00467288,
 "insextprob": 0.613636,
 "delrate": 0.00439794,
 "delextprob": 0.811765,
 "rootprob":
 {
  "a": 0.0614059,
  "r": 0.035873,
  "n": 0.0390376,
  "d": 0.0560333,
  "c": 0.0428152,
  "q": 0.039652,
  "e": 0.0278858,
  "g": 0.0827106,
  "h": 0.037976,
  "i": 0.0394307,
  "l": 0.0909222,
  "k": 0.0938481,
  "m": 0.011794,
  "f": 0.0299788,
  "p": 0.0488404,
  "s": 0.0851172,
  "t": 0.0504242,
  "w": 0.0130403,
  "y": 0.0348696,
  "v": 0.0783451
 },
 "subrate":
 {
  "a": { "r": 0.0187133, "n": 0.0338018, "d": 0.0305928, "c": 0.0204165, "q": 0.0405913, "e": 0.11288, "g": 0.183146, "h": 0.0258846, "i": 0.0160871, "l": 0.0394985, "k": 0.0351629, "m": 0.0159281, "f": 0.012335, "p": 0.0861572, "s": 0.331413, "t": 0.152031, "w": 0.00628584, "y": 0.00735091, "v": 0.148873 },
  "r": { "a": 0.0379756, "n": 0.0330922, "d": 0.0165986, "c": 0.0138447, "q": 0.0705676, "e": 0.023739, "g": 0.0220986, "h": 0.0708673, "i": 0.0232063, "l": 0.0213615, "k": 0.459315, "m": 0.0309265, "f": 0.0171085, "p": 0.033588, "s": 0.0969622, "t": 0.0557906, "w": 0.0228373, "y": 0.0271141, "v": 0.0258181 },
  "n": { "a": 0.0696556, "r": 0.0396364, "d": 0.262789, "c": 0.0165124, "q": 0.0622374, "e": 0.0694668, "g": 0.172348, "h": 0.111231, "i": 0.0563676, "l": 0.0214102, "k": 0.211947, "m": 0.0276248, "f": 0.0139355, "p": 0.0361558, "s": 0.306867, "t": 0.182888, "w": 0.0125204, "y": 0.0243225, "v": 0.0284679 },
  "d": { "a": 0.0695818, "r": 0.0173306, "n": 0.283245, "c": 0.0149011, "q": 0.0561272, "e": 0.364155, "g": 0.143925, "h": 0.0433909, "i": 0.0171649, "l": 0.0138483, "k": 0.0616793, "m": 0.0152109, "f": 0.0106149, "p": 0.0435791, "s": 0.110333, "t": 0.0644809, "w": 0.00912207, "y": 0.0126461, "v": 0.017425 },
  "c": { "a": 0.0350331, "r": 0.0155807, "n": 0.0143699, "d": 0.011824, "q": 0.0157873, "e": 0.0128769, "g": 0.0108413, "h": 0.0138177, "i": 0.0250772, "l": 0.0123719, "k": 0.0118039, "m": 0.014226, "f": 0.0150408, "p": 0.0224481, "s": 0.100399, "t": 0.0254013, "w": 0.00898381, "y": 0.0269259, "v": 0.0235952 },
  "q": { "a": 0.0709669, "r": 0.0772356, "n": 0.0650862, "d": 0.0389801, "c": 0.0115345, "e": 0.307233, "g": 0.0361338, "h": 0.163084, "i": 0.0222538, "l": 0.0732866, "k": 0.193533, "m": 0.0454865, "f": 0.0180955, "p": 0.0531288, "s": 0.0682891, "t": 0.0404414, "w": 0.0109671, "y": 0.0143563, "v": 0.040037 },
  "e": { "a": 0.122, "r": 0.0202543, "n": 0.0518413, "d": 0.346922, "c": 0.0123744, "q": 0.292235, "g": 0.0543893, "h": 0.0312054, "i": 0.020452, "l": 0.0199308, "k": 0.144834, "m": 0.017424, "f": 0.0117288, "p": 0.053393, "s": 0.0624119, "t": 0.0515209, "w": 0.0095293, "y": 0.0116788, "v": 0.0327277 },
  "g": { "a": 0.221755, "r": 0.00864012, "n": 0.0746883, "d": 0.0765777, "c": 0.00692956, "q": 0.0108716, "e": 0.0342019, "h": 0.00852353, "i": 0.0164588, "l": 0.00920204, "k": 0.0232745, "m": 0.0072686, "f": 0.00709476, "p": 0.0273807, "s": 0.109082, "t": 0.0285856, "w": 0.00442678, "y": 0.0050346, "v": 0.0179771 },
  "h": { "a": 0.0580701, "r": 0.0874523, "n": 0.169065, "d": 0.0445396, "c": 0.0109207, "q": 0.218312, "e": 0.0285417, "g": 0.02997, "i": 0.020723, "l": 0.0496951, "k": 0.0610554, "m": 0.019509, "f": 0.0162257, "p": 0.0435153, "s": 0.0550358, "t": 0.031809, "w": 0.0144476, "y": 0.0519605, "v": 0.0200911 },
  "i": { "a": 0.0341504, "r": 0.0304477, "n": 0.0359992, "d": 0.0180013, "c": 0.0156491, "q": 0.0193368, "e": 0.0250364, "g": 0.0197823, "h": 0.0212398, "l": 0.274171, "k": 0.0240378, "m": 0.0836199, "f": 0.0500637, "p": 0.0280094, "s": 0.0276221, "t": 0.0738172, "w": 0.0108685, "y": 0.0225662, "v": 0.778919 },
  "l": { "a": 0.0417741, "r": 0.0178319, "n": 0.0173521, "d": 0.00838702, "c": 0.00515913, "q": 0.0436419, "e": 0.0163126, "g": 0.020295, "h": 0.0172476, "i": 0.118281, "k": 0.0164365, "m": 0.140118, "f": 0.0850049, "p": 0.0141032, "s": 0.0264232, "t": 0.011173, "w": 0.00535904, "y": 0.0204494, "v": 0.0830327 },
  "k": { "a": 0.0233732, "r": 0.20324, "n": 0.0900737, "d": 0.0187474, "c": 0.00582174, "q": 0.0737216, "e": 0.0609069, "g": 0.0209423, "h": 0.0213824, "i": 0.0191362, "l": 0.0129144, "m": 0.0220796, "f": 0.00504364, "p": 0.0261304, "s": 0.0380518, "t": 0.0724813, "w": 0.00519766, "y": 0.00543235, "v": 0.0215114 },
  "m": { "a": 0.104479, "r": 0.0547619, "n": 0.0919612, "d": 0.0479726, "c": 0.035044, "q": 0.121553, "e": 0.0554406, "g": 0.0616092, "h": 0.048741, "i": 0.199017, "l": 0.51187, "k": 0.0816735, "f": 0.0718154, "p": 0.0725921, "s": 0.0787645, "t": 0.100063, "w": 0.0270292, "y": 0.0452905, "v": 0.131714 },
  "f": { "a": 0.0276691, "r": 0.0302527, "n": 0.0208282, "d": 0.0142598, "c": 0.012862, "q": 0.0182977, "e": 0.0152403, "g": 0.0306829, "h": 0.0335911, "i": 0.0759068, "l": 0.189306, "k": 0.021222, "m": 0.0432413, "p": 0.0203382, "s": 0.0479095, "t": 0.0202963, "w": 0.0142263, "y": 0.197022, "v": 0.0307144 },
  "p": { "a": 0.212377, "r": 0.0425931, "n": 0.0229304, "d": 0.0465293, "c": 0.0232068, "q": 0.0269863, "e": 0.041094, "g": 0.0538438, "h": 0.047607, "i": 0.0193084, "l": 0.0326233, "k": 0.0305054, "m": 0.0199567, "f": 0.0100735, "s": 0.10121, "t": 0.0533699, "w": 0.00978841, "y": 0.0103904, "v": 0.0203105 },
  "s": { "a": 0.417189, "r": 0.0439576, "n": 0.176937, "d": 0.0569481, "c": 0.0383199, "q": 0.0410428, "e": 0.0553617, "g": 0.165202, "h": 0.027071, "i": 0.0141889, "l": 0.0149744, "k": 0.0588929, "m": 0.0131826, "f": 0.0111296, "p": 0.0822118, "t": 0.356592, "w": 0.00787303, "y": 0.00964503, "v": 0.0160402 },
  "t": { "a": 0.22104, "r": 0.0401536, "n": 0.12944, "d": 0.0355816, "c": 0.0194235, "q": 0.036404, "e": 0.0587843, "g": 0.0310966, "h": 0.0231585, "i": 0.0748986, "l": 0.0220838, "k": 0.0866244, "m": 0.0325033, "f": 0.0134539, "p": 0.0523001, "s": 0.4483, "w": 0.0102384, "y": 0.0137354, "v": 0.167535 },
  "w": { "a": 0.042022, "r": 0.152671, "n": 0.0461378, "d": 0.0346401, "c": 0.0304534, "q": 0.0383052, "e": 0.0349305, "g": 0.0340704, "h": 0.0684138, "i": 0.0738565, "l": 0.0533668, "k": 0.0601502, "m": 0.0396554, "f": 0.0344383, "p": 0.0481372, "s": 0.0797448, "t": 0.0432062, "y": 0.0377324, "v": 0.0401391 },
  "y": { "a": 0.0301033, "r": 0.0512627, "n": 0.0609919, "d": 0.0258983, "c": 0.0335273, "q": 0.028372, "e": 0.0273498, "g": 0.0241321, "h": 0.145629, "i": 0.0526011, "l": 0.0363771, "k": 0.0557444, "m": 0.0430101, "f": 0.355205, "p": 0.0283433, "s": 0.0655407, "t": 0.033104, "w": 0.0234053, "v": 0.0336974 },
  "v": { "a": 0.2082, "r": 0.0176952, "n": 0.0215055, "d": 0.0120118, "c": 0.0170679, "q": 0.0180993, "e": 0.0266666, "g": 0.0222051, "h": 0.0116873, "i": 0.506496, "l": 0.113681, "k": 0.0138918, "m": 0.0390333, "f": 0.0270906, "p": 0.032911, "s": 0.0210828, "t": 0.129185, "w": 0.00634572, "y": 0.0169828 }
 }
}
