{
 "alphabet": "arndcqeghilkmfpstwyv",
 "insrate": 0.00567959,
 "insextprob": 0.695652,
 "delrate": 0.00459923,
 "delextprob": 0.540541,
 "rootprob":
 {
  "a": 0.0920187,
  "r": 0.0484676,
  "n": 0.034166,
  "d": 0.0359148,
  "c": 0.0319818,
  "q": 0.0346996,
  "e": 0.0343209,
  "g": 0.0892249,
  "h": 0.0400522,
  "i": 0.0307375,
  "l": 0.0905981,
  "k": 0.0762582,
  "m": 0.0174571,
  "f": 0.0551442,
  "p": 0.037618,
  "s": 0.0921178,
  "t": 0.0714249,
  "w": 0.0113008,
  "y": 0.0167827,
  "v": 0.0597141
 },
 "subrate":
 {
  "a": { "r": 0.0260035, "n": 0.0326712, "d": 0.0421583, "c": 0.0162658, "q": 0.0385465, "e": 0.103932, "g": 0.221716, "h": 0.0166764, "i": 0.019629, "l": 0.0437579, "k": 0.0310324, "m": 0.0155598, "f": 0.00877559, "p": 0.0812973, "s": 0.297632, "t": 0.140037, "w": 0.00442156, "y": 0.00792192, "v": 0.177347 },
  "r": { "a": 0.0381763, "n": 0.0628764, "d": 0.027316, "c": 0.0129092, "q": 0.0912557, "e": 0.0277339, "g": 0.042779, "h": 0.0585112, "i": 0.0225985, "l": 0.0558041, "k": 0.472794, "m": 0.0263974, "f": 0.0147418, "p": 0.0504095, "s": 0.0783523, "t": 0.0558916, "w": 0.0154615, "y": 0.0284886, "v": 0.0304723 },
  "n": { "a": 0.0643879, "r": 0.0603512, "d": 0.335464, "c": 0.0131996, "q": 0.0571428, "e": 0.0699674, "g": 0.111454, "h": 0.177663, "i": 0.0237781, "l": 0.0225795, "k": 0.17583, "m": 0.0184392, "f": 0.0153121, "p": 0.0566795, "s": 0.277686, "t": 0.118273, "w": 0.0114299, "y": 0.0233817, "v": 0.0249512 },
  "d": { "a": 0.0803517, "r": 0.0219146, "n": 0.292381, "c": 0.0100302, "q": 0.0385278, "e": 0.447619, "g": 0.148912, "h": 0.0659596, "i": 0.0202304, "l": 0.0243794, "k": 0.0517467, "m": 0.0175071, "f": 0.0123565, "p": 0.0401136, "s": 0.115839, "t": 0.0495093, "w": 0.00931565, "y": 0.0188624, "v": 0.0213112 },
  "c": { "a": 0.0351035, "r": 0.015033, "n": 0.0387313, "d": 0.0127176, "q": 0.013173, "e": 0.0117571, "g": 0.01798, "h": 0.0240479, "i": 0.0302741, "l": 0.0131504, "k": 0.0133282, "m": 0.0154893, "f": 0.0105954, "p": 0.0172864, "s": 0.129247, "t": 0.0262264, "w": 0.00991518, "y": 0.0197907, "v": 0.0210786 },
  "q": { "a": 0.071152, "r": 0.109306, "n": 0.0873554, "d": 0.0490193, "c": 0.0120529, "e": 0.270255, "g": 0.0251997, "h": 0.136629, "i": 0.0216515, "l": 0.0443534, "k": 0.16507, "m": 0.0351618, "f": 0.0127707, "p": 0.0516653, "s": 0.0840574, "t": 0.0419504, "w": 0.00970629, "y": 0.0159255, "v": 0.0238724 },
  "e": { "a": 0.110516, "r": 0.0197949, "n": 0.0502641, "d": 0.328147, "c": 0.00831743, "q": 0.214962, "g": 0.0616293, "h": 0.0403992, "i": 0.0186961, "l": 0.0244354, "k": 0.124048, "m": 0.0154011, "f": 0.00961491, "p": 0.0386301, "s": 0.0748248, "t": 0.0546543, "w": 0.00737428, "y": 0.0119753, "v": 0.0325287 },
  "g": { "a": 0.208927, "r": 0.014881, "n": 0.0602887, "d": 0.0808442, "c": 0.00552041, "q": 0.0136628, "e": 0.0390529, "h": 0.0108644, "i": 0.0102403, "l": 0.00771557, "k": 0.0240278, "m": 0.00611048, "f": 0.00543199, "p": 0.030076, "s": 0.120286, "t": 0.0174485, "w": 0.00381439, "y": 0.00505799, "v": 0.0314411 },
  "h": { "a": 0.0379691, "r": 0.0751906, "n": 0.219016, "d": 0.0592404, "c": 0.0110498, "q": 0.185376, "e": 0.0707697, "g": 0.0241806, "i": 0.0212692, "l": 0.0339162, "k": 0.0642333, "m": 0.0158519, "f": 0.0146245, "p": 0.0875762, "s": 0.0417555, "t": 0.0264643, "w": 0.011624, "y": 0.0363531, "v": 0.0186819 },
  "i": { "a": 0.0435205, "r": 0.0269692, "n": 0.0300781, "d": 0.0186888, "c": 0.0184829, "q": 0.0213693, "e": 0.0247142, "g": 0.0326515, "h": 0.0249705, "l": 0.365772, "k": 0.0422744, "m": 0.115911, "f": 0.0281889, "p": 0.0262194, "s": 0.0338676, "t": 0.117699, "w": 0.0115182, "y": 0.0234451, "v": 0.833816 },
  "l": { "a": 0.0257993, "r": 0.0175878, "n": 0.00984425, "d": 0.00686865, "c": 0.00663014, "q": 0.0157938, "e": 0.0122041, "g": 0.0174032, "h": 0.014691, "i": 0.140949, "k": 0.0214292, "m": 0.112816, "f": 0.0547627, "p": 0.0115953, "s": 0.013405, "t": 0.0232215, "w": 0.0136805, "y": 0.00753815, "v": 0.0823236 },
  "k": { "a": 0.0380523, "r": 0.217718, "n": 0.101905, "d": 0.026626, "c": 0.00550461, "q": 0.0713819, "e": 0.0744409, "g": 0.0245757, "h": 0.0186687, "i": 0.0238471, "l": 0.0297509, "m": 0.0374032, "f": 0.00798819, "p": 0.0202395, "s": 0.0523627, "t": 0.0742286, "w": 0.00480742, "y": 0.00937922, "v": 0.0394582 },
  "m": { "a": 0.102317, "r": 0.059301, "n": 0.0537568, "d": 0.0524792, "c": 0.0323325, "q": 0.066707, "e": 0.0623869, "g": 0.0665617, "h": 0.0448306, "i": 0.212224, "l": 0.557448, "k": 0.124851, "f": 0.0849875, "p": 0.0521538, "s": 0.0672074, "t": 0.16984, "w": 0.0318828, "y": 0.0348463, "v": 0.146232 },
  "f": { "a": 0.0162688, "r": 0.0148539, "n": 0.0144283, "d": 0.0112361, "c": 0.00901604, "q": 0.0196294, "e": 0.0108398, "g": 0.0189748, "h": 0.0122094, "i": 0.0483938, "l": 0.142976, "k": 0.0174125, "m": 0.0553882, "p": 0.0208345, "s": 0.0290301, "t": 0.0394196, "w": 0.0175563, "y": 0.229695, "v": 0.0351419 },
  "p": { "a": 0.148539, "r": 0.0317096, "n": 0.0329791, "d": 0.0325226, "c": 0.0360916, "q": 0.074677, "e": 0.0556576, "g": 0.0467573, "h": 0.0315736, "i": 0.029857, "l": 0.0226587, "k": 0.0473848, "m": 0.0151653, "f": 0.00995885, "s": 0.141325, "t": 0.0600281, "w": 0.00847616, "y": 0.0110405, "v": 0.0390185 },
  "s": { "a": 0.347419, "r": 0.0382318, "n": 0.179634, "d": 0.0858771, "c": 0.0186753, "q": 0.0340976, "e": 0.0604993, "g": 0.173769, "h": 0.0322114, "i": 0.0158371, "l": 0.0181516, "k": 0.0520265, "m": 0.0113254, "f": 0.0089648, "p": 0.104835, "t": 0.307047, "w": 0.00509318, "y": 0.0174378, "v": 0.0180467 },
  "t": { "a": 0.221416, "r": 0.0393755, "n": 0.0901209, "d": 0.0289042, "c": 0.0159053, "q": 0.02991, "e": 0.0484129, "g": 0.0311325, "h": 0.0239675, "i": 0.0807786, "l": 0.033256, "k": 0.0787957, "m": 0.0387976, "f": 0.0137015, "p": 0.0472985, "s": 0.366328, "w": 0.00638683, "y": 0.0142754, "v": 0.174578 },
  "w": { "a": 0.0349942, "r": 0.0350797, "n": 0.0403656, "d": 0.06838, "c": 0.0292164, "q": 0.0338789, "e": 0.0357373, "g": 0.0340666, "h": 0.0351477, "i": 0.0344042, "l": 0.0357075, "k": 0.0343501, "m": 0.0353027, "f": 0.102527, "p": 0.0336773, "s": 0.0455842, "t": 0.0359288, "y": 0.116458, "v": 0.0332829 },
  "y": { "a": 0.018515, "r": 0.0251768, "n": 0.0274266, "d": 0.018012, "c": 0.0438844, "q": 0.0237507, "e": 0.0165847, "g": 0.0161101, "h": 0.06361, "i": 0.0306727, "l": 0.0210686, "k": 0.0272357, "m": 0.018792, "f": 0.274486, "p": 0.0165106, "s": 0.0342995, "t": 0.0289443, "w": 0.0142185, "v": 0.0283618 },
  "v": { "a": 0.196326, "r": 0.0165885, "n": 0.0148677, "d": 0.012227, "c": 0.0176968, "q": 0.0165404, "e": 0.0275842, "g": 0.0288451, "h": 0.0189382, "i": 0.488286, "l": 0.117098, "k": 0.0287884, "m": 0.0382846, "f": 0.0129507, "p": 0.0305413, "s": 0.0226677, "t": 0.146645, "w": 0.00586659, "y": 0.0112379 }
 }
}
