{
 "alphabet": "arndcqeghilkmfpstwyv",
 "insrate": 0.00357631,
 "insextprob": 0.647059,
 "delrate": 0.00595774,
 "delextprob": 0.701493,
 "rootprob":
 {
  "a": 0.065962,
  "r": 0.0467783,
  "n": 0.0270196,
  "d": 0.044892,
  "c": 0.03715,
  "q": 0.0471631,
  "e": 0.074687,
  "g": 0.0952712,
  "h": 0.0324935,
  "i": 0.0402332,
  "l": 0.0627127,
  "k": 0.0734273,
  "m": 0.0194882,
  "f": 0.0307888,
  "p": 0.0652426,
  "s": 0.0638876,
  "t": 0.0701176,
  "w": 0.0194035,
  "y": 0.0245924,
  "v": 0.0586895
 },
 "subrate":
 {
  "a": { "r": 0.0224817, "n": 0.0259935, "d": 0.0358553, "c": 0.0138555, "q": 0.0565898, "e": 0.0676904, "g": 0.224685, "h": 0.0192978, "i": 0.0179682, "l": 0.0294169, "k": 0.0336816, "m": 0.0218439, "f": 0.00921559, "p": 0.114464, "s": 0.343831, "t": 0.127806, "w": 0.00508984, "y": 0.0119164, "v": 0.135443 },
  "r": { "a": 0.0395283, "n": 0.0437582, "d": 0.0153197, "c": 0.0292225, "q": 0.0709014, "e": 0.0179277, "g": 0.0421211, "h": 0.0581455, "i": 0.0166324, "l": 0.0173901, "k": 0.311847, "m": 0.0163906, "f": 0.00869535, "p": 0.0424223, "s": 0.0775061, "t": 0.0339855, "w": 0.0233682, "y": 0.0126175, "v": 0.0142767 },
  "n": { "a": 0.0675014, "r": 0.0552974, "d": 0.317247, "c": 0.0144904, "q": 0.0811783, "e": 0.0759484, "g": 0.15458, "h": 0.134513, "i": 0.0278409, "l": 0.0273942, "k": 0.335185, "m": 0.027097, "f": 0.0254927, "p": 0.0227621, "s": 0.213405, "t": 0.123489, "w": 0.0110897, "y": 0.0331055, "v": 0.0245571 },
  "d": { "a": 0.0788978, "r": 0.0173524, "n": 0.285238, "c": 0.00891208, "q": 0.0618157, "e": 0.404805, "g": 0.128246, "h": 0.0324995, "i": 0.0183736, "l": 0.0238903, "k": 0.0580981, "m": 0.0179225, "f": 0.00964979, "p": 0.037033, "s": 0.08563, "t": 0.0434799, "w": 0.00762623, "y": 0.0126817, "v": 0.019231 },
  "c": { "a": 0.0241147, "r": 0.0218389, "n": 0.0114079, "d": 0.0104233, "q": 0.0105019, "e": 0.0107988, "g": 0.0222412, "h": 0.0216454, "i": 0.0203866, "l": 0.011258, "k": 0.0112019, "m": 0.0191421, "f": 0.0118285, "p": 0.0286873, "s": 0.0946239, "t": 0.0179582, "w": 0.0108254, "y": 0.0354924, "v": 0.0183529 },
  "q": { "a": 0.125521, "r": 0.0724914, "n": 0.0850562, "d": 0.073022, "c": 0.00956291, "e": 0.271528, "g": 0.0450538, "h": 0.141629, "i": 0.0170202, "l": 0.0636214, "k": 0.097057, "m": 0.0268273, "f": 0.0109509, "p": 0.0305532, "s": 0.0605506, "t": 0.0568162, "w": 0.00958631, "y": 0.0115637, "v": 0.0219599 },
  "e": { "a": 0.157317, "r": 0.0150155, "n": 0.0685898, "d": 0.396251, "c": 0.00714854, "q": 0.279462, "g": 0.0623304, "h": 0.0369428, "i": 0.016188, "l": 0.0145063, "k": 0.0811057, "m": 0.014325, "f": 0.00783735, "p": 0.058262, "s": 0.0885107, "t": 0.0489178, "w": 0.00650891, "y": 0.012733, "v": 0.0304647 },
  "g": { "a": 0.20123, "r": 0.016696, "n": 0.0772132, "d": 0.051461, "c": 0.0137338, "q": 0.0222569, "e": 0.041375, "h": 0.00722134, "i": 0.00977958, "l": 0.0118056, "k": 0.0557937, "m": 0.0111414, "f": 0.00503498, "p": 0.0142019, "s": 0.170002, "t": 0.02057, "w": 0.00429762, "y": 0.00911673, "v": 0.020642 },
  "h": { "a": 0.041476, "r": 0.0881955, "n": 0.173276, "d": 0.0381137, "c": 0.0360653, "q": 0.266328, "e": 0.0396703, "g": 0.0282317, "i": 0.0254139, "l": 0.0616586, "k": 0.0448801, "m": 0.0294081, "f": 0.0189745, "p": 0.023936, "s": 0.0584896, "t": 0.0349934, "w": 0.0125529, "y": 0.0559352, "v": 0.0284911 },
  "i": { "a": 0.035233, "r": 0.0183271, "n": 0.0243807, "d": 0.0282384, "c": 0.0138336, "q": 0.0221934, "e": 0.0250688, "g": 0.0243504, "h": 0.0323913, "l": 0.301457, "k": 0.0200319, "m": 0.0772573, "f": 0.0566221, "p": 0.0236421, "s": 0.0309267, "t": 0.0696144, "w": 0.00990173, "y": 0.0224731, "v": 0.682577 },
  "l": { "a": 0.0209548, "r": 0.0122598, "n": 0.0262074, "d": 0.016741, "c": 0.0101655, "q": 0.0206817, "e": 0.00839101, "g": 0.0136472, "h": 0.0181528, "i": 0.122984, "k": 0.0134941, "m": 0.0925955, "f": 0.0467305, "p": 0.0163919, "s": 0.0193846, "t": 0.0218829, "w": 0.0047191, "y": 0.0171914, "v": 0.0886399 },
  "k": { "a": 0.032633, "r": 0.243351, "n": 0.103344, "d": 0.0323973, "c": 0.00600646, "q": 0.0600162, "e": 0.0564117, "g": 0.0406318, "h": 0.0241884, "i": 0.0208561, "l": 0.0162965, "m": 0.0215884, "f": 0.00593725, "p": 0.0107938, "s": 0.0456923, "t": 0.0694287, "w": 0.00842567, "y": 0.00779691, "v": 0.0173805 },
  "m": { "a": 0.108282, "r": 0.0804049, "n": 0.0893278, "d": 0.0683841, "c": 0.0399418, "q": 0.104106, "e": 0.0758119, "g": 0.0826304, "h": 0.0760677, "i": 0.244305, "l": 0.537934, "k": 0.0634454, "f": 0.0586313, "p": 0.0574944, "s": 0.0783182, "t": 0.159273, "w": 0.0275934, "y": 0.0482065, "v": 0.229441 },
  "f": { "a": 0.0293228, "r": 0.0176978, "n": 0.0336711, "d": 0.0210411, "c": 0.0185952, "q": 0.0191717, "e": 0.016368, "g": 0.0182407, "h": 0.0267907, "i": 0.0851491, "l": 0.119044, "k": 0.0160383, "m": 0.0361732, "p": 0.0193834, "s": 0.0269609, "t": 0.0310302, "w": 0.012651, "y": 0.376886, "v": 0.0273617 },
  "p": { "a": 0.243965, "r": 0.051749, "n": 0.023918, "d": 0.0426917, "c": 0.0225788, "q": 0.0428111, "e": 0.0420033, "g": 0.0710194, "h": 0.0351739, "i": 0.0325861, "l": 0.0397305, "k": 0.0272687, "m": 0.0127597, "f": 0.0131806, "s": 0.100834, "t": 0.0433113, "w": 0.00946587, "y": 0.0108702, "v": 0.0470795 },
  "s": { "a": 0.407345, "r": 0.0544351, "n": 0.157044, "d": 0.0681112, "c": 0.0234907, "q": 0.0421984, "e": 0.0520569, "g": 0.225116, "h": 0.0254906, "i": 0.0162874, "l": 0.0256807, "k": 0.0760098, "m": 0.01567, "f": 0.00959105, "p": 0.0906121, "t": 0.365955, "w": 0.00789943, "y": 0.0136053, "v": 0.0190014 },
  "t": { "a": 0.198983, "r": 0.0377999, "n": 0.095936, "d": 0.0314954, "c": 0.0246635, "q": 0.03546, "e": 0.0443737, "g": 0.040343, "h": 0.0236386, "i": 0.0471238, "l": 0.0369833, "k": 0.0772285, "m": 0.0289072, "f": 0.0109409, "p": 0.0558947, "s": 0.426862, "w": 0.00681651, "y": 0.0129819, "v": 0.0745125 },
  "w": { "a": 0.0244686, "r": 0.0608758, "n": 0.0242234, "d": 0.022657, "c": 0.0292857, "q": 0.0239843, "e": 0.0225266, "g": 0.0244713, "h": 0.0338107, "i": 0.0230357, "l": 0.0407417, "k": 0.0236465, "m": 0.0240845, "f": 0.0467481, "p": 0.0384148, "s": 0.0474333, "t": 0.0247451, "y": 0.0349032, "v": 0.0231124 },
  "y": { "a": 0.0381475, "r": 0.0153793, "n": 0.0449185, "d": 0.0181567, "c": 0.02753, "q": 0.0172366, "e": 0.0162638, "g": 0.0194079, "h": 0.0503381, "i": 0.0214406, "l": 0.0248142, "k": 0.0162869, "m": 0.0213735, "f": 0.276409, "p": 0.023133, "s": 0.0511262, "t": 0.0220597, "w": 0.0119464, "v": 0.0207821 },
  "v": { "a": 0.22329, "r": 0.0134044, "n": 0.0165555, "d": 0.0201104, "c": 0.0108398, "q": 0.0203617, "e": 0.027508, "g": 0.0469676, "h": 0.0221718, "i": 0.444022, "l": 0.114968, "k": 0.0171533, "m": 0.036748, "f": 0.0147381, "p": 0.0269778, "s": 0.0203871, "t": 0.0853086, "w": 0.006721, "y": 0.0155302 }
 }
}
