{
 "alphabet": "arndcqeghilkmfpstwyv",
 "insrate": 0.00448127,
 "insextprob": 0.604651,
 "delrate": 0.00448117,
 "delextprob": 0.696429,
 "rootprob":
 {
  "a": 0.078215,
  "r": 0.027363,
  "n": 0.0586838,
  "d": 0.0643918,
  "c": 0.0315315,
  "q": 0.0311437,
  "e": 0.0527427,
  "g": 0.103712,
  "h": 0.0266387,
  "i": 0.0398931,
  "l": 0.0832848,
  "k": 0.0714244,
  "m": 0.0140626,
  "f": 0.0185334,
  "p": 0.0548469,
  "s": 0.0661987,
  "t": 0.0677717,
  "w": 0.0133269,
  "y": 0.026437,
  "v": 0.069798
 },
 "subrate":
 {
  "a": { "r": 0.0241577, "n": 0.0347654, "d": 0.0377709, "c": 0.0214537, "q": 0.031518, "e": 0.0828026, "g": 0.259842, "h": 0.0187006, "i": 0.016612, "l": 0.0435842, "k": 0.041912, "m": 0.0278469, "f": 0.0109553, "p": 0.133646, "s": 0.293989, "t": 0.123427, "w": 0.00562749, "y": 0.00773089, "v": 0.169444 },
  "r": { "a": 0.0370016, "n": 0.0540356, "d": 0.034032, "c": 0.0174117, "q": 0.07743, "e": 0.0360468, "g": 0.0374783, "h": 0.0561001, "i": 0.0281571, "l": 0.0295224, "k": 0.311497, "m": 0.054988, "f": 0.0160236, "p": 0.0263101, "s": 0.0545161, "t": 0.0511276, "w": 0.0254123, "y": 0.0149227, "v": 0.0419618 },
  "n": { "a": 0.0696147, "r": 0.0313697, "d": 0.361182, "c": 0.0152634, "q": 0.0731842, "e": 0.0649613, "g": 0.180764, "h": 0.190588, "i": 0.037921, "l": 0.025844, "k": 0.230059, "m": 0.0240492, "f": 0.0216698, "p": 0.0335608, "s": 0.319245, "t": 0.103583, "w": 0.0127432, "y": 0.0180938, "v": 0.0388697 },
  "d": { "a": 0.063878, "r": 0.0133636, "n": 0.228424, "c": 0.00698645, "q": 0.0458083, "e": 0.410998, "g": 0.111038, "h": 0.0389912, "i": 0.0161638, "l": 0.0105099, "k": 0.0301805, "m": 0.0102216, "f": 0.0099566, "p": 0.0210589, "s": 0.0646707, "t": 0.0336698, "w": 0.00699751, "y": 0.00870777, "v": 0.0197278 },
  "c": { "a": 0.0339938, "r": 0.0106396, "n": 0.0171361, "d": 0.0152898, "q": 0.0104641, "e": 0.0133533, "g": 0.0145649, "h": 0.0106516, "i": 0.0144557, "l": 0.0126446, "k": 0.0123459, "m": 0.0122173, "f": 0.0102121, "p": 0.0178438, "s": 0.0954395, "t": 0.0344975, "w": 0.0092232, "y": 0.0263934, "v": 0.0625712 },
  "q": { "a": 0.0964298, "r": 0.0609637, "n": 0.0716946, "d": 0.0437505, "c": 0.0125035, "e": 0.316842, "g": 0.0510534, "h": 0.223381, "i": 0.0309359, "l": 0.0472012, "k": 0.166664, "m": 0.0322079, "f": 0.0163268, "p": 0.0507124, "s": 0.0658688, "t": 0.0633293, "w": 0.012912, "y": 0.0157571, "v": 0.0323771 },
  "e": { "a": 0.147816, "r": 0.0187691, "n": 0.0374395, "d": 0.372199, "c": 0.00815908, "q": 0.271483, "g": 0.0715766, "h": 0.0303066, "i": 0.0277584, "l": 0.0135903, "k": 0.0775054, "m": 0.0138001, "f": 0.00843836, "p": 0.0340966, "s": 0.0485291, "t": 0.0472039, "w": 0.00813021, "y": 0.00780071, "v": 0.0440877 },
  "g": { "a": 0.212472, "r": 0.0177569, "n": 0.047941, "d": 0.0759039, "c": 0.00518276, "q": 0.0243433, "e": 0.0645101, "h": 0.00981411, "i": 0.0121788, "l": 0.00783152, "k": 0.049901, "m": 0.00778938, "f": 0.00580534, "p": 0.036685, "s": 0.116916, "t": 0.0192935, "w": 0.00471155, "y": 0.0049566, "v": 0.0240837 },
  "h": { "a": 0.0810818, "r": 0.0687212, "n": 0.131984, "d": 0.0698028, "c": 0.0219104, "q": 0.157458, "e": 0.049882, "g": 0.0504667, "i": 0.0322251, "l": 0.0728197, "k": 0.055156, "m": 0.0401213, "f": 0.0358221, "p": 0.111454, "s": 0.0749409, "t": 0.0726714, "w": 0.0317703, "y": 0.0723231, "v": 0.0451894 },
  "i": { "a": 0.0471777, "r": 0.0248594, "n": 0.0326759, "d": 0.0202087, "c": 0.0206219, "q": 0.0259376, "e": 0.0241698, "g": 0.0296633, "h": 0.0339894, "l": 0.291195, "k": 0.0269063, "m": 0.0540436, "f": 0.0719193, "p": 0.027438, "s": 0.0289162, "t": 0.0712239, "w": 0.0126792, "y": 0.0314878, "v": 0.867677 },
  "l": { "a": 0.0517615, "r": 0.00923829, "n": 0.00941359, "d": 0.00729994, "c": 0.00711373, "q": 0.0278416, "e": 0.015005, "g": 0.00853965, "h": 0.0281666, "i": 0.123735, "k": 0.00662435, "m": 0.0470325, "f": 0.063768, "p": 0.0271286, "s": 0.0210632, "t": 0.0164166, "w": 0.0171524, "y": 0.021516, "v": 0.104912 },
  "k": { "a": 0.0419722, "r": 0.210236, "n": 0.0680936, "d": 0.0238578, "c": 0.0102496, "q": 0.0647737, "e": 0.0600216, "g": 0.0352936, "h": 0.0301976, "i": 0.0156747, "l": 0.0126896, "m": 0.0269276, "f": 0.00762403, "p": 0.0145182, "s": 0.0571943, "t": 0.0826424, "w": 0.00786653, "y": 0.0110408, "v": 0.0316128 },
  "m": { "a": 0.120281, "r": 0.0672395, "n": 0.0641677, "d": 0.0486055, "c": 0.0476969, "q": 0.13007, "e": 0.0607369, "g": 0.0527252, "h": 0.0695365, "i": 0.181418, "l": 0.412467, "k": 0.100527, "f": 0.0903661, "p": 0.0663943, "s": 0.0703994, "t": 0.108059, "w": 0.0361902, "y": 0.0532457, "v": 0.123201 },
  "f": { "a": 0.031142, "r": 0.0417874, "n": 0.021371, "d": 0.0191437, "c": 0.0177487, "q": 0.0289376, "e": 0.0206458, "g": 0.0269722, "h": 0.0597521, "i": 0.0814709, "l": 0.167026, "k": 0.0259536, "m": 0.0258698, "p": 0.0231359, "s": 0.0342942, "t": 0.0233773, "w": 0.0255011, "y": 0.142889, "v": 0.0437605 },
  "p": { "a": 0.126956, "r": 0.0242224, "n": 0.033296, "d": 0.030412, "c": 0.0145901, "q": 0.0527816, "e": 0.0507514, "g": 0.0508728, "h": 0.0328098, "i": 0.0167133, "l": 0.0162727, "k": 0.0312948, "m": 0.0103661, "f": 0.00970924, "s": 0.146117, "t": 0.0436604, "w": 0.00680623, "y": 0.00830797, "v": 0.0311949 },
  "s": { "a": 0.370878, "r": 0.0385005, "n": 0.148281, "d": 0.0556478, "c": 0.0529201, "q": 0.0426951, "e": 0.0508975, "g": 0.171047, "h": 0.0166481, "i": 0.0121021, "l": 0.0177821, "k": 0.0691207, "m": 0.0190777, "f": 0.0115095, "p": 0.08709, "t": 0.29738, "w": 0.00931526, "y": 0.01368, "v": 0.0199844 },
  "t": { "a": 0.211921, "r": 0.0220984, "n": 0.0643974, "d": 0.0323222, "c": 0.0152189, "q": 0.0281712, "e": 0.038999, "g": 0.0255437, "h": 0.0173904, "i": 0.0317223, "l": 0.0175623, "k": 0.108271, "m": 0.02992, "f": 0.0154904, "p": 0.0503318, "s": 0.372767, "w": 0.00720621, "y": 0.0188422, "v": 0.126752 },
  "w": { "a": 0.0344284, "r": 0.0744594, "n": 0.0517327, "d": 0.0300257, "c": 0.0270633, "q": 0.0328029, "e": 0.0311377, "g": 0.0306892, "h": 0.0810623, "i": 0.0342338, "l": 0.15186, "k": 0.0334807, "m": 0.0357706, "f": 0.0982357, "p": 0.0407174, "s": 0.12414, "t": 0.0340067, "y": 0.0330512, "v": 0.0353399 },
  "y": { "a": 0.0322604, "r": 0.0174831, "n": 0.0230001, "d": 0.0185857, "c": 0.039681, "q": 0.0179273, "e": 0.0175622, "g": 0.0256857, "h": 0.0824522, "i": 0.0314474, "l": 0.032538, "k": 0.0194013, "m": 0.0196902, "f": 0.241258, "p": 0.0172526, "s": 0.0437474, "t": 0.0330367, "w": 0.0155848, "v": 0.0263431 },
  "v": { "a": 0.225727, "r": 0.0201169, "n": 0.0171788, "d": 0.013484, "c": 0.0210192, "q": 0.0168889, "e": 0.0260728, "g": 0.0294537, "h": 0.0174863, "i": 0.418753, "l": 0.0992385, "k": 0.0230899, "m": 0.0214977, "f": 0.0249775, "p": 0.0245798, "s": 0.0225823, "t": 0.112821, "w": 0.00628778, "y": 0.0147161 }
 }
}
