{
 "alphabet": "arndcqeghilkmfpstwyv",
 "insrate": 0.00405674,
 "insextprob": 0.634146,
 "delrate": 0.00378694,
 "delextprob": 0.548387,
 "rootprob":
 {
  "a": 0.0952433,
  "r": 0.0542142,
  "n": 0.0199298,
  "d": 0.0537508,
  "c": 0.0384898,
  "q": 0.0499988,
  "e": 0.0450782,
  "g": 0.0765951,
  "h": 0.030993,
  "i": 0.0345194,
  "l": 0.0760846,
  "k": 0.0888018,
  "m": 0.013374,
  "f": 0.0393289,
  "p": 0.0441126,
  "s": 0.0742897,
  "t": 0.0567489,
  "w": 0.0185398,
  "y": 0.0241931,
  "v": 0.0657142
 },
 "subrate":
 {
  "a": { "r": 0.0129687, "n": 0.030887, "d": 0.0410039, "c": 0.0139932, "q": 0.0245103, "e": 0.0675213, "g": 0.230576, "h": 0.0135028, "i": 0.0187455, "l": 0.0340104, "k": 0.0327954, "m": 0.0210142, "f": 0.0110096, "p": 0.082643, "s": 0.355884, "t": 0.141003, "w": 0.0081339, "y": 0.00869954, "v": 0.170185 },
  "r": { "a": 0.0337365, "n": 0.0453936, "d": 0.0229914, "c": 0.0123699, "q": 0.157923, "e": 0.0240302, "g": 0.0381138, "h": 0.0618935, "i": 0.0214485, "l": 0.033615, "k": 0.459165, "m": 0.019052, "f": 0.00980222, "p": 0.0373962, "s": 0.0479261, "t": 0.0447078, "w": 0.0237619, "y": 0.0196725, "v": 0.028243 },
  "n": { "a": 0.0466864, "r": 0.0352577, "d": 0.317265, "c": 0.0151023, "q": 0.0973712, "e": 0.0567352, "g": 0.120337, "h": 0.125043, "i": 0.0317368, "l": 0.0241827, "k": 0.206289, "m": 0.0192321, "f": 0.0130938, "p": 0.0324199, "s": 0.234923, "t": 0.146384, "w": 0.0140762, "y": 0.0239006, "v": 0.0325188 },
  "d": { "a": 0.0525022, "r": 0.0177142, "n": 0.269035, "c": 0.0135351, "q": 0.0370579, "e": 0.493081, "g": 0.129129, "h": 0.067283, "i": 0.0211537, "l": 0.0188632, "k": 0.0304426, "m": 0.0132857, "f": 0.0098986, "p": 0.024565, "s": 0.11602, "t": 0.0426746, "w": 0.00931533, "y": 0.0104626, "v": 0.0185329 },
  "c": { "a": 0.0726913, "r": 0.0256507, "n": 0.0161789, "d": 0.0163161, "q": 0.0255394, "e": 0.0207703, "g": 0.0161299, "h": 0.0253721, "i": 0.0293258, "l": 0.0135107, "k": 0.0204097, "m": 0.0148742, "f": 0.0134223, "p": 0.03225, "s": 0.100424, "t": 0.0584669, "w": 0.0120646, "y": 0.0371525, "v": 0.033031 },
  "q": { "a": 0.0613881, "r": 0.105416, "n": 0.160267, "d": 0.0642134, "c": 0.0187142, "e": 0.263541, "g": 0.0498574, "h": 0.248972, "i": 0.0184654, "l": 0.0610073, "k": 0.135318, "m": 0.0257268, "f": 0.014327, "p": 0.0477899, "s": 0.0794341, "t": 0.0894521, "w": 0.0204936, "y": 0.0157636, "v": 0.0260052 },
  "e": { "a": 0.0753069, "r": 0.015128, "n": 0.0542536, "d": 0.386262, "c": 0.0116041, "q": 0.168462, "g": 0.0775334, "h": 0.0363529, "i": 0.0132075, "l": 0.0153747, "k": 0.0770244, "m": 0.01112, "f": 0.00942359, "p": 0.0321709, "s": 0.0648998, "t": 0.0429813, "w": 0.00859841, "y": 0.00796632, "v": 0.0169734 },
  "g": { "a": 0.211091, "r": 0.0172741, "n": 0.0541588, "d": 0.0693786, "c": 0.00695862, "q": 0.0155268, "e": 0.0400456, "h": 0.0100233, "i": 0.00998599, "l": 0.00746602, "k": 0.0163442, "m": 0.0085633, "f": 0.00766585, "p": 0.0125013, "s": 0.173156, "t": 0.0207878, "w": 0.00510438, "y": 0.00529033, "v": 0.0215264 },
  "h": { "a": 0.0336029, "r": 0.0715294, "n": 0.196035, "d": 0.0790135, "c": 0.0161107, "q": 0.221309, "e": 0.0517264, "g": 0.0383626, "i": 0.0199108, "l": 0.0480643, "k": 0.0463827, "m": 0.0182652, "f": 0.0302566, "p": 0.0382317, "s": 0.0509369, "t": 0.0420472, "w": 0.0175262, "y": 0.101843, "v": 0.0253178 },
  "i": { "a": 0.0524715, "r": 0.0241733, "n": 0.0432624, "d": 0.0541877, "c": 0.0282808, "q": 0.0267045, "e": 0.0308183, "g": 0.0238235, "h": 0.0250121, "l": 0.377607, "k": 0.0306902, "m": 0.10351, "f": 0.051972, "p": 0.0232347, "s": 0.0338552, "t": 0.101673, "w": 0.0175268, "y": 0.0183546, "v": 0.987836 },
  "l": { "a": 0.0375306, "r": 0.0147523, "n": 0.0108703, "d": 0.0113306, "c": 0.00520631, "q": 0.0268782, "e": 0.00774862, "g": 0.00895166, "h": 0.0153022, "i": 0.156866, "k": 0.00858299, "m": 0.0827615, "f": 0.0508704, "p": 0.00939673, "s": 0.0133082, "t": 0.015796, "w": 0.00711188, "y": 0.00611868, "v": 0.0898113 },
  "k": { "a": 0.0279559, "r": 0.259518, "n": 0.146404, "d": 0.0161078, "c": 0.00893625, "q": 0.0855995, "e": 0.0698627, "g": 0.0215507, "h": 0.0226887, "i": 0.0152754, "l": 0.0313563, "m": 0.026141, "f": 0.00558125, "p": 0.0218005, "s": 0.048997, "t": 0.0720845, "w": 0.0104169, "y": 0.00798603, "v": 0.0167791 },
  "m": { "a": 0.17052, "r": 0.0662694, "n": 0.0810438, "d": 0.0698036, "c": 0.0444409, "q": 0.121892, "e": 0.0576105, "g": 0.0600179, "h": 0.067255, "i": 0.244302, "l": 0.649571, "k": 0.0790471, "f": 0.070454, "p": 0.068289, "s": 0.104555, "t": 0.238718, "w": 0.0459018, "y": 0.0450775, "v": 0.247012 },
  "f": { "a": 0.0432748, "r": 0.0309554, "n": 0.0345027, "d": 0.0169157, "c": 0.0126502, "q": 0.0171215, "e": 0.0134592, "g": 0.0121169, "h": 0.0263118, "i": 0.0453634, "l": 0.106242, "k": 0.0153494, "m": 0.0378738, "p": 0.0148011, "s": 0.0320171, "t": 0.02587, "w": 0.01508, "y": 0.266967, "v": 0.0398177 },
  "p": { "a": 0.127071, "r": 0.0470662, "n": 0.0451746, "d": 0.0311623, "c": 0.0181085, "q": 0.0563574, "e": 0.042655, "g": 0.0371124, "h": 0.034848, "i": 0.0192278, "l": 0.0311938, "k": 0.065837, "m": 0.0264478, "f": 0.010483, "s": 0.211, "t": 0.0840787, "w": 0.0110834, "y": 0.0114939, "v": 0.0422659 },
  "s": { "a": 0.365219, "r": 0.031681, "n": 0.183614, "d": 0.0846469, "c": 0.0185102, "q": 0.040216, "e": 0.0375522, "g": 0.147902, "h": 0.0328217, "i": 0.0117461, "l": 0.0190264, "k": 0.0913229, "m": 0.0135645, "f": 0.0132865, "p": 0.129471, "t": 0.377959, "w": 0.00865724, "y": 0.0104833, "v": 0.0196796 },
  "t": { "a": 0.154936, "r": 0.0257632, "n": 0.0994524, "d": 0.0363006, "c": 0.0169941, "q": 0.0425169, "e": 0.0280275, "g": 0.0253512, "h": 0.0188279, "i": 0.0339304, "l": 0.0299183, "k": 0.102141, "m": 0.0353985, "f": 0.0102555, "p": 0.0602581, "s": 0.37737, "w": 0.00896299, "y": 0.0116864, "v": 0.107286 },
  "w": { "a": 0.0357727, "r": 0.198047, "n": 0.0630576, "d": 0.032674, "c": 0.0259789, "q": 0.0393005, "e": 0.0307549, "g": 0.0293664, "h": 0.0596501, "i": 0.055764, "l": 0.100949, "k": 0.0366137, "m": 0.040428, "f": 0.0553437, "p": 0.0303686, "s": 0.0561329, "t": 0.051181, "y": 0.048163, "v": 0.0393678 },
  "y": { "a": 0.0660363, "r": 0.0707331, "n": 0.0541086, "d": 0.0230158, "c": 0.0157392, "q": 0.0230057, "e": 0.0166034, "g": 0.0148768, "h": 0.0647857, "i": 0.0214966, "l": 0.0254298, "k": 0.0250952, "m": 0.0199826, "f": 0.184384, "p": 0.0156158, "s": 0.0278622, "t": 0.029109, "w": 0.01932, "v": 0.0249485 },
  "v": { "a": 0.191754, "r": 0.0137205, "n": 0.0164546, "d": 0.0201995, "c": 0.0228485, "q": 0.0150868, "e": 0.0205105, "g": 0.0207654, "h": 0.0125958, "i": 0.460052, "l": 0.116017, "k": 0.0173802, "m": 0.0443104, "f": 0.0297008, "p": 0.0148358, "s": 0.0166002, "t": 0.123272, "w": 0.00937597, "y": 0.00967679 }
 }
}
