{
 "alphabet": "arndcqeghilkmfpstwyv",
 "insrate": 0.00304724,
 "insextprob": 0.772727,
 "delrate": 0.00669842,
 "delextprob": 0.592593,
 "rootprob":
 {
  "a": 0.0691257,
  "r": 0.0364289,
  "n": 0.0311911,
  "d": 0.0473074,
  "c": 0.0531146,
  "q": 0.0470138,
  "e": 0.0572144,
  "g": 0.0927877,
  "h": 0.0446815,
  "i": 0.0350165,
  "l": 0.0717537,
  "k": 0.0664389,
  "m": 0.0266642,
  "f": 0.0335462,
  "p": 0.0689307,
  "s": 0.0615955,
  "t": 0.0397579,
  "w": 0.0123201,
  "y": 0.0354321,
  "v": 0.069679
 },
 "subrate":
 {
  "a": { "r": 0.033467, "n": 0.0197982, "d": 0.0267725, "c": 0.0183807, "q": 0.0395495, "e": 0.0867747, "g": 0.223884, "h": 0.0155734, "i": 0.0159049, "l": 0.0192981, "k": 0.0557781, "m": 0.0151214, "f": 0.00780837, "p": 0.0973193, "s": 0.283633, "t": 0.150692, "w": 0.00628889, "y": 0.00769482, "v": 0.16072 },
  "r": { "a": 0.0417529, "n": 0.0313219, "d": 0.0151224, "c": 0.013171, "q": 0.083026, "e": 0.0395748, "g": 0.0284732, "h": 0.0448062, "i": 0.0140103, "l": 0.0154935, "k": 0.403955, "m": 0.0402329, "f": 0.0103766, "p": 0.0333993, "s": 0.0698477, "t": 0.0441449, "w": 0.0144971, "y": 0.00944457, "v": 0.0180713 },
  "n": { "a": 0.0552882, "r": 0.0351172, "d": 0.280588, "c": 0.0121418, "q": 0.0578381, "e": 0.0484905, "g": 0.0948719, "h": 0.0825212, "i": 0.0718086, "l": 0.0269268, "k": 0.18841, "m": 0.0344307, "f": 0.0148963, "p": 0.0354429, "s": 0.25984, "t": 0.129318, "w": 0.0155022, "y": 0.0161725, "v": 0.0462038 },
  "d": { "a": 0.0603394, "r": 0.0207523, "n": 0.303461, "c": 0.0129481, "q": 0.0694178, "e": 0.421738, "g": 0.174703, "h": 0.0820384, "i": 0.0275761, "l": 0.0196857, "k": 0.0343969, "m": 0.0182808, "f": 0.0146294, "p": 0.0379565, "s": 0.0992036, "t": 0.0563705, "w": 0.0138046, "y": 0.0156316, "v": 0.0260848 },
  "c": { "a": 0.0529373, "r": 0.0211637, "n": 0.0131267, "d": 0.0137005, "q": 0.00941239, "e": 0.0140581, "g": 0.0318288, "h": 0.0312565, "i": 0.0259092, "l": 0.00851152, "k": 0.0122926, "m": 0.00981594, "f": 0.0175772, "p": 0.0100132, "s": 0.0980945, "t": 0.0335114, "w": 0.00878861, "y": 0.0355735, "v": 0.0690111 },
  "q": { "a": 0.0981561, "r": 0.11432, "n": 0.0873169, "d": 0.0418375, "c": 0.0099902, "e": 0.326391, "g": 0.048042, "h": 0.148876, "i": 0.0231906, "l": 0.0473199, "k": 0.161347, "m": 0.0304309, "f": 0.0146842, "p": 0.0830604, "s": 0.0533042, "t": 0.0426762, "w": 0.0135592, "y": 0.0111572, "v": 0.0312957 },
  "e": { "a": 0.169556, "r": 0.0360045, "n": 0.0496459, "d": 0.342803, "c": 0.0121757, "q": 0.335579, "g": 0.0732771, "h": 0.0562343, "i": 0.0266729, "l": 0.0291986, "k": 0.123813, "m": 0.0187716, "f": 0.0170412, "p": 0.0522193, "s": 0.0524944, "t": 0.0616523, "w": 0.0129887, "y": 0.0136095, "v": 0.0488344 },
  "g": { "a": 0.198398, "r": 0.0206514, "n": 0.0685801, "d": 0.0790007, "c": 0.0128245, "q": 0.0156128, "e": 0.0292212, "h": 0.0133605, "i": 0.0114281, "l": 0.00662208, "k": 0.038334, "m": 0.00812429, "f": 0.00736451, "p": 0.0320955, "s": 0.179769, "t": 0.0263365, "w": 0.00567354, "y": 0.00694277, "v": 0.0154336 },
  "h": { "a": 0.0483472, "r": 0.06495, "n": 0.195832, "d": 0.114608, "c": 0.0131756, "q": 0.225822, "e": 0.0808489, "g": 0.053796, "i": 0.0248042, "l": 0.0450567, "k": 0.0748518, "m": 0.0261711, "f": 0.0245963, "p": 0.026374, "s": 0.077466, "t": 0.0360771, "w": 0.0191648, "y": 0.0220183, "v": 0.0341629 },
  "i": { "a": 0.0402204, "r": 0.0491034, "n": 0.0509008, "d": 0.0266792, "c": 0.0285157, "q": 0.0366188, "e": 0.032969, "g": 0.0371065, "h": 0.0278217, "l": 0.389059, "k": 0.0432086, "m": 0.0994449, "f": 0.056507, "p": 0.0276585, "s": 0.0434958, "t": 0.0807082, "w": 0.0162154, "y": 0.0326237, "v": 1.00229 },
  "l": { "a": 0.0231793, "r": 0.0164232, "n": 0.0169315, "d": 0.00740162, "c": 0.00540028, "q": 0.0553361, "e": 0.0141186, "g": 0.0142982, "h": 0.0106694, "i": 0.104893, "k": 0.0114086, "m": 0.0839594, "f": 0.0533323, "p": 0.00740817, "s": 0.0243203, "t": 0.0328899, "w": 0.00847019, "y": 0.00966127, "v": 0.068134 },
  "k": { "a": 0.0514319, "r": 0.22227, "n": 0.121752, "d": 0.0188778, "c": 0.008996, "q": 0.0475522, "e": 0.0478615, "g": 0.0224099, "h": 0.0210621, "i": 0.0152344, "l": 0.00945992, "m": 0.037341, "f": 0.00626576, "p": 0.0331001, "s": 0.0574977, "t": 0.0426841, "w": 0.00658842, "y": 0.0101605, "v": 0.0172829 },
  "m": { "a": 0.0746493, "r": 0.0988841, "n": 0.0767283, "d": 0.0379999, "c": 0.0298981, "q": 0.0829219, "e": 0.0501243, "g": 0.0559865, "h": 0.0550606, "i": 0.241064, "l": 0.500183, "k": 0.0821563, "f": 0.112329, "p": 0.0399823, "s": 0.0644356, "t": 0.197296, "w": 0.0356096, "y": 0.0450863, "v": 0.211421 },
  "f": { "a": 0.016626, "r": 0.0136049, "n": 0.0139419, "d": 0.0121724, "c": 0.0163445, "q": 0.0202423, "e": 0.0155687, "g": 0.0227441, "h": 0.0133983, "i": 0.0853137, "l": 0.133097, "k": 0.0252652, "m": 0.0174308, "p": 0.0153179, "s": 0.0402758, "t": 0.0193753, "w": 0.0155762, "y": 0.263583, "v": 0.0283481 },
  "p": { "a": 0.240996, "r": 0.0311411, "n": 0.0187391, "d": 0.0188584, "c": 0.0185476, "q": 0.0499866, "e": 0.0234865, "g": 0.0324969, "h": 0.0285356, "i": 0.0194252, "l": 0.0376404, "k": 0.0406468, "m": 0.0141756, "f": 0.00907884, "s": 0.240115, "t": 0.085168, "w": 0.0123775, "y": 0.0116199, "v": 0.068289 },
  "s": { "a": 0.406544, "r": 0.0398539, "n": 0.141628, "d": 0.0566491, "c": 0.018679, "q": 0.0304918, "e": 0.0331933, "g": 0.217857, "h": 0.0196802, "i": 0.0176931, "l": 0.0184799, "k": 0.0675173, "m": 0.014726, "f": 0.0179626, "p": 0.118142, "t": 0.392291, "w": 0.00920449, "y": 0.0147476, "v": 0.0203125 },
  "t": { "a": 0.187615, "r": 0.0385825, "n": 0.108979, "d": 0.03639, "c": 0.0233019, "q": 0.0263127, "e": 0.0491421, "g": 0.0468436, "h": 0.0179209, "i": 0.0799375, "l": 0.0374699, "k": 0.0889219, "m": 0.0351188, "f": 0.0229173, "p": 0.0438279, "s": 0.392127, "w": 0.0105604, "y": 0.0318773, "v": 0.167453 },
  "w": { "a": 0.0529598, "r": 0.198934, "n": 0.0695017, "d": 0.0513726, "c": 0.0409819, "q": 0.0611645, "e": 0.054038, "g": 0.0610504, "h": 0.052947, "i": 0.0644165, "l": 0.0496612, "k": 0.0535943, "m": 0.0497854, "f": 0.0900568, "p": 0.0703172, "s": 0.071185, "t": 0.0546327, "y": 0.114466, "v": 0.0531904 },
  "y": { "a": 0.0172689, "r": 0.0153487, "n": 0.0129855, "d": 0.0172937, "c": 0.0254067, "q": 0.0138472, "e": 0.0122041, "g": 0.0107073, "h": 0.0249469, "i": 0.043633, "l": 0.0214557, "k": 0.022903, "m": 0.0121872, "f": 0.224771, "p": 0.0105055, "s": 0.0248178, "t": 0.0209174, "w": 0.013165, "v": 0.02785 },
  "v": { "a": 0.174809, "r": 0.0229151, "n": 0.0168803, "d": 0.0105896, "c": 0.0198262, "q": 0.0160098, "e": 0.0198091, "g": 0.0275657, "h": 0.0140619, "i": 0.406349, "l": 0.116153, "k": 0.0165171, "m": 0.0276236, "f": 0.0203092, "p": 0.025997, "s": 0.020529, "t": 0.0982009, "w": 0.00654185, "y": 0.0120061 }
 }
}
