{
 "alphabet": "arndcqeghilkmfpstwyv",
 "insrate": 0.00528248,
 "insextprob": 0.604167,
 "delrate": 0.00556109,
 "delextprob": 0.736842,
 "rootprob":
 {
  "a": 0.0791438,
  "r": 0.0385152,
  "n": 0.0353544,
  "d": 0.0518967,
  "c": 0.0350154,
  "q": 0.0443052,
  "e": 0.057926,
  "g": 0.0784322,
  "h": 0.0401933,
  "i": 0.0272349,
  "l": 0.0944513,
  "k": 0.072024,
  "m": 0.00908159,
  "f": 0.0367004,
  "p": 0.0432451,
  "s": 0.0598569,
  "t": 0.0639186,
  "w": 0.0157146,
  "y": 0.0517162,
  "v": 0.0652743
 },
 "subrate":
 {
  "a": { "r": 0.022149, "n": 0.0177553, "d": 0.0268242, "c": 0.0148784, "q": 0.0387169, "e": 0.0768715, "g": 0.179866, "h": 0.0169839, "i": 0.0147279, "l": 0.053329, "k": 0.0370834, "m": 0.0281512, "f": 0.0081847, "p": 0.107598, "s": 0.328463, "t": 0.142618, "w": 0.00424004, "y": 0.00949467, "v": 0.12523 },
  "r": { "a": 0.0588077, "n": 0.0796797, "d": 0.0276412, "c": 0.0140839, "q": 0.113682, "e": 0.0362765, "g": 0.0413864, "h": 0.0795698, "i": 0.0281229, "l": 0.0414211, "k": 0.421183, "m": 0.0341131, "f": 0.0144268, "p": 0.0528111, "s": 0.144003, "t": 0.0541542, "w": 0.0329648, "y": 0.0161623, "v": 0.0347089 },
  "n": { "a": 0.0439856, "r": 0.0513674, "d": 0.317527, "c": 0.0143038, "q": 0.0834381, "e": 0.0744408, "g": 0.128493, "h": 0.164743, "i": 0.0294102, "l": 0.0259641, "k": 0.164921, "m": 0.0228902, "f": 0.0129757, "p": 0.0487246, "s": 0.395544, "t": 0.123934, "w": 0.00984619, "y": 0.0227877, "v": 0.0273898 },
  "d": { "a": 0.0425075, "r": 0.0170867, "n": 0.261667, "c": 0.0097237, "q": 0.0317399, "e": 0.436636, "g": 0.109937, "h": 0.0426531, "i": 0.0204242, "l": 0.0129341, "k": 0.0341624, "m": 0.0124236, "f": 0.00866287, "p": 0.0303544, "s": 0.115822, "t": 0.0390527, "w": 0.00627371, "y": 0.00855927, "v": 0.0201938 },
  "c": { "a": 0.0656174, "r": 0.0199937, "n": 0.0282822, "d": 0.0156633, "q": 0.018884, "e": 0.0181835, "g": 0.0404416, "h": 0.0170988, "i": 0.0211723, "l": 0.0201473, "k": 0.0169185, "m": 0.0202449, "f": 0.0123881, "p": 0.0373026, "s": 0.0765703, "t": 0.027352, "w": 0.0106552, "y": 0.0210744, "v": 0.0422134 },
  "q": { "a": 0.109491, "r": 0.127373, "n": 0.114412, "d": 0.0671757, "c": 0.0169178, "e": 0.319227, "g": 0.0480054, "h": 0.165417, "i": 0.023307, "l": 0.0511275, "k": 0.25397, "m": 0.0419768, "f": 0.0182037, "p": 0.0826102, "s": 0.0982333, "t": 0.112505, "w": 0.0108906, "y": 0.0143903, "v": 0.0339928 },
  "e": { "a": 0.104634, "r": 0.0308794, "n": 0.0619318, "d": 0.413686, "c": 0.00907295, "q": 0.23076, "g": 0.109507, "h": 0.0277784, "i": 0.016565, "l": 0.0176142, "k": 0.102397, "m": 0.0137426, "f": 0.00978627, "p": 0.0259884, "s": 0.0624534, "t": 0.0518552, "w": 0.00617598, "y": 0.00813519, "v": 0.033207 },
  "g": { "a": 0.162465, "r": 0.00983743, "n": 0.0558848, "d": 0.0665115, "c": 0.0140144, "q": 0.0116565, "e": 0.0438299, "h": 0.0215701, "i": 0.00704282, "l": 0.0106486, "k": 0.0217002, "m": 0.00938981, "f": 0.00545514, "p": 0.0143417, "s": 0.145821, "t": 0.0211808, "w": 0.00372211, "y": 0.00558602, "v": 0.0120127 },
  "h": { "a": 0.0413562, "r": 0.0978736, "n": 0.241532, "d": 0.0896294, "c": 0.020007, "q": 0.221542, "e": 0.0557664, "g": 0.0325845, "i": 0.0253043, "l": 0.0396709, "k": 0.0647672, "m": 0.0222204, "f": 0.0174973, "p": 0.0925624, "s": 0.0925532, "t": 0.0579179, "w": 0.0128172, "y": 0.0328878, "v": 0.027386 },
  "i": { "a": 0.045781, "r": 0.031814, "n": 0.0366872, "d": 0.0221041, "c": 0.020003, "q": 0.0296914, "e": 0.0319945, "g": 0.0297577, "h": 0.0312177, "l": 0.384588, "k": 0.0417439, "m": 0.112712, "f": 0.0515901, "p": 0.0333666, "s": 0.0380641, "t": 0.112567, "w": 0.0117702, "y": 0.0182396, "v": 1.04314 },
  "l": { "a": 0.0441227, "r": 0.0219695, "n": 0.0186779, "d": 0.00677948, "c": 0.00641387, "q": 0.0184954, "e": 0.00991634, "g": 0.00933279, "h": 0.0167801, "i": 0.156058, "k": 0.0223368, "m": 0.127603, "f": 0.0891414, "p": 0.0378651, "s": 0.0223129, "t": 0.0213029, "w": 0.00461602, "y": 0.0116917, "v": 0.087047 },
  "k": { "a": 0.0540015, "r": 0.199913, "n": 0.128183, "d": 0.0345759, "c": 0.00619393, "q": 0.106615, "e": 0.0739677, "g": 0.0457386, "h": 0.0232237, "i": 0.0165172, "l": 0.0205402, "m": 0.045211, "f": 0.0101199, "p": 0.0535833, "s": 0.0628312, "t": 0.0723939, "w": 0.0088729, "y": 0.00744108, "v": 0.024741 },
  "m": { "a": 0.131936, "r": 0.0724216, "n": 0.0657546, "d": 0.0411836, "c": 0.0361862, "q": 0.0739646, "e": 0.0507085, "g": 0.0506972, "h": 0.0474452, "i": 0.19394, "l": 0.477449, "k": 0.146802, "f": 0.0881709, "p": 0.0563269, "s": 0.0771855, "t": 0.14752, "w": 0.0239198, "y": 0.0352036, "v": 0.147387 },
  "f": { "a": 0.0224579, "r": 0.0147506, "n": 0.0181639, "d": 0.0123636, "c": 0.00986495, "q": 0.0161165, "e": 0.0126169, "g": 0.0197884, "h": 0.0264455, "i": 0.0617199, "l": 0.133316, "k": 0.020732, "m": 0.0255119, "p": 0.0148212, "s": 0.0454697, "t": 0.0267117, "w": 0.0120735, "y": 0.242033, "v": 0.0301283 },
  "p": { "a": 0.182909, "r": 0.0184648, "n": 0.0282887, "d": 0.0303732, "c": 0.0130856, "q": 0.0507082, "e": 0.0333528, "g": 0.0538284, "h": 0.0212702, "i": 0.0135219, "l": 0.0299922, "k": 0.0401731, "m": 0.0129529, "f": 0.016142, "s": 0.113992, "t": 0.0504142, "w": 0.00664775, "y": 0.00906526, "v": 0.0329774 },
  "s": { "a": 0.398567, "r": 0.0451898, "n": 0.176105, "d": 0.0668438, "c": 0.0234182, "q": 0.0446708, "e": 0.0472784, "g": 0.163275, "h": 0.0390733, "i": 0.0163537, "l": 0.0215841, "k": 0.0613691, "m": 0.0137673, "f": 0.0104612, "p": 0.0859218, "t": 0.293255, "w": 0.0058038, "y": 0.0183482, "v": 0.0160987 },
  "t": { "a": 0.257077, "r": 0.0408278, "n": 0.103016, "d": 0.036865, "c": 0.0153838, "q": 0.0437615, "e": 0.051865, "g": 0.0313196, "h": 0.0299705, "i": 0.0640868, "l": 0.0383881, "k": 0.160791, "m": 0.0438494, "f": 0.0142271, "p": 0.0586382, "s": 0.398639, "w": 0.00692145, "y": 0.0135274, "v": 0.147145 },
  "w": { "a": 0.0203878, "r": 0.0239006, "n": 0.0214571, "d": 0.0190913, "c": 0.0177997, "q": 0.0202501, "e": 0.0191957, "g": 0.0195288, "h": 0.0213743, "i": 0.0191874, "l": 0.023145, "k": 0.0365863, "m": 0.019774, "f": 0.0274184, "p": 0.032082, "s": 0.0409146, "t": 0.0208309, "y": 0.0537527, "v": 0.0188058 },
  "y": { "a": 0.012613, "r": 0.011738, "n": 0.0288357, "d": 0.0257845, "c": 0.010719, "q": 0.0120146, "e": 0.015817, "g": 0.0203723, "h": 0.0525838, "i": 0.0143846, "l": 0.023503, "k": 0.0215756, "m": 0.0113927, "f": 0.244674, "p": 0.0185458, "s": 0.0196045, "t": 0.034264, "w": 0.00772391, "v": 0.0133768 },
  "v": { "a": 0.140997, "r": 0.0148977, "n": 0.0128472, "d": 0.0107336, "c": 0.0109301, "q": 0.0167217, "e": 0.0194669, "g": 0.0202651, "h": 0.0184146, "i": 0.405864, "l": 0.0901103, "k": 0.0213057, "m": 0.0330589, "f": 0.0158137, "p": 0.0236042, "s": 0.0166048, "t": 0.108085, "w": 0.00451989, "y": 0.00704902 }
 }
}
