{
 "alphabet": "arndcqeghilkmfpstwyv",
 "insrate": 0.00549523,
 "insextprob": 0.677419,
 "delrate": 0.00467148,
 "delextprob": 0.706897,
 "rootprob":
 {
  "a": 0.110807,
  "r": 0.0455319,
  "n": 0.0323124,
  "d": 0.0293782,
  "c": 0.0370304,
  "q": 0.023215,
  "e": 0.0555094,
  "g": 0.0793984,
  "h": 0.0290282,
  "i": 0.0446656,
  "l": 0.0775983,
  "k": 0.0965339,
  "m": 0.0175199,
  "f": 0.0448687,
  "p": 0.0678321,
  "s": 0.0687426,
  "t": 0.0587189,
  "w": 0.0107233,
  "y": 0.0315991,
  "v": 0.0389863
 },
 "subrate":
 {
  "a": { "r": 0.0161337, "n": 0.0403146, "d": 0.0329522, "c": 0.0100255, "q": 0.0270154, "e": 0.085312, "g": 0.245542, "h": 0.0122863, "i": 0.0146876, "l": 0.0465111, "k": 0.0259537, "m": 0.0191416, "f": 0.00838565, "p": 0.0844675, "s": 0.280482, "t": 0.145103, "w": 0.005525, "y": 0.00892636, "v": 0.134627 },
  "r": { "a": 0.0275488, "n": 0.0580919, "d": 0.0228649, "c": 0.0154956, "q": 0.0993999, "e": 0.0339514, "g": 0.0384196, "h": 0.0599453, "i": 0.0170766, "l": 0.0258192, "k": 0.502483, "m": 0.0243288, "f": 0.0128561, "p": 0.0317747, "s": 0.0840559, "t": 0.0402377, "w": 0.0177582, "y": 0.0164441, "v": 0.0189868 },
  "n": { "a": 0.0635614, "r": 0.0718024, "d": 0.29261, "c": 0.0199908, "q": 0.0753394, "e": 0.0828962, "g": 0.15099, "h": 0.148059, "i": 0.0333734, "l": 0.0383105, "k": 0.200697, "m": 0.0227261, "f": 0.0162002, "p": 0.0312535, "s": 0.282284, "t": 0.151224, "w": 0.0131134, "y": 0.0254064, "v": 0.0283481 },
  "d": { "a": 0.0820689, "r": 0.030371, "n": 0.275348, "c": 0.0132719, "q": 0.0729371, "e": 0.503637, "g": 0.117004, "h": 0.0617924, "i": 0.0203289, "l": 0.0190573, "k": 0.0271718, "m": 0.0163735, "f": 0.0113591, "p": 0.0353974, "s": 0.0653057, "t": 0.0400122, "w": 0.0105285, "y": 0.0162425, "v": 0.041192 },
  "c": { "a": 0.0250615, "r": 0.02821, "n": 0.0169802, "d": 0.0154507, "q": 0.011719, "e": 0.0217507, "g": 0.030136, "h": 0.011234, "i": 0.0230761, "l": 0.0120321, "k": 0.0140737, "m": 0.0131223, "f": 0.0215152, "p": 0.0120525, "s": 0.0869805, "t": 0.041374, "w": 0.0108112, "y": 0.0259839, "v": 0.0406277 },
  "q": { "a": 0.059698, "r": 0.0607906, "n": 0.0756164, "d": 0.0602651, "c": 0.0102887, "e": 0.276291, "g": 0.0274259, "h": 0.207262, "i": 0.0224607, "l": 0.0369919, "k": 0.133285, "m": 0.0375851, "f": 0.0125283, "p": 0.0401595, "s": 0.0598857, "t": 0.0656919, "w": 0.0133077, "y": 0.0166567, "v": 0.0410435 },
  "e": { "a": 0.133335, "r": 0.0212597, "n": 0.068158, "d": 0.528025, "c": 0.0097841, "q": 0.255014, "g": 0.0658212, "h": 0.035661, "i": 0.0272827, "l": 0.0254636, "k": 0.0684584, "m": 0.0159164, "f": 0.010218, "p": 0.0606636, "s": 0.0537358, "t": 0.0362997, "w": 0.00930375, "y": 0.0159396, "v": 0.05292 },
  "g": { "a": 0.267457, "r": 0.0107897, "n": 0.094503, "d": 0.0911666, "c": 0.0154579, "q": 0.0146802, "e": 0.039243, "h": 0.0213685, "i": 0.0123073, "l": 0.0165936, "k": 0.012685, "m": 0.0101479, "f": 0.0078147, "p": 0.012553, "s": 0.188276, "t": 0.0237342, "w": 0.00596878, "y": 0.00967592, "v": 0.0171487 },
  "h": { "a": 0.0420448, "r": 0.0712716, "n": 0.180881, "d": 0.0750391, "c": 0.0133719, "q": 0.221713, "e": 0.0398769, "g": 0.0575585, "i": 0.0185484, "l": 0.0654418, "k": 0.041025, "m": 0.0225404, "f": 0.0235841, "p": 0.0619929, "s": 0.0475734, "t": 0.0290829, "w": 0.016987, "y": 0.0301753, "v": 0.0243807 },
  "i": { "a": 0.0324322, "r": 0.0402458, "n": 0.0302097, "d": 0.0196385, "c": 0.0165834, "q": 0.026513, "e": 0.0227888, "g": 0.0212972, "h": 0.0169144, "l": 0.271351, "k": 0.0665057, "m": 0.0586218, "f": 0.0373871, "p": 0.0392214, "s": 0.0255798, "t": 0.0618606, "w": 0.0107579, "y": 0.0138569, "v": 0.704792 },
  "l": { "a": 0.0523944, "r": 0.0149842, "n": 0.0163602, "d": 0.0103793, "c": 0.00499206, "q": 0.0231712, "e": 0.0115672, "g": 0.0221504, "h": 0.0393392, "i": 0.128447, "k": 0.0347625, "m": 0.0947313, "f": 0.059286, "p": 0.0219975, "s": 0.0235925, "t": 0.0187255, "w": 0.00773656, "y": 0.0112361, "v": 0.0852682 },
  "k": { "a": 0.0191587, "r": 0.247699, "n": 0.089255, "d": 0.0135133, "c": 0.00451912, "q": 0.0996974, "e": 0.0682624, "g": 0.0211575, "h": 0.0206238, "i": 0.0201654, "l": 0.0174671, "m": 0.023662, "f": 0.004561, "p": 0.0163625, "s": 0.0625191, "t": 0.0818382, "w": 0.00557959, "y": 0.0110809, "v": 0.0149043 },
  "m": { "a": 0.224786, "r": 0.0979533, "n": 0.0928795, "d": 0.0685233, "c": 0.0427382, "q": 0.116419, "e": 0.0755896, "g": 0.096788, "h": 0.0823847, "i": 0.227357, "l": 0.548271, "k": 0.221648, "f": 0.0646646, "p": 0.0901298, "s": 0.102678, "t": 0.137334, "w": 0.0452556, "y": 0.0675081, "v": 0.226066 },
  "f": { "a": 0.0217703, "r": 0.00988537, "n": 0.0169935, "d": 0.0102685, "c": 0.0159719, "q": 0.0116192, "e": 0.0126759, "g": 0.0168262, "h": 0.0161306, "i": 0.0289048, "l": 0.0905642, "k": 0.00909948, "m": 0.0250231, "p": 0.0112047, "s": 0.019868, "t": 0.0185773, "w": 0.017628, "y": 0.261789, "v": 0.028852 },
  "p": { "a": 0.1928, "r": 0.0220196, "n": 0.0370248, "d": 0.0346191, "c": 0.0104609, "q": 0.0342646, "e": 0.0817967, "g": 0.029143, "h": 0.0310236, "i": 0.0240247, "l": 0.0275955, "k": 0.0609734, "m": 0.0214933, "f": 0.0199613, "s": 0.101303, "t": 0.0675166, "w": 0.0133605, "y": 0.0132416, "v": 0.0545686 },
  "s": { "a": 0.39382, "r": 0.031278, "n": 0.237644, "d": 0.070813, "c": 0.0238137, "q": 0.0467948, "e": 0.0587602, "g": 0.173683, "h": 0.022459, "i": 0.0164096, "l": 0.0154481, "k": 0.0708503, "m": 0.014662, "f": 0.0100156, "p": 0.0918715, "t": 0.356141, "w": 0.010334, "y": 0.0159231, "v": 0.021317 },
  "t": { "a": 0.233772, "r": 0.0296433, "n": 0.10025, "d": 0.0320657, "c": 0.0131823, "q": 0.0531574, "e": 0.0474496, "g": 0.0313187, "h": 0.0150297, "i": 0.0712526, "l": 0.0207163, "k": 0.108336, "m": 0.0234228, "f": 0.0102745, "p": 0.057548, "s": 0.398346, "w": 0.00889727, "y": 0.0120812, "v": 0.150712 },
  "w": { "a": 0.0606905, "r": 0.101193, "n": 0.0638611, "d": 0.0544095, "c": 0.0450142, "q": 0.0598447, "e": 0.0564216, "g": 0.0610884, "h": 0.0576941, "i": 0.0529298, "l": 0.0621631, "k": 0.0974408, "m": 0.0561127, "f": 0.0519151, "p": 0.0624253, "s": 0.120769, "t": 0.0594336, "y": 0.105902, "v": 0.055408 },
  "y": { "a": 0.0233432, "r": 0.025507, "n": 0.0466109, "d": 0.0173322, "c": 0.0428772, "q": 0.0249707, "e": 0.0408073, "g": 0.0188305, "h": 0.0436599, "i": 0.0187042, "l": 0.0518364, "k": 0.0164382, "m": 0.0271607, "f": 0.238567, "p": 0.0219522, "s": 0.0365079, "t": 0.0244178, "w": 0.0220377, "v": 0.0266857 },
  "v": { "a": 0.163395, "r": 0.0370729, "n": 0.0181806, "d": 0.0185592, "c": 0.0177237, "q": 0.0292965, "e": 0.023196, "g": 0.0206978, "h": 0.0126094, "i": 0.498331, "l": 0.11838, "k": 0.0356824, "m": 0.0269623, "f": 0.0147355, "p": 0.0250852, "s": 0.0227859, "t": 0.0866975, "w": 0.00750752, "y": 0.0107396 }
 }
}
