{
 "alphabet": "arndcqeghilkmfpstwyv",
 "insrate": 0.00393335,
 "insextprob": 0.659091,
 "delrate": 0.00393363,
 "delextprob": 0.482759,
 "rootprob":
 {
  "a": 0.0874726,
  "r": 0.0292729,
  "n": 0.038242,
  "d": 0.0510352,
  "c": 0.0438588,
  "q": 0.0177326,
  "e": 0.0732239,
  "g": 0.0907994,
  "h": 0.0112699,
  "i": 0.0389959,
  "l": 0.121812,
  "k": 0.095092,
  "m": 0.0220227,
  "f": 0.0364993,
  "p": 0.0323191,
  "s": 0.0557035,
  "t": 0.0540715,
  "w": 0.0123149,
  "y": 0.0223235,
  "v": 0.0659377
 },
 "subrate":
 {
  "a": { "r": 0.0374609, "n": 0.0342076, "d": 0.036775, "c": 0.0171479, "q": 0.0335201, "e": 0.0840332, "g": 0.227494, "h": 0.023515, "i": 0.0148976, "l": 0.0261425, "k": 0.0298976, "m": 0.0131462, "f": 0.00873385, "p": 0.100303, "s": 0.280747, "t": 0.187955, "w": 0.00511572, "y": 0.0088158, "v": 0.120242 },
  "r": { "a": 0.0346395, "n": 0.0495176, "d": 0.0293061, "c": 0.0165986, "q": 0.104126, "e": 0.0256463, "g": 0.026226, "h": 0.0871005, "i": 0.0321971, "l": 0.0232496, "k": 0.453216, "m": 0.031831, "f": 0.0176105, "p": 0.024172, "s": 0.0698298, "t": 0.0557309, "w": 0.010994, "y": 0.0170792, "v": 0.0195573 },
  "n": { "a": 0.0745117, "r": 0.0517767, "d": 0.413819, "c": 0.0187658, "q": 0.0630287, "e": 0.0855755, "g": 0.196607, "h": 0.0865251, "i": 0.0238938, "l": 0.0276034, "k": 0.201093, "m": 0.0237776, "f": 0.0145167, "p": 0.0434653, "s": 0.37105, "t": 0.13494, "w": 0.0151735, "y": 0.0195306, "v": 0.0247625 },
  "d": { "a": 0.0972547, "r": 0.0171349, "n": 0.283161, "c": 0.0107228, "q": 0.0448801, "e": 0.48494, "g": 0.100986, "h": 0.0302373, "i": 0.0169054, "l": 0.0148063, "k": 0.0519006, "m": 0.0200063, "f": 0.00993083, "p": 0.0417822, "s": 0.108789, "t": 0.0525481, "w": 0.0102386, "y": 0.01135, "v": 0.0227077 },
  "c": { "a": 0.0433641, "r": 0.0651026, "n": 0.0271775, "d": 0.0203235, "q": 0.0226032, "e": 0.0210801, "g": 0.0346642, "h": 0.0302742, "i": 0.0155063, "l": 0.0155256, "k": 0.0164497, "m": 0.0179244, "f": 0.0160766, "p": 0.0123448, "s": 0.0622478, "t": 0.0323888, "w": 0.0193344, "y": 0.0417184, "v": 0.0634447 },
  "q": { "a": 0.0642648, "r": 0.0559987, "n": 0.0633737, "d": 0.070035, "c": 0.0131272, "e": 0.253013, "g": 0.0226376, "h": 0.17023, "i": 0.016782, "l": 0.0249528, "k": 0.133949, "m": 0.0295907, "f": 0.012248, "p": 0.0337357, "s": 0.0495563, "t": 0.0326961, "w": 0.0104323, "y": 0.0147833, "v": 0.0230714 },
  "e": { "a": 0.138554, "r": 0.019599, "n": 0.0563456, "d": 0.420431, "c": 0.0119896, "q": 0.244808, "g": 0.0447366, "h": 0.0233909, "i": 0.015085, "l": 0.0125048, "k": 0.117657, "m": 0.0253291, "f": 0.0107066, "p": 0.0341915, "s": 0.0677911, "t": 0.0400818, "w": 0.00765301, "y": 0.0128605, "v": 0.0232148 },
  "g": { "a": 0.197816, "r": 0.00953746, "n": 0.0680151, "d": 0.0913996, "c": 0.00898103, "q": 0.00984688, "e": 0.0370265, "h": 0.00800543, "i": 0.00697037, "l": 0.0123759, "k": 0.0129997, "m": 0.00728854, "f": 0.0075417, "p": 0.0147172, "s": 0.149603, "t": 0.024279, "w": 0.00406444, "y": 0.00734791, "v": 0.0268962 },
  "h": { "a": 0.0506126, "r": 0.0801234, "n": 0.113669, "d": 0.0971472, "c": 0.0247559, "q": 0.165971, "e": 0.0660343, "g": 0.05655, "i": 0.0299651, "l": 0.0324106, "k": 0.0358869, "m": 0.0240297, "f": 0.0263491, "p": 0.0756517, "s": 0.0822521, "t": 0.0357426, "w": 0.0198459, "y": 0.0438629, "v": 0.0248312 },
  "i": { "a": 0.0375865, "r": 0.0430731, "n": 0.0423224, "d": 0.0231215, "c": 0.0182438, "q": 0.0205791, "e": 0.0278959, "g": 0.0264251, "h": 0.0388611, "l": 0.317889, "k": 0.0215769, "m": 0.0620011, "f": 0.0362708, "p": 0.0247648, "s": 0.0254326, "t": 0.0752787, "w": 0.0126339, "y": 0.0194195, "v": 0.895208 },
  "l": { "a": 0.02052, "r": 0.0130928, "n": 0.0179012, "d": 0.00703251, "c": 0.00950949, "q": 0.0176067, "e": 0.0101043, "g": 0.0104563, "h": 0.00913093, "i": 0.142347, "k": 0.0200382, "m": 0.0873109, "f": 0.0581098, "p": 0.00935371, "s": 0.00961275, "t": 0.0172948, "w": 0.00452396, "y": 0.0161955, "v": 0.104285 },
  "k": { "a": 0.0453295, "r": 0.233903, "n": 0.0986303, "d": 0.0428752, "c": 0.00652284, "q": 0.118457, "e": 0.0590763, "g": 0.0261239, "h": 0.0206085, "i": 0.0107661, "l": 0.0134553, "m": 0.0251164, "f": 0.0056201, "p": 0.0140089, "s": 0.0458017, "t": 0.065009, "w": 0.00480276, "y": 0.00610071, "v": 0.00857578 },
  "m": { "a": 0.110848, "r": 0.105594, "n": 0.0890643, "d": 0.0671944, "c": 0.0492933, "q": 0.116361, "e": 0.0778809, "g": 0.0695964, "h": 0.065899, "i": 0.259004, "l": 0.621578, "k": 0.129996, "f": 0.0950362, "p": 0.0568033, "s": 0.0779432, "t": 0.123956, "w": 0.0501776, "y": 0.0816996, "v": 0.21773 },
  "f": { "a": 0.0155971, "r": 0.0153619, "n": 0.0254826, "d": 0.0142603, "c": 0.0128385, "q": 0.0162668, "e": 0.0161183, "g": 0.0443941, "h": 0.0373526, "i": 0.0455001, "l": 0.146323, "k": 0.0183872, "m": 0.0313488, "p": 0.0123515, "s": 0.0305259, "t": 0.0150517, "w": 0.014822, "y": 0.276007, "v": 0.0302018 },
  "p": { "a": 0.171959, "r": 0.0264486, "n": 0.0336401, "d": 0.026794, "c": 0.0133668, "q": 0.0286351, "e": 0.0365896, "g": 0.024115, "h": 0.0599424, "i": 0.0150216, "l": 0.0142676, "k": 0.0235853, "m": 0.0125145, "f": 0.0138594, "s": 0.17091, "t": 0.0562728, "w": 0.00906067, "y": 0.0171797, "v": 0.0420897 },
  "s": { "a": 0.399798, "r": 0.0331978, "n": 0.181008, "d": 0.0787564, "c": 0.0212908, "q": 0.0298761, "e": 0.0549855, "g": 0.206496, "h": 0.0320268, "i": 0.0131037, "l": 0.019548, "k": 0.0374568, "m": 0.0142918, "f": 0.0126241, "p": 0.121694, "t": 0.36551, "w": 0.00719794, "y": 0.012511, "v": 0.0189384 },
  "t": { "a": 0.230792, "r": 0.0454511, "n": 0.0784212, "d": 0.0327063, "c": 0.0154788, "q": 0.0274931, "e": 0.0399007, "g": 0.0354979, "h": 0.0298754, "i": 0.0396672, "l": 0.0287359, "k": 0.0902314, "m": 0.0180437, "f": 0.00911769, "p": 0.0545161, "s": 0.382045, "w": 0.00728199, "y": 0.0167856, "v": 0.0894068 },
  "w": { "a": 0.0412196, "r": 0.0762531, "n": 0.0556544, "d": 0.0413794, "c": 0.039636, "q": 0.0379356, "e": 0.0401655, "g": 0.0391977, "h": 0.0494569, "i": 0.0409378, "l": 0.0520798, "k": 0.0672569, "m": 0.0486522, "f": 0.0399002, "p": 0.0364602, "s": 0.0772518, "t": 0.105144, "y": 0.0745286, "v": 0.0407573 },
  "y": { "a": 0.0432307, "r": 0.0391737, "n": 0.0369942, "d": 0.0247424, "c": 0.027554, "q": 0.0237049, "e": 0.0326213, "g": 0.0506862, "h": 0.0784496, "i": 0.0405481, "l": 0.103174, "k": 0.0469607, "m": 0.0371887, "f": 0.245307, "p": 0.0226331, "s": 0.0486292, "t": 0.0349233, "w": 0.0473913, "v": 0.0347614 },
  "v": { "a": 0.1579, "r": 0.0203525, "n": 0.0165969, "d": 0.011195, "c": 0.0148403, "q": 0.0164666, "e": 0.023544, "g": 0.0451264, "h": 0.0173157, "i": 0.441622, "l": 0.0959997, "k": 0.010967, "m": 0.0290612, "f": 0.0163912, "p": 0.0325015, "s": 0.0182692, "t": 0.112758, "w": 0.00688769, "y": 0.0117869 }
 }
}
