{
 "alphabet": "arndcqeghilkmfpstwyv",
 "insrate": 0.00343113,
 "insextprob": 0.657143,
 "delrate": 0.00713941,
 "delextprob": 0.456522,
 "rootprob":
 {
  "a": 0.0881305,
  "r": 0.0349786,
  "n": 0.037962,
  "d": 0.0436056,
  "c": 0.0378561,
  "q": 0.0376159,
  "e": 0.0662224,
  "g": 0.111661,
  "h": 0.0214298,
  "i": 0.0400789,
  "l": 0.0709339,
  "k": 0.0840931,
  "m": 0.0236812,
  "f": 0.0367042,
  "p": 0.0355446,
  "s": 0.0703417,
  "t": 0.0595234,
  "w": 0.0138898,
  "y": 0.0236758,
  "v": 0.0620714
 },
 "subrate":
 {
  "a": { "r": 0.024588, "n": 0.0179619, "d": 0.0291408, "c": 0.0132082, "q": 0.0538989, "e": 0.0785944, "g": 0.259041, "h": 0.0088809, "i": 0.011911, "l": 0.0166514, "k": 0.0260226, "m": 0.0122867, "f": 0.00748686, "p": 0.0999951, "s": 0.258405, "t": 0.162714, "w": 0.00687982, "y": 0.00996397, "v": 0.143236 },
  "r": { "a": 0.06082, "n": 0.0424892, "d": 0.02347, "c": 0.0116473, "q": 0.100828, "e": 0.0337741, "g": 0.0499283, "h": 0.037048, "i": 0.0364236, "l": 0.029496, "k": 0.415326, "m": 0.0287261, "f": 0.0136064, "p": 0.0358569, "s": 0.123944, "t": 0.0500479, "w": 0.0106253, "y": 0.0130563, "v": 0.0411373 },
  "n": { "a": 0.0498911, "r": 0.0363667, "d": 0.30357, "c": 0.0259493, "q": 0.0773029, "e": 0.0624474, "g": 0.109895, "h": 0.138397, "i": 0.0195247, "l": 0.0221589, "k": 0.197804, "m": 0.0169648, "f": 0.0176093, "p": 0.0340976, "s": 0.281477, "t": 0.153709, "w": 0.0143684, "y": 0.0148792, "v": 0.0195394 },
  "d": { "a": 0.0880143, "r": 0.0250851, "n": 0.232796, "c": 0.0086409, "q": 0.0536254, "e": 0.439297, "g": 0.121836, "h": 0.0615667, "i": 0.0146913, "l": 0.0133527, "k": 0.036195, "m": 0.0175513, "f": 0.00929745, "p": 0.0214275, "s": 0.0871369, "t": 0.0584679, "w": 0.00832909, "y": 0.0132082, "v": 0.0176659 },
  "c": { "a": 0.0478121, "r": 0.0131429, "n": 0.0196911, "d": 0.0111312, "q": 0.0138276, "e": 0.0109325, "g": 0.0545151, "h": 0.0205081, "i": 0.0157651, "l": 0.0177462, "k": 0.0108559, "m": 0.0125909, "f": 0.0226129, "p": 0.0116286, "s": 0.0410876, "t": 0.0303261, "w": 0.00971833, "y": 0.0239611, "v": 0.0568794 },
  "q": { "a": 0.12294, "r": 0.117297, "n": 0.117655, "d": 0.0671787, "c": 0.0153896, "e": 0.266653, "g": 0.0554401, "h": 0.173796, "i": 0.0255613, "l": 0.0574522, "k": 0.186647, "m": 0.0344413, "f": 0.0136685, "p": 0.0456088, "s": 0.105596, "t": 0.0607612, "w": 0.0115199, "y": 0.0149044, "v": 0.04728 },
  "e": { "a": 0.0878922, "r": 0.0245489, "n": 0.0524844, "d": 0.452193, "c": 0.00769027, "q": 0.232975, "g": 0.0786109, "h": 0.0401601, "i": 0.0255526, "l": 0.037735, "k": 0.130137, "m": 0.0194834, "f": 0.00882511, "p": 0.0222006, "s": 0.0567307, "t": 0.0581847, "w": 0.0076143, "y": 0.0118712, "v": 0.0415246 },
  "g": { "a": 0.234125, "r": 0.0164458, "n": 0.0797326, "d": 0.0683904, "c": 0.00654065, "q": 0.0194657, "e": 0.037015, "h": 0.0063711, "i": 0.00850522, "l": 0.00862762, "k": 0.019218, "m": 0.00635059, "f": 0.00799701, "p": 0.0311838, "s": 0.114089, "t": 0.0131229, "w": 0.00397254, "y": 0.00483183, "v": 0.0194426 },
  "h": { "a": 0.0348651, "r": 0.0840089, "n": 0.184577, "d": 0.0525625, "c": 0.0146612, "q": 0.170127, "e": 0.0289183, "g": 0.0240272, "i": 0.024836, "l": 0.0379742, "k": 0.0642207, "m": 0.0193964, "f": 0.0244092, "p": 0.0307034, "s": 0.0517911, "t": 0.0530185, "w": 0.0127455, "y": 0.0236934, "v": 0.0453997 },
  "i": { "a": 0.040056, "r": 0.0262452, "n": 0.0231358, "d": 0.0140867, "c": 0.0137722, "q": 0.0223201, "e": 0.02594, "g": 0.0207004, "h": 0.0323233, "l": 0.295337, "k": 0.0394204, "m": 0.125505, "f": 0.076376, "p": 0.018648, "s": 0.0261609, "t": 0.0660256, "w": 0.0104168, "y": 0.0225536, "v": 0.81005 },
  "l": { "a": 0.0356096, "r": 0.0173282, "n": 0.0154441, "d": 0.00708904, "c": 0.00619506, "q": 0.0333003, "e": 0.00990726, "g": 0.00853934, "h": 0.0134738, "i": 0.15637, "k": 0.0167181, "m": 0.122154, "f": 0.0710858, "p": 0.0132386, "s": 0.0183282, "t": 0.0158004, "w": 0.00654013, "y": 0.0117953, "v": 0.0630942 },
  "k": { "a": 0.0429447, "r": 0.236451, "n": 0.110091, "d": 0.0362577, "c": 0.00557777, "q": 0.052965, "e": 0.0612347, "g": 0.0348126, "h": 0.0171817, "i": 0.0233384, "l": 0.012277, "m": 0.0461994, "f": 0.00830292, "p": 0.0290314, "s": 0.0619196, "t": 0.0725338, "w": 0.00511266, "y": 0.0110819, "v": 0.0299037 },
  "m": { "a": 0.110719, "r": 0.0528057, "n": 0.0508796, "d": 0.0482841, "c": 0.0266124, "q": 0.0883572, "e": 0.0536158, "g": 0.0431172, "h": 0.0481921, "i": 0.261271, "l": 0.488365, "k": 0.0859733, "f": 0.109874, "p": 0.0369364, "s": 0.0605454, "t": 0.115789, "w": 0.0243657, "y": 0.0333338, "v": 0.210417 },
  "f": { "a": 0.0176884, "r": 0.0166046, "n": 0.0244034, "d": 0.0128542, "c": 0.011647, "q": 0.0196451, "e": 0.0148066, "g": 0.0152158, "h": 0.0227972, "i": 0.125914, "l": 0.151103, "k": 0.0169271, "m": 0.0434716, "p": 0.0175404, "s": 0.0503901, "t": 0.0208851, "w": 0.0144392, "y": 0.170344, "v": 0.0449187 },
  "p": { "a": 0.213119, "r": 0.048743, "n": 0.0366286, "d": 0.0341973, "c": 0.0116769, "q": 0.0707367, "e": 0.0356788, "g": 0.094572, "h": 0.0406067, "i": 0.0183687, "l": 0.0166155, "k": 0.0288884, "m": 0.0147542, "f": 0.0118415, "s": 0.210329, "t": 0.0837714, "w": 0.0105441, "y": 0.0211344, "v": 0.067586 },
  "s": { "a": 0.347214, "r": 0.0288223, "n": 0.168644, "d": 0.0578381, "c": 0.0253538, "q": 0.0459444, "e": 0.0493739, "g": 0.176391, "h": 0.0265413, "i": 0.0133354, "l": 0.0167441, "k": 0.0557442, "m": 0.010343, "f": 0.0146699, "p": 0.119712, "t": 0.35926, "w": 0.00876938, "y": 0.0126112, "v": 0.0167592 },
  "t": { "a": 0.190791, "r": 0.0236274, "n": 0.0841716, "d": 0.0451894, "c": 0.0198458, "q": 0.0330919, "e": 0.0511373, "g": 0.0325256, "h": 0.0230486, "i": 0.0461216, "l": 0.0236097, "k": 0.102593, "m": 0.0227863, "f": 0.0102579, "p": 0.0363322, "s": 0.343017, "w": 0.00682205, "y": 0.0121986, "v": 0.100703 },
  "w": { "a": 0.0457127, "r": 0.130595, "n": 0.0452539, "d": 0.0360671, "c": 0.031243, "q": 0.0387414, "e": 0.0380133, "g": 0.037836, "h": 0.0361449, "i": 0.0466133, "l": 0.0716869, "k": 0.0418124, "m": 0.0408095, "f": 0.0353202, "p": 0.036748, "s": 0.0780817, "t": 0.0427433, "y": 0.0346161, "v": 0.039828 },
  "y": { "a": 0.0339401, "r": 0.024119, "n": 0.0723041, "d": 0.0206052, "c": 0.0473263, "q": 0.0215566, "e": 0.0266246, "g": 0.0188092, "h": 0.0376858, "i": 0.0451371, "l": 0.0458224, "k": 0.0370221, "m": 0.0234976, "f": 0.262856, "p": 0.0261999, "s": 0.0343478, "t": 0.0342685, "w": 0.024469, "v": 0.037133 },
  "v": { "a": 0.192768, "r": 0.0293197, "n": 0.0123219, "d": 0.00958383, "c": 0.0158889, "q": 0.0168848, "e": 0.0401754, "g": 0.0207351, "h": 0.0215838, "i": 0.461219, "l": 0.0885628, "k": 0.0242911, "m": 0.0425471, "f": 0.01936, "p": 0.0202409, "s": 0.0174021, "t": 0.105092, "w": 0.00615961, "y": 0.0202287 }
 }
}
