{
 "alphabet": "arndcqeghilkmfpstwyv",
 "insrate": 0.00433436,
 "insextprob": 0.737705,
 "delrate": 0.00649571,
 "delextprob": 0.666667,
 "rootprob":
 {
  "a": 0.0893445,
  "r": 0.0412484,
  "n": 0.0497105,
  "d": 0.0548905,
  "c": 0.0283851,
  "q": 0.0462873,
  "e": 0.0596592,
  "g": 0.0821553,
  "h": 0.0269073,
  "i": 0.0249026,
  "l": 0.0807027,
  "k": 0.0826119,
  "m": 0.0149999,
  "f": 0.0330517,
  "p": 0.0497714,
  "s": 0.0605836,
  "t": 0.0648307,
  "w": 0.0101525,
  "y": 0.0347537,
  "v": 0.065051
 },
 "subrate":
 {
  "a": { "r": 0.0194185, "n": 0.0245986, "d": 0.0287886, "c": 0.023102, "q": 0.0262538, "e": 0.0791652, "g": 0.190857, "h": 0.0106402, "i": 0.0173362, "l": 0.0454583, "k": 0.0372225, "m": 0.0170692, "f": 0.0136992, "p": 0.0709469, "s": 0.296386, "t": 0.155004, "w": 0.00636514, "y": 0.00610936, "v": 0.187495 },
  "r": { "a": 0.041261, "n": 0.0279099, "d": 0.0182091, "c": 0.0123081, "q": 0.117322, "e": 0.0288355, "g": 0.0215126, "h": 0.0685295, "i": 0.0216587, "l": 0.0413953, "k": 0.373225, "m": 0.0258183, "f": 0.0100609, "p": 0.0396886, "s": 0.0619219, "t": 0.052058, "w": 0.0234487, "y": 0.00925878, "v": 0.0340865 },
  "n": { "a": 0.0610342, "r": 0.0448952, "d": 0.293386, "c": 0.0191425, "q": 0.120881, "e": 0.0760872, "g": 0.116054, "h": 0.0937346, "i": 0.0181919, "l": 0.0276712, "k": 0.20787, "m": 0.0195431, "f": 0.0183922, "p": 0.0304182, "s": 0.315997, "t": 0.133554, "w": 0.0118343, "y": 0.0152839, "v": 0.0199568 },
  "d": { "a": 0.0731051, "r": 0.0223661, "n": 0.398135, "c": 0.0126851, "q": 0.0642837, "e": 0.449059, "g": 0.0913617, "h": 0.0340862, "i": 0.0176031, "l": 0.0188886, "k": 0.0607028, "m": 0.0168603, "f": 0.0139529, "p": 0.0260601, "s": 0.132533, "t": 0.0671594, "w": 0.010765, "y": 0.0104996, "v": 0.0199056 },
  "c": { "a": 0.0660147, "r": 0.0159988, "n": 0.0191661, "d": 0.0160777, "q": 0.014288, "e": 0.0142451, "g": 0.0203546, "h": 0.0178468, "i": 0.0217673, "l": 0.0187119, "k": 0.0143438, "m": 0.0156794, "f": 0.016355, "p": 0.0163581, "s": 0.0884923, "t": 0.0313485, "w": 0.0121915, "y": 0.0334296, "v": 0.0615862 },
  "q": { "a": 0.0857455, "r": 0.137675, "n": 0.0845497, "d": 0.0555227, "c": 0.0110003, "e": 0.302286, "g": 0.0541571, "h": 0.175479, "i": 0.0181974, "l": 0.0490413, "k": 0.214531, "m": 0.0229978, "f": 0.0114132, "p": 0.0635626, "s": 0.0665268, "t": 0.051302, "w": 0.0131499, "y": 0.0138544, "v": 0.0228635 },
  "e": { "a": 0.120398, "r": 0.0239979, "n": 0.0559387, "d": 0.309006, "c": 0.00747013, "q": 0.270509, "g": 0.0556197, "h": 0.0448309, "i": 0.0180997, "l": 0.0145746, "k": 0.120201, "m": 0.0112203, "f": 0.00954191, "p": 0.0289018, "s": 0.0690989, "t": 0.0439161, "w": 0.00804369, "y": 0.00814202, "v": 0.0435782 },
  "g": { "a": 0.188404, "r": 0.0149691, "n": 0.0312092, "d": 0.0679115, "c": 0.00701249, "q": 0.0432906, "e": 0.0626605, "h": 0.0176384, "i": 0.0095032, "l": 0.0204239, "k": 0.0206433, "m": 0.0149612, "f": 0.0120895, "p": 0.0107363, "s": 0.106675, "t": 0.0271409, "w": 0.00490824, "y": 0.00526001, "v": 0.028843 },
  "h": { "a": 0.028788, "r": 0.100394, "n": 0.159505, "d": 0.0476462, "c": 0.0368214, "q": 0.18337, "e": 0.0966503, "g": 0.0335308, "i": 0.0176293, "l": 0.0328012, "k": 0.0472493, "m": 0.0337248, "f": 0.0172658, "p": 0.0624407, "s": 0.0395207, "t": 0.0313015, "w": 0.0142106, "y": 0.0213937, "v": 0.0289951 },
  "i": { "a": 0.0418006, "r": 0.0369938, "n": 0.0261758, "d": 0.0200356, "c": 0.0197072, "q": 0.0167097, "e": 0.022562, "g": 0.0286004, "h": 0.0129056, "l": 0.300594, "k": 0.0398865, "m": 0.0696221, "f": 0.0499444, "p": 0.0236949, "s": 0.0274455, "t": 0.0622045, "w": 0.0135933, "y": 0.013533, "v": 0.803611 },
  "l": { "a": 0.0306668, "r": 0.0218617, "n": 0.0182096, "d": 0.0140838, "c": 0.0108426, "q": 0.019659, "e": 0.0123716, "g": 0.00882876, "h": 0.007815, "i": 0.166401, "k": 0.0239927, "m": 0.107024, "f": 0.0832427, "p": 0.0190389, "s": 0.0191066, "t": 0.0290819, "w": 0.00700864, "y": 0.0112359, "v": 0.10004 },
  "k": { "a": 0.0323859, "r": 0.192011, "n": 0.075955, "d": 0.0215218, "c": 0.00444672, "q": 0.0782337, "e": 0.0627193, "g": 0.0207319, "h": 0.0175204, "i": 0.0112249, "l": 0.0169125, "m": 0.0291912, "f": 0.00627186, "p": 0.0381947, "s": 0.0411391, "t": 0.0799637, "w": 0.00692114, "y": 0.00528955, "v": 0.0226919 },
  "m": { "a": 0.121409, "r": 0.0619127, "n": 0.0639675, "d": 0.0761279, "c": 0.0358204, "q": 0.0657105, "e": 0.0550718, "g": 0.0525325, "h": 0.0389796, "i": 0.172834, "l": 0.49942, "k": 0.129303, "f": 0.0752083, "p": 0.0545202, "s": 0.0601495, "t": 0.104713, "w": 0.0311238, "y": 0.033596, "v": 0.167773 },
  "f": { "a": 0.0319216, "r": 0.0207631, "n": 0.018983, "d": 0.0147742, "c": 0.0115313, "q": 0.0129269, "e": 0.0111649, "g": 0.0174074, "h": 0.0120765, "i": 0.108847, "l": 0.140895, "k": 0.0122187, "m": 0.0296093, "p": 0.0115729, "s": 0.0219225, "t": 0.0250431, "w": 0.00946095, "y": 0.121685, "v": 0.0439451 },
  "p": { "a": 0.183648, "r": 0.039694, "n": 0.0308644, "d": 0.0244388, "c": 0.0195562, "q": 0.0999092, "e": 0.0425785, "g": 0.0487694, "h": 0.0366782, "i": 0.015939, "l": 0.0256224, "k": 0.0604973, "m": 0.0150923, "f": 0.0168499, "s": 0.141016, "t": 0.0666967, "w": 0.00973811, "y": 0.0156741, "v": 0.0413415 },
  "s": { "a": 0.39492, "r": 0.0540979, "n": 0.141087, "d": 0.0732208, "c": 0.0340657, "q": 0.0362492, "e": 0.0432245, "g": 0.152512, "h": 0.0226808, "i": 0.0144791, "l": 0.0286025, "k": 0.0539068, "m": 0.0117427, "f": 0.0316218, "p": 0.0808816, "t": 0.406831, "w": 0.00795805, "y": 0.00839203, "v": 0.0164451 },
  "t": { "a": 0.201113, "r": 0.0369102, "n": 0.0670397, "d": 0.0426127, "c": 0.0143884, "q": 0.0305129, "e": 0.0348822, "g": 0.0320662, "h": 0.0183973, "i": 0.0417904, "l": 0.0402046, "k": 0.0988989, "m": 0.0227544, "f": 0.0179199, "p": 0.0486706, "s": 0.454657, "w": 0.00808511, "y": 0.0158558, "v": 0.125365 },
  "w": { "a": 0.0556924, "r": 0.060841, "n": 0.0457283, "d": 0.0443049, "c": 0.0386614, "q": 0.0513499, "e": 0.0464902, "g": 0.0472778, "h": 0.0802104, "i": 0.0476939, "l": 0.0611867, "k": 0.0633775, "m": 0.0454154, "f": 0.0397938, "p": 0.0440229, "s": 0.0724186, "t": 0.0481362, "y": 0.0363399, "v": 0.0520478 },
  "y": { "a": 0.0331467, "r": 0.0156782, "n": 0.0265263, "d": 0.0231632, "c": 0.0133703, "q": 0.0192504, "e": 0.0241054, "g": 0.0140451, "h": 0.047143, "i": 0.0272281, "l": 0.0250697, "k": 0.0181616, "m": 0.0155018, "f": 0.193661, "p": 0.0132295, "s": 0.0157401, "t": 0.0158071, "w": 0.0114576, "v": 0.0396489 },
  "v": { "a": 0.172914, "r": 0.0158864, "n": 0.0109507, "d": 0.012788, "c": 0.0170984, "q": 0.0105876, "e": 0.0213036, "g": 0.0274936, "h": 0.00763654, "i": 0.490973, "l": 0.0916956, "k": 0.0184996, "m": 0.030054, "f": 0.0229474, "p": 0.0233092, "s": 0.0178695, "t": 0.0884232, "w": 0.00773148, "y": 0.00751692 }
 }
}
