{
 "alphabet": "arndcqeghilkmfpstwyv",
 "insrate": 0.00352075,
 "insextprob": 0.586207,
 "delrate": 0.00527752,
 "delextprob": 0.678571,
 "rootprob":
 {
  "a": 0.092959,
  "r": 0.034781,
  "n": 0.017283,
  "d": 0.0325821,
  "c": 0.0477305,
  "q": 0.0552613,
  "e": 0.0430303,
  "g": 0.103714,
  "h": 0.0288251,
  "i": 0.0524593,
  "l": 0.0729932,
  "k": 0.0962542,
  "m": 0.0298403,
  "f": 0.039241,
  "p": 0.0428147,
  "s": 0.0489745,
  "t": 0.073393,
  "w": 0.012138,
  "y": 0.0230619,
  "v": 0.0526632
 },
 "subrate":
 {
  "a": { "r": 0.0189217, "n": 0.0272195, "d": 0.0354729, "c": 0.0130016, "q": 0.0237956, "e": 0.0633052, "g": 0.207663, "h": 0.0136735, "i": 0.0146506, "l": 0.0302396, "k": 0.051851, "m": 0.0112545, "f": 0.00725973, "p": 0.0800761, "s": 0.312812, "t": 0.130887, "w": 0.00698493, "y": 0.0119772, "v": 0.0963143 },
  "r": { "a": 0.0489791, "n": 0.0376557, "d": 0.0249225, "c": 0.0135503, "q": 0.0811936, "e": 0.0294338, "g": 0.0296101, "h": 0.0875753, "i": 0.0327372, "l": 0.0200706, "k": 0.388575, "m": 0.0325888, "f": 0.0125854, "p": 0.0960743, "s": 0.099219, "t": 0.0572846, "w": 0.0343798, "y": 0.0122253, "v": 0.0250659 },
  "n": { "a": 0.0577606, "r": 0.0365319, "d": 0.328242, "c": 0.0188258, "q": 0.0500002, "e": 0.074728, "g": 0.18336, "h": 0.102881, "i": 0.032637, "l": 0.0219558, "k": 0.187224, "m": 0.0216485, "f": 0.0236431, "p": 0.0615347, "s": 0.280007, "t": 0.12195, "w": 0.0203205, "y": 0.0195944, "v": 0.0277148 },
  "d": { "a": 0.0785347, "r": 0.0236118, "n": 0.233202, "c": 0.0108309, "q": 0.074868, "e": 0.379096, "g": 0.0815934, "h": 0.0332151, "i": 0.0212502, "l": 0.0150149, "k": 0.0487205, "m": 0.0153408, "f": 0.0120709, "p": 0.0558772, "s": 0.129147, "t": 0.0404337, "w": 0.013259, "y": 0.0165809, "v": 0.0253822 },
  "c": { "a": 0.0410827, "r": 0.0107306, "n": 0.0116755, "d": 0.01079, "q": 0.0103093, "e": 0.0166772, "g": 0.044299, "h": 0.0106446, "i": 0.0127403, "l": 0.016451, "k": 0.0105644, "m": 0.0162238, "f": 0.0174692, "p": 0.0221783, "s": 0.108294, "t": 0.027531, "w": 0.0103627, "y": 0.045498, "v": 0.0352612 },
  "q": { "a": 0.0791301, "r": 0.10098, "n": 0.0482255, "d": 0.0558983, "c": 0.0153452, "e": 0.376208, "g": 0.0288273, "h": 0.145074, "i": 0.0275201, "l": 0.068298, "k": 0.0973731, "m": 0.0263092, "f": 0.011102, "p": 0.0605086, "s": 0.0636296, "t": 0.0546321, "w": 0.0147337, "y": 0.0116839, "v": 0.0388534 },
  "e": { "a": 0.192829, "r": 0.0327196, "n": 0.0602431, "d": 0.476673, "c": 0.0111928, "q": 0.238342, "g": 0.0610853, "h": 0.0255163, "i": 0.0227932, "l": 0.0265816, "k": 0.132632, "m": 0.0226254, "f": 0.0122633, "p": 0.0547096, "s": 0.0691517, "t": 0.0507434, "w": 0.0141942, "y": 0.0128558, "v": 0.0449913 },
  "g": { "a": 0.23871, "r": 0.00757916, "n": 0.0481632, "d": 0.0471203, "c": 0.01493, "q": 0.00776292, "e": 0.049106, "h": 0.010327, "i": 0.00748129, "l": 0.00519145, "k": 0.034702, "m": 0.00566451, "f": 0.00739374, "p": 0.0386328, "s": 0.155282, "t": 0.0350802, "w": 0.00677251, "y": 0.00563469, "v": 0.0180446 },
  "h": { "a": 0.0262461, "r": 0.0707653, "n": 0.129813, "d": 0.0886629, "c": 0.0159438, "q": 0.196304, "e": 0.049064, "g": 0.0278868, "i": 0.0382955, "l": 0.0599458, "k": 0.0289343, "m": 0.0221639, "f": 0.04848, "p": 0.0622124, "s": 0.0702552, "t": 0.0269902, "w": 0.0195569, "y": 0.0238772, "v": 0.0276231 },
  "i": { "a": 0.0345181, "r": 0.0198687, "n": 0.0436606, "d": 0.020644, "c": 0.0217258, "q": 0.0272596, "e": 0.0255692, "g": 0.0277556, "h": 0.0216461, "l": 0.296368, "k": 0.0497274, "m": 0.119819, "f": 0.0527686, "p": 0.0160781, "s": 0.028494, "t": 0.0916351, "w": 0.0152694, "y": 0.0256696, "v": 0.821008 },
  "l": { "a": 0.0423869, "r": 0.0215877, "n": 0.0203316, "d": 0.0119201, "c": 0.00992111, "q": 0.0205561, "e": 0.0169613, "g": 0.0123861, "h": 0.0219405, "i": 0.0976429, "k": 0.0219828, "m": 0.118331, "f": 0.0770294, "p": 0.00945913, "s": 0.0164295, "t": 0.0240888, "w": 0.018148, "y": 0.0227882, "v": 0.0866083 },
  "k": { "a": 0.0417504, "r": 0.178877, "n": 0.121448, "d": 0.0283645, "c": 0.00726077, "q": 0.0527185, "e": 0.0514025, "g": 0.034277, "h": 0.0241125, "i": 0.0226048, "l": 0.014139, "m": 0.0178378, "f": 0.00684516, "p": 0.0238182, "s": 0.0384857, "t": 0.0934244, "w": 0.0127415, "y": 0.00648048, "v": 0.0240022 },
  "m": { "a": 0.152262, "r": 0.0648964, "n": 0.0700153, "d": 0.0489848, "c": 0.0424363, "q": 0.106058, "e": 0.0591568, "g": 0.0658074, "h": 0.0507807, "i": 0.255472, "l": 0.458218, "k": 0.150957, "f": 0.0927582, "p": 0.0540952, "s": 0.0739637, "t": 0.126551, "w": 0.0382275, "y": 0.0653774, "v": 0.25104 },
  "f": { "a": 0.0243081, "r": 0.0194388, "n": 0.0224877, "d": 0.00929588, "c": 0.00904863, "q": 0.0104814, "e": 0.0130818, "g": 0.010528, "h": 0.0158633, "i": 0.0345452, "l": 0.0996012, "k": 0.0116842, "m": 0.0381012, "p": 0.009627, "s": 0.0332595, "t": 0.0122237, "w": 0.0170652, "y": 0.149067, "v": 0.0215569 },
  "p": { "a": 0.194927, "r": 0.0828703, "n": 0.0324386, "d": 0.0388737, "c": 0.0205206, "q": 0.0428888, "e": 0.0415965, "g": 0.0518647, "h": 0.0219569, "i": 0.0159133, "l": 0.0331166, "k": 0.0535158, "m": 0.0156123, "f": 0.00967098, "s": 0.151223, "t": 0.0865972, "w": 0.027221, "y": 0.0123209, "v": 0.0407378 },
  "s": { "a": 0.423606, "r": 0.0439125, "n": 0.146464, "d": 0.0755262, "c": 0.0308622, "q": 0.0260208, "e": 0.0458233, "g": 0.184888, "h": 0.0292771, "i": 0.0233195, "l": 0.0237155, "k": 0.0611261, "m": 0.0133027, "f": 0.013816, "p": 0.110526, "t": 0.325514, "w": 0.010047, "y": 0.0135833, "v": 0.0249933 },
  "t": { "a": 0.205799, "r": 0.0378593, "n": 0.0944659, "d": 0.0307742, "c": 0.0168538, "q": 0.02258, "e": 0.0642552, "g": 0.040673, "h": 0.0233539, "i": 0.0494122, "l": 0.0237622, "k": 0.124134, "m": 0.0194194, "f": 0.00804166, "p": 0.0598636, "s": 0.397181, "w": 0.00969851, "y": 0.0108197, "v": 0.0866863 },
  "w": { "a": 0.120333, "r": 0.0980375, "n": 0.145651, "d": 0.0943577, "c": 0.0851042, "q": 0.0906054, "e": 0.0998433, "g": 0.202951, "h": 0.165153, "i": 0.089111, "l": 0.0902121, "k": 0.114515, "m": 0.0873528, "f": 0.070908, "p": 0.15456, "s": 0.125337, "t": 0.104259, "y": 0.0731316, "v": 0.101419 },
  "y": { "a": 0.0399041, "r": 0.0238967, "n": 0.0821569, "d": 0.0226144, "c": 0.0353713, "q": 0.0205212, "e": 0.0267468, "g": 0.0225672, "h": 0.0282604, "i": 0.0351563, "l": 0.0536155, "k": 0.0393318, "m": 0.0340041, "f": 0.285089, "p": 0.0407516, "s": 0.0607809, "t": 0.0635236, "w": 0.0222648, "v": 0.0471825 },
  "v": { "a": 0.144872, "r": 0.0130765, "n": 0.0202181, "d": 0.0144491, "c": 0.0173274, "q": 0.0169839, "e": 0.0333299, "g": 0.0290315, "h": 0.0145111, "i": 0.537604, "l": 0.125888, "k": 0.0305932, "m": 0.0489914, "f": 0.0210791, "p": 0.0139845, "s": 0.0225923, "t": 0.129245, "w": 0.0103708, "y": 0.0235533 }
 }
}
