{
 "alphabet": "arndcqeghilkmfpstwyv",
 "insrate": 0.0072209,
 "insextprob": 0.691358,
 "delrate": 0.00577025,
 "delextprob": 0.649123,
 "rootprob":
 {
  "a": 0.0527942,
  "r": 0.0495815,
  "n": 0.0433416,
  "d": 0.0342077,
  "c": 0.0464858,
  "q": 0.0358328,
  "e": 0.042592,
  "g": 0.0866237,
  "h": 0.0349323,
  "i": 0.0334535,
  "l": 0.0789385,
  "k": 0.100621,
  "m": 0.0149429,
  "f": 0.0342082,
  "p": 0.0549089,
  "s": 0.069578,
  "t": 0.058114,
  "w": 0.0158604,
  "y": 0.0331535,
  "v": 0.0798299
 },
 "subrate":
 {
  "a": { "r": 0.0273327, "n": 0.0355233, "d": 0.0341579, "c": 0.0196068, "q": 0.0261497, "e": 0.14282, "g": 0.165498, "h": 0.0128471, "i": 0.0221949, "l": 0.0293119, "k": 0.0470975, "m": 0.0277364, "f": 0.0137772, "p": 0.103103, "s": 0.360673, "t": 0.177253, "w": 0.00653071, "y": 0.0104249, "v": 0.199966 },
  "r": { "a": 0.0300617, "n": 0.0386331, "d": 0.0281352, "c": 0.0214113, "q": 0.14333, "e": 0.0589032, "g": 0.0358196, "h": 0.0416558, "i": 0.0243825, "l": 0.0162234, "k": 0.406062, "m": 0.0155231, "f": 0.0143392, "p": 0.0450486, "s": 0.0923387, "t": 0.0295494, "w": 0.0179007, "y": 0.0130353, "v": 0.0203892 },
  "n": { "a": 0.0826313, "r": 0.033235, "d": 0.414722, "c": 0.0184514, "q": 0.0680105, "e": 0.113901, "g": 0.121342, "h": 0.0768535, "i": 0.0360261, "l": 0.0290137, "k": 0.194692, "m": 0.0268364, "f": 0.0176596, "p": 0.0467346, "s": 0.35907, "t": 0.214209, "w": 0.012926, "y": 0.0147795, "v": 0.0308719 },
  "d": { "a": 0.0652978, "r": 0.0170766, "n": 0.380352, "c": 0.0107918, "q": 0.0439622, "e": 0.499693, "g": 0.0663925, "h": 0.0341343, "i": 0.0184962, "l": 0.020583, "k": 0.0781245, "m": 0.0163092, "f": 0.0118887, "p": 0.0334676, "s": 0.0730355, "t": 0.0735369, "w": 0.0102859, "y": 0.0135211, "v": 0.0242495 },
  "c": { "a": 0.0460177, "r": 0.0153202, "n": 0.0131968, "d": 0.0174771, "q": 0.0167043, "e": 0.0119307, "g": 0.0130251, "h": 0.0276203, "i": 0.0113407, "l": 0.0143044, "k": 0.0285184, "m": 0.0190353, "f": 0.0155711, "p": 0.00972712, "s": 0.093911, "t": 0.0311628, "w": 0.00807705, "y": 0.0303314, "v": 0.039652 },
  "q": { "a": 0.0598375, "r": 0.077264, "n": 0.0830477, "d": 0.0443939, "c": 0.0135873, "e": 0.262485, "g": 0.0413601, "h": 0.147465, "i": 0.0225003, "l": 0.0377423, "k": 0.15678, "m": 0.044007, "f": 0.0255176, "p": 0.0820874, "s": 0.0646506, "t": 0.0341972, "w": 0.0117947, "y": 0.0165357, "v": 0.0252442 },
  "e": { "a": 0.129141, "r": 0.0253489, "n": 0.0772424, "d": 0.463883, "c": 0.0106688, "q": 0.188379, "g": 0.0447526, "h": 0.0230058, "i": 0.0193168, "l": 0.0375825, "k": 0.133463, "m": 0.019102, "f": 0.0135446, "p": 0.0478717, "s": 0.0628394, "t": 0.085723, "w": 0.0108154, "y": 0.0120224, "v": 0.0482739 },
  "g": { "a": 0.257958, "r": 0.0417318, "n": 0.077983, "d": 0.0375493, "c": 0.0140569, "q": 0.0169734, "e": 0.0490739, "h": 0.0145524, "i": 0.0119535, "l": 0.00962785, "k": 0.0330581, "m": 0.0125977, "f": 0.0108957, "p": 0.0443052, "s": 0.146954, "t": 0.0305079, "w": 0.0055484, "y": 0.00759105, "v": 0.032 },
  "h": { "a": 0.0223904, "r": 0.0863953, "n": 0.0806905, "d": 0.0467476, "c": 0.014339, "q": 0.219116, "e": 0.0360927, "g": 0.0530225, "i": 0.0272521, "l": 0.0432888, "k": 0.047872, "m": 0.0195216, "f": 0.0303036, "p": 0.0346449, "s": 0.0332966, "t": 0.0340848, "w": 0.0126276, "y": 0.0967396, "v": 0.0358418 },
  "i": { "a": 0.0385407, "r": 0.03006, "n": 0.0223625, "d": 0.0180936, "c": 0.0136871, "q": 0.0206269, "e": 0.0271146, "g": 0.0236075, "h": 0.0230856, "l": 0.283718, "k": 0.0671987, "m": 0.0770064, "f": 0.0550933, "p": 0.0175089, "s": 0.0303066, "t": 0.0832675, "w": 0.00951732, "y": 0.0166218, "v": 0.710585 },
  "l": { "a": 0.0294169, "r": 0.00594202, "n": 0.00954074, "d": 0.00748927, "c": 0.00489725, "q": 0.0169286, "e": 0.0137942, "g": 0.0145255, "h": 0.0172927, "i": 0.105744, "k": 0.0209161, "m": 0.139407, "f": 0.0445597, "p": 0.0254025, "s": 0.0203391, "t": 0.0266002, "w": 0.00555249, "y": 0.00765065, "v": 0.0630253 },
  "k": { "a": 0.0277431, "r": 0.214092, "n": 0.133432, "d": 0.0366212, "c": 0.00533997, "q": 0.0784401, "e": 0.075704, "g": 0.0220258, "h": 0.035757, "i": 0.01485, "l": 0.0121565, "m": 0.0247781, "f": 0.00674053, "p": 0.0273442, "s": 0.0486931, "t": 0.0335819, "w": 0.00662399, "y": 0.00625082, "v": 0.0174915 },
  "m": { "a": 0.141296, "r": 0.0466239, "n": 0.0674367, "d": 0.05937, "c": 0.0354857, "q": 0.0864568, "e": 0.120942, "g": 0.0606927, "h": 0.0515432, "i": 0.216151, "l": 0.626646, "k": 0.19472, "f": 0.0974529, "p": 0.0687787, "s": 0.0830217, "t": 0.154199, "w": 0.0299041, "y": 0.0439472, "v": 0.178269 },
  "f": { "a": 0.0176028, "r": 0.0110584, "n": 0.0176358, "d": 0.0193621, "c": 0.00909258, "q": 0.01132, "e": 0.0111933, "g": 0.0208611, "h": 0.0282321, "i": 0.102233, "l": 0.105816, "k": 0.0159826, "m": 0.0182024, "p": 0.0325812, "s": 0.0288889, "t": 0.0163707, "w": 0.00909754, "y": 0.205523, "v": 0.031446 },
  "p": { "a": 0.175064, "r": 0.0530874, "n": 0.0282098, "d": 0.0190724, "c": 0.0301497, "q": 0.0590671, "e": 0.0383208, "g": 0.0928591, "h": 0.01119, "i": 0.0137245, "l": 0.0367689, "k": 0.0395359, "m": 0.0197416, "f": 0.0195331, "s": 0.144422, "t": 0.0616872, "w": 0.0138621, "y": 0.0121251, "v": 0.0248144 },
  "s": { "a": 0.428886, "r": 0.0436952, "n": 0.206746, "d": 0.0971656, "c": 0.0357733, "q": 0.0297647, "e": 0.0662173, "g": 0.162605, "h": 0.0246635, "i": 0.0207957, "l": 0.0213967, "k": 0.0578051, "m": 0.0145195, "f": 0.011062, "p": 0.0900778, "t": 0.342714, "w": 0.00792858, "y": 0.0118769, "v": 0.0223195 },
  "t": { "a": 0.204658, "r": 0.0200546, "n": 0.104413, "d": 0.0436178, "c": 0.0244344, "q": 0.0240795, "e": 0.0862857, "g": 0.0322599, "h": 0.0184814, "i": 0.0940147, "l": 0.0281664, "k": 0.058734, "m": 0.0373993, "f": 0.0131893, "p": 0.0548929, "s": 0.318434, "w": 0.00762993, "y": 0.01615, "v": 0.169411 },
  "w": { "a": 0.0396351, "r": 0.0886739, "n": 0.0390996, "d": 0.0364063, "c": 0.031518, "q": 0.0367918, "e": 0.0446243, "g": 0.0366191, "h": 0.0351771, "i": 0.0362397, "l": 0.0898153, "k": 0.0507642, "m": 0.0390163, "f": 0.137871, "p": 0.0526294, "s": 0.0732598, "t": 0.0398924, "y": 0.0786504, "v": 0.0360468 },
  "y": { "a": 0.0221449, "r": 0.0208879, "n": 0.0232389, "d": 0.0177831, "c": 0.0333587, "q": 0.0148957, "e": 0.0144495, "g": 0.0285393, "h": 0.0703317, "i": 0.0240638, "l": 0.0207133, "k": 0.0202413, "m": 0.0195904, "f": 0.397903, "p": 0.020295, "s": 0.0444282, "t": 0.0401505, "w": 0.0126397, "v": 0.0330664 },
  "v": { "a": 0.17933, "r": 0.0186666, "n": 0.0142952, "d": 0.0134743, "c": 0.0253831, "q": 0.0145359, "e": 0.033779, "g": 0.0347042, "h": 0.0204851, "i": 0.465253, "l": 0.123167, "k": 0.0254364, "m": 0.0414372, "f": 0.03476, "p": 0.0124299, "s": 0.0198289, "t": 0.11535, "w": 0.00561081, "y": 0.0123702 }
 }
}
