{
 "alphabet": "arndcqeghilkmfpstwyv",
 "insrate": 0.00577033,
 "insextprob": 0.5625,
 "delrate": 0.00467272,
 "delextprob": 0.7875,
 "rootprob":
 {
  "a": 0.0787004,
  "r": 0.0276311,
  "n": 0.0318274,
  "d": 0.0426273,
  "c": 0.0292766,
  "q": 0.0558829,
  "e": 0.0435596,
  "g": 0.101984,
  "h": 0.0151338,
  "i": 0.0407165,
  "l": 0.0829639,
  "k": 0.0811152,
  "m": 0.0202254,
  "f": 0.0457868,
  "p": 0.0511703,
  "s": 0.0788723,
  "t": 0.054633,
  "w": 0.0119921,
  "y": 0.0534509,
  "v": 0.0524503
 },
 "subrate":
 {
  "a": { "r": 0.0298552, "n": 0.0213078, "d": 0.0443406, "c": 0.0188841, "q": 0.0429108, "e": 0.0897312, "g": 0.185017, "h": 0.0189292, "i": 0.0164188, "l": 0.0292622, "k": 0.0424747, "m": 0.0205821, "f": 0.0112422, "p": 0.0929874, "s": 0.327617, "t": 0.180633, "w": 0.0047494, "y": 0.00974201, "v": 0.191631 },
  "r": { "a": 0.0389005, "n": 0.0285937, "d": 0.0269688, "c": 0.0134117, "q": 0.109806, "e": 0.030346, "g": 0.0311256, "h": 0.0572493, "i": 0.0224414, "l": 0.026114, "k": 0.332494, "m": 0.0224629, "f": 0.010173, "p": 0.0260004, "s": 0.0650794, "t": 0.0452654, "w": 0.0224036, "y": 0.0177123, "v": 0.0264732 },
  "n": { "a": 0.0573108, "r": 0.0378289, "d": 0.279257, "c": 0.0210868, "q": 0.0678651, "e": 0.0643366, "g": 0.154108, "h": 0.221514, "i": 0.0238462, "l": 0.0355685, "k": 0.173181, "m": 0.0221407, "f": 0.0173792, "p": 0.0361101, "s": 0.300031, "t": 0.104758, "w": 0.0117385, "y": 0.0235298, "v": 0.0211534 },
  "d": { "a": 0.0590219, "r": 0.0201349, "n": 0.245952, "c": 0.0143235, "q": 0.0645282, "e": 0.410468, "g": 0.074336, "h": 0.0656213, "i": 0.0209785, "l": 0.0216801, "k": 0.0527219, "m": 0.0148093, "f": 0.0136286, "p": 0.0376183, "s": 0.0985475, "t": 0.0391384, "w": 0.00868728, "y": 0.0129189, "v": 0.0167015 },
  "c": { "a": 0.0652803, "r": 0.0159005, "n": 0.0174621, "d": 0.0140583, "q": 0.0195651, "e": 0.0130517, "g": 0.0328947, "h": 0.0221872, "i": 0.0197295, "l": 0.0168534, "k": 0.0154225, "m": 0.0173408, "f": 0.0163261, "p": 0.0188894, "s": 0.0889129, "t": 0.0178042, "w": 0.0142807, "y": 0.043058, "v": 0.0397824 },
  "q": { "a": 0.113018, "r": 0.128608, "n": 0.0541127, "d": 0.052828, "c": 0.0171295, "e": 0.230361, "g": 0.0326393, "h": 0.264457, "i": 0.0239286, "l": 0.0504633, "k": 0.135433, "m": 0.0350599, "f": 0.0162904, "p": 0.0645943, "s": 0.0990048, "t": 0.059954, "w": 0.0130554, "y": 0.0232026, "v": 0.026156 },
  "e": { "a": 0.146399, "r": 0.032335, "n": 0.0444332, "d": 0.386706, "c": 0.00923514, "q": 0.213595, "g": 0.0584071, "h": 0.0300392, "i": 0.017935, "l": 0.0204642, "k": 0.128024, "m": 0.0138694, "f": 0.012731, "p": 0.0587562, "s": 0.0682046, "t": 0.0367, "w": 0.00840642, "y": 0.0104389, "v": 0.0211582 },
  "g": { "a": 0.230999, "r": 0.0170984, "n": 0.0694127, "d": 0.0364529, "c": 0.0069614, "q": 0.0106027, "e": 0.0639959, "h": 0.0155013, "i": 0.00662302, "l": 0.0102081, "k": 0.035753, "m": 0.00773463, "f": 0.0159577, "p": 0.0170414, "s": 0.107767, "t": 0.014927, "w": 0.00381153, "y": 0.00494929, "v": 0.0120944 },
  "h": { "a": 0.037461, "r": 0.0679134, "n": 0.140499, "d": 0.0470759, "c": 0.0283757, "q": 0.177115, "e": 0.0301105, "g": 0.0449293, "i": 0.020414, "l": 0.0439675, "k": 0.0460016, "m": 0.0356002, "f": 0.0200927, "p": 0.0285373, "s": 0.087055, "t": 0.0557834, "w": 0.0117431, "y": 0.0252466, "v": 0.0287437 },
  "i": { "a": 0.040155, "r": 0.0220458, "n": 0.0427322, "d": 0.0250126, "c": 0.0158073, "q": 0.0256018, "e": 0.0223508, "g": 0.0271558, "h": 0.0240133, "l": 0.384916, "k": 0.0485076, "m": 0.121663, "f": 0.0503836, "p": 0.0244006, "s": 0.0322142, "t": 0.0821898, "w": 0.0108244, "y": 0.0275891, "v": 0.849625 },
  "l": { "a": 0.033865, "r": 0.0132367, "n": 0.0150299, "d": 0.0077942, "c": 0.0106597, "q": 0.0247869, "e": 0.00773419, "g": 0.0136758, "h": 0.0158807, "i": 0.147972, "k": 0.0229337, "m": 0.140857, "f": 0.0728623, "p": 0.0189832, "s": 0.0142224, "t": 0.0248275, "w": 0.00625979, "y": 0.0124987, "v": 0.0887342 },
  "k": { "a": 0.047266, "r": 0.22372, "n": 0.126896, "d": 0.031142, "c": 0.00604167, "q": 0.0947398, "e": 0.0753384, "g": 0.0427745, "h": 0.0329777, "i": 0.0204751, "l": 0.0239312, "m": 0.025413, "f": 0.00705258, "p": 0.0477242, "s": 0.0695813, "t": 0.0593178, "w": 0.00889439, "y": 0.0123479, "v": 0.0127124 },
  "m": { "a": 0.128883, "r": 0.0554463, "n": 0.0581222, "d": 0.0501325, "c": 0.0427376, "q": 0.0930357, "e": 0.0454682, "g": 0.0673157, "h": 0.0542922, "i": 0.214996, "l": 0.654124, "k": 0.108503, "f": 0.0791919, "p": 0.0485052, "s": 0.0641588, "t": 0.166831, "w": 0.025221, "y": 0.0512641, "v": 0.157477 },
  "f": { "a": 0.0311154, "r": 0.0101915, "n": 0.0106292, "d": 0.00877528, "c": 0.0182882, "q": 0.0102492, "e": 0.0089835, "g": 0.024213, "h": 0.0246611, "i": 0.0480299, "l": 0.1466, "k": 0.0127771, "m": 0.0340256, "p": 0.00864387, "s": 0.0174358, "t": 0.0141448, "w": 0.0120321, "y": 0.157432, "v": 0.0232724 },
  "p": { "a": 0.151553, "r": 0.0489024, "n": 0.0285444, "d": 0.0224225, "c": 0.0149111, "q": 0.0459759, "e": 0.0469951, "g": 0.0374794, "h": 0.0368277, "i": 0.0149367, "l": 0.0252745, "k": 0.042924, "m": 0.013335, "f": 0.017587, "s": 0.132218, "t": 0.0433248, "w": 0.0069915, "y": 0.0106046, "v": 0.0304373 },
  "s": { "a": 0.38068, "r": 0.04275, "n": 0.137107, "d": 0.0677103, "c": 0.0252717, "q": 0.0477589, "e": 0.0527381, "g": 0.160446, "h": 0.0324602, "i": 0.0139884, "l": 0.0269631, "k": 0.0547261, "m": 0.0179363, "f": 0.0107855, "p": 0.0942838, "t": 0.358, "w": 0.00548729, "y": 0.0116253, "v": 0.0180212 },
  "t": { "a": 0.254553, "r": 0.0365853, "n": 0.0570716, "d": 0.0413604, "c": 0.0106086, "q": 0.0311746, "e": 0.054518, "g": 0.0318555, "h": 0.0201286, "i": 0.0621791, "l": 0.0324582, "k": 0.0638268, "m": 0.0361195, "f": 0.0129019, "p": 0.0587071, "s": 0.42967, "w": 0.00668769, "y": 0.0113928, "v": 0.124336 },
  "w": { "a": 0.032956, "r": 0.0649455, "n": 0.0392461, "d": 0.0306691, "c": 0.0386014, "q": 0.0352362, "e": 0.030066, "g": 0.031088, "h": 0.0318266, "i": 0.0301806, "l": 0.0345615, "k": 0.035849, "m": 0.0312866, "f": 0.0286803, "p": 0.0300271, "s": 0.104497, "t": 0.033514, "y": 0.0291714, "v": 0.0294343 },
  "y": { "a": 0.031203, "r": 0.0308531, "n": 0.0357838, "d": 0.0124778, "c": 0.0378061, "q": 0.0145596, "e": 0.0138779, "g": 0.0356503, "h": 0.0449364, "i": 0.0343164, "l": 0.037593, "k": 0.0378485, "m": 0.0169982, "f": 0.327959, "p": 0.0195288, "s": 0.063564, "t": 0.0276763, "w": 0.0110717, "v": 0.0299218 },
  "v": { "a": 0.186189, "r": 0.0117965, "n": 0.0209969, "d": 0.017138, "c": 0.00957267, "q": 0.0170775, "e": 0.0222462, "g": 0.0263297, "h": 0.0137915, "i": 0.459818, "l": 0.0982126, "k": 0.0204518, "m": 0.040309, "f": 0.0182489, "p": 0.0225926, "s": 0.0220359, "t": 0.0970221, "w": 0.00555151, "y": 0.0109337 }
 }
}
