{
 "alphabet": "arndcqeghilkmfpstwyv",
 "insrate": 0.00408384,
 "insextprob": 0.666667,
 "delrate": 0.00349991,
 "delextprob": 0.684211,
 "rootprob":
 {
  "a": 0.0763668,
  "r": 0.0468403,
  "n": 0.0443746,
  "d": 0.0468062,
  "c": 0.0430664,
  "q": 0.0219983,
  "e": 0.0536606,
  "g": 0.0800447,
  "h": 0.0399528,
  "i": 0.0412648,
  "l": 0.0819061,
  "k": 0.0999575,
  "m": 0.0067206,
  "f": 0.041901,
  "p": 0.0500518,
  "s": 0.064185,
  "t": 0.0473239,
  "w": 0.014507,
  "y": 0.0408514,
  "v": 0.0582202
 },
 "subrate":
 {
  "a": { "r": 0.022929, "n": 0.0326362, "d": 0.0522856, "c": 0.0224411, "q": 0.0492867, "e": 0.0782947, "g": 0.155307, "h": 0.0145781, "i": 0.0175368, "l": 0.0361643, "k": 0.0321717, "m": 0.0233193, "f": 0.0113609, "p": 0.124408, "s": 0.337025, "t": 0.193563, "w": 0.00598111, "y": 0.0140733, "v": 0.156166 },
  "r": { "a": 0.064047, "n": 0.0498844, "d": 0.0214367, "c": 0.0194559, "q": 0.112168, "e": 0.0275765, "g": 0.0334299, "h": 0.0835967, "i": 0.0757288, "l": 0.0318738, "k": 0.503208, "m": 0.0282668, "f": 0.02395, "p": 0.0565983, "s": 0.102463, "t": 0.0420701, "w": 0.0123802, "y": 0.0215033, "v": 0.0238205 },
  "n": { "a": 0.0758702, "r": 0.0490276, "d": 0.24516, "c": 0.0154811, "q": 0.067258, "e": 0.0668035, "g": 0.160546, "h": 0.0921412, "i": 0.0275085, "l": 0.0223041, "k": 0.105198, "m": 0.016947, "f": 0.0151947, "p": 0.0343358, "s": 0.247333, "t": 0.123936, "w": 0.0103464, "y": 0.0161984, "v": 0.032427 },
  "d": { "a": 0.102575, "r": 0.0214226, "n": 0.287231, "c": 0.0108486, "q": 0.0515845, "e": 0.437997, "g": 0.0858805, "h": 0.0315641, "i": 0.0147197, "l": 0.0155953, "k": 0.0404821, "m": 0.014184, "f": 0.0143327, "p": 0.0350189, "s": 0.0977966, "t": 0.0584096, "w": 0.0118883, "y": 0.0119094, "v": 0.0314752 },
  "c": { "a": 0.0796074, "r": 0.0239392, "n": 0.0208048, "d": 0.0153817, "q": 0.0129532, "e": 0.0101448, "g": 0.0260426, "h": 0.0249857, "i": 0.0244669, "l": 0.00922637, "k": 0.00975773, "m": 0.0112332, "f": 0.0209658, "p": 0.0271501, "s": 0.0672501, "t": 0.017221, "w": 0.00921478, "y": 0.0194422, "v": 0.0523184 },
  "q": { "a": 0.133651, "r": 0.0905619, "n": 0.133028, "d": 0.0857778, "c": 0.0193188, "e": 0.246324, "g": 0.0718406, "h": 0.0983036, "i": 0.0299122, "l": 0.0369064, "k": 0.172015, "m": 0.0612983, "f": 0.0221171, "p": 0.0363857, "s": 0.0954724, "t": 0.0923545, "w": 0.0152354, "y": 0.0207559, "v": 0.0386065 },
  "e": { "a": 0.187152, "r": 0.0245742, "n": 0.0768313, "d": 0.447966, "c": 0.011875, "q": 0.24786, "g": 0.072509, "h": 0.0283464, "i": 0.0165034, "l": 0.0147226, "k": 0.0935917, "m": 0.0158064, "f": 0.0141252, "p": 0.0344371, "s": 0.102503, "t": 0.0509587, "w": 0.010329, "y": 0.0119191, "v": 0.0383132 },
  "g": { "a": 0.144765, "r": 0.0114489, "n": 0.0410354, "d": 0.049771, "c": 0.0125946, "q": 0.0195303, "e": 0.0405155, "h": 0.00636355, "i": 0.011129, "l": 0.00783771, "k": 0.0186317, "m": 0.00742793, "f": 0.00850855, "p": 0.0237446, "s": 0.139168, "t": 0.0195423, "w": 0.00473434, "y": 0.00584833, "v": 0.0172194 },
  "h": { "a": 0.0777422, "r": 0.203441, "n": 0.189003, "d": 0.0677988, "c": 0.0354198, "q": 0.128191, "e": 0.061614, "g": 0.0436714, "i": 0.0462302, "l": 0.0446966, "k": 0.0532042, "m": 0.0252088, "f": 0.0272317, "p": 0.0335097, "s": 0.0588953, "t": 0.041411, "w": 0.0160398, "y": 0.0592432, "v": 0.040194 },
  "i": { "a": 0.0395564, "r": 0.0293538, "n": 0.0409158, "d": 0.0194634, "c": 0.015589, "q": 0.028188, "e": 0.0197609, "g": 0.0321219, "h": 0.0218423, "l": 0.213621, "k": 0.0256679, "m": 0.147785, "f": 0.0666929, "p": 0.021274, "s": 0.027103, "t": 0.0999127, "w": 0.0145755, "y": 0.0200021, "v": 0.720557 },
  "l": { "a": 0.0373472, "r": 0.00945875, "n": 0.0224634, "d": 0.0113037, "c": 0.0052906, "q": 0.019075, "e": 0.0103001, "g": 0.0174375, "h": 0.0167869, "i": 0.0848505, "k": 0.0248061, "m": 0.0802853, "f": 0.0527108, "p": 0.00850168, "s": 0.0244544, "t": 0.0265475, "w": 0.00848884, "y": 0.0235045, "v": 0.0536525 },
  "k": { "a": 0.063207, "r": 0.220356, "n": 0.103766, "d": 0.0288994, "c": 0.00984369, "q": 0.070349, "e": 0.0344185, "g": 0.0527137, "h": 0.0191054, "i": 0.0230505, "l": 0.0165862, "m": 0.0280495, "f": 0.00633946, "p": 0.0358764, "s": 0.0852212, "t": 0.0533203, "w": 0.00524037, "y": 0.00603142, "v": 0.0133216 },
  "m": { "a": 0.178273, "r": 0.0747752, "n": 0.120908, "d": 0.0672662, "c": 0.0462051, "q": 0.156833, "e": 0.0662909, "g": 0.0833359, "h": 0.0895079, "i": 0.278812, "l": 0.434254, "k": 0.197872, "f": 0.151605, "p": 0.0640927, "s": 0.102379, "t": 0.193424, "w": 0.0415625, "y": 0.06653, "v": 0.186819 },
  "f": { "a": 0.0168518, "r": 0.0167179, "n": 0.0127728, "d": 0.0151604, "c": 0.0123951, "q": 0.0135102, "e": 0.0102783, "g": 0.0471333, "h": 0.0337769, "i": 0.0521673, "l": 0.0884625, "k": 0.0185224, "m": 0.0549861, "p": 0.0100539, "s": 0.0424547, "t": 0.0172275, "w": 0.00977004, "y": 0.233984, "v": 0.0213489 },
  "p": { "a": 0.118348, "r": 0.0423615, "n": 0.0349058, "d": 0.0231657, "c": 0.0124885, "q": 0.0265246, "e": 0.0845768, "g": 0.0339957, "h": 0.0348631, "i": 0.0163953, "l": 0.041432, "k": 0.0345856, "m": 0.0232923, "f": 0.0131833, "s": 0.193162, "t": 0.0993357, "w": 0.00947368, "y": 0.0165317, "v": 0.0444859 },
  "s": { "a": 0.403722, "r": 0.0542262, "n": 0.165441, "d": 0.0749681, "c": 0.0285594, "q": 0.0378841, "e": 0.0663909, "g": 0.167641, "h": 0.0195841, "i": 0.0175883, "l": 0.0173719, "k": 0.0721239, "m": 0.0147971, "f": 0.0206934, "p": 0.112919, "t": 0.372918, "w": 0.00703406, "y": 0.0143684, "v": 0.0198639 },
  "t": { "a": 0.222842, "r": 0.0302759, "n": 0.094943, "d": 0.0397805, "c": 0.017545, "q": 0.0383471, "e": 0.0536481, "g": 0.0354055, "h": 0.0352349, "i": 0.073043, "l": 0.0455058, "k": 0.0682164, "m": 0.0311592, "f": 0.0185224, "p": 0.0464037, "s": 0.378186, "w": 0.00794278, "y": 0.010925, "v": 0.137799 },
  "w": { "a": 0.0580749, "r": 0.179236, "n": 0.0593725, "d": 0.0537087, "c": 0.0458975, "q": 0.0648925, "e": 0.051001, "g": 0.0509985, "h": 0.0993989, "i": 0.0519858, "l": 0.0538963, "k": 0.0544287, "m": 0.0523573, "f": 0.0731732, "p": 0.0516263, "s": 0.143948, "t": 0.0604122, "y": 0.131653, "v": 0.0513312 },
  "y": { "a": 0.0286697, "r": 0.0137369, "n": 0.0168111, "d": 0.0136676, "c": 0.0467271, "q": 0.0273784, "e": 0.0126372, "g": 0.0151285, "h": 0.044894, "i": 0.0258877, "l": 0.0263947, "k": 0.0148506, "m": 0.0295257, "f": 0.370778, "p": 0.0120894, "s": 0.0220077, "t": 0.019576, "w": 0.021644, "v": 0.0276738 },
  "v": { "a": 0.160702, "r": 0.0124687, "n": 0.0216918, "d": 0.0154379, "c": 0.0104602, "q": 0.0272516, "e": 0.0166525, "g": 0.0360411, "h": 0.0144728, "i": 0.418759, "l": 0.0801099, "k": 0.0211009, "m": 0.0509685, "f": 0.0155849, "p": 0.0311453, "s": 0.0183326, "t": 0.156826, "w": 0.0105926, "y": 0.0107236 }
 }
}
