{
 "alphabet": "arndcqeghilkmfpstwyv",
 "insrate": 0.00619127,
 "insextprob": 0.691176,
 "delrate": 0.00383457,
 "delextprob": 0.580645,
 "rootprob":
 {
  "a": 0.072648,
  "r": 0.0408845,
  "n": 0.0429548,
  "d": 0.0462803,
  "c": 0.040817,
  "q": 0.0361763,
  "e": 0.0472782,
  "g": 0.0944521,
  "h": 0.0587533,
  "i": 0.0389812,
  "l": 0.0829933,
  "k": 0.0878562,
  "m": 0.0147411,
  "f": 0.0389354,
  "p": 0.0494835,
  "s": 0.0525641,
  "t": 0.0549401,
  "w": 0.0195316,
  "y": 0.0333803,
  "v": 0.0463485
 },
 "subrate":
 {
  "a": { "r": 0.0174835, "n": 0.0218721, "d": 0.027092, "c": 0.0108209, "q": 0.0630765, "e": 0.0989748, "g": 0.170319, "h": 0.0105034, "i": 0.0212286, "l": 0.020367, "k": 0.0411333, "m": 0.0158528, "f": 0.00805611, "p": 0.0791724, "s": 0.3063, "t": 0.177461, "w": 0.00730593, "y": 0.00996181, "v": 0.143905 },
  "r": { "a": 0.0516799, "n": 0.0425358, "d": 0.026087, "c": 0.0259672, "q": 0.0908924, "e": 0.0228202, "g": 0.0407964, "h": 0.106064, "i": 0.0155631, "l": 0.0380663, "k": 0.452146, "m": 0.0300136, "f": 0.012792, "p": 0.0418331, "s": 0.0703081, "t": 0.0484365, "w": 0.0099228, "y": 0.0237137, "v": 0.0163623 },
  "n": { "a": 0.0553803, "r": 0.0366029, "d": 0.343376, "c": 0.0145389, "q": 0.0992858, "e": 0.0774344, "g": 0.186372, "h": 0.10658, "i": 0.0401248, "l": 0.0227337, "k": 0.197571, "m": 0.0324538, "f": 0.021319, "p": 0.0434166, "s": 0.316121, "t": 0.159513, "w": 0.0142268, "y": 0.0327443, "v": 0.0264679 },
  "d": { "a": 0.066906, "r": 0.017764, "n": 0.24097, "c": 0.0119431, "q": 0.0694911, "e": 0.467776, "g": 0.115709, "h": 0.0429211, "i": 0.0190451, "l": 0.0232969, "k": 0.0448669, "m": 0.0220695, "f": 0.0153799, "p": 0.0516004, "s": 0.0899277, "t": 0.0465995, "w": 0.0082105, "y": 0.011349, "v": 0.0186248 },
  "c": { "a": 0.0380963, "r": 0.0201317, "n": 0.0147552, "d": 0.0116953, "q": 0.0116071, "e": 0.0116818, "g": 0.0432104, "h": 0.0117925, "i": 0.0112391, "l": 0.0100786, "k": 0.0130851, "m": 0.0102067, "f": 0.0101425, "p": 0.0101599, "s": 0.114831, "t": 0.0240769, "w": 0.00881033, "y": 0.051148, "v": 0.0309972 },
  "q": { "a": 0.105788, "r": 0.0954529, "n": 0.0892865, "d": 0.078768, "c": 0.0154044, "e": 0.317958, "g": 0.0259711, "h": 0.178314, "i": 0.0282763, "l": 0.0324167, "k": 0.164204, "m": 0.023308, "f": 0.0113404, "p": 0.065634, "s": 0.104023, "t": 0.0583808, "w": 0.00908634, "y": 0.0124156, "v": 0.0233419 },
  "e": { "a": 0.122865, "r": 0.0241373, "n": 0.052768, "d": 0.423336, "c": 0.0105245, "q": 0.249732, "g": 0.0380222, "h": 0.038847, "i": 0.021468, "l": 0.0199683, "k": 0.110082, "m": 0.015697, "f": 0.0113663, "p": 0.0401421, "s": 0.0806554, "t": 0.0547178, "w": 0.00707232, "y": 0.00992594, "v": 0.0306664 },
  "g": { "a": 0.188537, "r": 0.0186581, "n": 0.0799226, "d": 0.0659504, "c": 0.00691728, "q": 0.0142948, "e": 0.0262715, "h": 0.0111374, "i": 0.0170144, "l": 0.0128127, "k": 0.0372646, "m": 0.0125155, "f": 0.00724907, "p": 0.0360631, "s": 0.162838, "t": 0.0290391, "w": 0.00483489, "y": 0.00540675, "v": 0.0138637 },
  "h": { "a": 0.0378219, "r": 0.118366, "n": 0.213375, "d": 0.0711074, "c": 0.0229075, "q": 0.229766, "e": 0.0603549, "g": 0.0447905, "i": 0.0226023, "l": 0.0689289, "k": 0.0460523, "m": 0.0221597, "f": 0.0263887, "p": 0.0627719, "s": 0.064181, "t": 0.0570471, "w": 0.0104146, "y": 0.0403803, "v": 0.0193413 },
  "i": { "a": 0.0344703, "r": 0.0191325, "n": 0.0369701, "d": 0.0258031, "c": 0.0184983, "q": 0.0302851, "e": 0.0335401, "g": 0.0231698, "h": 0.0184323, "l": 0.366099, "k": 0.0270673, "m": 0.0891914, "f": 0.0518945, "p": 0.0327607, "s": 0.0263979, "t": 0.0677916, "w": 0.00943347, "y": 0.0187961, "v": 0.855841 },
  "l": { "a": 0.0307606, "r": 0.0172154, "n": 0.0120486, "d": 0.0122383, "c": 0.0138558, "q": 0.0288109, "e": 0.0120807, "g": 0.0134699, "h": 0.0174178, "i": 0.210402, "k": 0.0162826, "m": 0.122106, "f": 0.0568155, "p": 0.0116774, "s": 0.0130441, "t": 0.0202797, "w": 0.00476556, "y": 0.013959, "v": 0.136096 },
  "k": { "a": 0.0465187, "r": 0.215063, "n": 0.107994, "d": 0.0427416, "c": 0.00609962, "q": 0.0617026, "e": 0.0650675, "g": 0.0240894, "h": 0.0184171, "i": 0.0167673, "l": 0.0172084, "m": 0.04845, "f": 0.00569108, "p": 0.0276304, "s": 0.0524936, "t": 0.0627341, "w": 0.00716666, "y": 0.00797105, "v": 0.0155124 },
  "m": { "a": 0.091807, "r": 0.0462795, "n": 0.0751307, "d": 0.0479789, "c": 0.0310205, "q": 0.0599818, "e": 0.0439361, "g": 0.0489095, "h": 0.043439, "i": 0.21699, "l": 0.634087, "k": 0.0783112, "f": 0.057876, "p": 0.04042, "s": 0.0708211, "t": 0.104495, "w": 0.0221857, "y": 0.0365066, "v": 0.196383 },
  "f": { "a": 0.0361604, "r": 0.0207401, "n": 0.0229117, "d": 0.012673, "c": 0.0201595, "q": 0.0145598, "e": 0.0155661, "g": 0.0198349, "h": 0.0148569, "i": 0.0617515, "l": 0.106747, "k": 0.0210025, "m": 0.0417551, "p": 0.0234954, "s": 0.0381732, "t": 0.0297838, "w": 0.00990839, "y": 0.238412, "v": 0.0369759 },
  "p": { "a": 0.214202, "r": 0.0326478, "n": 0.0327591, "d": 0.0445468, "c": 0.0106849, "q": 0.0499783, "e": 0.0383873, "g": 0.0524714, "h": 0.019827, "i": 0.0188061, "l": 0.0437011, "k": 0.0623728, "m": 0.0121857, "f": 0.0116984, "s": 0.112461, "t": 0.0528841, "w": 0.00756214, "y": 0.0122425, "v": 0.0245166 },
  "s": { "a": 0.414012, "r": 0.0273363, "n": 0.184096, "d": 0.058376, "c": 0.0311592, "q": 0.0560043, "e": 0.058337, "g": 0.170406, "h": 0.018197, "i": 0.0194122, "l": 0.0183279, "k": 0.0662044, "m": 0.013934, "f": 0.0129092, "p": 0.0677986, "t": 0.383288, "w": 0.00931238, "y": 0.0188944, "v": 0.0264088 },
  "t": { "a": 0.221581, "r": 0.025583, "n": 0.111006, "d": 0.0313765, "c": 0.0111033, "q": 0.0438691, "e": 0.0480286, "g": 0.031794, "h": 0.0232654, "i": 0.0420754, "l": 0.0305888, "k": 0.096485, "m": 0.0276684, "f": 0.00962021, "p": 0.0474232, "s": 0.342555, "w": 0.00682424, "y": 0.0257036, "v": 0.139557 },
  "w": { "a": 0.0280481, "r": 0.0668911, "n": 0.0377417, "d": 0.0249391, "c": 0.0221886, "q": 0.0255559, "e": 0.0245276, "g": 0.0303419, "h": 0.0254864, "i": 0.0244588, "l": 0.0393239, "k": 0.0339358, "m": 0.025876, "f": 0.0370067, "p": 0.024363, "s": 0.0738143, "t": 0.0280334, "y": 0.0245937, "v": 0.0237282 },
  "y": { "a": 0.0240481, "r": 0.0192326, "n": 0.0400633, "d": 0.0132131, "c": 0.0449476, "q": 0.0148999, "e": 0.0354527, "g": 0.0141696, "h": 0.0516233, "i": 0.0193074, "l": 0.0189567, "k": 0.0193139, "m": 0.0136257, "f": 0.268185, "p": 0.0191063, "s": 0.0379426, "t": 0.0574331, "w": 0.0181249, "v": 0.0192884 },
  "v": { "a": 0.14393, "r": 0.0166888, "n": 0.0239863, "d": 0.0208155, "c": 0.0126756, "q": 0.0220706, "e": 0.0346157, "g": 0.0236208, "h": 0.0101481, "i": 0.473814, "l": 0.128001, "k": 0.0210717, "m": 0.0400236, "f": 0.0199155, "p": 0.033892, "s": 0.0204337, "t": 0.119891, "w": 0.00600904, "y": 0.0144339 }
 }
}
