{
 "alphabet": "arndcqeghilkmfpstwyv",
 "insrate": 0.00457831,
 "insextprob": 0.5,
 "delrate": 0.00269565,
 "delextprob": 0.714286,
 "rootprob":
 {
  "a": 0.0781468,
  "r": 0.0516675,
  "n": 0.0368849,
  "d": 0.0580808,
  "c": 0.0370747,
  "q": 0.0372176,
  "e": 0.0524122,
  "g": 0.0676201,
  "h": 0.0329695,
  "i": 0.0345737,
  "l": 0.102849,
  "k": 0.0952156,
  "m": 0.0161007,
  "f": 0.0334003,
  "p": 0.0506838,
  "s": 0.0563804,
  "t": 0.0523837,
  "w": 0.0212459,
  "y": 0.0288889,
  "v": 0.0562042
 },
 "subrate":
 {
  "a": { "r": 0.0140079, "n": 0.0318375, "d": 0.0488845, "c": 0.0159759, "q": 0.0337343, "e": 0.0918323, "g": 0.231379, "h": 0.0127044, "i": 0.0211468, "l": 0.0434886, "k": 0.0302114, "m": 0.0137751, "f": 0.00884309, "p": 0.0860609, "s": 0.283049, "t": 0.174488, "w": 0.00606408, "y": 0.0107622, "v": 0.160556 },
  "r": { "a": 0.0254401, "n": 0.0935664, "d": 0.0204243, "c": 0.0171945, "q": 0.0679232, "e": 0.0328242, "g": 0.0253376, "h": 0.151677, "i": 0.0255324, "l": 0.0368666, "k": 0.413017, "m": 0.0242901, "f": 0.0115274, "p": 0.0403842, "s": 0.0494819, "t": 0.0401531, "w": 0.00932582, "y": 0.0186674, "v": 0.052219 },
  "n": { "a": 0.069049, "r": 0.0427572, "d": 0.245448, "c": 0.0214345, "q": 0.0776802, "e": 0.0752449, "g": 0.145569, "h": 0.104072, "i": 0.0309404, "l": 0.0559177, "k": 0.130343, "m": 0.0296118, "f": 0.029965, "p": 0.0415249, "s": 0.34156, "t": 0.144621, "w": 0.0112042, "y": 0.0360432, "v": 0.0307846 },
  "d": { "a": 0.0706236, "r": 0.0152957, "n": 0.118355, "c": 0.00714374, "q": 0.0409869, "e": 0.522938, "g": 0.115623, "h": 0.0276147, "i": 0.0165991, "l": 0.0136589, "k": 0.0265759, "m": 0.0120351, "f": 0.00954711, "p": 0.0174325, "s": 0.0857165, "t": 0.0238175, "w": 0.00715311, "y": 0.010709, "v": 0.0215952 },
  "c": { "a": 0.0364346, "r": 0.0180807, "n": 0.0204121, "d": 0.0112312, "q": 0.0131641, "e": 0.0126694, "g": 0.0148334, "h": 0.0170281, "i": 0.0343558, "l": 0.0157371, "k": 0.0135477, "m": 0.0156233, "f": 0.0106794, "p": 0.0329746, "s": 0.064625, "t": 0.0193672, "w": 0.00989849, "y": 0.0154332, "v": 0.0819374 },
  "q": { "a": 0.0814278, "r": 0.0983988, "n": 0.0788876, "d": 0.0806441, "c": 0.0127209, "e": 0.224748, "g": 0.041652, "h": 0.222153, "i": 0.0224138, "l": 0.0428121, "k": 0.134173, "m": 0.0290213, "f": 0.0156991, "p": 0.123108, "s": 0.0767365, "t": 0.0676098, "w": 0.0119098, "y": 0.0323072, "v": 0.033526 },
  "e": { "a": 0.165202, "r": 0.0258844, "n": 0.0470998, "d": 0.435068, "c": 0.00716199, "q": 0.186437, "g": 0.045533, "h": 0.0223293, "i": 0.0147521, "l": 0.011793, "k": 0.0807727, "m": 0.0119907, "f": 0.00979243, "p": 0.041007, "s": 0.055508, "t": 0.0360833, "w": 0.0090722, "y": 0.00972056, "v": 0.0434723 },
  "g": { "a": 0.200538, "r": 0.0120509, "n": 0.0763721, "d": 0.0755756, "c": 0.00562828, "q": 0.0214537, "e": 0.0630486, "h": 0.0126982, "i": 0.00929085, "l": 0.00825032, "k": 0.0353564, "m": 0.00709991, "f": 0.00656519, "p": 0.0316763, "s": 0.109743, "t": 0.0168558, "w": 0.00494956, "y": 0.0124674, "v": 0.0232199 },
  "h": { "a": 0.0264373, "r": 0.162999, "n": 0.150396, "d": 0.0668542, "c": 0.0247135, "q": 0.188928, "e": 0.0349808, "g": 0.0442072, "i": 0.0181063, "l": 0.0337517, "k": 0.0403439, "m": 0.0308186, "f": 0.0147608, "p": 0.0774339, "s": 0.0407638, "t": 0.0266829, "w": 0.0129293, "y": 0.0536722, "v": 0.0258201 },
  "i": { "a": 0.0644932, "r": 0.0215017, "n": 0.0390778, "d": 0.0257958, "c": 0.0163428, "q": 0.0302337, "e": 0.0261784, "g": 0.0299383, "h": 0.0259629, "l": 0.225002, "k": 0.0368473, "m": 0.0741967, "f": 0.0661256, "p": 0.0277006, "s": 0.0305008, "t": 0.114476, "w": 0.0112662, "y": 0.030107, "v": 0.886199 },
  "l": { "a": 0.0497943, "r": 0.011161, "n": 0.0109117, "d": 0.00860317, "c": 0.00518946, "q": 0.0247867, "e": 0.014109, "g": 0.0078074, "h": 0.0139939, "i": 0.111244, "k": 0.0139874, "m": 0.108712, "f": 0.0484448, "p": 0.0165366, "s": 0.0174931, "t": 0.0325472, "w": 0.00681672, "y": 0.0184819, "v": 0.103393 },
  "k": { "a": 0.0368731, "r": 0.205809, "n": 0.0786639, "d": 0.0223614, "c": 0.00495134, "q": 0.0518672, "e": 0.0697291, "g": 0.045569, "h": 0.0141408, "i": 0.0174234, "l": 0.0236934, "m": 0.0225201, "f": 0.00570476, "p": 0.0315078, "s": 0.0446777, "t": 0.0500968, "w": 0.00450073, "y": 0.0132659, "v": 0.0203558 },
  "m": { "a": 0.0872004, "r": 0.051537, "n": 0.0621367, "d": 0.0371133, "c": 0.0337117, "q": 0.0747558, "e": 0.0415114, "g": 0.0407603, "h": 0.0665309, "i": 0.134619, "l": 0.504566, "k": 0.132702, "f": 0.0619885, "p": 0.0519595, "s": 0.0539799, "t": 0.101572, "w": 0.0232585, "y": 0.050549, "v": 0.128976 },
  "f": { "a": 0.0175146, "r": 0.0202001, "n": 0.0314387, "d": 0.0137144, "c": 0.0121132, "q": 0.013651, "e": 0.0115988, "g": 0.0199884, "h": 0.0181545, "i": 0.0751277, "l": 0.131775, "k": 0.0210711, "m": 0.0303087, "p": 0.0193891, "s": 0.0200289, "t": 0.0260525, "w": 0.0179384, "y": 0.221826, "v": 0.0244206 },
  "p": { "a": 0.147117, "r": 0.0428916, "n": 0.0395988, "d": 0.0150871, "c": 0.0103212, "q": 0.0474937, "e": 0.0670364, "g": 0.0166782, "h": 0.0457417, "i": 0.0119147, "l": 0.0595551, "k": 0.0336512, "m": 0.0177738, "f": 0.0198035, "s": 0.143874, "t": 0.0630161, "w": 0.00733365, "y": 0.0109344, "v": 0.0190088 },
  "s": { "a": 0.408314, "r": 0.0430554, "n": 0.221557, "d": 0.0610169, "c": 0.0141496, "q": 0.0371898, "e": 0.0387251, "g": 0.157455, "h": 0.0324905, "i": 0.0205374, "l": 0.023504, "k": 0.0602711, "m": 0.019087, "f": 0.0133374, "p": 0.109086, "t": 0.361188, "w": 0.0099585, "y": 0.0154038, "v": 0.0249116 },
  "t": { "a": 0.247825, "r": 0.0403335, "n": 0.120577, "d": 0.0286846, "c": 0.0095076, "q": 0.0387935, "e": 0.0385896, "g": 0.0340836, "h": 0.0203688, "i": 0.0489069, "l": 0.0336179, "k": 0.0956613, "m": 0.0254638, "f": 0.0163256, "p": 0.0377506, "s": 0.32482, "w": 0.00780272, "y": 0.0177393, "v": 0.119973 },
  "w": { "a": 0.0317966, "r": 0.0806697, "n": 0.0451681, "d": 0.0284558, "c": 0.0213607, "q": 0.0387398, "e": 0.0552204, "g": 0.0371754, "h": 0.0316265, "i": 0.0259073, "l": 0.0299258, "k": 0.0341393, "m": 0.0262751, "f": 0.0730958, "p": 0.0257748, "s": 0.057464, "t": 0.0305621, "y": 0.0497883, "v": 0.0278878 },
  "y": { "a": 0.0269296, "r": 0.0388259, "n": 0.0346643, "d": 0.0413682, "c": 0.0488555, "q": 0.0176077, "e": 0.0181363, "g": 0.0214717, "h": 0.0529914, "i": 0.057965, "l": 0.0274532, "k": 0.0205684, "m": 0.0273258, "f": 0.318188, "p": 0.0266656, "s": 0.0282678, "t": 0.0506554, "w": 0.0349197, "v": 0.0256629 },
  "v": { "a": 0.223431, "r": 0.0132951, "n": 0.0207205, "d": 0.0201104, "c": 0.0138088, "q": 0.0313893, "e": 0.027202, "g": 0.0295772, "h": 0.0150471, "i": 0.519282, "l": 0.0883409, "k": 0.0216724, "m": 0.0332233, "f": 0.0214614, "p": 0.0202653, "s": 0.0196861, "t": 0.134685, "w": 0.00615096, "y": 0.0134066 }
 }
}
