{
 "alphabet": "arndcqeghilkmfpstwyv",
 "insrate": 0.00292645,
 "insextprob": 0.75,
 "delrate": 0.00351097,
 "delextprob": 0.571429,
 "rootprob":
 {
  "a": 0.0678931,
  "r": 0.0413312,
  "n": 0.0454458,
  "d": 0.038371,
  "c": 0.0398321,
  "q": 0.0236192,
  "e": 0.0588258,
  "g": 0.0964132,
  "h": 0.0305281,
  "i": 0.021224,
  "l": 0.0944855,
  "k": 0.0722426,
  "m": 0.0147791,
  "f": 0.038568,
  "p": 0.0672036,
  "s": 0.0818936,
  "t": 0.0508136,
  "w": 0.00884822,
  "y": 0.0395431,
  "v": 0.0681394
 },
 "subrate":
 {
  "a": { "r": 0.0235408, "n": 0.0287175, "d": 0.0385148, "c": 0.0231488, "q": 0.0357955, "e": 0.0606279, "g": 0.160907, "h": 0.0172822, "i": 0.0274756, "l": 0.0413014, "k": 0.0318877, "m": 0.0207915, "f": 0.0224467, "p": 0.113207, "s": 0.257387, "t": 0.148481, "w": 0.00649973, "y": 0.0134307, "v": 0.133678 },
  "r": { "a": 0.0484385, "n": 0.0537199, "d": 0.0326037, "c": 0.0105072, "q": 0.198948, "e": 0.0406163, "g": 0.0546044, "h": 0.0794978, "i": 0.0318906, "l": 0.0283533, "k": 0.440896, "m": 0.0276354, "f": 0.0152697, "p": 0.0732233, "s": 0.0867111, "t": 0.0483278, "w": 0.0340501, "y": 0.0182732, "v": 0.022196 },
  "n": { "a": 0.0699459, "r": 0.0468848, "d": 0.362905, "c": 0.0128179, "q": 0.10055, "e": 0.141596, "g": 0.134421, "h": 0.122835, "i": 0.0359884, "l": 0.03021, "k": 0.246329, "m": 0.0273557, "f": 0.0185189, "p": 0.0354142, "s": 0.272695, "t": 0.149772, "w": 0.0201197, "y": 0.0206696, "v": 0.0498382 },
  "d": { "a": 0.0998642, "r": 0.0184195, "n": 0.275777, "c": 0.00949518, "q": 0.0517514, "e": 0.587234, "g": 0.103083, "h": 0.0736767, "i": 0.0175394, "l": 0.0198472, "k": 0.0448968, "m": 0.0241181, "f": 0.0112594, "p": 0.0256701, "s": 0.06823, "t": 0.0381653, "w": 0.0136115, "y": 0.0180865, "v": 0.0233093 },
  "c": { "a": 0.0719497, "r": 0.0213803, "n": 0.0154636, "d": 0.0128804, "q": 0.0208689, "e": 0.013383, "g": 0.0143881, "h": 0.0179517, "i": 0.0389531, "l": 0.0129578, "k": 0.0125141, "m": 0.0135953, "f": 0.016362, "p": 0.0245415, "s": 0.0660231, "t": 0.033408, "w": 0.0119532, "y": 0.0635157, "v": 0.0354699 },
  "q": { "a": 0.118551, "r": 0.0797497, "n": 0.108011, "d": 0.0775721, "c": 0.0123999, "e": 0.231739, "g": 0.0522966, "h": 0.188569, "i": 0.0282617, "l": 0.0415436, "k": 0.145458, "m": 0.0294357, "f": 0.0167633, "p": 0.04607, "s": 0.0824583, "t": 0.0543594, "w": 0.0217351, "y": 0.0171542, "v": 0.0372851 },
  "e": { "a": 0.124407, "r": 0.0146633, "n": 0.0768266, "d": 0.392077, "c": 0.00663663, "q": 0.165401, "g": 0.0388207, "h": 0.054186, "i": 0.0160497, "l": 0.012889, "k": 0.0947727, "m": 0.0142726, "f": 0.00787705, "p": 0.0215021, "s": 0.0301232, "t": 0.0286276, "w": 0.0120967, "y": 0.00837675, "v": 0.0265203 },
  "g": { "a": 0.168276, "r": 0.0109256, "n": 0.0689005, "d": 0.085168, "c": 0.0165623, "q": 0.0157421, "e": 0.0276964, "h": 0.00971048, "i": 0.00734896, "l": 0.0151499, "k": 0.0179847, "m": 0.00960108, "f": 0.00579832, "p": 0.0479713, "s": 0.129675, "t": 0.020237, "w": 0.00536593, "y": 0.00505983, "v": 0.0145744 },
  "h": { "a": 0.0529892, "r": 0.143987, "n": 0.183916, "d": 0.0746068, "c": 0.0112653, "q": 0.156672, "e": 0.0447697, "g": 0.0512342, "i": 0.0475401, "l": 0.046819, "k": 0.0499154, "m": 0.0217955, "f": 0.0217176, "p": 0.0205584, "s": 0.0439833, "t": 0.0294361, "w": 0.0197893, "y": 0.0481117, "v": 0.0248954 },
  "i": { "a": 0.0725516, "r": 0.0311883, "n": 0.0301013, "d": 0.031512, "c": 0.0263398, "q": 0.0404682, "e": 0.0548175, "g": 0.0467217, "h": 0.026684, "l": 0.236951, "k": 0.0456643, "m": 0.129701, "f": 0.0631872, "p": 0.0339224, "s": 0.0471069, "t": 0.100977, "w": 0.0167419, "y": 0.0283142, "v": 0.934769 },
  "l": { "a": 0.0496171, "r": 0.0147215, "n": 0.00871464, "d": 0.0097773, "c": 0.00809834, "q": 0.0291152, "e": 0.0130512, "g": 0.00963458, "h": 0.0241868, "i": 0.093293, "k": 0.0295835, "m": 0.106963, "f": 0.033904, "p": 0.0146672, "s": 0.0199194, "t": 0.0147732, "w": 0.00709226, "y": 0.0087935, "v": 0.0965199 },
  "k": { "a": 0.0409572, "r": 0.212976, "n": 0.0853652, "d": 0.0131761, "c": 0.00445186, "q": 0.0735198, "e": 0.0414999, "g": 0.0154328, "h": 0.0130349, "i": 0.0247988, "l": 0.0362742, "m": 0.0291789, "f": 0.00736592, "p": 0.0119724, "s": 0.0628546, "t": 0.0676326, "w": 0.00717581, "y": 0.00792282, "v": 0.0148187 },
  "m": { "a": 0.160893, "r": 0.0720649, "n": 0.0578202, "d": 0.0535159, "c": 0.0340059, "q": 0.0761707, "e": 0.0618545, "g": 0.06365, "h": 0.0568493, "i": 0.239245, "l": 0.411579, "k": 0.215624, "f": 0.0924367, "p": 0.0647136, "s": 0.0848008, "t": 0.151016, "w": 0.0344807, "y": 0.0478905, "v": 0.149948 },
  "f": { "a": 0.0260151, "r": 0.0120129, "n": 0.0160207, "d": 0.0113848, "c": 0.0125038, "q": 0.017301, "e": 0.0109639, "g": 0.0127895, "h": 0.0131423, "i": 0.0484483, "l": 0.0945813, "k": 0.0216836, "m": 0.0254984, "p": 0.0119309, "s": 0.0640547, "t": 0.0338311, "w": 0.00988595, "y": 0.17992, "v": 0.0309602 },
  "p": { "a": 0.122609, "r": 0.0452138, "n": 0.0202738, "d": 0.0170332, "c": 0.0105086, "q": 0.0402174, "e": 0.0265273, "g": 0.0985702, "h": 0.0606625, "i": 0.0160392, "l": 0.0130146, "k": 0.0304182, "m": 0.0283373, "f": 0.00890119, "s": 0.177296, "t": 0.0719617, "w": 0.00809788, "y": 0.0103915, "v": 0.0127751 },
  "s": { "a": 0.341886, "r": 0.0238751, "n": 0.175863, "d": 0.0833613, "c": 0.0231218, "q": 0.0475756, "e": 0.0505125, "g": 0.178516, "h": 0.015794, "i": 0.0160656, "l": 0.0254319, "k": 0.0509646, "m": 0.014132, "f": 0.0183437, "p": 0.0964862, "t": 0.378089, "w": 0.00778893, "y": 0.0113916, "v": 0.0209559 },
  "t": { "a": 0.246684, "r": 0.0255304, "n": 0.112547, "d": 0.0308284, "c": 0.0198103, "q": 0.0400316, "e": 0.0462422, "g": 0.0312289, "h": 0.0165659, "i": 0.0786102, "l": 0.0342271, "k": 0.117858, "m": 0.0353897, "f": 0.0168832, "p": 0.0534639, "s": 0.408698, "w": 0.00959108, "y": 0.0124345, "v": 0.113108 },
  "w": { "a": 0.0728567, "r": 0.216338, "n": 0.107827, "d": 0.0689857, "c": 0.0450268, "q": 0.0800253, "e": 0.104964, "g": 0.0642635, "h": 0.0716808, "i": 0.061558, "l": 0.057926, "k": 0.0730562, "m": 0.0597258, "f": 0.0540338, "p": 0.0606542, "s": 0.135521, "t": 0.0675831, "y": 0.0558464, "v": 0.0593396 },
  "y": { "a": 0.0416407, "r": 0.0185633, "n": 0.037283, "d": 0.028126, "c": 0.0113301, "q": 0.0166238, "e": 0.0202832, "g": 0.0234424, "h": 0.0250453, "i": 0.0268469, "l": 0.0281276, "k": 0.0225483, "m": 0.0168051, "f": 0.36531, "p": 0.0141694, "s": 0.0517568, "t": 0.0220406, "w": 0.021673, "v": 0.0192618 },
  "v": { "a": 0.18722, "r": 0.0112296, "n": 0.0141009, "d": 0.012895, "c": 0.0153455, "q": 0.022398, "e": 0.0335473, "g": 0.036013, "h": 0.0116534, "i": 0.453633, "l": 0.0498637, "k": 0.0204951, "m": 0.0388204, "f": 0.0285022, "p": 0.0250708, "s": 0.0227411, "t": 0.0902738, "w": 0.0071096, "y": 0.0160759 }
 }
}
