{
 "alphabet": "arndcqeghilkmfpstwyv",
 "insrate": 0.00574812,
 "insextprob": 0.701493,
 "delrate": 0.00287615,
 "delextprob": 0.736842,
 "rootprob":
 {
  "a": 0.0904097,
  "r": 0.0513649,
  "n": 0.0345572,
  "d": 0.0511763,
  "c": 0.0377583,
  "q": 0.0359447,
  "e": 0.0727159,
  "g": 0.0592388,
  "h": 0.0360607,
  "i": 0.0479151,
  "l": 0.0817269,
  "k": 0.0941415,
  "m": 0.0195193,
  "f": 0.0377675,
  "p": 0.0442425,
  "s": 0.0630038,
  "t": 0.0604238,
  "w": 0.0141594,
  "y": 0.0211496,
  "v": 0.0467241
 },
 "subrate":
 {
  "a": { "r": 0.0278182, "n": 0.01999, "d": 0.0233558, "c": 0.0224521, "q": 0.0470906, "e": 0.0779615, "g": 0.228123, "h": 0.0159896, "i": 0.0163598, "l": 0.0370331, "k": 0.0356659, "m": 0.0196834, "f": 0.00946761, "p": 0.0673747, "s": 0.240565, "t": 0.159189, "w": 0.00699964, "y": 0.00978125, "v": 0.136252 },
  "r": { "a": 0.0426608, "n": 0.0473195, "d": 0.028711, "c": 0.00861376, "q": 0.082888, "e": 0.023148, "g": 0.0420225, "h": 0.0944941, "i": 0.0236777, "l": 0.0353502, "k": 0.410142, "m": 0.0370938, "f": 0.0115773, "p": 0.0527368, "s": 0.0632681, "t": 0.0425369, "w": 0.022905, "y": 0.0144712, "v": 0.0338354 },
  "n": { "a": 0.0521226, "r": 0.056271, "d": 0.3132, "c": 0.0146464, "q": 0.0824144, "e": 0.0536625, "g": 0.127009, "h": 0.123889, "i": 0.0339453, "l": 0.0339728, "k": 0.219707, "m": 0.0260025, "f": 0.021019, "p": 0.035238, "s": 0.285331, "t": 0.151096, "w": 0.0137429, "y": 0.0387382, "v": 0.0396462 },
  "d": { "a": 0.0759652, "r": 0.0210464, "n": 0.253139, "c": 0.0138902, "q": 0.0581331, "e": 0.467241, "g": 0.125433, "h": 0.024914, "i": 0.0206865, "l": 0.0336155, "k": 0.0514968, "m": 0.0152589, "f": 0.0105284, "p": 0.0357535, "s": 0.185272, "t": 0.0466207, "w": 0.00891022, "y": 0.0232247, "v": 0.0216518 },
  "c": { "a": 0.0322823, "r": 0.0205945, "n": 0.0119586, "d": 0.0109884, "q": 0.0101196, "e": 0.0104215, "g": 0.0191153, "h": 0.0162615, "i": 0.0107841, "l": 0.0117971, "k": 0.00886693, "m": 0.0112059, "f": 0.00846452, "p": 0.0173213, "s": 0.0586924, "t": 0.0179, "w": 0.00850875, "y": 0.0228741, "v": 0.0337526 },
  "q": { "a": 0.119288, "r": 0.159546, "n": 0.10632, "d": 0.0702394, "c": 0.0176893, "e": 0.291861, "g": 0.0590632, "h": 0.14084, "i": 0.023433, "l": 0.0622379, "k": 0.182029, "m": 0.0425981, "f": 0.0146327, "p": 0.127902, "s": 0.0676129, "t": 0.0523164, "w": 0.0124539, "y": 0.0375233, "v": 0.0356092 },
  "e": { "a": 0.154379, "r": 0.0237432, "n": 0.0424519, "d": 0.483971, "c": 0.00895056, "q": 0.283993, "g": 0.0682775, "h": 0.0296987, "i": 0.0241806, "l": 0.0248426, "k": 0.123124, "m": 0.0233837, "f": 0.0096017, "p": 0.0374086, "s": 0.0855768, "t": 0.040989, "w": 0.00808133, "y": 0.0249901, "v": 0.041322 },
  "g": { "a": 0.201995, "r": 0.0169985, "n": 0.0648201, "d": 0.0457828, "c": 0.00531624, "q": 0.0220252, "e": 0.035914, "h": 0.0156865, "i": 0.00977199, "l": 0.0135248, "k": 0.0144983, "m": 0.0164899, "f": 0.00985459, "p": 0.0574717, "s": 0.115212, "t": 0.0278515, "w": 0.00601629, "y": 0.00696971, "v": 0.0219292 },
  "h": { "a": 0.0364107, "r": 0.0780813, "n": 0.179118, "d": 0.0331322, "c": 0.0122597, "q": 0.147172, "e": 0.0396819, "g": 0.0325404, "i": 0.0225093, "l": 0.0357111, "k": 0.0404992, "m": 0.0209279, "f": 0.0486351, "p": 0.0586501, "s": 0.0540276, "t": 0.0360654, "w": 0.013583, "y": 0.0813891, "v": 0.0361503 },
  "i": { "a": 0.0349969, "r": 0.0237408, "n": 0.0369733, "d": 0.0201637, "c": 0.0129657, "q": 0.0254266, "e": 0.0275847, "g": 0.024741, "h": 0.0227425, "l": 0.365644, "k": 0.0432598, "m": 0.0989936, "f": 0.0766436, "p": 0.0378667, "s": 0.026524, "t": 0.0704027, "w": 0.0189064, "y": 0.0194791, "v": 0.830022 },
  "l": { "a": 0.0350594, "r": 0.0193281, "n": 0.0153918, "d": 0.0113095, "c": 0.00519394, "q": 0.0325649, "e": 0.0116042, "g": 0.0150135, "h": 0.0193761, "i": 0.160982, "k": 0.0155439, "m": 0.106794, "f": 0.0696036, "p": 0.0366736, "s": 0.020678, "t": 0.0349997, "w": 0.00814646, "y": 0.0101988, "v": 0.131102 },
  "k": { "a": 0.0376001, "r": 0.222142, "n": 0.10951, "d": 0.0276211, "c": 0.0039373, "q": 0.0761868, "e": 0.0598815, "g": 0.0213756, "h": 0.0234561, "i": 0.0188458, "l": 0.0107833, "m": 0.0132834, "f": 0.00982603, "p": 0.0366218, "s": 0.0345637, "t": 0.0660185, "w": 0.00519069, "y": 0.00831771, "v": 0.0165899 },
  "m": { "a": 0.11957, "r": 0.0601329, "n": 0.0506993, "d": 0.0333885, "c": 0.0232428, "q": 0.0815669, "e": 0.0514538, "g": 0.0464276, "h": 0.0382919, "i": 0.193362, "l": 0.448838, "k": 0.0727111, "f": 0.0561522, "p": 0.0407006, "s": 0.047849, "t": 0.0924052, "w": 0.0251434, "y": 0.0463026, "v": 0.163446 },
  "f": { "a": 0.0225878, "r": 0.0142362, "n": 0.0217595, "d": 0.0110997, "c": 0.0114583, "q": 0.0154151, "e": 0.0124941, "g": 0.0135977, "h": 0.019575, "i": 0.0721614, "l": 0.133949, "k": 0.0216415, "m": 0.0351838, "p": 0.0230132, "s": 0.0426954, "t": 0.0216353, "w": 0.014577, "y": 0.147724, "v": 0.0435904 },
  "p": { "a": 0.188855, "r": 0.0614306, "n": 0.0267426, "d": 0.0341194, "c": 0.0192912, "q": 0.108985, "e": 0.0334125, "g": 0.0565279, "h": 0.0354417, "i": 0.0312622, "l": 0.0431097, "k": 0.0666462, "m": 0.0147761, "f": 0.0120956, "s": 0.122612, "t": 0.0575603, "w": 0.00959459, "y": 0.011148, "v": 0.0351018 },
  "s": { "a": 0.336693, "r": 0.0460891, "n": 0.166454, "d": 0.0750217, "c": 0.0217897, "q": 0.0326543, "e": 0.0528807, "g": 0.137154, "h": 0.0271221, "i": 0.0171612, "l": 0.0224181, "k": 0.057235, "m": 0.0143188, "f": 0.00982207, "p": 0.0802856, "t": 0.394918, "w": 0.00850651, "y": 0.0160554, "v": 0.0214753 },
  "t": { "a": 0.192198, "r": 0.030367, "n": 0.0946217, "d": 0.0311961, "c": 0.0111493, "q": 0.027525, "e": 0.0418206, "g": 0.0348142, "h": 0.0184545, "i": 0.0620882, "l": 0.0294871, "k": 0.0995728, "m": 0.0292671, "f": 0.0121304, "p": 0.0441652, "s": 0.427998, "w": 0.0114427, "y": 0.0208451, "v": 0.154386 },
  "w": { "a": 0.0621494, "r": 0.0689742, "n": 0.0489132, "d": 0.0334474, "c": 0.0273512, "q": 0.0358747, "e": 0.0336382, "g": 0.0339295, "h": 0.0646628, "i": 0.0495818, "l": 0.0913904, "k": 0.0471248, "m": 0.0371428, "f": 0.0806243, "p": 0.0345652, "s": 0.105107, "t": 0.0386286, "y": 0.0353687, "v": 0.0432568 },
  "y": { "a": 0.0260291, "r": 0.0191791, "n": 0.0242743, "d": 0.0204026, "c": 0.013512, "q": 0.0564223, "e": 0.0286761, "g": 0.0221967, "h": 0.0296953, "i": 0.0200222, "l": 0.0267339, "k": 0.0257901, "m": 0.0218978, "f": 0.305914, "p": 0.0284441, "s": 0.0426744, "t": 0.0329948, "w": 0.0148745, "v": 0.0228097 },
  "v": { "a": 0.162388, "r": 0.0160706, "n": 0.0203076, "d": 0.0127937, "c": 0.0181585, "q": 0.0200599, "e": 0.0257679, "g": 0.0323379, "h": 0.0148281, "i": 0.504085, "l": 0.157577, "k": 0.0187743, "m": 0.0488177, "f": 0.033236, "p": 0.030212, "s": 0.0197306, "t": 0.105087, "w": 0.0134504, "y": 0.0128524 }
 }
}
