{
 "alphabet": "arndcqeghilkmfpstwyv",
 "insrate": 0.00297969,
 "insextprob": 0.666667,
 "delrate": 0.00324964,
 "delextprob": 0.571429,
 "rootprob":
 {
  "a": 0.100536,
  "r": 0.0508667,
  "n": 0.0481884,
  "d": 0.043657,
  "c": 0.0412376,
  "q": 0.0533299,
  "e": 0.0336328,
  "g": 0.100393,
  "h": 0.0381306,
  "i": 0.0284362,
  "l": 0.0728835,
  "k": 0.0753118,
  "m": 0.0142069,
  "f": 0.035749,
  "p": 0.050308,
  "s": 0.0724167,
  "t": 0.0421388,
  "w": 0.0164339,
  "y": 0.0185928,
  "v": 0.0635506
 },
 "subrate":
 {
  "a": { "r": 0.0162316, "n": 0.0259164, "d": 0.0248614, "c": 0.0245335, "q": 0.0313476, "e": 0.0758342, "g": 0.185048, "h": 0.0102448, "i": 0.0153338, "l": 0.020334, "k": 0.0259343, "m": 0.0187191, "f": 0.00979281, "p": 0.125319, "s": 0.307504, "t": 0.153881, "w": 0.00720638, "y": 0.00832074, "v": 0.190697 },
  "r": { "a": 0.0464607, "n": 0.0468096, "d": 0.0305549, "c": 0.0338073, "q": 0.105253, "e": 0.0232987, "g": 0.0286353, "h": 0.0906139, "i": 0.0173602, "l": 0.0481097, "k": 0.520621, "m": 0.022883, "f": 0.0103512, "p": 0.0455206, "s": 0.108489, "t": 0.0493835, "w": 0.016601, "y": 0.0132801, "v": 0.0250814 },
  "n": { "a": 0.0546164, "r": 0.0400709, "d": 0.312896, "c": 0.0230401, "q": 0.0800323, "e": 0.0560009, "g": 0.117232, "h": 0.117109, "i": 0.0247058, "l": 0.0271448, "k": 0.185582, "m": 0.0190924, "f": 0.0131924, "p": 0.0308846, "s": 0.337882, "t": 0.167792, "w": 0.00995985, "y": 0.0167693, "v": 0.030649 },
  "d": { "a": 0.085, "r": 0.0184013, "n": 0.176811, "c": 0.0120041, "q": 0.0719834, "e": 0.395233, "g": 0.128671, "h": 0.0298806, "i": 0.0180994, "l": 0.0128314, "k": 0.0340841, "m": 0.0128244, "f": 0.00790849, "p": 0.0254379, "s": 0.0737607, "t": 0.046032, "w": 0.00741708, "y": 0.0151846, "v": 0.0186672 },
  "c": { "a": 0.055215, "r": 0.0273565, "n": 0.0194209, "d": 0.0129262, "q": 0.011819, "e": 0.0119656, "g": 0.0373844, "h": 0.0342914, "i": 0.0338103, "l": 0.0155156, "k": 0.0124148, "m": 0.0123513, "f": 0.00960228, "p": 0.0116589, "s": 0.135935, "t": 0.0293504, "w": 0.00861513, "y": 0.0103405, "v": 0.0375593 },
  "q": { "a": 0.108116, "r": 0.120784, "n": 0.106107, "d": 0.062996, "c": 0.0139532, "e": 0.238203, "g": 0.0385164, "h": 0.180323, "i": 0.0200672, "l": 0.077288, "k": 0.114878, "m": 0.0322913, "f": 0.0104403, "p": 0.0723894, "s": 0.0924701, "t": 0.0709286, "w": 0.00952611, "y": 0.0166278, "v": 0.0331597 },
  "e": { "a": 0.224608, "r": 0.0288183, "n": 0.0407051, "d": 0.406804, "c": 0.0130899, "q": 0.245096, "g": 0.0663598, "h": 0.0292215, "i": 0.0259329, "l": 0.019544, "k": 0.0966103, "m": 0.0160329, "f": 0.0100824, "p": 0.0299269, "s": 0.0509962, "t": 0.075379, "w": 0.00945227, "y": 0.020177, "v": 0.0371029 },
  "g": { "a": 0.23366, "r": 0.0120762, "n": 0.0509683, "d": 0.0708327, "c": 0.0133035, "q": 0.0104674, "e": 0.0367847, "h": 0.00669121, "i": 0.0102525, "l": 0.00708379, "k": 0.0153573, "m": 0.00636774, "f": 0.00468659, "p": 0.0636103, "s": 0.196537, "t": 0.030878, "w": 0.00544523, "y": 0.00694524, "v": 0.0299755 },
  "h": { "a": 0.0309015, "r": 0.0973271, "n": 0.165606, "d": 0.0778093, "c": 0.0164095, "q": 0.206144, "e": 0.0366053, "g": 0.0282427, "i": 0.0183128, "l": 0.0486347, "k": 0.0391056, "m": 0.0217237, "f": 0.0142137, "p": 0.070131, "s": 0.061053, "t": 0.0395884, "w": 0.0112655, "y": 0.0782158, "v": 0.0395373 },
  "i": { "a": 0.036311, "r": 0.0263863, "n": 0.0362226, "d": 0.018224, "c": 0.0207852, "q": 0.0257663, "e": 0.0261841, "g": 0.026614, "h": 0.0265026, "l": 0.395797, "k": 0.0257582, "m": 0.107254, "f": 0.0298101, "p": 0.0272949, "s": 0.0347494, "t": 0.0854442, "w": 0.0120349, "y": 0.0159263, "v": 0.812366 },
  "l": { "a": 0.0236846, "r": 0.0131126, "n": 0.00970473, "d": 0.00710755, "c": 0.0055293, "q": 0.029732, "e": 0.00779066, "g": 0.00799547, "h": 0.0152792, "i": 0.128581, "k": 0.0151303, "m": 0.128313, "f": 0.041314, "p": 0.0286682, "s": 0.0149103, "t": 0.0154127, "w": 0.0101405, "y": 0.00820174, "v": 0.0845648 },
  "k": { "a": 0.0356021, "r": 0.254268, "n": 0.112115, "d": 0.0427938, "c": 0.00782134, "q": 0.0583246, "e": 0.0509079, "g": 0.0166534, "h": 0.0254776, "i": 0.0170138, "l": 0.0192678, "m": 0.0351198, "f": 0.00614104, "p": 0.0191883, "s": 0.065286, "t": 0.109775, "w": 0.00613814, "y": 0.0106148, "v": 0.0173435 },
  "m": { "a": 0.100258, "r": 0.0709317, "n": 0.062406, "d": 0.0499921, "c": 0.0363217, "q": 0.0864157, "e": 0.0505347, "g": 0.0481525, "h": 0.0787891, "i": 0.209666, "l": 0.747438, "k": 0.123762, "f": 0.0678093, "p": 0.0690849, "s": 0.0849042, "t": 0.143154, "w": 0.0417455, "y": 0.0459966, "v": 0.146341 },
  "f": { "a": 0.0187814, "r": 0.0133834, "n": 0.0237126, "d": 0.0107448, "c": 0.0114491, "q": 0.0120219, "e": 0.0109857, "g": 0.0111997, "h": 0.024613, "i": 0.0565541, "l": 0.16807, "k": 0.011435, "m": 0.0340911, "p": 0.0112838, "s": 0.0481262, "t": 0.0179797, "w": 0.0119894, "y": 0.171929, "v": 0.027784 },
  "p": { "a": 0.146572, "r": 0.0185774, "n": 0.0211313, "d": 0.0445788, "c": 0.0107154, "q": 0.0455778, "e": 0.0292267, "g": 0.0340621, "h": 0.0162573, "i": 0.0133347, "l": 0.0332165, "k": 0.0285288, "m": 0.0122834, "f": 0.00681479, "s": 0.135838, "t": 0.0340076, "w": 0.010278, "y": 0.00826254, "v": 0.0306797 },
  "s": { "a": 0.362335, "r": 0.040957, "n": 0.171023, "d": 0.0605656, "c": 0.0247864, "q": 0.0407752, "e": 0.0340634, "g": 0.176866, "h": 0.0185955, "i": 0.014151, "l": 0.0180209, "k": 0.0554631, "m": 0.0109517, "f": 0.0124387, "p": 0.0916543, "t": 0.363629, "w": 0.0058573, "y": 0.0120201, "v": 0.0214642 },
  "t": { "a": 0.242308, "r": 0.0298095, "n": 0.112977, "d": 0.0363019, "c": 0.0200688, "q": 0.0418238, "e": 0.0363476, "g": 0.0354829, "h": 0.0250176, "i": 0.0505952, "l": 0.0345199, "k": 0.111633, "m": 0.0304341, "f": 0.0150342, "p": 0.0451776, "s": 0.438975, "w": 0.00963837, "y": 0.0160511, "v": 0.128609 },
  "w": { "a": 0.0445678, "r": 0.0543139, "n": 0.0328203, "d": 0.0214432, "c": 0.0198763, "q": 0.0276629, "e": 0.0222047, "g": 0.0212236, "h": 0.043853, "i": 0.0224816, "l": 0.0336546, "k": 0.0371451, "m": 0.0359098, "f": 0.0843646, "p": 0.0211889, "s": 0.0240972, "t": 0.0340867, "y": 0.0412025, "v": 0.0222187 },
  "y": { "a": 0.0274162, "r": 0.0236441, "n": 0.0290172, "d": 0.0223937, "c": 0.0429646, "q": 0.0256023, "e": 0.0248234, "g": 0.0277714, "h": 0.109021, "i": 0.0380045, "l": 0.0591644, "k": 0.0314513, "m": 0.0297935, "f": 0.222042, "p": 0.0240392, "s": 0.0503806, "t": 0.0471499, "w": 0.0196891, "v": 0.0398661 },
  "v": { "a": 0.19983, "r": 0.0155807, "n": 0.0202116, "d": 0.0128421, "c": 0.0152905, "q": 0.0180935, "e": 0.0299128, "g": 0.0284731, "h": 0.0158888, "i": 0.545766, "l": 0.134489, "k": 0.01829, "m": 0.0446236, "f": 0.014883, "p": 0.0334054, "s": 0.0238974, "t": 0.0888879, "w": 0.00669093, "y": 0.00887845 }
 }
}
