{
 "alphabet": "arndcqeghilkmfpstwyv",
 "insrate": 0.00407336,
 "insextprob": 0.819277,
 "delrate": 0.00434636,
 "delextprob": 0.68,
 "rootprob":
 {
  "a": 0.0651813,
  "r": 0.0336579,
  "n": 0.0455873,
  "d": 0.0453344,
  "c": 0.0392087,
  "q": 0.0235687,
  "e": 0.0695608,
  "g": 0.0937933,
  "h": 0.0276086,
  "i": 0.0510226,
  "l": 0.0885877,
  "k": 0.0777332,
  "m": 0.0234718,
  "f": 0.0306179,
  "p": 0.040756,
  "s": 0.0704376,
  "t": 0.0555124,
  "w": 0.0174776,
  "y": 0.0345948,
  "v": 0.0662872
 },
 "subrate":
 {
  "a": { "r": 0.0214622, "n": 0.0316554, "d": 0.0606951, "c": 0.0243001, "q": 0.0391371, "e": 0.0714884, "g": 0.174962, "h": 0.0193167, "i": 0.014709, "l": 0.0314839, "k": 0.0522122, "m": 0.0183416, "f": 0.0113398, "p": 0.109312, "s": 0.287235, "t": 0.155373, "w": 0.00613678, "y": 0.0077593, "v": 0.158438 },
  "r": { "a": 0.0306885, "n": 0.0339817, "d": 0.0360078, "c": 0.0149511, "q": 0.115488, "e": 0.0328484, "g": 0.0333298, "h": 0.120135, "i": 0.0178687, "l": 0.0246426, "k": 0.421673, "m": 0.038795, "f": 0.0127362, "p": 0.0396375, "s": 0.0633807, "t": 0.0446776, "w": 0.0150344, "y": 0.0135393, "v": 0.0207262 },
  "n": { "a": 0.0748213, "r": 0.0369214, "d": 0.316555, "c": 0.0163496, "q": 0.100532, "e": 0.0624108, "g": 0.144794, "h": 0.137222, "i": 0.041231, "l": 0.0306779, "k": 0.212254, "m": 0.0248317, "f": 0.0142829, "p": 0.0427795, "s": 0.209605, "t": 0.151031, "w": 0.0112269, "y": 0.0218941, "v": 0.0485265 },
  "d": { "a": 0.116725, "r": 0.021782, "n": 0.237971, "c": 0.0114372, "q": 0.101164, "e": 0.513533, "g": 0.119673, "h": 0.0480839, "i": 0.0309915, "l": 0.0160506, "k": 0.0534344, "m": 0.0144432, "f": 0.00957442, "p": 0.0442916, "s": 0.0860958, "t": 0.0523383, "w": 0.00831437, "y": 0.0117209, "v": 0.0319436 },
  "c": { "a": 0.0730463, "r": 0.0280351, "n": 0.014917, "d": 0.0100375, "q": 0.0138398, "e": 0.00983148, "g": 0.0133396, "h": 0.00975798, "i": 0.0149708, "l": 0.0114907, "k": 0.0225909, "m": 0.0114706, "f": 0.0109318, "p": 0.0273864, "s": 0.105032, "t": 0.0250566, "w": 0.00897415, "y": 0.0518743, "v": 0.0385317 },
  "q": { "a": 0.0912995, "r": 0.0886063, "n": 0.0812168, "d": 0.122264, "c": 0.0175361, "e": 0.261715, "g": 0.049042, "h": 0.154487, "i": 0.0342094, "l": 0.0443245, "k": 0.134463, "m": 0.0306661, "f": 0.0166478, "p": 0.0646079, "s": 0.0584222, "t": 0.0461785, "w": 0.0114435, "y": 0.0171908, "v": 0.0519538 },
  "e": { "a": 0.131598, "r": 0.0195598, "n": 0.0583311, "d": 0.442458, "c": 0.00897238, "q": 0.226387, "g": 0.0586783, "h": 0.0315867, "i": 0.0252607, "l": 0.0167261, "k": 0.0753012, "m": 0.0118056, "f": 0.00782042, "p": 0.0344535, "s": 0.0397811, "t": 0.0397447, "w": 0.00656089, "y": 0.0102611, "v": 0.035587 },
  "g": { "a": 0.227981, "r": 0.0267558, "n": 0.0458788, "d": 0.075367, "c": 0.00546253, "q": 0.0153273, "e": 0.0319369, "h": 0.010378, "i": 0.0126675, "l": 0.0131764, "k": 0.0152522, "m": 0.00740369, "f": 0.00962951, "p": 0.0118873, "s": 0.132089, "t": 0.0349693, "w": 0.0051775, "y": 0.00937695, "v": 0.0291743 },
  "h": { "a": 0.0281522, "r": 0.138365, "n": 0.0981429, "d": 0.0550166, "c": 0.0119052, "q": 0.166848, "e": 0.0568624, "g": 0.0216174, "i": 0.0215684, "l": 0.0202406, "k": 0.0452163, "m": 0.0316586, "f": 0.0224397, "p": 0.0373863, "s": 0.0331039, "t": 0.0301864, "w": 0.0128522, "y": 0.0731193, "v": 0.026553 },
  "i": { "a": 0.0337393, "r": 0.0215097, "n": 0.0578566, "d": 0.038096, "c": 0.0168183, "q": 0.0305271, "e": 0.0420243, "g": 0.0383093, "h": 0.0411061, "l": 0.416275, "k": 0.0277399, "m": 0.0850575, "f": 0.0304649, "p": 0.0298642, "s": 0.0306692, "t": 0.080228, "w": 0.0102514, "y": 0.015756, "v": 0.824709 },
  "l": { "a": 0.0160783, "r": 0.022816, "n": 0.0211612, "d": 0.0123398, "c": 0.00528502, "q": 0.0386352, "e": 0.0132177, "g": 0.0172225, "h": 0.0225406, "i": 0.138382, "k": 0.0226334, "m": 0.122564, "f": 0.0335821, "p": 0.0151704, "s": 0.0159461, "t": 0.0215695, "w": 0.00421882, "y": 0.00803747, "v": 0.10513 },
  "k": { "a": 0.0265005, "r": 0.212656, "n": 0.118316, "d": 0.050065, "c": 0.00776293, "q": 0.0953607, "e": 0.0549708, "g": 0.0237272, "h": 0.0218462, "i": 0.016547, "l": 0.0156643, "m": 0.0301514, "f": 0.00627686, "p": 0.0192269, "s": 0.0759155, "t": 0.0774381, "w": 0.00656981, "y": 0.00640201, "v": 0.0181063 },
  "m": { "a": 0.0993345, "r": 0.0560915, "n": 0.0561947, "d": 0.0420301, "c": 0.0276891, "q": 0.0960991, "e": 0.0504767, "g": 0.0457711, "h": 0.0458377, "i": 0.148112, "l": 0.587515, "k": 0.240544, "f": 0.0642831, "p": 0.0548749, "s": 0.0835339, "t": 0.136299, "w": 0.0208872, "y": 0.0307721, "v": 0.112664 },
  "f": { "a": 0.0169504, "r": 0.0117269, "n": 0.0121712, "d": 0.0111693, "c": 0.0226645, "q": 0.0165569, "e": 0.0155954, "g": 0.0164867, "h": 0.0195335, "i": 0.033297, "l": 0.109532, "k": 0.0113406, "m": 0.0204935, "p": 0.0125703, "s": 0.0276532, "t": 0.0139643, "w": 0.00924135, "y": 0.254069, "v": 0.0242685 },
  "p": { "a": 0.127181, "r": 0.0195035, "n": 0.0295383, "d": 0.0279249, "c": 0.0109274, "q": 0.0465218, "e": 0.0298508, "g": 0.0477135, "h": 0.0233204, "i": 0.0288778, "l": 0.0221035, "k": 0.02513, "m": 0.013252, "f": 0.0114391, "s": 0.143797, "t": 0.0446878, "w": 0.0119513, "y": 0.0116324, "v": 0.0281439 },
  "s": { "a": 0.478619, "r": 0.0289891, "n": 0.145304, "d": 0.0811011, "c": 0.0180182, "q": 0.0347718, "e": 0.0359177, "g": 0.153816, "h": 0.0262482, "i": 0.0151945, "l": 0.0199865, "k": 0.0615883, "m": 0.0187685, "f": 0.0124703, "p": 0.100595, "t": 0.41515, "w": 0.00888022, "y": 0.0100518, "v": 0.0246936 },
  "t": { "a": 0.24266, "r": 0.0283884, "n": 0.121762, "d": 0.0369456, "c": 0.0147423, "q": 0.02729, "e": 0.0351905, "g": 0.0497421, "h": 0.0181356, "i": 0.04303, "l": 0.0249313, "k": 0.078629, "m": 0.0396197, "f": 0.0151757, "p": 0.0457266, "s": 0.420854, "w": 0.00724458, "y": 0.00934406, "v": 0.119398 },
  "w": { "a": 0.0349086, "r": 0.197762, "n": 0.0318562, "d": 0.0296863, "c": 0.0268349, "q": 0.0426624, "e": 0.0297539, "g": 0.033341, "h": 0.0877318, "i": 0.0309121, "l": 0.0606524, "k": 0.0457155, "m": 0.0328496, "f": 0.0508785, "p": 0.0357219, "s": 0.0598491, "t": 0.032169, "y": 0.0282886, "v": 0.0315857 },
  "y": { "a": 0.0417811, "r": 0.0200336, "n": 0.049662, "d": 0.0189531, "c": 0.0410828, "q": 0.0219093, "e": 0.0272592, "g": 0.0240836, "h": 0.0584775, "i": 0.0267181, "l": 0.049773, "k": 0.0176719, "m": 0.0231563, "f": 0.389889, "p": 0.0163997, "s": 0.025429, "t": 0.0180262, "w": 0.0119004, "v": 0.0298686 },
  "v": { "a": 0.18851, "r": 0.0169386, "n": 0.0261094, "d": 0.0231113, "c": 0.0231651, "q": 0.0218406, "e": 0.0320391, "g": 0.0380933, "h": 0.0205838, "i": 0.465466, "l": 0.135405, "k": 0.0166883, "m": 0.0402047, "f": 0.0194258, "p": 0.0232299, "s": 0.0252448, "t": 0.108917, "w": 0.00601754, "y": 0.00970607 }
 }
}
