{
 "alphabet": "arndcqeghilkmfpstwyv",
 "insrate": 0.00448613,
 "insextprob": 0.666667,
 "delrate": 0.00568189,
 "delextprob": 0.666667,
 "rootprob":
 {
  "a": 0.0756074,
  "r": 0.0471087,
  "n": 0.0412853,
  "d": 0.0409784,
  "c": 0.0427325,
  "q": 0.036213,
  "e": 0.0336156,
  "g": 0.0882122,
  "h": 0.0256566,
  "i": 0.051875,
  "l": 0.0935762,
  "k": 0.0827697,
  "m": 0.0192036,
  "f": 0.0514423,
  "p": 0.0534656,
  "s": 0.0545376,
  "t": 0.0517798,
  "w": 0.0164606,
  "y": 0.0332937,
  "v": 0.0601859
 },
 "subrate":
 {
  "a": { "r": 0.0179945, "n": 0.033217, "d": 0.0333255, "c": 0.0127831, "q": 0.0384942, "e": 0.0785307, "g": 0.186344, "h": 0.0126362, "i": 0.0171073, "l": 0.0162636, "k": 0.0298242, "m": 0.016397, "f": 0.00781891, "p": 0.131923, "s": 0.293427, "t": 0.112745, "w": 0.00498475, "y": 0.0158519, "v": 0.114945 },
  "r": { "a": 0.0391198, "n": 0.0370218, "d": 0.0313375, "c": 0.0104603, "q": 0.0971694, "e": 0.03396, "g": 0.0272161, "h": 0.0973446, "i": 0.035917, "l": 0.0291042, "k": 0.301083, "m": 0.0336023, "f": 0.0109152, "p": 0.0666143, "s": 0.0797574, "t": 0.0385322, "w": 0.0201697, "y": 0.0148638, "v": 0.0235757 },
  "n": { "a": 0.0556128, "r": 0.0464886, "d": 0.392118, "c": 0.0270982, "q": 0.109563, "e": 0.0769581, "g": 0.158905, "h": 0.110425, "i": 0.0263955, "l": 0.0318561, "k": 0.125673, "m": 0.0208842, "f": 0.0129407, "p": 0.0270129, "s": 0.289125, "t": 0.141733, "w": 0.0179091, "y": 0.0230972, "v": 0.0285668 },
  "d": { "a": 0.0595731, "r": 0.0253965, "n": 0.309886, "c": 0.0122479, "q": 0.0745702, "e": 0.477945, "g": 0.160724, "h": 0.0237346, "i": 0.0157219, "l": 0.016478, "k": 0.0448774, "m": 0.0146093, "f": 0.0104784, "p": 0.0233057, "s": 0.123196, "t": 0.0402121, "w": 0.0113936, "y": 0.0228234, "v": 0.0194753 },
  "c": { "a": 0.0441952, "r": 0.0115249, "n": 0.0113527, "d": 0.0112359, "q": 0.0110417, "e": 0.0104571, "g": 0.0453033, "h": 0.0126893, "i": 0.0197732, "l": 0.0101715, "k": 0.010108, "m": 0.0180431, "f": 0.00989539, "p": 0.0136553, "s": 0.0767631, "t": 0.0157156, "w": 0.00836007, "y": 0.0471657, "v": 0.0237274 },
  "q": { "a": 0.0992282, "r": 0.0891592, "n": 0.0851955, "d": 0.0897203, "c": 0.0146503, "e": 0.266531, "g": 0.0780013, "h": 0.145656, "i": 0.0259756, "l": 0.0595749, "k": 0.207046, "m": 0.055046, "f": 0.0134948, "p": 0.0722734, "s": 0.120785, "t": 0.0612561, "w": 0.0128503, "y": 0.0175735, "v": 0.0333167 },
  "e": { "a": 0.125236, "r": 0.025226, "n": 0.0409734, "d": 0.432519, "c": 0.00977643, "q": 0.239836, "g": 0.102233, "h": 0.0271758, "i": 0.0145126, "l": 0.0204473, "k": 0.116127, "m": 0.0180594, "f": 0.00984505, "p": 0.0295388, "s": 0.0736143, "t": 0.0366745, "w": 0.0092863, "y": 0.0176055, "v": 0.0289027 },
  "g": { "a": 0.182409, "r": 0.0187282, "n": 0.062672, "d": 0.0830122, "c": 0.0130095, "q": 0.014416, "e": 0.0471907, "h": 0.00943127, "i": 0.0164742, "l": 0.00812124, "k": 0.0284076, "m": 0.00712959, "f": 0.0114008, "p": 0.02955, "s": 0.111075, "t": 0.0117622, "w": 0.00492284, "y": 0.00922043, "v": 0.0151958 },
  "h": { "a": 0.0374972, "r": 0.118803, "n": 0.135804, "d": 0.0316834, "c": 0.0151049, "q": 0.212587, "e": 0.0521877, "g": 0.026489, "i": 0.0284874, "l": 0.0653996, "k": 0.057351, "m": 0.0194121, "f": 0.0149681, "p": 0.0383176, "s": 0.0693603, "t": 0.0375152, "w": 0.0145731, "y": 0.0204868, "v": 0.0197232 },
  "i": { "a": 0.0452256, "r": 0.0321648, "n": 0.0468041, "d": 0.0237638, "c": 0.0243271, "q": 0.0271083, "e": 0.017799, "g": 0.0274531, "h": 0.0192107, "l": 0.374895, "k": 0.0252672, "m": 0.105543, "f": 0.0410606, "p": 0.022431, "s": 0.0249652, "t": 0.0927612, "w": 0.0123407, "y": 0.0193963, "v": 0.825919 },
  "l": { "a": 0.0196792, "r": 0.0111164, "n": 0.0104788, "d": 0.00839572, "c": 0.00432803, "q": 0.0293204, "e": 0.00778347, "g": 0.00935328, "h": 0.0136526, "i": 0.153842, "k": 0.0155261, "m": 0.124747, "f": 0.0682343, "p": 0.0172124, "s": 0.0100275, "t": 0.0257579, "w": 0.0106326, "y": 0.0103323, "v": 0.0911402 },
  "k": { "a": 0.0391994, "r": 0.208254, "n": 0.109243, "d": 0.0478194, "c": 0.00661481, "q": 0.0923598, "e": 0.0818388, "g": 0.0382368, "h": 0.0226455, "i": 0.0167375, "l": 0.0131425, "m": 0.0477066, "f": 0.00791127, "p": 0.0312229, "s": 0.0845721, "t": 0.0609598, "w": 0.00626141, "y": 0.0119578, "v": 0.0154146 },
  "m": { "a": 0.113133, "r": 0.0582519, "n": 0.0551389, "d": 0.0434247, "c": 0.0295674, "q": 0.0813569, "e": 0.0461779, "g": 0.069804, "h": 0.0437015, "i": 0.249735, "l": 0.654077, "k": 0.128411, "f": 0.110879, "p": 0.049405, "s": 0.0619824, "t": 0.145379, "w": 0.0347554, "y": 0.0470078, "v": 0.218811 },
  "f": { "a": 0.0259001, "r": 0.0127896, "n": 0.0126748, "d": 0.0117264, "c": 0.00779929, "q": 0.0126387, "e": 0.0128577, "g": 0.0262426, "h": 0.0232104, "i": 0.0560254, "l": 0.139033, "k": 0.0121277, "m": 0.0327641, "p": 0.016776, "s": 0.0233209, "t": 0.0177673, "w": 0.0194559, "y": 0.21532, "v": 0.0154066 },
  "p": { "a": 0.172783, "r": 0.0554943, "n": 0.0214275, "d": 0.0357025, "c": 0.0190947, "q": 0.0634414, "e": 0.0401448, "g": 0.0596617, "h": 0.0386274, "i": 0.0156797, "l": 0.0230778, "k": 0.0495534, "m": 0.0242834, "f": 0.0147357, "s": 0.124695, "t": 0.0834114, "w": 0.00857072, "y": 0.0106504, "v": 0.0432302 },
  "s": { "a": 0.439162, "r": 0.0514135, "n": 0.166098, "d": 0.0881179, "c": 0.0222492, "q": 0.0505095, "e": 0.0554923, "g": 0.181115, "h": 0.0234779, "i": 0.0195069, "l": 0.0193256, "k": 0.0750458, "m": 0.0165704, "f": 0.00995404, "p": 0.0989312, "t": 0.310077, "w": 0.007453, "y": 0.0199683, "v": 0.025221 },
  "t": { "a": 0.250663, "r": 0.0408241, "n": 0.112175, "d": 0.0399606, "c": 0.0147954, "q": 0.0400452, "e": 0.0444067, "g": 0.0356962, "h": 0.0229599, "i": 0.0595038, "l": 0.0376449, "k": 0.0643053, "m": 0.0354341, "f": 0.0122264, "p": 0.10428, "s": 0.398808, "w": 0.00922999, "y": 0.0172654, "v": 0.179601 },
  "w": { "a": 0.0403267, "r": 0.170494, "n": 0.032186, "d": 0.041989, "c": 0.0246623, "q": 0.0428413, "e": 0.031479, "g": 0.0383091, "h": 0.0328539, "i": 0.0402964, "l": 0.0631616, "k": 0.030979, "m": 0.0415263, "f": 0.0361513, "p": 0.0330422, "s": 0.0513295, "t": 0.0318579, "y": 0.0578501, "v": 0.0344095 },
  "y": { "a": 0.0353167, "r": 0.0189847, "n": 0.0255814, "d": 0.0232674, "c": 0.0233553, "q": 0.0168668, "e": 0.0236888, "g": 0.0195831, "h": 0.0686073, "i": 0.0254325, "l": 0.0404137, "k": 0.0297769, "m": 0.0270815, "f": 0.297096, "p": 0.0166162, "s": 0.0468464, "t": 0.0367644, "w": 0.0418624, "v": 0.02154 },
  "v": { "a": 0.249073, "r": 0.0171874, "n": 0.0301778, "d": 0.0213667, "c": 0.0243342, "q": 0.0373296, "e": 0.0276551, "g": 0.0381493, "h": 0.0141029, "i": 0.559268, "l": 0.123517, "k": 0.0193364, "m": 0.0616069, "f": 0.0153951, "p": 0.0344526, "s": 0.02548, "t": 0.108999, "w": 0.00781692, "y": 0.0148197 }
 }
}
