{
 "alphabet": "arndcqeghilkmfpstwyv",
 "insrate": 0.00767275,
 "insextprob": 0.67033,
 "delrate": 0.00665336,
 "delextprob": 0.682927,
 "rootprob":
 {
  "a": 0.0892458,
  "r": 0.0356586,
  "n": 0.0305644,
  "d": 0.0421322,
  "c": 0.0328676,
  "q": 0.0526605,
  "e": 0.0365494,
  "g": 0.098955,
  "h": 0.0255496,
  "i": 0.0491714,
  "l": 0.074102,
  "k": 0.0867021,
  "m": 0.0227221,
  "f": 0.0423335,
  "p": 0.0645551,
  "s": 0.0539879,
  "t": 0.0639299,
  "w": 0.0134659,
  "y": 0.0330843,
  "v": 0.0517627
 },
 "subrate":
 {
  "a": { "r": 0.017175, "n": 0.0219554, "d": 0.0448778, "c": 0.011041, "q": 0.0362205, "e": 0.0564335, "g": 0.170945, "h": 0.019881, "i": 0.015498, "l": 0.0268837, "k": 0.0383233, "m": 0.0199492, "f": 0.0143009, "p": 0.148779, "s": 0.355215, "t": 0.13366, "w": 0.0069977, "y": 0.0074208, "v": 0.121585 },
  "r": { "a": 0.034196, "n": 0.0486953, "d": 0.0203697, "c": 0.016704, "q": 0.124683, "e": 0.0285778, "g": 0.0261656, "h": 0.0791753, "i": 0.0319605, "l": 0.0443646, "k": 0.365289, "m": 0.0386069, "f": 0.0111091, "p": 0.0526018, "s": 0.0614112, "t": 0.0401071, "w": 0.0426869, "y": 0.011792, "v": 0.016413 },
  "n": { "a": 0.0381918, "r": 0.0362085, "d": 0.265625, "c": 0.0354601, "q": 0.0500379, "e": 0.0639444, "g": 0.114929, "h": 0.137175, "i": 0.0204741, "l": 0.0162943, "k": 0.22174, "m": 0.0200375, "f": 0.0114735, "p": 0.0423265, "s": 0.268321, "t": 0.10714, "w": 0.0119235, "y": 0.0130417, "v": 0.0242365 },
  "d": { "a": 0.069579, "r": 0.0244968, "n": 0.26937, "c": 0.0109432, "q": 0.0340183, "e": 0.419962, "g": 0.105112, "h": 0.0613129, "i": 0.0162252, "l": 0.0162383, "k": 0.0297066, "m": 0.0132625, "f": 0.0115557, "p": 0.0275946, "s": 0.121808, "t": 0.0479584, "w": 0.0104857, "y": 0.0140968, "v": 0.0170426 },
  "c": { "a": 0.0400291, "r": 0.0182185, "n": 0.0230674, "d": 0.0161537, "q": 0.0126777, "e": 0.012698, "g": 0.0210689, "h": 0.0137752, "i": 0.0317845, "l": 0.013557, "k": 0.0154695, "m": 0.0158484, "f": 0.0140873, "p": 0.0449379, "s": 0.130128, "t": 0.0356695, "w": 0.0124184, "y": 0.0237189, "v": 0.0160942 },
  "q": { "a": 0.082443, "r": 0.0930679, "n": 0.0890626, "d": 0.0522852, "c": 0.0125897, "e": 0.30037, "g": 0.0306971, "h": 0.113233, "i": 0.0219869, "l": 0.07142, "k": 0.146818, "m": 0.0281503, "f": 0.0104959, "p": 0.0970369, "s": 0.0558892, "t": 0.0395153, "w": 0.0147174, "y": 0.012158, "v": 0.0233454 },
  "e": { "a": 0.106954, "r": 0.025042, "n": 0.0560951, "d": 0.455842, "c": 0.00938243, "q": 0.231258, "g": 0.058157, "h": 0.0307949, "i": 0.0165738, "l": 0.0265294, "k": 0.0895382, "m": 0.0138548, "f": 0.00916971, "p": 0.037588, "s": 0.0518708, "t": 0.0328977, "w": 0.0103745, "y": 0.0140393, "v": 0.0297351 },
  "g": { "a": 0.165183, "r": 0.00907341, "n": 0.0673891, "d": 0.0581302, "c": 0.00811445, "q": 0.00923049, "e": 0.0437573, "h": 0.00958844, "i": 0.00891797, "l": 0.0114659, "k": 0.0404652, "m": 0.007827, "f": 0.0052927, "p": 0.0257497, "s": 0.176148, "t": 0.0192379, "w": 0.00507694, "y": 0.00478336, "v": 0.0265178 },
  "h": { "a": 0.041264, "r": 0.124534, "n": 0.206678, "d": 0.109447, "c": 0.018611, "q": 0.16304, "e": 0.0593221, "g": 0.0300322, "i": 0.0258443, "l": 0.0360361, "k": 0.0623141, "m": 0.0233044, "f": 0.0268945, "p": 0.0462089, "s": 0.0724253, "t": 0.0569317, "w": 0.01897, "y": 0.0291261, "v": 0.0243472 },
  "i": { "a": 0.0472012, "r": 0.0227801, "n": 0.0228575, "d": 0.0230797, "c": 0.0195341, "q": 0.0340883, "e": 0.0347071, "g": 0.0343873, "h": 0.0214919, "l": 0.329268, "k": 0.0342912, "m": 0.0734585, "f": 0.0991354, "p": 0.0269614, "s": 0.0307336, "t": 0.0974884, "w": 0.0198696, "y": 0.0247687, "v": 0.806174 },
  "l": { "a": 0.0584865, "r": 0.0188461, "n": 0.00965124, "d": 0.00767098, "c": 0.00556689, "q": 0.0344279, "e": 0.00810284, "g": 0.00880741, "h": 0.0156156, "i": 0.127008, "k": 0.0138128, "m": 0.0937292, "f": 0.0385351, "p": 0.0289018, "s": 0.0130832, "t": 0.0164518, "w": 0.0130378, "y": 0.01201, "v": 0.0761992 },
  "k": { "a": 0.0260721, "r": 0.20094, "n": 0.108712, "d": 0.0198604, "c": 0.00746864, "q": 0.0791208, "e": 0.0691727, "g": 0.0164842, "h": 0.0175113, "i": 0.0112496, "l": 0.0152806, "m": 0.0466743, "f": 0.00511784, "p": 0.0311106, "s": 0.0376387, "t": 0.0384466, "w": 0.00752212, "y": 0.00842465, "v": 0.0119146 },
  "m": { "a": 0.153949, "r": 0.0880409, "n": 0.0744331, "d": 0.058141, "c": 0.05672, "q": 0.129376, "e": 0.0653453, "g": 0.0656801, "h": 0.0708123, "i": 0.247608, "l": 0.693057, "k": 0.111112, "f": 0.0753211, "p": 0.0738415, "s": 0.089251, "t": 0.144433, "w": 0.0702974, "y": 0.0606355, "v": 0.153122 },
  "f": { "a": 0.027636, "r": 0.0111274, "n": 0.0195479, "d": 0.0119768, "c": 0.0131201, "q": 0.0114589, "e": 0.015976, "g": 0.024917, "h": 0.0155185, "i": 0.0578526, "l": 0.0973697, "k": 0.0272537, "m": 0.0298902, "p": 0.0169601, "s": 0.0232504, "t": 0.0245052, "w": 0.0127704, "y": 0.215452, "v": 0.0285295 },
  "p": { "a": 0.203188, "r": 0.0394454, "n": 0.0244363, "d": 0.0328289, "c": 0.0144282, "q": 0.0376768, "e": 0.0305031, "g": 0.0653447, "h": 0.0245975, "i": 0.0190622, "l": 0.0415605, "k": 0.0184134, "m": 0.0201901, "f": 0.00966432, "s": 0.158104, "t": 0.0433299, "w": 0.00886791, "y": 0.0133122, "v": 0.0335129 },
  "s": { "a": 0.399327, "r": 0.0268257, "n": 0.182029, "d": 0.0851925, "c": 0.0288498, "q": 0.0260755, "e": 0.0360253, "g": 0.171317, "h": 0.0242682, "i": 0.0141949, "l": 0.0190018, "k": 0.0563338, "m": 0.015957, "f": 0.0100789, "p": 0.0935838, "t": 0.286778, "w": 0.00759284, "y": 0.0104223, "v": 0.0166374 },
  "t": { "a": 0.169217, "r": 0.0229801, "n": 0.0787016, "d": 0.0411161, "c": 0.0166331, "q": 0.0348334, "e": 0.0367869, "g": 0.022148, "h": 0.0205931, "i": 0.0396978, "l": 0.0200825, "k": 0.0925766, "m": 0.019485, "f": 0.00815102, "p": 0.0453933, "s": 0.29851, "w": 0.0100763, "y": 0.00945822, "v": 0.0866797 },
  "w": { "a": 0.0875033, "r": 0.147187, "n": 0.080131, "d": 0.0698479, "c": 0.0555321, "q": 0.144829, "e": 0.074179, "g": 0.0992832, "h": 0.104537, "i": 0.0926503, "l": 0.135637, "k": 0.140281, "m": 0.0847228, "f": 0.110082, "p": 0.0796864, "s": 0.0788571, "t": 0.0856885, "y": 0.134919, "v": 0.0795042 },
  "y": { "a": 0.0202146, "r": 0.0134746, "n": 0.0921607, "d": 0.0171991, "c": 0.0535917, "q": 0.0131739, "e": 0.0420524, "g": 0.0176035, "h": 0.0535836, "i": 0.0221872, "l": 0.0169672, "k": 0.0474719, "m": 0.0176019, "f": 0.217142, "p": 0.0137977, "s": 0.0233664, "t": 0.0203782, "w": 0.0268546, "v": 0.0178521 },
  "v": { "a": 0.205934, "r": 0.0113546, "n": 0.0143663, "d": 0.0140041, "c": 0.0144512, "q": 0.0207132, "e": 0.0461905, "g": 0.030254, "h": 0.0146875, "i": 0.430107, "l": 0.10687, "k": 0.0248343, "m": 0.024551, "f": 0.0274154, "p": 0.0275576, "s": 0.0240594, "t": 0.138443, "w": 0.0105917, "y": 0.00894366 }
 }
}
