{
 "alphabet": "arndcqeghilkmfpstwyv",
 "insrate": 0.00514226,
 "insextprob": 0.746479,
 "delrate": 0.00457197,
 "delextprob": 0.709091,
 "rootprob":
 {
  "a": 0.0766351,
  "r": 0.0415209,
  "n": 0.0473553,
  "d": 0.0428545,
  "c": 0.0346948,
  "q": 0.0375933,
  "e": 0.0591121,
  "g": 0.103252,
  "h": 0.0275965,
  "i": 0.0515736,
  "l": 0.0810149,
  "k": 0.0652747,
  "m": 0.0114066,
  "f": 0.0594258,
  "p": 0.057365,
  "s": 0.0749811,
  "t": 0.0464084,
  "w": 0.0165076,
  "y": 0.0237535,
  "v": 0.0416744
 },
 "subrate":
 {
  "a": { "r": 0.0276276, "n": 0.0288991, "d": 0.0510042, "c": 0.0192066, "q": 0.0303191, "e": 0.0968814, "g": 0.126136, "h": 0.0111323, "i": 0.0200571, "l": 0.0334607, "k": 0.0416366, "m": 0.0260985, "f": 0.00672245, "p": 0.0752702, "s": 0.298955, "t": 0.181889, "w": 0.00445011, "y": 0.00761778, "v": 0.156495 },
  "r": { "a": 0.0685126, "n": 0.0461241, "d": 0.0264423, "c": 0.0158566, "q": 0.0957335, "e": 0.038469, "g": 0.0477093, "h": 0.0371702, "i": 0.0326181, "l": 0.0370049, "k": 0.533286, "m": 0.0411665, "f": 0.0151582, "p": 0.0664304, "s": 0.0979024, "t": 0.0464885, "w": 0.0130077, "y": 0.0162753, "v": 0.0354284 },
  "n": { "a": 0.0495974, "r": 0.0305051, "d": 0.338266, "c": 0.0233047, "q": 0.116116, "e": 0.0754736, "g": 0.14338, "h": 0.0899838, "i": 0.0225326, "l": 0.0145079, "k": 0.149856, "m": 0.0180118, "f": 0.0112064, "p": 0.0308944, "s": 0.278949, "t": 0.104589, "w": 0.00887978, "y": 0.0273217, "v": 0.0190428 },
  "d": { "a": 0.0849123, "r": 0.0150069, "n": 0.281262, "c": 0.0138119, "q": 0.0546919, "e": 0.425283, "g": 0.108461, "h": 0.0480523, "i": 0.0157665, "l": 0.0109762, "k": 0.0303602, "m": 0.014595, "f": 0.00905234, "p": 0.0395986, "s": 0.10387, "t": 0.0332373, "w": 0.00745894, "y": 0.0245401, "v": 0.0179257 },
  "c": { "a": 0.0492011, "r": 0.0203148, "n": 0.0289264, "d": 0.0167622, "q": 0.0212048, "e": 0.0149218, "g": 0.0160143, "h": 0.0127616, "i": 0.0222208, "l": 0.0138525, "k": 0.0226762, "m": 0.0165744, "f": 0.013463, "p": 0.0404101, "s": 0.116208, "t": 0.02444, "w": 0.010668, "y": 0.0588012, "v": 0.0443063 },
  "q": { "a": 0.139503, "r": 0.0898803, "n": 0.08127, "d": 0.0723657, "c": 0.0149005, "e": 0.376308, "g": 0.0627079, "h": 0.138813, "i": 0.0275812, "l": 0.0477076, "k": 0.188698, "m": 0.0360535, "f": 0.0150113, "p": 0.0562239, "s": 0.0748793, "t": 0.0472746, "w": 0.0104596, "y": 0.0214147, "v": 0.0426232 },
  "e": { "a": 0.181462, "r": 0.0190906, "n": 0.0425826, "d": 0.406696, "c": 0.010525, "q": 0.255874, "g": 0.0916253, "h": 0.0336776, "i": 0.0200678, "l": 0.014046, "k": 0.120118, "m": 0.0154033, "f": 0.00777821, "p": 0.0333751, "s": 0.0515677, "t": 0.0352838, "w": 0.00666532, "y": 0.0118705, "v": 0.0312821 },
  "g": { "a": 0.19582, "r": 0.0238769, "n": 0.0744953, "d": 0.0551659, "c": 0.0056187, "q": 0.0273434, "e": 0.0544218, "h": 0.00930696, "i": 0.00948928, "l": 0.00930255, "k": 0.0198965, "m": 0.00891287, "f": 0.00831138, "p": 0.0257431, "s": 0.134283, "t": 0.0327033, "w": 0.00417199, "y": 0.00462655, "v": 0.0145745 },
  "h": { "a": 0.0274762, "r": 0.0667494, "n": 0.143941, "d": 0.0418759, "c": 0.0149949, "q": 0.186218, "e": 0.0482566, "g": 0.0390378, "i": 0.0249139, "l": 0.0279183, "k": 0.0463428, "m": 0.0253171, "f": 0.019569, "p": 0.0292852, "s": 0.0384036, "t": 0.0249502, "w": 0.0110521, "y": 0.0311604, "v": 0.0199138 },
  "i": { "a": 0.0499548, "r": 0.0255203, "n": 0.0252588, "d": 0.0322532, "c": 0.0167412, "q": 0.0245839, "e": 0.0246119, "g": 0.0216778, "h": 0.0340086, "l": 0.3129, "k": 0.0387197, "m": 0.116825, "f": 0.03909, "p": 0.0250916, "s": 0.0361711, "t": 0.1188, "w": 0.0105426, "y": 0.0365493, "v": 0.828762 },
  "l": { "a": 0.0337019, "r": 0.0216905, "n": 0.0119765, "d": 0.00832211, "c": 0.00807824, "q": 0.0351105, "e": 0.0191749, "g": 0.0143976, "h": 0.0165592, "i": 0.151806, "k": 0.0213169, "m": 0.0780854, "f": 0.0773547, "p": 0.0149664, "s": 0.0217264, "t": 0.0249604, "w": 0.00531976, "y": 0.0107742, "v": 0.143798 },
  "k": { "a": 0.0634969, "r": 0.233178, "n": 0.0671074, "d": 0.0242711, "c": 0.00668987, "q": 0.0798956, "e": 0.0710505, "g": 0.0217595, "h": 0.0149084, "i": 0.0193634, "l": 0.0202562, "m": 0.0285415, "f": 0.00983018, "p": 0.0204277, "s": 0.0452914, "t": 0.0873839, "w": 0.00684695, "y": 0.00732912, "v": 0.0182944 },
  "m": { "a": 0.148201, "r": 0.070414, "n": 0.061583, "d": 0.0726904, "c": 0.046301, "q": 0.081195, "e": 0.0624148, "g": 0.0792889, "h": 0.0651999, "i": 0.211525, "l": 0.441842, "k": 0.102062, "f": 0.0613063, "p": 0.049865, "s": 0.0953116, "t": 0.175617, "w": 0.0273202, "y": 0.044063, "v": 0.168638 },
  "f": { "a": 0.0147052, "r": 0.00965608, "n": 0.010278, "d": 0.0124106, "c": 0.00881943, "q": 0.00938676, "e": 0.00837429, "g": 0.0196377, "h": 0.0205301, "i": 0.0605872, "l": 0.14544, "k": 0.0169614, "m": 0.0291744, "p": 0.00755795, "s": 0.0151689, "t": 0.0151519, "w": 0.0111312, "y": 0.200732, "v": 0.0254758 },
  "p": { "a": 0.159497, "r": 0.042321, "n": 0.0319752, "d": 0.0243268, "c": 0.0108102, "q": 0.0355425, "e": 0.0456392, "g": 0.037308, "h": 0.0413123, "i": 0.0187572, "l": 0.021163, "k": 0.033213, "m": 0.0156532, "f": 0.00841732, "s": 0.176618, "t": 0.0864875, "w": 0.00745265, "y": 0.0114871, "v": 0.0129595 },
  "s": { "a": 0.43342, "r": 0.0428983, "n": 0.186743, "d": 0.0937627, "c": 0.0217995, "q": 0.0334901, "e": 0.0531465, "g": 0.165033, "h": 0.0227738, "i": 0.0179395, "l": 0.0171753, "k": 0.0642396, "m": 0.0162845, "f": 0.0103995, "p": 0.122229, "t": 0.329823, "w": 0.00744445, "y": 0.0126805, "v": 0.0151436 },
  "t": { "a": 0.262358, "r": 0.0232221, "n": 0.0799217, "d": 0.0448198, "c": 0.0226895, "q": 0.0226771, "e": 0.031166, "g": 0.0286077, "h": 0.0203887, "i": 0.066368, "l": 0.0356356, "k": 0.0879931, "m": 0.0399145, "f": 0.0100611, "p": 0.05984, "s": 0.333334, "w": 0.00739052, "y": 0.01105, "v": 0.0957813 },
  "w": { "a": 0.0334296, "r": 0.147666, "n": 0.0326461, "d": 0.0554958, "c": 0.0285773, "q": 0.0316074, "e": 0.0318891, "g": 0.0398756, "h": 0.0311097, "i": 0.0582523, "l": 0.0799469, "k": 0.0343639, "m": 0.0344993, "f": 0.041833, "p": 0.030572, "s": 0.0347414, "t": 0.0323911, "y": 0.0421013, "v": 0.0327223 },
  "y": { "a": 0.026896, "r": 0.0182351, "n": 0.0538512, "d": 0.0297469, "c": 0.0231205, "q": 0.0253117, "e": 0.0189029, "g": 0.027802, "h": 0.0699731, "i": 0.0332791, "l": 0.041243, "k": 0.019761, "m": 0.0282574, "f": 0.173891, "p": 0.0147824, "s": 0.0319373, "t": 0.0373871, "w": 0.0262721, "v": 0.0249416 },
  "v": { "a": 0.225581, "r": 0.017402, "n": 0.014953, "d": 0.0208376, "c": 0.0172041, "q": 0.0173485, "e": 0.0184135, "g": 0.017968, "h": 0.0194323, "i": 0.511128, "l": 0.117264, "k": 0.0323458, "m": 0.0453741, "f": 0.0132831, "p": 0.0272509, "s": 0.0271695, "t": 0.145649, "w": 0.00687048, "y": 0.0169586 }
 }
}
