{
 "alphabet": "arndcqeghilkmfpstwyv",
 "insrate": 0.00741226,
 "insextprob": 0.721649,
 "delrate": 0.00357389,
 "delextprob": 0.734694,
 "rootprob":
 {
  "a": 0.0935365,
  "r": 0.038961,
  "n": 0.0382525,
  "d": 0.0525863,
  "c": 0.0318402,
  "q": 0.04016,
  "e": 0.048073,
  "g": 0.0975486,
  "h": 0.0494168,
  "i": 0.0373106,
  "l": 0.0724963,
  "k": 0.0857088,
  "m": 0.0215437,
  "f": 0.0474088,
  "p": 0.0508552,
  "s": 0.0510081,
  "t": 0.0460267,
  "w": 0.0129472,
  "y": 0.0409413,
  "v": 0.0433784
 },
 "subrate":
 {
  "a": { "r": 0.0182821, "n": 0.0329257, "d": 0.0393033, "c": 0.0134916, "q": 0.027768, "e": 0.0960129, "g": 0.284224, "h": 0.0140951, "i": 0.0193981, "l": 0.0327348, "k": 0.0285604, "m": 0.00979676, "f": 0.0067198, "p": 0.0973627, "s": 0.314344, "t": 0.102, "w": 0.00578906, "y": 0.00564426, "v": 0.126382 },
  "r": { "a": 0.0614979, "n": 0.0503459, "d": 0.0327812, "c": 0.0139849, "q": 0.13505, "e": 0.0324462, "g": 0.0259177, "h": 0.0448354, "i": 0.0536159, "l": 0.0427813, "k": 0.409072, "m": 0.0517631, "f": 0.013449, "p": 0.0494373, "s": 0.054942, "t": 0.0522811, "w": 0.0321623, "y": 0.0154109, "v": 0.0281206 },
  "n": { "a": 0.0552898, "r": 0.0783853, "d": 0.287351, "c": 0.0205324, "q": 0.0539788, "e": 0.0731204, "g": 0.126041, "h": 0.179594, "i": 0.0229284, "l": 0.0223341, "k": 0.158192, "m": 0.0196516, "f": 0.0263044, "p": 0.0236368, "s": 0.42173, "t": 0.116575, "w": 0.0133402, "y": 0.0140413, "v": 0.0223444 },
  "d": { "a": 0.0661364, "r": 0.0204514, "n": 0.255397, "c": 0.0148152, "q": 0.0381297, "e": 0.441946, "g": 0.0713549, "h": 0.047934, "i": 0.020648, "l": 0.0160504, "k": 0.032265, "m": 0.0115505, "f": 0.0102834, "p": 0.0193172, "s": 0.133755, "t": 0.0547983, "w": 0.00981978, "y": 0.00851479, "v": 0.0146285 },
  "c": { "a": 0.0541289, "r": 0.0230947, "n": 0.0274755, "d": 0.0267295, "q": 0.0204156, "e": 0.0216642, "g": 0.0773252, "h": 0.0349307, "i": 0.0248893, "l": 0.0207951, "k": 0.0229771, "m": 0.0305237, "f": 0.0154683, "p": 0.0188996, "s": 0.107565, "t": 0.0392675, "w": 0.0149347, "y": 0.0694021, "v": 0.0506231 },
  "q": { "a": 0.109177, "r": 0.0870603, "n": 0.0712342, "d": 0.0601138, "c": 0.010791, "e": 0.307073, "g": 0.0344288, "h": 0.0745727, "i": 0.0348399, "l": 0.0338591, "k": 0.156253, "m": 0.019131, "f": 0.0104719, "p": 0.0645302, "s": 0.0497099, "t": 0.0749393, "w": 0.0111001, "y": 0.00967979, "v": 0.0294154 },
  "e": { "a": 0.172711, "r": 0.0259559, "n": 0.060618, "d": 0.465588, "c": 0.0113655, "q": 0.214663, "g": 0.0517138, "h": 0.0340785, "i": 0.0369169, "l": 0.020748, "k": 0.0786209, "m": 0.0131179, "f": 0.0102942, "p": 0.0281307, "s": 0.0419739, "t": 0.0589615, "w": 0.0103716, "y": 0.00954307, "v": 0.0295096 },
  "g": { "a": 0.27406, "r": 0.0135693, "n": 0.0572416, "d": 0.0336425, "c": 0.0158138, "q": 0.0254908, "e": 0.0335387, "h": 0.0072035, "i": 0.00790605, "l": 0.00709605, "k": 0.0396376, "m": 0.00765837, "f": 0.007612, "p": 0.0298191, "s": 0.178276, "t": 0.0214533, "w": 0.00686282, "y": 0.00522447, "v": 0.0222259 },
  "h": { "a": 0.0406602, "r": 0.0470748, "n": 0.108813, "d": 0.0367255, "c": 0.00982741, "q": 0.156949, "e": 0.0374569, "g": 0.0323363, "i": 0.0190235, "l": 0.019866, "k": 0.0441044, "m": 0.0131023, "f": 0.0446913, "p": 0.0311504, "s": 0.0497535, "t": 0.0379704, "w": 0.0214507, "y": 0.0225939, "v": 0.0283052 },
  "i": { "a": 0.0513972, "r": 0.029964, "n": 0.0232757, "d": 0.0255838, "c": 0.0181683, "q": 0.0227776, "e": 0.0393311, "g": 0.0309834, "h": 0.019609, "l": 0.424437, "k": 0.0368698, "m": 0.0852258, "f": 0.081691, "p": 0.030908, "s": 0.0345457, "t": 0.0933001, "w": 0.0127964, "y": 0.0291274, "v": 0.852996 },
  "l": { "a": 0.0377516, "r": 0.0276481, "n": 0.0109177, "d": 0.0104103, "c": 0.00501025, "q": 0.0103186, "e": 0.00856054, "g": 0.0124967, "h": 0.00902463, "i": 0.146741, "k": 0.0323908, "m": 0.0755201, "f": 0.0707153, "p": 0.0169478, "s": 0.042601, "t": 0.0261678, "w": 0.0050516, "y": 0.0114159, "v": 0.0902204 },
  "k": { "a": 0.0417314, "r": 0.199213, "n": 0.112657, "d": 0.0381888, "c": 0.0107155, "q": 0.108216, "e": 0.0796847, "g": 0.0405038, "h": 0.0136415, "i": 0.031332, "l": 0.0283055, "m": 0.0251713, "f": 0.0068683, "p": 0.0350169, "s": 0.0449703, "t": 0.0291032, "w": 0.00867682, "y": 0.00641532, "v": 0.0220401 },
  "m": { "a": 0.0709604, "r": 0.110204, "n": 0.0537671, "d": 0.0416645, "c": 0.0345186, "q": 0.0539701, "e": 0.0533207, "g": 0.0507729, "h": 0.0398229, "i": 0.152353, "l": 0.450798, "k": 0.34854, "f": 0.0573654, "p": 0.0446549, "s": 0.0852826, "t": 0.12881, "w": 0.0280103, "y": 0.0345362, "v": 0.0971473 },
  "f": { "a": 0.0192162, "r": 0.011185, "n": 0.0159497, "d": 0.00838749, "c": 0.00695273, "q": 0.00827996, "e": 0.0116968, "g": 0.019831, "h": 0.0162019, "i": 0.0868385, "l": 0.11063, "k": 0.0144545, "m": 0.0141542, "p": 0.00860231, "s": 0.0134521, "t": 0.00919257, "w": 0.00737659, "y": 0.209777, "v": 0.0368694 },
  "p": { "a": 0.157664, "r": 0.0682923, "n": 0.0204257, "d": 0.0268475, "c": 0.0122542, "q": 0.0538956, "e": 0.0235808, "g": 0.0375554, "h": 0.0713226, "i": 0.0280669, "l": 0.0414622, "k": 0.0504271, "m": 0.0134507, "f": 0.0131184, "s": 0.154639, "t": 0.0433375, "w": 0.00884903, "y": 0.0130502, "v": 0.0507096 },
  "s": { "a": 0.326362, "r": 0.0422677, "n": 0.232152, "d": 0.123753, "c": 0.0224463, "q": 0.0243207, "e": 0.0455292, "g": 0.178062, "h": 0.025627, "i": 0.0139591, "l": 0.0169425, "k": 0.0467619, "m": 0.0105822, "f": 0.00904047, "p": 0.102708, "t": 0.249555, "w": 0.00864639, "y": 0.0088938, "v": 0.013125 },
  "t": { "a": 0.214586, "r": 0.0358571, "n": 0.0602877, "d": 0.0487725, "c": 0.012566, "q": 0.0328742, "e": 0.0503885, "g": 0.0348155, "h": 0.0205898, "i": 0.0447962, "l": 0.024041, "k": 0.0669735, "m": 0.0231617, "f": 0.00960092, "p": 0.0297006, "s": 0.354334, "w": 0.012199, "y": 0.019599, "v": 0.0636007 },
  "w": { "a": 0.0344717, "r": 0.158665, "n": 0.0323592, "d": 0.0314234, "c": 0.0252055, "q": 0.0311953, "e": 0.0520582, "g": 0.034387, "h": 0.0493797, "i": 0.0316979, "l": 0.0685658, "k": 0.0347093, "m": 0.032078, "f": 0.0502941, "p": 0.0294637, "s": 0.0390133, "t": 0.0390081, "y": 0.0268497, "v": 0.0305103 },
  "y": { "a": 0.0323003, "r": 0.0370686, "n": 0.0182328, "d": 0.0129563, "c": 0.0124914, "q": 0.0131513, "e": 0.0172096, "g": 0.0145162, "h": 0.0674726, "i": 0.0349573, "l": 0.024031, "k": 0.0147029, "m": 0.0152596, "f": 0.329669, "p": 0.0188606, "s": 0.0290303, "t": 0.0156336, "w": 0.0210622, "v": 0.0509186 },
  "v": { "a": 0.163, "r": 0.0153529, "n": 0.0123478, "d": 0.0123594, "c": 0.0206391, "q": 0.0138147, "e": 0.0232739, "g": 0.0378252, "h": 0.0126708, "i": 0.519523, "l": 0.126897, "k": 0.015593, "m": 0.0332521, "f": 0.0499868, "p": 0.0193533, "s": 0.0180258, "t": 0.0895944, "w": 0.00790112, "y": 0.0145885 }
 }
}
