{
 "alphabet": "arndcqeghilkmfpstwyv",
 "insrate": 0.00223563,
 "insextprob": 0.703704,
 "delrate": 0.00530562,
 "delextprob": 0.604167,
 "rootprob":
 {
  "a": 0.084124,
  "r": 0.0563426,
  "n": 0.0359461,
  "d": 0.03277,
  "c": 0.0365887,
  "q": 0.0344332,
  "e": 0.0562464,
  "g": 0.103326,
  "h": 0.0374239,
  "i": 0.0329083,
  "l": 0.0642598,
  "k": 0.0920827,
  "m": 0.0252345,
  "f": 0.0385608,
  "p": 0.0500263,
  "s": 0.0424665,
  "t": 0.0603026,
  "w": 0.0161701,
  "y": 0.0339085,
  "v": 0.0668785
 },
 "subrate":
 {
  "a": { "r": 0.0223411, "n": 0.0295041, "d": 0.0309041, "c": 0.0196915, "q": 0.0403341, "e": 0.0713675, "g": 0.169875, "h": 0.0176793, "i": 0.023821, "l": 0.0224212, "k": 0.0495374, "m": 0.0159224, "f": 0.0123279, "p": 0.106843, "s": 0.302283, "t": 0.14578, "w": 0.00456532, "y": 0.00659562, "v": 0.178915 },
  "r": { "a": 0.0495287, "n": 0.0323942, "d": 0.0200814, "c": 0.0109464, "q": 0.0528883, "e": 0.0223586, "g": 0.0174088, "h": 0.0918935, "i": 0.0298623, "l": 0.0252497, "k": 0.401261, "m": 0.0250931, "f": 0.00863092, "p": 0.0593648, "s": 0.087127, "t": 0.0399399, "w": 0.00852929, "y": 0.00981083, "v": 0.0280253 },
  "n": { "a": 0.0626609, "r": 0.0370742, "d": 0.358084, "c": 0.0150882, "q": 0.100229, "e": 0.0709879, "g": 0.0995207, "h": 0.154735, "i": 0.0277418, "l": 0.0246517, "k": 0.183255, "m": 0.0220203, "f": 0.019636, "p": 0.0306028, "s": 0.269858, "t": 0.125857, "w": 0.0116531, "y": 0.0204063, "v": 0.0295408 },
  "d": { "a": 0.0778848, "r": 0.0187978, "n": 0.263378, "c": 0.0119898, "q": 0.0650719, "e": 0.447251, "g": 0.0732693, "h": 0.0512466, "i": 0.0135576, "l": 0.0191454, "k": 0.045947, "m": 0.0158578, "f": 0.0147848, "p": 0.0290701, "s": 0.102837, "t": 0.0414624, "w": 0.00849984, "y": 0.0137113, "v": 0.0183714 },
  "c": { "a": 0.0734514, "r": 0.0111469, "n": 0.0256704, "d": 0.0151666, "q": 0.0124083, "e": 0.0125456, "g": 0.0374138, "h": 0.0314472, "i": 0.0278627, "l": 0.0120385, "k": 0.0133807, "m": 0.0139932, "f": 0.016962, "p": 0.0116224, "s": 0.0537424, "t": 0.033656, "w": 0.00943475, "y": 0.0356743, "v": 0.0244897 },
  "q": { "a": 0.114546, "r": 0.0859682, "n": 0.088518, "d": 0.0807417, "c": 0.0121928, "e": 0.295599, "g": 0.0323414, "h": 0.207815, "i": 0.0194917, "l": 0.0454867, "k": 0.159684, "m": 0.0348885, "f": 0.0178826, "p": 0.0500341, "s": 0.0774971, "t": 0.0652292, "w": 0.00981096, "y": 0.0134644, "v": 0.0376029 },
  "e": { "a": 0.138176, "r": 0.0200535, "n": 0.0496964, "d": 0.475251, "c": 0.0122225, "q": 0.270637, "g": 0.0763951, "h": 0.0563794, "i": 0.0139992, "l": 0.0221539, "k": 0.100051, "m": 0.0226276, "f": 0.0122395, "p": 0.0436056, "s": 0.0598552, "t": 0.0480899, "w": 0.0078162, "y": 0.013724, "v": 0.0312464 },
  "g": { "a": 0.215666, "r": 0.00745132, "n": 0.0588796, "d": 0.0505264, "c": 0.00946838, "q": 0.0162202, "e": 0.0527964, "h": 0.0130148, "i": 0.00753513, "l": 0.00774516, "k": 0.0404981, "m": 0.00658519, "f": 0.0105091, "p": 0.0532564, "s": 0.1324, "t": 0.0148938, "w": 0.00399126, "y": 0.00503406, "v": 0.0133655 },
  "h": { "a": 0.0770196, "r": 0.097424, "n": 0.134357, "d": 0.0614142, "c": 0.0161126, "q": 0.264909, "e": 0.0440038, "g": 0.0188219, "i": 0.0260305, "l": 0.065402, "k": 0.0392091, "m": 0.0195556, "f": 0.026258, "p": 0.0229463, "s": 0.065494, "t": 0.0307161, "w": 0.0104174, "y": 0.0169989, "v": 0.0498702 },
  "i": { "a": 0.0483211, "r": 0.0330222, "n": 0.0309618, "d": 0.0188601, "c": 0.0190391, "q": 0.0317946, "e": 0.0219851, "g": 0.0272679, "h": 0.0315163, "l": 0.290281, "k": 0.0585147, "m": 0.146426, "f": 0.0642673, "p": 0.0217608, "s": 0.0389256, "t": 0.072699, "w": 0.0124109, "y": 0.0246513, "v": 0.898844 },
  "l": { "a": 0.0377352, "r": 0.0285801, "n": 0.0154637, "d": 0.0095995, "c": 0.00817241, "q": 0.0456293, "e": 0.0122058, "g": 0.0157547, "h": 0.0197857, "i": 0.16121, "k": 0.0238057, "m": 0.10016, "f": 0.0495291, "p": 0.016798, "s": 0.0226653, "t": 0.021435, "w": 0.00599291, "y": 0.0168582, "v": 0.0992312 },
  "k": { "a": 0.0343338, "r": 0.187795, "n": 0.0916147, "d": 0.0267022, "c": 0.00571747, "q": 0.0538229, "e": 0.0642474, "g": 0.0152119, "h": 0.0150076, "i": 0.0215125, "l": 0.0154642, "m": 0.0273281, "f": 0.00527785, "p": 0.0253725, "s": 0.0320321, "t": 0.067525, "w": 0.00446243, "y": 0.0136602, "v": 0.0170214 },
  "m": { "a": 0.131156, "r": 0.083938, "n": 0.0605946, "d": 0.0498086, "c": 0.0322818, "q": 0.110393, "e": 0.0695071, "g": 0.0664769, "h": 0.0526863, "i": 0.262041, "l": 0.44471, "k": 0.263074, "f": 0.0728979, "p": 0.0419205, "s": 0.0728642, "t": 0.16008, "w": 0.0267304, "y": 0.0381102, "v": 0.204922 },
  "f": { "a": 0.0288872, "r": 0.0104605, "n": 0.0173752, "d": 0.0122612, "c": 0.0173117, "q": 0.0119735, "e": 0.0117923, "g": 0.0265495, "h": 0.0138519, "i": 0.0467387, "l": 0.177645, "k": 0.0113855, "m": 0.0476935, "p": 0.0103808, "s": 0.0338285, "t": 0.0212258, "w": 0.0168838, "y": 0.222318, "v": 0.0331446 },
  "p": { "a": 0.165763, "r": 0.0420513, "n": 0.0322022, "d": 0.0179125, "c": 0.0118807, "q": 0.0416013, "e": 0.035253, "g": 0.0435624, "h": 0.0433504, "i": 0.0119312, "l": 0.022291, "k": 0.0765759, "m": 0.0106932, "f": 0.0103354, "s": 0.111807, "t": 0.0265287, "w": 0.00779273, "y": 0.0100667, "v": 0.0434355 },
  "s": { "a": 0.419595, "r": 0.0336395, "n": 0.180153, "d": 0.0892639, "c": 0.0305215, "q": 0.0416232, "e": 0.0448424, "g": 0.134532, "h": 0.0264221, "i": 0.019779, "l": 0.0218065, "k": 0.0680292, "m": 0.0140454, "f": 0.0174032, "p": 0.0967399, "t": 0.285265, "w": 0.00702158, "y": 0.00917352, "v": 0.0194896 },
  "t": { "a": 0.252434, "r": 0.0308187, "n": 0.117803, "d": 0.0414743, "c": 0.023547, "q": 0.0431127, "e": 0.0472864, "g": 0.030803, "h": 0.0322691, "i": 0.0778092, "l": 0.0266048, "k": 0.0893788, "m": 0.0397159, "f": 0.014619, "p": 0.0326792, "s": 0.400791, "w": 0.00809454, "y": 0.0111297, "v": 0.164771 },
  "w": { "a": 0.0316707, "r": 0.14646, "n": 0.0308113, "d": 0.0283357, "c": 0.0266794, "q": 0.0292221, "e": 0.0284006, "g": 0.0284709, "h": 0.029261, "i": 0.0375258, "l": 0.03097, "k": 0.0323639, "m": 0.0629432, "f": 0.0324681, "p": 0.0402457, "s": 0.0370463, "t": 0.0317094, "y": 0.104897, "v": 0.0526073 },
  "y": { "a": 0.0191766, "r": 0.013821, "n": 0.0241762, "d": 0.0136348, "c": 0.0235972, "q": 0.0127732, "e": 0.0238557, "g": 0.0207142, "h": 0.0181322, "i": 0.017989, "l": 0.0273315, "k": 0.0193719, "m": 0.0178341, "f": 0.311297, "p": 0.0119676, "s": 0.0308561, "t": 0.0348038, "w": 0.0116162, "v": 0.025424 },
  "v": { "a": 0.227309, "r": 0.020742, "n": 0.0175913, "d": 0.0140567, "c": 0.0162906, "q": 0.0251313, "e": 0.0269776, "g": 0.0191016, "h": 0.0147382, "i": 0.482926, "l": 0.0762213, "k": 0.0312321, "m": 0.0514189, "f": 0.0258288, "p": 0.0271296, "s": 0.0341906, "t": 0.100801, "w": 0.00707155, "y": 0.0176525 }
 }
}
