{
 "alphabet": "arndcqeghilkmfpstwyv",
 "insrate": 0.00430425,
 "insextprob": 0.719298,
 "delrate": 0.00295989,
 "delextprob": 0.694444,
 "rootprob":
 {
  "a": 0.0928522,
  "r": 0.0371626,
  "n": 0.0612373,
  "d": 0.038679,
  "c": 0.0315298,
  "q": 0.0472632,
  "e": 0.0409628,
  "g": 0.0959112,
  "h": 0.0445914,
  "i": 0.0360411,
  "l": 0.0825084,
  "k": 0.0848062,
  "m": 0.0128802,
  "f": 0.0447961,
  "p": 0.0493491,
  "s": 0.0388327,
  "t": 0.0526474,
  "w": 0.0164261,
  "y": 0.0272617,
  "v": 0.0642614
 },
 "subrate":
 {
  "a": { "r": 0.0177413, "n": 0.0206552, "d": 0.0364238, "c": 0.0210301, "q": 0.0392595, "e": 0.0670034, "g": 0.195592, "h": 0.0154458, "i": 0.0171448, "l": 0.0314812, "k": 0.037887, "m": 0.0181059, "f": 0.0115969, "p": 0.0841982, "s": 0.280561, "t": 0.158222, "w": 0.00441298, "y": 0.0115551, "v": 0.180393 },
  "r": { "a": 0.0488028, "n": 0.0370869, "d": 0.0267312, "c": 0.0348257, "q": 0.113773, "e": 0.0303253, "g": 0.0414012, "h": 0.0711862, "i": 0.0265248, "l": 0.041177, "k": 0.408207, "m": 0.0272756, "f": 0.0166658, "p": 0.0339458, "s": 0.0644156, "t": 0.0493099, "w": 0.0130583, "y": 0.0213361, "v": 0.0192331 },
  "n": { "a": 0.0596894, "r": 0.0342291, "d": 0.438151, "c": 0.0185734, "q": 0.0868118, "e": 0.0753181, "g": 0.180302, "h": 0.118551, "i": 0.0281153, "l": 0.0229473, "k": 0.229515, "m": 0.0239602, "f": 0.0128047, "p": 0.0336057, "s": 0.294855, "t": 0.147744, "w": 0.0107034, "y": 0.0447733, "v": 0.0283967 },
  "d": { "a": 0.0755079, "r": 0.01631, "n": 0.356001, "c": 0.0113323, "q": 0.0444949, "e": 0.408728, "g": 0.141682, "h": 0.0650399, "i": 0.0157788, "l": 0.0160016, "k": 0.0446399, "m": 0.0173998, "f": 0.0092445, "p": 0.0288283, "s": 0.0800895, "t": 0.048158, "w": 0.00862269, "y": 0.014208, "v": 0.0198322 },
  "c": { "a": 0.0530292, "r": 0.0146997, "n": 0.0148598, "d": 0.0126247, "q": 0.0125942, "e": 0.0125808, "g": 0.0145139, "h": 0.0263433, "i": 0.0321312, "l": 0.0135046, "k": 0.0203758, "m": 0.0132518, "f": 0.0173244, "p": 0.0341599, "s": 0.0821305, "t": 0.0176592, "w": 0.00997024, "y": 0.0378009, "v": 0.0417502 },
  "q": { "a": 0.0915957, "r": 0.10669, "n": 0.0640764, "d": 0.0560922, "c": 0.0138726, "e": 0.337841, "g": 0.0523132, "h": 0.135027, "i": 0.0238915, "l": 0.0909863, "k": 0.168572, "m": 0.048571, "f": 0.0112629, "p": 0.0720698, "s": 0.0574407, "t": 0.0631497, "w": 0.0111789, "y": 0.0174677, "v": 0.0334352 },
  "e": { "a": 0.151178, "r": 0.021327, "n": 0.046457, "d": 0.345246, "c": 0.01155, "q": 0.279121, "g": 0.0532854, "h": 0.0302307, "i": 0.0177934, "l": 0.030166, "k": 0.112046, "m": 0.0174086, "f": 0.00862196, "p": 0.0493451, "s": 0.0477194, "t": 0.0518898, "w": 0.00834621, "y": 0.0151466, "v": 0.0398619 },
  "g": { "a": 0.197166, "r": 0.0112294, "n": 0.0665974, "d": 0.047376, "c": 0.00632897, "q": 0.0248715, "e": 0.0226807, "h": 0.00876445, "i": 0.00589387, "l": 0.00581504, "k": 0.0126071, "m": 0.00690281, "f": 0.0147411, "p": 0.0186038, "s": 0.146773, "t": 0.0169622, "w": 0.00347703, "y": 0.0061594, "v": 0.0140598 },
  "h": { "a": 0.062464, "r": 0.120697, "n": 0.136539, "d": 0.108564, "c": 0.0408477, "q": 0.194232, "e": 0.0417181, "g": 0.0371279, "i": 0.0193371, "l": 0.0556217, "k": 0.0651595, "m": 0.0205027, "f": 0.0224049, "p": 0.0832434, "s": 0.0699353, "t": 0.0386357, "w": 0.0176529, "y": 0.0311132, "v": 0.0208597 },
  "i": { "a": 0.0333211, "r": 0.0207647, "n": 0.0406341, "d": 0.0230584, "c": 0.0139707, "q": 0.0220102, "e": 0.0351023, "g": 0.0256007, "h": 0.019185, "l": 0.336787, "k": 0.0409089, "m": 0.104616, "f": 0.0736947, "p": 0.0312741, "s": 0.0220934, "t": 0.0913927, "w": 0.011218, "y": 0.0186394, "v": 0.816196 },
  "l": { "a": 0.0181056, "r": 0.00973306, "n": 0.0131378, "d": 0.00972308, "c": 0.005206, "q": 0.0225835, "e": 0.0101542, "g": 0.00867208, "h": 0.0169636, "i": 0.138101, "k": 0.012919, "m": 0.0905506, "f": 0.0502967, "p": 0.0198131, "s": 0.0108901, "t": 0.0135583, "w": 0.00702229, "y": 0.00801042, "v": 0.0979751 },
  "k": { "a": 0.040737, "r": 0.160086, "n": 0.134784, "d": 0.0266686, "c": 0.0107062, "q": 0.0904838, "e": 0.058882, "g": 0.0186326, "h": 0.0147039, "i": 0.0158664, "l": 0.017832, "m": 0.0451433, "f": 0.0083549, "p": 0.0203129, "s": 0.0729018, "t": 0.0787781, "w": 0.0050458, "y": 0.00660832, "v": 0.0173381 },
  "m": { "a": 0.113897, "r": 0.0510922, "n": 0.0524938, "d": 0.0410741, "c": 0.031318, "q": 0.0798881, "e": 0.0434591, "g": 0.0579785, "h": 0.0401502, "i": 0.176824, "l": 0.489076, "k": 0.163489, "f": 0.0433724, "p": 0.0481571, "s": 0.0586531, "t": 0.11205, "w": 0.0261657, "y": 0.0400094, "v": 0.22243 },
  "f": { "a": 0.0189575, "r": 0.0113937, "n": 0.0101745, "d": 0.00828386, "c": 0.0086737, "q": 0.0107469, "e": 0.0117218, "g": 0.0161473, "h": 0.010412, "i": 0.0776725, "l": 0.114473, "k": 0.014249, "m": 0.0287879, "p": 0.010103, "s": 0.0313272, "t": 0.0214102, "w": 0.0105249, "y": 0.157963, "v": 0.0364164 },
  "p": { "a": 0.197576, "r": 0.0266548, "n": 0.0250116, "d": 0.0362811, "c": 0.0201117, "q": 0.0552068, "e": 0.0647305, "g": 0.0435162, "h": 0.0285239, "i": 0.0238632, "l": 0.0375335, "k": 0.0349425, "m": 0.0227248, "f": 0.0114914, "s": 0.106853, "t": 0.0735822, "w": 0.00938607, "y": 0.0100128, "v": 0.0509237 },
  "s": { "a": 0.446652, "r": 0.0365028, "n": 0.14417, "d": 0.0879173, "c": 0.0320726, "q": 0.0393554, "e": 0.0408789, "g": 0.230371, "h": 0.0251787, "i": 0.0169215, "l": 0.0267027, "k": 0.0628585, "m": 0.018766, "f": 0.0103803, "p": 0.0934791, "t": 0.367573, "w": 0.00700475, "y": 0.0151332, "v": 0.0228414 },
  "t": { "a": 0.236208, "r": 0.0267388, "n": 0.0607844, "d": 0.0536421, "c": 0.0152645, "q": 0.0353491, "e": 0.0535538, "g": 0.0278504, "h": 0.0276577, "i": 0.0616228, "l": 0.0319108, "k": 0.0980974, "m": 0.0321644, "f": 0.00862819, "p": 0.0614969, "s": 0.36966, "w": 0.00747181, "y": 0.014565, "v": 0.148568 },
  "w": { "a": 0.0258936, "r": 0.0568609, "n": 0.0273794, "d": 0.0233359, "c": 0.0212131, "q": 0.0275082, "e": 0.0235079, "g": 0.0228841, "h": 0.0277268, "i": 0.0248244, "l": 0.0315005, "k": 0.03389, "m": 0.0269494, "f": 0.0486775, "p": 0.0324064, "s": 0.049463, "t": 0.0406246, "y": 0.0349634, "v": 0.0260517 },
  "y": { "a": 0.0309327, "r": 0.0161865, "n": 0.0663449, "d": 0.0142175, "c": 0.0189069, "q": 0.0192502, "e": 0.0150754, "g": 0.0213671, "h": 0.0496758, "i": 0.0332585, "l": 0.0245511, "k": 0.0168032, "m": 0.0252224, "f": 0.215907, "p": 0.0145372, "s": 0.0281474, "t": 0.0443307, "w": 0.0326575, "v": 0.0252441 },
  "v": { "a": 0.254133, "r": 0.0127437, "n": 0.0197198, "d": 0.0152202, "c": 0.020116, "q": 0.0203852, "e": 0.0280871, "g": 0.0219356, "h": 0.0106724, "i": 0.560773, "l": 0.121395, "k": 0.0282771, "m": 0.056081, "f": 0.0211947, "p": 0.0259931, "s": 0.0184799, "t": 0.129022, "w": 0.00693468, "y": 0.0106091 }
 }
}
