{
 "alphabet": "arndcqeghilkmfpstwyv",
 "insrate": 0.00432265,
 "insextprob": 0.721311,
 "delrate": 0.00356048,
 "delextprob": 0.745455,
 "rootprob":
 {
  "a": 0.0706555,
  "r": 0.0262247,
  "n": 0.0262129,
  "d": 0.0481979,
  "c": 0.0265106,
  "q": 0.0369001,
  "e": 0.0520828,
  "g": 0.102715,
  "h": 0.038466,
  "i": 0.0273176,
  "l": 0.0909149,
  "k": 0.0963791,
  "m": 0.0104164,
  "f": 0.0435359,
  "p": 0.0486962,
  "s": 0.0660572,
  "t": 0.0575716,
  "w": 0.00787039,
  "y": 0.0309221,
  "v": 0.0923529
 },
 "subrate":
 {
  "a": { "r": 0.0144401, "n": 0.0319568, "d": 0.0278723, "c": 0.0120517, "q": 0.0282623, "e": 0.0598003, "g": 0.172116, "h": 0.0101037, "i": 0.0180386, "l": 0.0215275, "k": 0.0376375, "m": 0.028041, "f": 0.0077183, "p": 0.0838428, "s": 0.293765, "t": 0.200061, "w": 0.00736842, "y": 0.0085725, "v": 0.133512 },
  "r": { "a": 0.0539068, "n": 0.0385851, "d": 0.0224144, "c": 0.0145024, "q": 0.129118, "e": 0.059545, "g": 0.0310149, "h": 0.0538355, "i": 0.0202524, "l": 0.0318067, "k": 0.342142, "m": 0.033791, "f": 0.0175534, "p": 0.0442882, "s": 0.0899013, "t": 0.041, "w": 0.0410689, "y": 0.0244916, "v": 0.028752 },
  "n": { "a": 0.071331, "r": 0.0359029, "d": 0.389666, "c": 0.0169887, "q": 0.0891394, "e": 0.0752666, "g": 0.165991, "h": 0.0734049, "i": 0.0269892, "l": 0.0269406, "k": 0.222962, "m": 0.0312087, "f": 0.0233455, "p": 0.0308174, "s": 0.278713, "t": 0.101, "w": 0.0175704, "y": 0.017091, "v": 0.0340931 },
  "d": { "a": 0.0907656, "r": 0.0152929, "n": 0.369195, "c": 0.0202269, "q": 0.0434491, "e": 0.418081, "g": 0.124287, "h": 0.0369862, "i": 0.0218435, "l": 0.0151114, "k": 0.040326, "m": 0.0159299, "f": 0.0116299, "p": 0.0410743, "s": 0.0749649, "t": 0.0271047, "w": 0.0130334, "y": 0.0146899, "v": 0.0223933 },
  "c": { "a": 0.0517032, "r": 0.065026, "n": 0.0219951, "d": 0.0220229, "q": 0.0227849, "e": 0.0198115, "g": 0.040749, "h": 0.0258612, "i": 0.022055, "l": 0.01728, "k": 0.0243347, "m": 0.0201486, "f": 0.020949, "p": 0.0280928, "s": 0.0635296, "t": 0.0240471, "w": 0.0169409, "y": 0.0340334, "v": 0.0987945 },
  "q": { "a": 0.103457, "r": 0.118825, "n": 0.107331, "d": 0.0679362, "c": 0.0174435, "e": 0.37347, "g": 0.0452509, "h": 0.202066, "i": 0.0290128, "l": 0.0359587, "k": 0.207229, "m": 0.040774, "f": 0.0144364, "p": 0.0796124, "s": 0.0946513, "t": 0.0639313, "w": 0.0191933, "y": 0.0204555, "v": 0.039985 },
  "e": { "a": 0.140603, "r": 0.0191235, "n": 0.067003, "d": 0.381674, "c": 0.00977549, "q": 0.167345, "g": 0.0498321, "h": 0.0247721, "i": 0.0249761, "l": 0.0171375, "k": 0.0874654, "m": 0.0131714, "f": 0.00850044, "p": 0.0348992, "s": 0.0550295, "t": 0.0535501, "w": 0.0108263, "y": 0.0153717, "v": 0.0293536 },
  "g": { "a": 0.157291, "r": 0.0123207, "n": 0.0953766, "d": 0.0571747, "c": 0.0214483, "q": 0.0191788, "e": 0.03653, "h": 0.0136338, "i": 0.00818229, "l": 0.00987013, "k": 0.0193272, "m": 0.00707741, "f": 0.00437668, "p": 0.0222812, "s": 0.145412, "t": 0.0178829, "w": 0.00725332, "y": 0.00565757, "v": 0.0267569 },
  "h": { "a": 0.0390608, "r": 0.121339, "n": 0.13513, "d": 0.0584551, "c": 0.0228156, "q": 0.215254, "e": 0.0446721, "g": 0.0429218, "i": 0.0205688, "l": 0.0251785, "k": 0.0735379, "m": 0.021789, "f": 0.0220329, "p": 0.0443353, "s": 0.0461815, "t": 0.036602, "w": 0.0174833, "y": 0.0559833, "v": 0.0222416 },
  "i": { "a": 0.0378353, "r": 0.0243191, "n": 0.034187, "d": 0.0197331, "c": 0.0157911, "q": 0.0214, "e": 0.0243317, "g": 0.023546, "h": 0.0208232, "l": 0.301117, "k": 0.0340626, "m": 0.0722356, "f": 0.0595808, "p": 0.0258604, "s": 0.0231057, "t": 0.0742684, "w": 0.0157995, "y": 0.0331913, "v": 0.73766 },
  "l": { "a": 0.0382681, "r": 0.0191457, "n": 0.00906494, "d": 0.00705736, "c": 0.00657712, "q": 0.0265475, "e": 0.0130141, "g": 0.0147556, "h": 0.0104898, "i": 0.0981393, "k": 0.0155594, "m": 0.11914, "f": 0.0637001, "p": 0.00737671, "s": 0.0183123, "t": 0.0193299, "w": 0.00975319, "y": 0.0238796, "v": 0.0822864 },
  "k": { "a": 0.0428862, "r": 0.197607, "n": 0.0853922, "d": 0.0222893, "c": 0.00629519, "q": 0.103686, "e": 0.070859, "g": 0.0264421, "h": 0.04017, "i": 0.0118077, "l": 0.0133077, "m": 0.0129476, "f": 0.00553604, "p": 0.0224055, "s": 0.0777162, "t": 0.098025, "w": 0.0107173, "y": 0.00691419, "v": 0.0178389 },
  "m": { "a": 0.153266, "r": 0.0692024, "n": 0.0739095, "d": 0.0500607, "c": 0.0466118, "q": 0.0766538, "e": 0.0552613, "g": 0.0925566, "h": 0.0479166, "i": 0.143303, "l": 0.487016, "k": 0.135013, "f": 0.0635059, "p": 0.0470411, "s": 0.0728652, "t": 0.133653, "w": 0.0457374, "y": 0.0608772, "v": 0.143876 },
  "f": { "a": 0.026337, "r": 0.0118655, "n": 0.0193186, "d": 0.00964655, "c": 0.0116514, "q": 0.012155, "e": 0.0112548, "g": 0.0117468, "h": 0.0199038, "i": 0.0647235, "l": 0.145527, "k": 0.0167888, "m": 0.0242003, "p": 0.0139417, "s": 0.0363342, "t": 0.0154084, "w": 0.0149949, "y": 0.236557, "v": 0.0300184 },
  "p": { "a": 0.198897, "r": 0.0527607, "n": 0.0223623, "d": 0.0356061, "c": 0.0281811, "q": 0.0680627, "e": 0.0428737, "g": 0.0552982, "h": 0.0439092, "i": 0.0235967, "l": 0.0412404, "k": 0.0621343, "m": 0.0187064, "f": 0.0101265, "s": 0.124308, "t": 0.0386772, "w": 0.013347, "y": 0.00987362, "v": 0.068376 },
  "s": { "a": 0.393041, "r": 0.0252323, "n": 0.13902, "d": 0.0439053, "c": 0.0218611, "q": 0.0408845, "e": 0.0267126, "g": 0.132695, "h": 0.0150984, "i": 0.0124808, "l": 0.0161987, "k": 0.0602641, "m": 0.0112696, "f": 0.0145508, "p": 0.0989738, "t": 0.339113, "w": 0.0100684, "y": 0.0112481, "v": 0.0198487 },
  "t": { "a": 0.305994, "r": 0.0233469, "n": 0.0773401, "d": 0.0261142, "c": 0.011188, "q": 0.0330271, "e": 0.037418, "g": 0.0354373, "h": 0.0177181, "i": 0.0456309, "l": 0.0353219, "k": 0.0968239, "m": 0.0280354, "f": 0.0104633, "p": 0.0436711, "s": 0.410353, "w": 0.0122486, "y": 0.0102363, "v": 0.124291 },
  "w": { "a": 0.140939, "r": 0.14507, "n": 0.150586, "d": 0.116467, "c": 0.0923792, "q": 0.129424, "e": 0.122065, "g": 0.16497, "h": 0.116744, "i": 0.133808, "l": 0.362142, "k": 0.163089, "m": 0.169292, "f": 0.112205, "p": 0.121095, "s": 0.154408, "t": 0.143608, "y": 0.123259, "v": 0.131133 },
  "y": { "a": 0.0182472, "r": 0.014541, "n": 0.0159607, "d": 0.0117495, "c": 0.0330337, "q": 0.0183739, "e": 0.01673, "g": 0.0146682, "h": 0.0541526, "i": 0.0346161, "l": 0.0488006, "k": 0.0271849, "m": 0.0182627, "f": 0.259504, "p": 0.014515, "s": 0.0286043, "t": 0.0304907, "w": 0.0265507, "v": 0.030507 },
  "v": { "a": 0.177015, "r": 0.0122416, "n": 0.0172618, "d": 0.0139652, "c": 0.0196659, "q": 0.0146732, "e": 0.031859, "g": 0.030389, "h": 0.0115876, "i": 0.448038, "l": 0.107056, "k": 0.0256549, "m": 0.0417175, "f": 0.0156353, "p": 0.0264567, "s": 0.0163638, "t": 0.111446, "w": 0.00827854, "y": 0.0128423 }
 }
}
