{
 "alphabet": "arndcqeghilkmfpstwyv",
 "insrate": 0.00692292,
 "insextprob": 0.555556,
 "delrate": 0.00519182,
 "delextprob": 0.632653,
 "rootprob":
 {
  "a": 0.104731,
  "r": 0.0552149,
  "n": 0.0464819,
  "d": 0.0392489,
  "c": 0.0246347,
  "q": 0.0295486,
  "e": 0.0467217,
  "g": 0.0921412,
  "h": 0.0416378,
  "i": 0.0166839,
  "l": 0.0903839,
  "k": 0.0707254,
  "m": 0.0132308,
  "f": 0.0494415,
  "p": 0.0434929,
  "s": 0.0634897,
  "t": 0.0430424,
  "w": 0.0137833,
  "y": 0.0417987,
  "v": 0.0735673
 },
 "subrate":
 {
  "a": { "r": 0.0224824, "n": 0.0199155, "d": 0.0300402, "c": 0.0143364, "q": 0.0471811, "e": 0.104197, "g": 0.230121, "h": 0.0143799, "i": 0.0232059, "l": 0.0222854, "k": 0.031801, "m": 0.015269, "f": 0.00998292, "p": 0.182411, "s": 0.280976, "t": 0.17771, "w": 0.00543661, "y": 0.00686264, "v": 0.150811 },
  "r": { "a": 0.0463722, "n": 0.034192, "d": 0.0267457, "c": 0.0161817, "q": 0.0984646, "e": 0.0456411, "g": 0.024918, "h": 0.0908402, "i": 0.0314745, "l": 0.0180888, "k": 0.454692, "m": 0.023, "f": 0.00980744, "p": 0.0298553, "s": 0.0718317, "t": 0.0662268, "w": 0.0171394, "y": 0.00917139, "v": 0.0379133 },
  "n": { "a": 0.0315899, "r": 0.0287665, "d": 0.353896, "c": 0.0165188, "q": 0.14308, "e": 0.0976093, "g": 0.104767, "h": 0.0948063, "i": 0.0398038, "l": 0.0318152, "k": 0.142657, "m": 0.0260991, "f": 0.0227147, "p": 0.0280006, "s": 0.279228, "t": 0.121081, "w": 0.0099528, "y": 0.030415, "v": 0.0287853 },
  "d": { "a": 0.0528321, "r": 0.0170017, "n": 0.349646, "c": 0.0127989, "q": 0.113166, "e": 0.532879, "g": 0.0436656, "h": 0.0470227, "i": 0.0248318, "l": 0.0208538, "k": 0.0338734, "m": 0.0192539, "f": 0.0115081, "p": 0.0187567, "s": 0.063016, "t": 0.0326981, "w": 0.00905116, "y": 0.0122134, "v": 0.0160374 },
  "c": { "a": 0.0415406, "r": 0.0225059, "n": 0.0275134, "d": 0.0176491, "q": 0.020889, "e": 0.0161974, "g": 0.0326285, "h": 0.0219487, "i": 0.0155969, "l": 0.0137586, "k": 0.0171962, "m": 0.0198979, "f": 0.0277436, "p": 0.0182248, "s": 0.091529, "t": 0.0186622, "w": 0.0149531, "y": 0.0314026, "v": 0.0253891 },
  "q": { "a": 0.100358, "r": 0.0986515, "n": 0.125299, "d": 0.0871976, "c": 0.0162336, "e": 0.349925, "g": 0.0470043, "h": 0.111716, "i": 0.0365617, "l": 0.0720062, "k": 0.16497, "m": 0.0696221, "f": 0.0182294, "p": 0.053383, "s": 0.0833274, "t": 0.0662771, "w": 0.0131952, "y": 0.0142112, "v": 0.0358284 },
  "e": { "a": 0.187133, "r": 0.0303664, "n": 0.0816925, "d": 0.451284, "c": 0.0138962, "q": 0.280158, "g": 0.0592385, "h": 0.0270193, "i": 0.0285858, "l": 0.0203553, "k": 0.095576, "m": 0.0249587, "f": 0.0104075, "p": 0.0239998, "s": 0.0577204, "t": 0.0583229, "w": 0.0100235, "y": 0.00961327, "v": 0.029736 },
  "g": { "a": 0.201357, "r": 0.00857427, "n": 0.0958258, "d": 0.0571245, "c": 0.00698525, "q": 0.0189553, "e": 0.0520379, "h": 0.0142207, "i": 0.0118289, "l": 0.0107173, "k": 0.0155317, "m": 0.00751992, "f": 0.0141543, "p": 0.0292705, "s": 0.142798, "t": 0.0443269, "w": 0.00456331, "y": 0.00592996, "v": 0.015804 },
  "h": { "a": 0.0248592, "r": 0.130194, "n": 0.180973, "d": 0.0418432, "c": 0.0165344, "q": 0.098797, "e": 0.0625304, "g": 0.0441002, "i": 0.024281, "l": 0.0385197, "k": 0.0409959, "m": 0.0201537, "f": 0.0304467, "p": 0.0958795, "s": 0.0441045, "t": 0.0531311, "w": 0.012916, "y": 0.0307257, "v": 0.0318288 },
  "i": { "a": 0.0563675, "r": 0.0322667, "n": 0.0331335, "d": 0.026376, "c": 0.0139034, "q": 0.0261976, "e": 0.0327823, "g": 0.02868, "h": 0.0220596, "l": 0.324063, "k": 0.0643493, "m": 0.0840648, "f": 0.0651158, "p": 0.0298565, "s": 0.039118, "t": 0.0999596, "w": 0.0124714, "y": 0.0169535, "v": 0.704125 },
  "l": { "a": 0.0337967, "r": 0.0152604, "n": 0.0109628, "d": 0.0112452, "c": 0.00489063, "q": 0.0471759, "e": 0.0119302, "g": 0.0168618, "h": 0.0136924, "i": 0.182434, "k": 0.0164956, "m": 0.11775, "f": 0.063965, "p": 0.0108287, "s": 0.0107749, "t": 0.0128811, "w": 0.00813971, "y": 0.0115949, "v": 0.0655242 },
  "k": { "a": 0.0286233, "r": 0.167352, "n": 0.0618723, "d": 0.0179958, "c": 0.00643324, "q": 0.0462654, "e": 0.0478038, "g": 0.0143829, "h": 0.020429, "i": 0.0183299, "l": 0.0147816, "m": 0.0282576, "f": 0.00551347, "p": 0.0198382, "s": 0.0599703, "t": 0.0555514, "w": 0.0049068, "y": 0.00445464, "v": 0.0131404 },
  "m": { "a": 0.139256, "r": 0.0726217, "n": 0.0760236, "d": 0.0663839, "c": 0.0402354, "q": 0.139906, "e": 0.102493, "g": 0.0697729, "h": 0.0688645, "i": 0.307718, "l": 0.508168, "k": 0.216305, "f": 0.143673, "p": 0.0625956, "s": 0.0728325, "t": 0.11261, "w": 0.0347792, "y": 0.066516, "v": 0.154712 },
  "f": { "a": 0.0226091, "r": 0.00861913, "n": 0.0156504, "d": 0.0097972, "c": 0.0149367, "q": 0.0112285, "e": 0.00919257, "g": 0.0303205, "h": 0.0243691, "i": 0.0668296, "l": 0.129556, "k": 0.0126506, "m": 0.032206, "p": 0.0155474, "s": 0.0160851, "t": 0.0176386, "w": 0.0157637, "y": 0.18582, "v": 0.026999 },
  "p": { "a": 0.23567, "r": 0.0284543, "n": 0.0337439, "d": 0.0237579, "c": 0.0176133, "q": 0.0557648, "e": 0.0417102, "g": 0.0949773, "h": 0.051289, "i": 0.0190146, "l": 0.0375439, "k": 0.0520285, "m": 0.0220426, "f": 0.0152492, "s": 0.179571, "t": 0.0627449, "w": 0.00929622, "y": 0.0168092, "v": 0.0598167 },
  "s": { "a": 0.292483, "r": 0.0348999, "n": 0.15508, "d": 0.0678271, "c": 0.0329622, "q": 0.0371039, "e": 0.0439651, "g": 0.158021, "h": 0.0199318, "i": 0.0186951, "l": 0.0177219, "k": 0.0633478, "m": 0.011036, "f": 0.0165292, "p": 0.127427, "t": 0.327053, "w": 0.00610013, "y": 0.0107267, "v": 0.0202975 },
  "t": { "a": 0.24249, "r": 0.0375687, "n": 0.079162, "d": 0.0400436, "c": 0.0146552, "q": 0.0336575, "e": 0.0559698, "g": 0.0348097, "h": 0.0222604, "i": 0.0579847, "l": 0.0231958, "k": 0.117398, "m": 0.0209625, "f": 0.0264228, "p": 0.0590775, "s": 0.417486, "w": 0.00812146, "y": 0.0157408, "v": 0.105001 },
  "w": { "a": 0.0417294, "r": 0.0511983, "n": 0.0522519, "d": 0.0370279, "c": 0.0327226, "q": 0.0385304, "e": 0.038299, "g": 0.0374821, "h": 0.075876, "i": 0.0559375, "l": 0.0634959, "k": 0.038629, "m": 0.0422251, "f": 0.0743654, "p": 0.0633111, "s": 0.0655351, "t": 0.0855822, "y": 0.0952399, "v": 0.0400944 },
  "y": { "a": 0.0173204, "r": 0.0146328, "n": 0.0370189, "d": 0.0137056, "c": 0.0281359, "q": 0.0125409, "e": 0.0121341, "g": 0.0146229, "h": 0.075578, "i": 0.0236519, "l": 0.0456342, "k": 0.0113686, "m": 0.0177592, "f": 0.310563, "p": 0.0219294, "s": 0.0542173, "t": 0.0372966, "w": 0.0180653, "v": 0.0194808 },
  "v": { "a": 0.210845, "r": 0.0265697, "n": 0.0175201, "d": 0.0111468, "c": 0.00899331, "q": 0.015781, "e": 0.0290776, "g": 0.0256089, "h": 0.0111695, "i": 0.378938, "l": 0.0920974, "k": 0.0290069, "m": 0.0358282, "f": 0.0242868, "p": 0.0266746, "s": 0.0289919, "t": 0.112133, "w": 0.00616492, "y": 0.00895031 }
 }
}
