{
 "alphabet": "arndcqeghilkmfpstwyv",
 "insrate": 0.00384957,
 "insextprob": 0.658537,
 "delrate": 0.0030241,
 "delextprob": 0.842857,
 "rootprob":
 {
  "a": 0.0792876,
  "r": 0.039331,
  "n": 0.0346452,
  "d": 0.033188,
  "c": 0.0425206,
  "q": 0.0377576,
  "e": 0.0620205,
  "g": 0.0932834,
  "h": 0.0311733,
  "i": 0.0405624,
  "l": 0.0912508,
  "k": 0.0630771,
  "m": 0.0245762,
  "f": 0.0439865,
  "p": 0.0297039,
  "s": 0.0800229,
  "t": 0.0708995,
  "w": 0.0142664,
  "y": 0.0394438,
  "v": 0.0490032
 },
 "subrate":
 {
  "a": { "r": 0.0178895, "n": 0.0329028, "d": 0.0317272, "c": 0.0102834, "q": 0.0221222, "e": 0.0817493, "g": 0.189058, "h": 0.017036, "i": 0.0117072, "l": 0.0226109, "k": 0.0277788, "m": 0.0156135, "f": 0.0057018, "p": 0.107922, "s": 0.25201, "t": 0.14008, "w": 0.00560707, "y": 0.00672309, "v": 0.138518 },
  "r": { "a": 0.042871, "n": 0.0608727, "d": 0.0386629, "c": 0.0185816, "q": 0.0639388, "e": 0.0348903, "g": 0.0550476, "h": 0.125917, "i": 0.0301575, "l": 0.0341923, "k": 0.387711, "m": 0.0252454, "f": 0.0143665, "p": 0.0615547, "s": 0.0800453, "t": 0.037059, "w": 0.0280592, "y": 0.0178448, "v": 0.0370492 },
  "n": { "a": 0.050986, "r": 0.0486098, "d": 0.316189, "c": 0.018676, "q": 0.0449663, "e": 0.0805918, "g": 0.130023, "h": 0.128024, "i": 0.0243507, "l": 0.0193087, "k": 0.201972, "m": 0.0235465, "f": 0.0113289, "p": 0.0382739, "s": 0.321593, "t": 0.0996248, "w": 0.0127041, "y": 0.0173562, "v": 0.0209308 },
  "d": { "a": 0.0734281, "r": 0.0218218, "n": 0.275008, "c": 0.0121055, "q": 0.0472281, "e": 0.496821, "g": 0.103381, "h": 0.0340397, "i": 0.0196022, "l": 0.0189775, "k": 0.0500836, "m": 0.0258176, "f": 0.011331, "p": 0.0432235, "s": 0.121943, "t": 0.0423838, "w": 0.0114579, "y": 0.0129145, "v": 0.0203559 },
  "c": { "a": 0.0611759, "r": 0.0426505, "n": 0.0310277, "d": 0.0175003, "q": 0.0204678, "e": 0.0159061, "g": 0.0590775, "h": 0.0180415, "i": 0.0214848, "l": 0.0159409, "k": 0.0171931, "m": 0.0177844, "f": 0.0128361, "p": 0.0316377, "s": 0.0713831, "t": 0.0353654, "w": 0.0131756, "y": 0.0371909, "v": 0.0906788 },
  "q": { "a": 0.0925434, "r": 0.0699016, "n": 0.0782298, "d": 0.0485326, "c": 0.0158974, "e": 0.331431, "g": 0.0518731, "h": 0.149824, "i": 0.0198896, "l": 0.0463726, "k": 0.137579, "m": 0.0331926, "f": 0.0218245, "p": 0.0523301, "s": 0.0811021, "t": 0.0515355, "w": 0.0142037, "y": 0.0215018, "v": 0.0282649 },
  "e": { "a": 0.108253, "r": 0.0179277, "n": 0.0617384, "d": 0.308168, "c": 0.00910877, "q": 0.247888, "g": 0.0694815, "h": 0.0265566, "i": 0.0172877, "l": 0.0156771, "k": 0.109748, "m": 0.0191951, "f": 0.0105333, "p": 0.0612775, "s": 0.0521104, "t": 0.0380101, "w": 0.00837114, "y": 0.0109398, "v": 0.0205103 },
  "g": { "a": 0.20163, "r": 0.0142159, "n": 0.0644379, "d": 0.10315, "c": 0.00774905, "q": 0.0108922, "e": 0.0576512, "h": 0.0113, "i": 0.0188177, "l": 0.0168997, "k": 0.0246699, "m": 0.0109943, "f": 0.00766446, "p": 0.0184723, "s": 0.183323, "t": 0.0168048, "w": 0.00579564, "y": 0.00565753, "v": 0.0454504 },
  "h": { "a": 0.0370321, "r": 0.165589, "n": 0.189255, "d": 0.0780206, "c": 0.0276715, "q": 0.243088, "e": 0.0634675, "g": 0.046028, "i": 0.0210817, "l": 0.0416398, "k": 0.0505823, "m": 0.0209646, "f": 0.0195262, "p": 0.034511, "s": 0.072602, "t": 0.0365337, "w": 0.0312105, "y": 0.0304748, "v": 0.0266602 },
  "i": { "a": 0.0362528, "r": 0.03268, "n": 0.0318848, "d": 0.0219255, "c": 0.017184, "q": 0.0311991, "e": 0.0335817, "g": 0.0332208, "h": 0.0296736, "l": 0.329265, "k": 0.0592274, "m": 0.109057, "f": 0.0692572, "p": 0.0264209, "s": 0.0309651, "t": 0.089117, "w": 0.0161428, "y": 0.025876, "v": 0.80686 },
  "l": { "a": 0.0370415, "r": 0.00821976, "n": 0.00916745, "d": 0.00979316, "c": 0.00511422, "q": 0.0177411, "e": 0.00722299, "g": 0.00753456, "h": 0.0184705, "i": 0.155276, "k": 0.0137137, "m": 0.102568, "f": 0.0415123, "p": 0.020169, "s": 0.0134305, "t": 0.0279304, "w": 0.00818282, "y": 0.0169428, "v": 0.0766352 },
  "k": { "a": 0.0347415, "r": 0.157283, "n": 0.110799, "d": 0.0232251, "c": 0.0069979, "q": 0.0500792, "e": 0.0477202, "g": 0.0255655, "h": 0.0265236, "i": 0.0151804, "l": 0.0256182, "m": 0.0162094, "f": 0.00613481, "p": 0.0286086, "s": 0.0629814, "t": 0.0668066, "w": 0.00605332, "y": 0.0077453, "v": 0.0101684 },
  "m": { "a": 0.103975, "r": 0.0602689, "n": 0.0475155, "d": 0.0399863, "c": 0.0348452, "q": 0.0814885, "e": 0.0458702, "g": 0.0562161, "h": 0.0430106, "i": 0.179705, "l": 0.480215, "k": 0.0774971, "f": 0.0498879, "p": 0.0481596, "s": 0.0606171, "t": 0.135526, "w": 0.028008, "y": 0.0385904, "v": 0.141681 },
  "f": { "a": 0.0386939, "r": 0.0115374, "n": 0.0172433, "d": 0.016249, "c": 0.0105737, "q": 0.0197043, "e": 0.0188653, "g": 0.0245607, "h": 0.0184335, "i": 0.059097, "l": 0.0946105, "k": 0.015519, "m": 0.0132758, "p": 0.0158168, "s": 0.0337505, "t": 0.0315087, "w": 0.0145518, "y": 0.193363, "v": 0.0246244 },
  "p": { "a": 0.220755, "r": 0.0409917, "n": 0.0355936, "d": 0.0269054, "c": 0.0159567, "q": 0.0686865, "e": 0.0389708, "g": 0.0419978, "h": 0.0214196, "i": 0.0218207, "l": 0.0245312, "k": 0.041247, "m": 0.0184965, "f": 0.015207, "s": 0.136213, "t": 0.10996, "w": 0.0124388, "y": 0.0115651, "v": 0.0433953 },
  "s": { "a": 0.323987, "r": 0.0361349, "n": 0.231514, "d": 0.0899013, "c": 0.0194403, "q": 0.0279731, "e": 0.0479349, "g": 0.178342, "h": 0.0289343, "i": 0.0149075, "l": 0.0213715, "k": 0.0913264, "m": 0.0141316, "f": 0.00694332, "p": 0.116492, "t": 0.341184, "w": 0.00858553, "y": 0.00843114, "v": 0.0210927 },
  "t": { "a": 0.200994, "r": 0.029953, "n": 0.115367, "d": 0.0424903, "c": 0.0143558, "q": 0.0394211, "e": 0.0513056, "g": 0.0320454, "h": 0.0191377, "i": 0.0403778, "l": 0.0338035, "k": 0.110378, "m": 0.0338874, "f": 0.00941317, "p": 0.0555534, "s": 0.386988, "w": 0.00834883, "y": 0.0191474, "v": 0.114174 },
  "w": { "a": 0.0546843, "r": 0.189307, "n": 0.121977, "d": 0.0557033, "c": 0.0428084, "q": 0.057969, "e": 0.068152, "g": 0.0512979, "h": 0.138403, "i": 0.0500908, "l": 0.048881, "k": 0.0605214, "m": 0.0462969, "f": 0.0659324, "p": 0.0530831, "s": 0.121135, "t": 0.0549233, "y": 0.12308, "v": 0.0577293 },
  "y": { "a": 0.0478, "r": 0.0220913, "n": 0.0284965, "d": 0.0267976, "c": 0.0313575, "q": 0.0264635, "e": 0.0335917, "g": 0.0173786, "h": 0.0785713, "i": 0.0260642, "l": 0.071984, "k": 0.035178, "m": 0.0194645, "f": 0.380224, "p": 0.0304455, "s": 0.0244875, "t": 0.0596845, "w": 0.0476314, "v": 0.0284155 },
  "v": { "a": 0.145102, "r": 0.0232784, "n": 0.0164453, "d": 0.0143859, "c": 0.014521, "q": 0.0235956, "e": 0.0319572, "g": 0.0282989, "h": 0.0189137, "i": 0.423217, "l": 0.0890125, "k": 0.024325, "m": 0.0410215, "f": 0.0195278, "p": 0.023196, "s": 0.021607, "t": 0.108804, "w": 0.00968547, "y": 0.0150179 }
 }
}
