{
 "alphabet": "arndcqeghilkmfpstwyv",
 "insrate": 0.00469073,
 "insextprob": 0.653061,
 "delrate": 0.00468995,
 "delextprob": 0.757143,
 "rootprob":
 {
  "a": 0.0950024,
  "r": 0.0409673,
  "n": 0.0457859,
  "d": 0.031135,
  "c": 0.0427152,
  "q": 0.0496901,
  "e": 0.0483745,
  "g": 0.0922851,
  "h": 0.0319212,
  "i": 0.0262276,
  "l": 0.0957228,
  "k": 0.0761378,
  "m": 0.00675475,
  "f": 0.0364292,
  "p": 0.0570448,
  "s": 0.0748692,
  "t": 0.0470817,
  "w": 0.0121629,
  "y": 0.0209653,
  "v": 0.0687272
 },
 "subrate":
 {
  "a": { "r": 0.0150447, "n": 0.0299658, "d": 0.03821, "c": 0.0185016, "q": 0.0326043, "e": 0.0962327, "g": 0.152709, "h": 0.00965454, "i": 0.0215789, "l": 0.0364894, "k": 0.0385882, "m": 0.0219358, "f": 0.00656252, "p": 0.0893256, "s": 0.337869, "t": 0.152623, "w": 0.00416919, "y": 0.00712619, "v": 0.142484 },
  "r": { "a": 0.0316404, "n": 0.0278209, "d": 0.0162605, "c": 0.0167907, "q": 0.067294, "e": 0.0207334, "g": 0.0260209, "h": 0.0457811, "i": 0.0223022, "l": 0.0279201, "k": 0.375476, "m": 0.0148343, "f": 0.00819004, "p": 0.0414474, "s": 0.0628404, "t": 0.0409814, "w": 0.011626, "y": 0.011998, "v": 0.0358633 },
  "n": { "a": 0.0587875, "r": 0.0453859, "d": 0.378407, "c": 0.0143372, "q": 0.0770274, "e": 0.0843883, "g": 0.105694, "h": 0.147135, "i": 0.0436175, "l": 0.0211562, "k": 0.14159, "m": 0.0216261, "f": 0.0181555, "p": 0.0334208, "s": 0.214403, "t": 0.0913098, "w": 0.00940107, "y": 0.0157049, "v": 0.0342288 },
  "d": { "a": 0.13162, "r": 0.0267906, "n": 0.384172, "c": 0.0140202, "q": 0.0625162, "e": 0.482049, "g": 0.0917118, "h": 0.104361, "i": 0.0319084, "l": 0.0169853, "k": 0.0518338, "m": 0.0190338, "f": 0.0134585, "p": 0.0382714, "s": 0.120579, "t": 0.0430502, "w": 0.0101798, "y": 0.0149283, "v": 0.0379858 },
  "c": { "a": 0.0664869, "r": 0.0377459, "n": 0.0164804, "d": 0.014583, "q": 0.0131387, "e": 0.013111, "g": 0.0459719, "h": 0.0299952, "i": 0.0372679, "l": 0.0247396, "k": 0.0141785, "m": 0.0186562, "f": 0.0122922, "p": 0.0179642, "s": 0.12237, "t": 0.0411645, "w": 0.00987201, "y": 0.0196595, "v": 0.0325413 },
  "q": { "a": 0.0772819, "r": 0.0972578, "n": 0.0808364, "d": 0.0639637, "c": 0.0121425, "e": 0.250883, "g": 0.0565679, "h": 0.173997, "i": 0.0336769, "l": 0.0388621, "k": 0.0809597, "m": 0.0276082, "f": 0.0136497, "p": 0.110355, "s": 0.07234, "t": 0.0877204, "w": 0.010691, "y": 0.0125171, "v": 0.033697 },
  "e": { "a": 0.192799, "r": 0.0181461, "n": 0.0783821, "d": 0.402704, "c": 0.0105425, "q": 0.223319, "g": 0.0864835, "h": 0.0399521, "i": 0.02648, "l": 0.0137235, "k": 0.0573795, "m": 0.0171377, "f": 0.0114997, "p": 0.042459, "s": 0.0715142, "t": 0.0406515, "w": 0.00809482, "y": 0.0104707, "v": 0.044131 },
  "g": { "a": 0.201099, "r": 0.0108264, "n": 0.0336746, "d": 0.0482933, "c": 0.014653, "q": 0.0204558, "e": 0.0332209, "h": 0.0277512, "i": 0.0114328, "l": 0.015455, "k": 0.0162168, "m": 0.00758853, "f": 0.00665011, "p": 0.0416015, "s": 0.157869, "t": 0.0194756, "w": 0.00529374, "y": 0.00800155, "v": 0.0260164 },
  "h": { "a": 0.0297327, "r": 0.0888789, "n": 0.286857, "d": 0.0835912, "c": 0.0162283, "q": 0.137983, "e": 0.0626488, "g": 0.0380646, "i": 0.031011, "l": 0.028269, "k": 0.0266818, "m": 0.0184106, "f": 0.0317688, "p": 0.0585383, "s": 0.046159, "t": 0.0479509, "w": 0.0120416, "y": 0.025743, "v": 0.0252342 },
  "i": { "a": 0.0382218, "r": 0.0289312, "n": 0.0375151, "d": 0.0284262, "c": 0.0182449, "q": 0.0251881, "e": 0.0274719, "g": 0.0192214, "h": 0.0234507, "l": 0.292411, "k": 0.0754897, "m": 0.150853, "f": 0.0255446, "p": 0.0269185, "s": 0.0291463, "t": 0.0784241, "w": 0.00904506, "y": 0.0555898, "v": 0.833028 },
  "l": { "a": 0.0208507, "r": 0.0170978, "n": 0.00882725, "d": 0.00681045, "c": 0.00511771, "q": 0.0282438, "e": 0.00801597, "g": 0.00721816, "h": 0.00764405, "i": 0.154766, "k": 0.0179614, "m": 0.0694661, "f": 0.0467431, "p": 0.00824411, "s": 0.0107268, "t": 0.0229722, "w": 0.00359186, "y": 0.00612164, "v": 0.0926383 },
  "k": { "a": 0.0424544, "r": 0.260144, "n": 0.0721627, "d": 0.039063, "c": 0.0100156, "q": 0.0524888, "e": 0.0353066, "g": 0.02898, "h": 0.0137142, "i": 0.0295822, "l": 0.0124257, "m": 0.0203759, "f": 0.00539089, "p": 0.0252504, "s": 0.0684541, "t": 0.0551615, "w": 0.00716025, "y": 0.0115515, "v": 0.0274725 },
  "m": { "a": 0.108249, "r": 0.0831641, "n": 0.0666177, "d": 0.0499324, "c": 0.0450644, "q": 0.0781678, "e": 0.0637588, "g": 0.0505808, "h": 0.0450115, "i": 0.290905, "l": 0.402482, "k": 0.249297, "f": 0.0532317, "p": 0.0564263, "s": 0.0840704, "t": 0.153503, "w": 0.0256681, "y": 0.0416746, "v": 0.233592 },
  "f": { "a": 0.0129525, "r": 0.0167155, "n": 0.0213997, "d": 0.0109546, "c": 0.015161, "q": 0.0117303, "e": 0.0116322, "g": 0.0181118, "h": 0.0325483, "i": 0.0308147, "l": 0.162239, "k": 0.0108252, "m": 0.0174072, "p": 0.0126493, "s": 0.0194549, "t": 0.0122336, "w": 0.0149584, "y": 0.170698, "v": 0.0353993 },
  "p": { "a": 0.214526, "r": 0.0364938, "n": 0.0279514, "d": 0.0276855, "c": 0.0135779, "q": 0.0467744, "e": 0.026927, "g": 0.0477275, "h": 0.0222176, "i": 0.0212708, "l": 0.0494652, "k": 0.0306588, "m": 0.0128114, "f": 0.0094216, "s": 0.133623, "t": 0.0523931, "w": 0.00728928, "y": 0.00878271, "v": 0.0295571 },
  "s": { "a": 0.426266, "r": 0.0271487, "n": 0.146884, "d": 0.0567995, "c": 0.030223, "q": 0.0367106, "e": 0.0591995, "g": 0.179425, "h": 0.0242344, "i": 0.017091, "l": 0.022035, "k": 0.0610709, "m": 0.015088, "f": 0.014005, "p": 0.0833457, "t": 0.276223, "w": 0.00641096, "y": 0.0172416, "v": 0.0230141 },
  "t": { "a": 0.268256, "r": 0.0159992, "n": 0.0544779, "d": 0.0355416, "c": 0.01772, "q": 0.0254748, "e": 0.0371175, "g": 0.0228262, "h": 0.0162625, "i": 0.0712256, "l": 0.0395787, "k": 0.0874914, "m": 0.0496127, "f": 0.010035, "p": 0.0415294, "s": 0.388269, "w": 0.00695374, "y": 0.0128767, "v": 0.183427 },
  "w": { "a": 0.0391099, "r": 0.062739, "n": 0.031921, "d": 0.0306159, "c": 0.0487501, "q": 0.0317556, "e": 0.0303724, "g": 0.0350277, "h": 0.0315202, "i": 0.0318671, "l": 0.0317565, "k": 0.0373877, "m": 0.031513, "f": 0.0299299, "p": 0.0324963, "s": 0.0687037, "t": 0.0331878, "y": 0.0295388, "v": 0.0318271 },
  "y": { "a": 0.0330384, "r": 0.0415684, "n": 0.0725714, "d": 0.028343, "c": 0.0245022, "q": 0.0276876, "e": 0.0251412, "g": 0.0265025, "h": 0.0793607, "i": 0.0406332, "l": 0.0760205, "k": 0.0294015, "m": 0.0315199, "f": 0.298955, "p": 0.0323446, "s": 0.0417737, "t": 0.0732663, "w": 0.0361386, "v": 0.0388605 },
  "v": { "a": 0.161773, "r": 0.013446, "n": 0.0192546, "d": 0.0183226, "c": 0.0174815, "q": 0.0174412, "e": 0.0344343, "g": 0.0172419, "h": 0.0122756, "i": 0.548056, "l": 0.0957748, "k": 0.0509546, "m": 0.0674207, "f": 0.0117056, "p": 0.0160308, "s": 0.0215834, "t": 0.124102, "w": 0.00532544, "y": 0.0180084 }
 }
}
