{
 "alphabet": "arndcqeghilkmfpstwyv",
 "insrate": 0.00594759,
 "insextprob": 0.705128,
 "delrate": 0.00491274,
 "delextprob": 0.536585,
 "rootprob":
 {
  "a": 0.07381,
  "r": 0.045686,
  "n": 0.037383,
  "d": 0.0509146,
  "c": 0.0366856,
  "q": 0.03863,
  "e": 0.0674371,
  "g": 0.0671603,
  "h": 0.0371876,
  "i": 0.0421348,
  "l": 0.0794273,
  "k": 0.0790938,
  "m": 0.0197109,
  "f": 0.0419928,
  "p": 0.0469695,
  "s": 0.0670884,
  "t": 0.0485597,
  "w": 0.0121201,
  "y": 0.0485811,
  "v": 0.0594274
 },
 "subrate":
 {
  "a": { "r": 0.0224448, "n": 0.0216122, "d": 0.0244678, "c": 0.0283143, "q": 0.0266244, "e": 0.0598373, "g": 0.211036, "h": 0.0209217, "i": 0.0149434, "l": 0.0303083, "k": 0.0467119, "m": 0.0155217, "f": 0.00714891, "p": 0.106939, "s": 0.316455, "t": 0.099937, "w": 0.00486, "y": 0.00569556, "v": 0.147855 },
  "r": { "a": 0.0447338, "n": 0.067551, "d": 0.0327371, "c": 0.0206147, "q": 0.180527, "e": 0.0299776, "g": 0.0389163, "h": 0.0550479, "i": 0.021953, "l": 0.0233076, "k": 0.452262, "m": 0.0245894, "f": 0.0116223, "p": 0.0376937, "s": 0.0567795, "t": 0.0418967, "w": 0.0237872, "y": 0.016529, "v": 0.0227701 },
  "n": { "a": 0.0475573, "r": 0.0490949, "d": 0.315194, "c": 0.0184229, "q": 0.101658, "e": 0.0618014, "g": 0.18592, "h": 0.128069, "i": 0.0491317, "l": 0.0197151, "k": 0.148282, "m": 0.0266896, "f": 0.0248683, "p": 0.0329678, "s": 0.303047, "t": 0.121524, "w": 0.0112586, "y": 0.0229626, "v": 0.0293542 },
  "d": { "a": 0.0463991, "r": 0.0285805, "n": 0.331604, "c": 0.0166227, "q": 0.0341043, "e": 0.39756, "g": 0.111001, "h": 0.0630472, "i": 0.0223347, "l": 0.0132276, "k": 0.0492463, "m": 0.0151848, "f": 0.0112394, "p": 0.060169, "s": 0.101162, "t": 0.0671056, "w": 0.0086973, "y": 0.0252399, "v": 0.0203484 },
  "c": { "a": 0.10077, "r": 0.0361679, "n": 0.0277247, "d": 0.0211861, "q": 0.0191169, "e": 0.0218185, "g": 0.0258169, "h": 0.051324, "i": 0.0184458, "l": 0.0179818, "k": 0.0198178, "m": 0.0157359, "f": 0.0128341, "p": 0.0236635, "s": 0.125992, "t": 0.0285172, "w": 0.0154641, "y": 0.0278037, "v": 0.0863297 },
  "q": { "a": 0.107265, "r": 0.135858, "n": 0.128339, "d": 0.0601882, "c": 0.016665, "e": 0.257163, "g": 0.0590615, "h": 0.149563, "i": 0.0283706, "l": 0.030146, "k": 0.15579, "m": 0.0308085, "f": 0.0124596, "p": 0.0786928, "s": 0.11185, "t": 0.063957, "w": 0.0119153, "y": 0.0128784, "v": 0.0314004 },
  "e": { "a": 0.112272, "r": 0.0255032, "n": 0.0576231, "d": 0.447692, "c": 0.014152, "q": 0.184827, "g": 0.064955, "h": 0.0298031, "i": 0.0239915, "l": 0.01226, "k": 0.083429, "m": 0.014905, "f": 0.00985215, "p": 0.0569792, "s": 0.0688608, "t": 0.0780797, "w": 0.00772219, "y": 0.0201109, "v": 0.0369236 },
  "g": { "a": 0.176273, "r": 0.0113097, "n": 0.0545202, "d": 0.0634527, "c": 0.00624407, "q": 0.0165561, "e": 0.0275294, "h": 0.0115463, "i": 0.00767516, "l": 0.0140756, "k": 0.0187096, "m": 0.00678406, "f": 0.011853, "p": 0.0180986, "s": 0.111587, "t": 0.0221223, "w": 0.00418099, "y": 0.00555591, "v": 0.020398 },
  "h": { "a": 0.0488359, "r": 0.088728, "n": 0.144081, "d": 0.0503967, "c": 0.0129576, "q": 0.202705, "e": 0.0417302, "g": 0.0520693, "i": 0.0194076, "l": 0.0164116, "k": 0.0332304, "m": 0.0378348, "f": 0.0170389, "p": 0.0347958, "s": 0.0369025, "t": 0.0274474, "w": 0.0244662, "y": 0.0321279, "v": 0.0236406 },
  "i": { "a": 0.0361934, "r": 0.0269522, "n": 0.0335335, "d": 0.0175933, "c": 0.0198675, "q": 0.0238341, "e": 0.0204739, "g": 0.0275019, "h": 0.0197971, "l": 0.344339, "k": 0.0289784, "m": 0.115648, "f": 0.0355577, "p": 0.0215755, "s": 0.0314539, "t": 0.101817, "w": 0.0119145, "y": 0.0134119, "v": 0.870795 },
  "l": { "a": 0.0288119, "r": 0.016146, "n": 0.0153715, "d": 0.00619282, "c": 0.00985014, "q": 0.044814, "e": 0.00901203, "g": 0.00762488, "h": 0.00658873, "i": 0.141056, "k": 0.0117977, "m": 0.122337, "f": 0.0745472, "p": 0.0176383, "s": 0.0178739, "t": 0.0212593, "w": 0.0099996, "y": 0.0107051, "v": 0.0890786 },
  "k": { "a": 0.0432619, "r": 0.233446, "n": 0.113264, "d": 0.0318111, "c": 0.0100332, "q": 0.0718798, "e": 0.0671153, "g": 0.0414442, "h": 0.0159036, "i": 0.0129179, "l": 0.0101763, "m": 0.0353138, "f": 0.00630653, "p": 0.0174122, "s": 0.0636639, "t": 0.0942366, "w": 0.00740891, "y": 0.00580041, "v": 0.0140046 },
  "m": { "a": 0.14436, "r": 0.0632127, "n": 0.0810615, "d": 0.0403866, "c": 0.0429316, "q": 0.0933283, "e": 0.0508691, "g": 0.0640611, "h": 0.0493419, "i": 0.274724, "l": 0.60626, "k": 0.11178, "f": 0.0614981, "p": 0.0636177, "s": 0.0807928, "t": 0.169492, "w": 0.0316454, "y": 0.036353, "v": 0.181243 },
  "f": { "a": 0.0174523, "r": 0.00894128, "n": 0.0223589, "d": 0.00839713, "c": 0.00933785, "q": 0.0127815, "e": 0.00843569, "g": 0.0133104, "h": 0.0102109, "i": 0.0718399, "l": 0.140041, "k": 0.0141333, "m": 0.0266217, "p": 0.0131387, "s": 0.0188594, "t": 0.0196137, "w": 0.0147643, "y": 0.162067, "v": 0.0298461 },
  "p": { "a": 0.142827, "r": 0.0453112, "n": 0.0267345, "d": 0.0251858, "c": 0.0172623, "q": 0.0854643, "e": 0.0649455, "g": 0.0527719, "h": 0.0409322, "i": 0.0139309, "l": 0.0373492, "k": 0.0558837, "m": 0.0145181, "f": 0.0083735, "s": 0.150772, "t": 0.0592324, "w": 0.0116101, "y": 0.00796761, "v": 0.0240396 },
  "s": { "a": 0.379571, "r": 0.0232049, "n": 0.162303, "d": 0.0419821, "c": 0.0404103, "q": 0.0376314, "e": 0.0427852, "g": 0.160529, "h": 0.0271943, "i": 0.0121021, "l": 0.015818, "k": 0.0533821, "m": 0.0111508, "f": 0.0170937, "p": 0.0930176, "t": 0.316533, "w": 0.00598704, "y": 0.00752762, "v": 0.0161694 },
  "t": { "a": 0.2082, "r": 0.0227889, "n": 0.0686395, "d": 0.0277948, "c": 0.0127295, "q": 0.0314085, "e": 0.0515244, "g": 0.0269048, "h": 0.0219734, "i": 0.0551353, "l": 0.0226479, "k": 0.090191, "m": 0.0308157, "f": 0.0209966, "p": 0.0480458, "s": 0.397306, "w": 0.00722648, "y": 0.00854716, "v": 0.134234 },
  "w": { "a": 0.0293795, "r": 0.0626064, "n": 0.0292144, "d": 0.0265218, "c": 0.0291698, "q": 0.029217, "e": 0.0266623, "g": 0.0375456, "h": 0.0327722, "i": 0.0452627, "l": 0.0745171, "k": 0.0280359, "m": 0.0335498, "f": 0.0766396, "p": 0.0276397, "s": 0.0492841, "t": 0.0502399, "y": 0.0407503, "v": 0.0319137 },
  "y": { "a": 0.0234959, "r": 0.0144065, "n": 0.0260676, "d": 0.0129867, "c": 0.0354425, "q": 0.014976, "e": 0.0161952, "g": 0.0215937, "h": 0.052141, "i": 0.0417503, "l": 0.0320401, "k": 0.0171728, "m": 0.0231332, "f": 0.288616, "p": 0.0129284, "s": 0.0389176, "t": 0.0286428, "w": 0.0285219, "v": 0.0567113 },
  "v": { "a": 0.182242, "r": 0.017578, "n": 0.0169854, "d": 0.016725, "c": 0.0258167, "q": 0.0172971, "e": 0.0236358, "g": 0.0336396, "h": 0.0251728, "i": 0.477859, "l": 0.116634, "k": 0.0257169, "m": 0.045288, "f": 0.016207, "p": 0.0271903, "s": 0.0204751, "t": 0.134416, "w": 0.00700172, "y": 0.0076208 }
 }
}
