{
 "alphabet": "arndcqeghilkmfpstwyv",
 "insrate": 0.00427187,
 "insextprob": 0.6875,
 "delrate": 0.00313388,
 "delextprob": 0.65625,
 "rootprob":
 {
  "a": 0.0872557,
  "r": 0.0335077,
  "n": 0.0533172,
  "d": 0.0463786,
  "c": 0.0486441,
  "q": 0.0273516,
  "e": 0.0523219,
  "g": 0.0816865,
  "h": 0.033409,
  "i": 0.0370393,
  "l": 0.0466584,
  "k": 0.0883822,
  "m": 0.0107389,
  "f": 0.041023,
  "p": 0.048594,
  "s": 0.0738011,
  "t": 0.0770605,
  "w": 0.0104737,
  "y": 0.0339888,
  "v": 0.0683678
 },
 "subrate":
 {
  "a": { "r": 0.0192488, "n": 0.0217541, "d": 0.0455219, "c": 0.0114612, "q": 0.0411157, "e": 0.0853469, "g": 0.206234, "h": 0.0124347, "i": 0.0155914, "l": 0.0340797, "k": 0.0378383, "m": 0.0169043, "f": 0.0146578, "p": 0.0948758, "s": 0.254219, "t": 0.110059, "w": 0.00544274, "y": 0.00554909, "v": 0.113955 },
  "r": { "a": 0.0285689, "n": 0.0462925, "d": 0.0166518, "c": 0.0213734, "q": 0.0905033, "e": 0.0282091, "g": 0.0505187, "h": 0.072201, "i": 0.0376709, "l": 0.0257321, "k": 0.328655, "m": 0.0250981, "f": 0.0228678, "p": 0.0557375, "s": 0.100979, "t": 0.0305962, "w": 0.0233079, "y": 0.0147966, "v": 0.0235209 },
  "n": { "a": 0.0511983, "r": 0.0492077, "d": 0.326799, "c": 0.0137145, "q": 0.100972, "e": 0.0755568, "g": 0.168692, "h": 0.171297, "i": 0.0345249, "l": 0.0166233, "k": 0.268217, "m": 0.0169876, "f": 0.0192434, "p": 0.0377611, "s": 0.3377, "t": 0.130446, "w": 0.0182089, "y": 0.0244579, "v": 0.0265646 },
  "d": { "a": 0.101542, "r": 0.0201398, "n": 0.26746, "c": 0.0123054, "q": 0.0754738, "e": 0.544906, "g": 0.122151, "h": 0.0552159, "i": 0.0268026, "l": 0.0143316, "k": 0.0501182, "m": 0.0139321, "f": 0.0142681, "p": 0.0596449, "s": 0.123988, "t": 0.0537227, "w": 0.0114166, "y": 0.0134992, "v": 0.0232116 },
  "c": { "a": 0.0676953, "r": 0.0226822, "n": 0.00975004, "d": 0.0119479, "q": 0.010705, "e": 0.0114558, "g": 0.00919068, "h": 0.0160236, "i": 0.0215422, "l": 0.0177835, "k": 0.00989079, "m": 0.0100418, "f": 0.00859626, "p": 0.0174797, "s": 0.0400881, "t": 0.0237142, "w": 0.00801331, "y": 0.0256017, "v": 0.0427374 },
  "q": { "a": 0.119776, "r": 0.124852, "n": 0.0836452, "d": 0.0567851, "c": 0.0137974, "e": 0.284943, "g": 0.0424253, "h": 0.20163, "i": 0.023819, "l": 0.0250496, "k": 0.193746, "m": 0.0387476, "f": 0.0155644, "p": 0.0964636, "s": 0.108298, "t": 0.0599411, "w": 0.0128225, "y": 0.0163049, "v": 0.0235565 },
  "e": { "a": 0.179229, "r": 0.0233434, "n": 0.0399246, "d": 0.366739, "c": 0.00934298, "q": 0.22723, "g": 0.0862498, "h": 0.0311143, "i": 0.0276336, "l": 0.0196827, "k": 0.109378, "m": 0.0135073, "f": 0.0112325, "p": 0.068673, "s": 0.0735775, "t": 0.0495726, "w": 0.00927278, "y": 0.0160361, "v": 0.0252425 },
  "g": { "a": 0.21501, "r": 0.0151539, "n": 0.0745976, "d": 0.0537278, "c": 0.00970024, "q": 0.017046, "e": 0.037643, "h": 0.0113008, "i": 0.00898723, "l": 0.00814484, "k": 0.0254136, "m": 0.00698571, "f": 0.0124731, "p": 0.0342918, "s": 0.199305, "t": 0.0166867, "w": 0.00642715, "y": 0.00465556, "v": 0.010462 },
  "h": { "a": 0.0302578, "r": 0.0951721, "n": 0.140518, "d": 0.0568737, "c": 0.024023, "q": 0.328768, "e": 0.0825391, "g": 0.0288911, "i": 0.0227997, "l": 0.0278053, "k": 0.0712157, "m": 0.0188977, "f": 0.0153026, "p": 0.0569012, "s": 0.0562452, "t": 0.0381896, "w": 0.0131531, "y": 0.0282021, "v": 0.0205669 },
  "i": { "a": 0.0424298, "r": 0.0180614, "n": 0.0490689, "d": 0.0296966, "c": 0.0164287, "q": 0.0216009, "e": 0.0298459, "g": 0.0304431, "h": 0.0219635, "l": 0.435232, "k": 0.0320445, "m": 0.0798018, "f": 0.0439513, "p": 0.0298413, "s": 0.0381767, "t": 0.107802, "w": 0.0117355, "y": 0.0155627, "v": 0.966576 },
  "l": { "a": 0.0520878, "r": 0.00914141, "n": 0.0272045, "d": 0.00917669, "c": 0.00771255, "q": 0.00821886, "e": 0.0103787, "g": 0.0187482, "h": 0.0135033, "i": 0.128807, "k": 0.0200225, "m": 0.0950344, "f": 0.055016, "p": 0.0124465, "s": 0.017392, "t": 0.023926, "w": 0.00546229, "y": 0.0128871, "v": 0.0801951 },
  "k": { "a": 0.0393668, "r": 0.221843, "n": 0.130696, "d": 0.0174277, "c": 0.00779339, "q": 0.070763, "e": 0.0556001, "g": 0.0424107, "h": 0.0312437, "i": 0.021627, "l": 0.020319, "m": 0.0217581, "f": 0.0110119, "p": 0.0389928, "s": 0.0581088, "t": 0.0615921, "w": 0.00705921, "y": 0.0137141, "v": 0.0139996 },
  "m": { "a": 0.125546, "r": 0.0523032, "n": 0.0650948, "d": 0.0421963, "c": 0.0304828, "q": 0.0603629, "e": 0.0466014, "g": 0.0630976, "h": 0.0486967, "i": 0.212796, "l": 0.430221, "k": 0.089509, "f": 0.062112, "p": 0.0529346, "s": 0.0645442, "t": 0.108291, "w": 0.0319656, "y": 0.0353578, "v": 0.110558 },
  "f": { "a": 0.0287376, "r": 0.0173719, "n": 0.017082, "d": 0.0162997, "c": 0.0196359, "q": 0.0117089, "e": 0.0127846, "g": 0.0402208, "h": 0.0155233, "i": 0.0603356, "l": 0.150137, "k": 0.0200198, "m": 0.0267653, "p": 0.0125162, "s": 0.0537651, "t": 0.0181134, "w": 0.011235, "y": 0.227002, "v": 0.0414986 },
  "p": { "a": 0.179767, "r": 0.0264229, "n": 0.0316158, "d": 0.036968, "c": 0.0180205, "q": 0.04573, "e": 0.0740693, "g": 0.0469628, "h": 0.025424, "i": 0.0232905, "l": 0.0168183, "k": 0.0518818, "m": 0.0215717, "f": 0.0160536, "s": 0.158131, "t": 0.0859539, "w": 0.0177323, "y": 0.0123407, "v": 0.0527312 },
  "s": { "a": 0.318628, "r": 0.0469039, "n": 0.155238, "d": 0.0860972, "c": 0.0157769, "q": 0.0401616, "e": 0.0497393, "g": 0.176836, "h": 0.0303294, "i": 0.0121634, "l": 0.0122935, "k": 0.0585614, "m": 0.0102458, "f": 0.00926385, "p": 0.0998402, "t": 0.270297, "w": 0.00808931, "y": 0.00973811, "v": 0.013712 },
  "t": { "a": 0.223773, "r": 0.0324995, "n": 0.124253, "d": 0.0389316, "c": 0.0121912, "q": 0.0510125, "e": 0.0405758, "g": 0.0298351, "h": 0.0236054, "i": 0.0777994, "l": 0.0342577, "k": 0.123846, "m": 0.036203, "f": 0.0158813, "p": 0.0545286, "s": 0.481283, "w": 0.00944135, "y": 0.0192749, "v": 0.190123 },
  "w": { "a": 0.0766092, "r": 0.0459225, "n": 0.0490417, "d": 0.0411546, "c": 0.0321817, "q": 0.0500467, "e": 0.0534763, "g": 0.0444582, "h": 0.0389629, "i": 0.0413405, "l": 0.0692021, "k": 0.0408783, "m": 0.0546178, "f": 0.0703714, "p": 0.039842, "s": 0.0463758, "t": 0.0410794, "y": 0.0393244, "v": 0.0403698 },
  "y": { "a": 0.0301793, "r": 0.0161298, "n": 0.0274774, "d": 0.0222312, "c": 0.0495489, "q": 0.0143632, "e": 0.0188747, "g": 0.0154348, "h": 0.0194606, "i": 0.0207548, "l": 0.065445, "k": 0.0263172, "m": 0.0178354, "f": 0.30891, "p": 0.0156936, "s": 0.0548239, "t": 0.0216343, "w": 0.0209773, "v": 0.0280983 },
  "v": { "a": 0.153535, "r": 0.00946094, "n": 0.015257, "d": 0.0156522, "c": 0.00698725, "q": 0.0175759, "e": 0.0217528, "g": 0.0240424, "h": 0.0116167, "i": 0.517759, "l": 0.145689, "k": 0.0176525, "m": 0.0233298, "f": 0.0172082, "p": 0.0380154, "s": 0.0208183, "t": 0.141513, "w": 0.00584102, "y": 0.00792932 }
 }
}
