{
 "alphabet": "arndcqeghilkmfpstwyv",
 "insrate": 0.0041431,
 "insextprob": 0.7,
 "delrate": 0.00552283,
 "delextprob": 0.666667,
 "rootprob":
 {
  "a": 0.0934807,
  "r": 0.0486281,
  "n": 0.0504742,
  "d": 0.0547854,
  "c": 0.0346255,
  "q": 0.0388172,
  "e": 0.0724417,
  "g": 0.0756207,
  "h": 0.0307142,
  "i": 0.0324478,
  "l": 0.0766267,
  "k": 0.0693174,
  "m": 0.0140064,
  "f": 0.0346572,
  "p": 0.050523,
  "s": 0.0579207,
  "t": 0.0590803,
  "w": 0.00977583,
  "y": 0.0403174,
  "v": 0.0557396
 },
 "subrate":
 {
  "a": { "r": 0.0187768, "n": 0.0306, "d": 0.0489794, "c": 0.0155877, "q": 0.0397833, "e": 0.129332, "g": 0.248505, "h": 0.0279911, "i": 0.0176953, "l": 0.0323196, "k": 0.025687, "m": 0.0192942, "f": 0.0131122, "p": 0.0800313, "s": 0.26715, "t": 0.146911, "w": 0.00719533, "y": 0.011362, "v": 0.141567 },
  "r": { "a": 0.0374348, "n": 0.0382991, "d": 0.0213743, "c": 0.0288287, "q": 0.129272, "e": 0.0187939, "g": 0.0357859, "h": 0.0735779, "i": 0.0252783, "l": 0.0289277, "k": 0.32503, "m": 0.0392852, "f": 0.0152304, "p": 0.0600392, "s": 0.100895, "t": 0.0459646, "w": 0.0187553, "y": 0.00925157, "v": 0.0238035 },
  "n": { "a": 0.0543898, "r": 0.0497071, "d": 0.439563, "c": 0.0160056, "q": 0.061278, "e": 0.057895, "g": 0.128965, "h": 0.174995, "i": 0.0249761, "l": 0.015038, "k": 0.233295, "m": 0.0178174, "f": 0.0128062, "p": 0.0263023, "s": 0.254846, "t": 0.135906, "w": 0.016495, "y": 0.0128265, "v": 0.0254166 },
  "d": { "a": 0.0667362, "r": 0.0169171, "n": 0.233283, "c": 0.00735129, "q": 0.0460746, "e": 0.424826, "g": 0.072928, "h": 0.0367572, "i": 0.0160581, "l": 0.00870342, "k": 0.0356202, "m": 0.0120764, "f": 0.00694932, "p": 0.0161668, "s": 0.106851, "t": 0.0327503, "w": 0.00866062, "y": 0.00934649, "v": 0.0125831 },
  "c": { "a": 0.0543064, "r": 0.0149339, "n": 0.0128677, "d": 0.0110236, "q": 0.0126074, "e": 0.0117808, "g": 0.0168014, "h": 0.0218917, "i": 0.0173255, "l": 0.0116072, "k": 0.0109395, "m": 0.0210384, "f": 0.0112777, "p": 0.0458461, "s": 0.108244, "t": 0.034129, "w": 0.0118507, "y": 0.0553104, "v": 0.0311914 },
  "q": { "a": 0.0952171, "r": 0.133268, "n": 0.070099, "d": 0.0688973, "c": 0.0249699, "e": 0.272395, "g": 0.0409103, "h": 0.168796, "i": 0.0211041, "l": 0.0644545, "k": 0.166255, "m": 0.0297466, "f": 0.0117071, "p": 0.0525757, "s": 0.0944399, "t": 0.0848712, "w": 0.0150062, "y": 0.0101984, "v": 0.0253685 },
  "e": { "a": 0.160179, "r": 0.0176941, "n": 0.0338022, "d": 0.376982, "c": 0.00700318, "q": 0.258329, "g": 0.0621259, "h": 0.0219724, "i": 0.022553, "l": 0.0164772, "k": 0.0897823, "m": 0.013661, "f": 0.00690343, "p": 0.0234613, "s": 0.0675679, "t": 0.0405034, "w": 0.00827413, "y": 0.00616551, "v": 0.0328172 },
  "g": { "a": 0.163548, "r": 0.0125144, "n": 0.074653, "d": 0.0680152, "c": 0.0112863, "q": 0.0153706, "e": 0.0469037, "h": 0.013923, "i": 0.0176901, "l": 0.00795049, "k": 0.0171844, "m": 0.00711353, "f": 0.0186657, "p": 0.0324706, "s": 0.161962, "t": 0.0168084, "w": 0.00653812, "y": 0.00484816, "v": 0.0197015 },
  "h": { "a": 0.045277, "r": 0.103088, "n": 0.187907, "d": 0.0680831, "c": 0.0205349, "q": 0.221524, "e": 0.0338434, "g": 0.0400495, "i": 0.0217695, "l": 0.0360906, "k": 0.0635439, "m": 0.0192432, "f": 0.0338848, "p": 0.0385599, "s": 0.0511857, "t": 0.0364923, "w": 0.0160922, "y": 0.0330838, "v": 0.0193548 },
  "i": { "a": 0.0286427, "r": 0.0157859, "n": 0.0203338, "d": 0.0161446, "c": 0.0195632, "q": 0.0183162, "e": 0.0239622, "g": 0.0278806, "h": 0.0263178, "l": 0.33872, "k": 0.0262961, "m": 0.114226, "f": 0.051944, "p": 0.0192837, "s": 0.0269169, "t": 0.096996, "w": 0.0142803, "y": 0.0175721, "v": 0.711727 },
  "l": { "a": 0.03917, "r": 0.0116225, "n": 0.00677512, "d": 0.00554356, "c": 0.00650747, "q": 0.0158574, "e": 0.0152942, "g": 0.0164854, "h": 0.0184891, "i": 0.127354, "k": 0.0148046, "m": 0.0860888, "f": 0.0584753, "p": 0.0164548, "s": 0.0188351, "t": 0.0200967, "w": 0.0108032, "y": 0.00764477, "v": 0.0654629 },
  "k": { "a": 0.0294265, "r": 0.204423, "n": 0.105707, "d": 0.0290958, "c": 0.0061224, "q": 0.0803451, "e": 0.0481537, "g": 0.0267016, "h": 0.0364751, "i": 0.0256697, "l": 0.0108022, "m": 0.0233773, "f": 0.00657774, "p": 0.0213339, "s": 0.0526844, "t": 0.0495829, "w": 0.0111753, "y": 0.00646747, "v": 0.0201797 },
  "m": { "a": 0.111452, "r": 0.0527782, "n": 0.0430148, "d": 0.0408268, "c": 0.0337056, "q": 0.0644853, "e": 0.0544575, "g": 0.0552253, "h": 0.058749, "i": 0.260057, "l": 0.556264, "k": 0.14033, "f": 0.0766386, "p": 0.0426724, "s": 0.0598332, "t": 0.111962, "w": 0.0369835, "y": 0.0347217, "v": 0.1437 },
  "f": { "a": 0.0200727, "r": 0.0407529, "n": 0.0127419, "d": 0.0106173, "c": 0.0219693, "q": 0.0162259, "e": 0.012052, "g": 0.0224388, "h": 0.0208176, "i": 0.0619272, "l": 0.214528, "k": 0.0187457, "m": 0.0402813, "p": 0.0107868, "s": 0.0150489, "t": 0.0162225, "w": 0.014397, "y": 0.154718, "v": 0.0186051 },
  "p": { "a": 0.15036, "r": 0.0417865, "n": 0.0149879, "d": 0.0176957, "c": 0.0159281, "q": 0.0376332, "e": 0.0413436, "g": 0.0487529, "h": 0.0403032, "i": 0.0151543, "l": 0.0176854, "k": 0.0214611, "m": 0.0169695, "f": 0.00782609, "s": 0.0955453, "t": 0.0402493, "w": 0.00919353, "y": 0.00711489, "v": 0.0124384 },
  "s": { "a": 0.400681, "r": 0.0498219, "n": 0.179937, "d": 0.117587, "c": 0.0290619, "q": 0.0474622, "e": 0.0740694, "g": 0.238384, "h": 0.0466215, "i": 0.0204417, "l": 0.0205135, "k": 0.0550208, "m": 0.0186758, "f": 0.0137458, "p": 0.111408, "t": 0.392418, "w": 0.0116174, "y": 0.0113026, "v": 0.0220065 },
  "t": { "a": 0.232733, "r": 0.0375794, "n": 0.102798, "d": 0.051859, "c": 0.0141996, "q": 0.0485569, "e": 0.047161, "g": 0.0447633, "h": 0.0301655, "i": 0.0674342, "l": 0.0213727, "k": 0.0899024, "m": 0.0301458, "f": 0.0101976, "p": 0.0328877, "s": 0.353108, "w": 0.0102844, "y": 0.0102778, "v": 0.0896414 },
  "w": { "a": 0.128563, "r": 0.229104, "n": 0.1166, "d": 0.10811, "c": 0.091716, "q": 0.120627, "e": 0.114808, "g": 0.147949, "h": 0.131046, "i": 0.12527, "l": 0.188124, "k": 0.146187, "m": 0.125653, "f": 0.163409, "p": 0.107337, "s": 0.171505, "t": 0.126301, "y": 0.0921187, "v": 0.111349 },
  "y": { "a": 0.0219812, "r": 0.0181786, "n": 0.0291272, "d": 0.0113912, "c": 0.0441742, "q": 0.0161558, "e": 0.011089, "g": 0.0120046, "h": 0.0689662, "i": 0.0363557, "l": 0.0329971, "k": 0.0138522, "m": 0.0338762, "f": 0.240538, "p": 0.0107528, "s": 0.0170896, "t": 0.0347552, "w": 0.0229793, "v": 0.0226906 },
  "v": { "a": 0.139931, "r": 0.0105496, "n": 0.0186819, "d": 0.0130628, "c": 0.0175229, "q": 0.0165565, "e": 0.0429127, "g": 0.0273841, "h": 0.020958, "i": 0.542282, "l": 0.122149, "k": 0.0241838, "m": 0.0476546, "f": 0.0191375, "p": 0.014862, "s": 0.0178112, "t": 0.113043, "w": 0.0094338, "y": 0.0154832 }
 }
}
