{
 "alphabet": "arndcqeghilkmfpstwyv",
 "insrate": 0.00378114,
 "insextprob": 0.6,
 "delrate": 0.00647531,
 "delextprob": 0.73913,
 "rootprob":
 {
  "a": 0.0698318,
  "r": 0.0488498,
  "n": 0.0429884,
  "d": 0.0403027,
  "c": 0.0448577,
  "q": 0.0489932,
  "e": 0.0462842,
  "g": 0.0866059,
  "h": 0.0299922,
  "i": 0.0554887,
  "l": 0.0873613,
  "k": 0.0851821,
  "m": 0.0146955,
  "f": 0.0382763,
  "p": 0.0552788,
  "s": 0.0676696,
  "t": 0.0409118,
  "w": 0.0138053,
  "y": 0.0271826,
  "v": 0.0554419
 },
 "subrate":
 {
  "a": { "r": 0.0179979, "n": 0.0214596, "d": 0.0212812, "c": 0.0134727, "q": 0.0255679, "e": 0.0712632, "g": 0.221267, "h": 0.0140364, "i": 0.015558, "l": 0.0265873, "k": 0.0477333, "m": 0.0289548, "f": 0.00579688, "p": 0.0913435, "s": 0.337009, "t": 0.191548, "w": 0.00463284, "y": 0.00556253, "v": 0.109135 },
  "r": { "a": 0.0442891, "n": 0.048679, "d": 0.0224587, "c": 0.00954833, "q": 0.13597, "e": 0.0235408, "g": 0.0313263, "h": 0.0716118, "i": 0.0358523, "l": 0.0351992, "k": 0.446541, "m": 0.04337, "f": 0.0118776, "p": 0.0425269, "s": 0.085197, "t": 0.0441974, "w": 0.0194832, "y": 0.0118417, "v": 0.0270412 },
  "n": { "a": 0.0616723, "r": 0.0393289, "d": 0.309719, "c": 0.012593, "q": 0.105975, "e": 0.0596811, "g": 0.157543, "h": 0.130905, "i": 0.0266649, "l": 0.0200527, "k": 0.197795, "m": 0.0238441, "f": 0.0124031, "p": 0.029788, "s": 0.299299, "t": 0.135744, "w": 0.00989406, "y": 0.020269, "v": 0.0249922 },
  "d": { "a": 0.0932476, "r": 0.02547, "n": 0.256016, "c": 0.0139119, "q": 0.055979, "e": 0.512952, "g": 0.140459, "h": 0.0394464, "i": 0.0206857, "l": 0.0211663, "k": 0.0499986, "m": 0.028485, "f": 0.0139969, "p": 0.0444988, "s": 0.158558, "t": 0.0560531, "w": 0.0101124, "y": 0.0175895, "v": 0.028453 },
  "c": { "a": 0.0579895, "r": 0.0105983, "n": 0.0135718, "d": 0.0125144, "q": 0.0115833, "e": 0.0118265, "g": 0.0336247, "h": 0.0124141, "i": 0.0122915, "l": 0.0188994, "k": 0.0120259, "m": 0.0126475, "f": 0.00973717, "p": 0.0162268, "s": 0.118828, "t": 0.0372933, "w": 0.00907039, "y": 0.0211957, "v": 0.0385319 },
  "q": { "a": 0.0801948, "r": 0.113441, "n": 0.103045, "d": 0.0451739, "c": 0.0103839, "e": 0.307982, "g": 0.0389046, "h": 0.137133, "i": 0.018071, "l": 0.0384574, "k": 0.165514, "m": 0.0378411, "f": 0.0152439, "p": 0.0678046, "s": 0.0933097, "t": 0.0564853, "w": 0.00926794, "y": 0.0126134, "v": 0.0286511 },
  "e": { "a": 0.19538, "r": 0.0297438, "n": 0.0488726, "d": 0.378561, "c": 0.0120772, "q": 0.242178, "g": 0.0717271, "h": 0.0321318, "i": 0.0196915, "l": 0.021405, "k": 0.125097, "m": 0.0239907, "f": 0.010864, "p": 0.0708024, "s": 0.0865808, "t": 0.0611462, "w": 0.0081041, "y": 0.00985265, "v": 0.0386218 },
  "g": { "a": 0.20946, "r": 0.0215582, "n": 0.0645581, "d": 0.0354364, "c": 0.0166065, "q": 0.0122053, "e": 0.0215751, "h": 0.0139747, "i": 0.0111381, "l": 0.0109867, "k": 0.0373971, "m": 0.0132974, "f": 0.00834564, "p": 0.0197655, "s": 0.170781, "t": 0.0238902, "w": 0.00476974, "y": 0.00599005, "v": 0.0182996 },
  "h": { "a": 0.063268, "r": 0.065863, "n": 0.179252, "d": 0.0508936, "c": 0.0146516, "q": 0.157711, "e": 0.0472609, "g": 0.0685772, "i": 0.0227271, "l": 0.0452525, "k": 0.0392362, "m": 0.0230293, "f": 0.0246911, "p": 0.0719919, "s": 0.082295, "t": 0.0431013, "w": 0.0130569, "y": 0.0581969, "v": 0.0267019 },
  "i": { "a": 0.0468384, "r": 0.0466457, "n": 0.0349736, "d": 0.0248723, "c": 0.0107779, "q": 0.0195188, "e": 0.0241898, "g": 0.0243883, "h": 0.0182657, "l": 0.373566, "k": 0.0411807, "m": 0.0960536, "f": 0.0436585, "p": 0.0207173, "s": 0.0329764, "t": 0.0832133, "w": 0.0103318, "y": 0.0184866, "v": 0.780327 },
  "l": { "a": 0.0299381, "r": 0.0166902, "n": 0.00889378, "d": 0.00668661, "c": 0.00375172, "q": 0.0107906, "e": 0.0121333, "g": 0.00916146, "h": 0.0179033, "i": 0.120824, "k": 0.0177704, "m": 0.100696, "f": 0.0733564, "p": 0.0140861, "s": 0.0161844, "t": 0.0181923, "w": 0.00777119, "y": 0.0121535, "v": 0.0728365 },
  "k": { "a": 0.033317, "r": 0.223659, "n": 0.127866, "d": 0.0242137, "c": 0.00517975, "q": 0.0704888, "e": 0.0444601, "g": 0.0287251, "h": 0.0170989, "i": 0.010268, "l": 0.0145623, "m": 0.0244466, "f": 0.00625932, "p": 0.0523625, "s": 0.0668314, "t": 0.0650354, "w": 0.00458442, "y": 0.00626854, "v": 0.00983663 },
  "m": { "a": 0.108293, "r": 0.0764534, "n": 0.0677626, "d": 0.0390921, "c": 0.0204017, "q": 0.0685365, "e": 0.0568941, "g": 0.068026, "h": 0.0369687, "i": 0.162862, "l": 0.448417, "k": 0.0877511, "f": 0.0548578, "p": 0.0331502, "s": 0.0533215, "t": 0.100802, "w": 0.0207093, "y": 0.0317864, "v": 0.134885 },
  "f": { "a": 0.019309, "r": 0.00969446, "n": 0.00992173, "d": 0.010607, "c": 0.00833936, "q": 0.0109387, "e": 0.0146433, "g": 0.00969975, "h": 0.0259057, "i": 0.0449616, "l": 0.0919112, "k": 0.0102106, "m": 0.0164836, "p": 0.00891572, "s": 0.0125728, "t": 0.0189781, "w": 0.012042, "y": 0.276024, "v": 0.0202249 },
  "p": { "a": 0.130328, "r": 0.036752, "n": 0.0317351, "d": 0.0400833, "c": 0.0428534, "q": 0.027235, "e": 0.0959336, "g": 0.0319307, "h": 0.0320721, "i": 0.0132505, "l": 0.0428087, "k": 0.0373274, "m": 0.012396, "f": 0.0151435, "s": 0.122504, "t": 0.0716357, "w": 0.00711865, "y": 0.0139554, "v": 0.0301085 },
  "s": { "a": 0.450337, "r": 0.0307531, "n": 0.153606, "d": 0.0767107, "c": 0.0245146, "q": 0.0382999, "e": 0.0615353, "g": 0.172174, "h": 0.0197893, "i": 0.0153929, "l": 0.0189803, "k": 0.0702465, "m": 0.0142369, "f": 0.00954547, "p": 0.109191, "t": 0.390117, "w": 0.00754316, "y": 0.00816445, "v": 0.0173885 },
  "t": { "a": 0.216477, "r": 0.022347, "n": 0.0774985, "d": 0.041022, "c": 0.0191969, "q": 0.0355578, "e": 0.0659073, "g": 0.0268544, "h": 0.0154031, "i": 0.0372943, "l": 0.0285231, "k": 0.0773767, "m": 0.0268449, "f": 0.0106603, "p": 0.0589494, "s": 0.388542, "w": 0.00820911, "y": 0.00962996, "v": 0.13732 },
  "w": { "a": 0.0314227, "r": 0.104126, "n": 0.0306071, "d": 0.0290862, "c": 0.0253882, "q": 0.0307372, "e": 0.0293793, "g": 0.0302505, "h": 0.0430368, "i": 0.0315963, "l": 0.0819014, "k": 0.0557527, "m": 0.0326368, "f": 0.0602428, "p": 0.02889, "s": 0.0534649, "t": 0.0332704, "y": 0.0336385, "v": 0.0302312 },
  "y": { "a": 0.0265205, "r": 0.0179918, "n": 0.0298835, "d": 0.0206132, "c": 0.0245051, "q": 0.0222054, "e": 0.0188596, "g": 0.0224155, "h": 0.0500829, "i": 0.0505042, "l": 0.0459936, "k": 0.0185715, "m": 0.0203033, "f": 0.340265, "p": 0.015852, "s": 0.0243063, "t": 0.0350815, "w": 0.0224589, "v": 0.0431539 },
  "v": { "a": 0.229285, "r": 0.0227428, "n": 0.018998, "d": 0.0203506, "c": 0.0105477, "q": 0.017641, "e": 0.0371927, "g": 0.0215275, "h": 0.0132597, "i": 0.464332, "l": 0.116308, "k": 0.0223671, "m": 0.0500236, "f": 0.0148719, "p": 0.0328221, "s": 0.0201719, "t": 0.120034, "w": 0.00660102, "y": 0.0118414 }
 }
}
