{
 "alphabet": "arndcqeghilkmfpstwyv",
 "insrate": 0.00771003,
 "insextprob": 0.728972,
 "delrate": 0.00611346,
 "delextprob": 0.701299,
 "rootprob":
 {
  "a": 0.0960327,
  "r": 0.0711952,
  "n": 0.0363966,
  "d": 0.0339373,
  "c": 0.0303889,
  "q": 0.024443,
  "e": 0.0739022,
  "g": 0.069436,
  "h": 0.0307884,
  "i": 0.0218067,
  "l": 0.0825227,
  "k": 0.0579194,
  "m": 0.0241273,
  "f": 0.0492471,
  "p": 0.0409502,
  "s": 0.0777147,
  "t": 0.0519676,
  "w": 0.0202434,
  "y": 0.030088,
  "v": 0.0768926
 },
 "subrate":
 {
  "a": { "r": 0.0300441, "n": 0.023868, "d": 0.0421258, "c": 0.0180668, "q": 0.0408921, "e": 0.0660063, "g": 0.249717, "h": 0.0152968, "i": 0.0333279, "l": 0.0404132, "k": 0.0285611, "m": 0.0338338, "f": 0.00687802, "p": 0.127378, "s": 0.303544, "t": 0.140948, "w": 0.00908026, "y": 0.00838141, "v": 0.209945 },
  "r": { "a": 0.0350116, "n": 0.0454923, "d": 0.0213085, "c": 0.0250381, "q": 0.149653, "e": 0.0225697, "g": 0.0254497, "h": 0.0941831, "i": 0.0185728, "l": 0.0282432, "k": 0.414709, "m": 0.0172985, "f": 0.0131596, "p": 0.0398701, "s": 0.0496653, "t": 0.0506532, "w": 0.0143709, "y": 0.0226349, "v": 0.0229969 },
  "n": { "a": 0.0531106, "r": 0.0583109, "d": 0.312754, "c": 0.0141886, "q": 0.0768033, "e": 0.0762964, "g": 0.141424, "h": 0.223326, "i": 0.0324413, "l": 0.0256736, "k": 0.20028, "m": 0.0211295, "f": 0.0147233, "p": 0.0329983, "s": 0.268513, "t": 0.130935, "w": 0.0151726, "y": 0.022762, "v": 0.0295123 },
  "d": { "a": 0.113246, "r": 0.0208382, "n": 0.270914, "c": 0.0120271, "q": 0.0611337, "e": 0.444669, "g": 0.168412, "h": 0.0759663, "i": 0.0270584, "l": 0.0212932, "k": 0.0485078, "m": 0.0170208, "f": 0.0135165, "p": 0.0269964, "s": 0.100463, "t": 0.0550295, "w": 0.0125212, "y": 0.0122726, "v": 0.0263191 },
  "c": { "a": 0.0473093, "r": 0.0102667, "n": 0.0131344, "d": 0.0162307, "q": 0.010673, "e": 0.0101353, "g": 0.0158605, "h": 0.0104281, "i": 0.0238674, "l": 0.00942119, "k": 0.00981963, "m": 0.0110067, "f": 0.00953993, "p": 0.0104146, "s": 0.0423476, "t": 0.020925, "w": 0.00882506, "y": 0.00938625, "v": 0.0358643 },
  "q": { "a": 0.0883626, "r": 0.0884746, "n": 0.0669815, "d": 0.0808794, "c": 0.0113734, "e": 0.315369, "g": 0.036639, "h": 0.198458, "i": 0.0261753, "l": 0.051844, "k": 0.138967, "m": 0.0226564, "f": 0.011789, "p": 0.0708516, "s": 0.0565873, "t": 0.084108, "w": 0.0133572, "y": 0.0145421, "v": 0.038647 },
  "e": { "a": 0.0929394, "r": 0.0187361, "n": 0.047372, "d": 0.419293, "c": 0.0109878, "q": 0.319732, "g": 0.0780498, "h": 0.0371458, "i": 0.0198239, "l": 0.0160844, "k": 0.10735, "m": 0.0134633, "f": 0.00835411, "p": 0.0314762, "s": 0.0629418, "t": 0.0750861, "w": 0.0101805, "y": 0.00859783, "v": 0.0342394 },
  "g": { "a": 0.233266, "r": 0.013566, "n": 0.0315107, "d": 0.0541169, "c": 0.00523191, "q": 0.0105269, "e": 0.0349466, "h": 0.00886854, "i": 0.0181534, "l": 0.0108287, "k": 0.0118734, "m": 0.0087646, "f": 0.00894193, "p": 0.02882, "s": 0.112427, "t": 0.0226065, "w": 0.00552695, "y": 0.00818137, "v": 0.0296518 },
  "h": { "a": 0.0271086, "r": 0.0717912, "n": 0.161758, "d": 0.0887075, "c": 0.0220035, "q": 0.23408, "e": 0.0677613, "g": 0.0317385, "i": 0.0216506, "l": 0.0620894, "k": 0.0691207, "m": 0.0187263, "f": 0.0166695, "p": 0.0504978, "s": 0.0637244, "t": 0.032133, "w": 0.0157556, "y": 0.0317993, "v": 0.0252774 },
  "i": { "a": 0.0770648, "r": 0.0307916, "n": 0.0442912, "d": 0.0292214, "c": 0.0294049, "q": 0.0350517, "e": 0.0429456, "g": 0.0399846, "h": 0.0261461, "l": 0.382824, "k": 0.0472782, "m": 0.159743, "f": 0.0405513, "p": 0.0392881, "s": 0.051335, "t": 0.0660015, "w": 0.0165424, "y": 0.0370093, "v": 1.06974 },
  "l": { "a": 0.0264142, "r": 0.00990133, "n": 0.0139555, "d": 0.00756752, "c": 0.00596067, "q": 0.0318318, "e": 0.00933309, "g": 0.0098124, "h": 0.0121213, "i": 0.13475, "k": 0.0245208, "m": 0.104484, "f": 0.0516889, "p": 0.0177512, "s": 0.0141991, "t": 0.0117052, "w": 0.00542143, "y": 0.0139472, "v": 0.0799488 },
  "k": { "a": 0.0334221, "r": 0.166123, "n": 0.0870125, "d": 0.02725, "c": 0.00791153, "q": 0.0922978, "e": 0.0542061, "g": 0.0193667, "h": 0.0257633, "i": 0.0166634, "l": 0.0125145, "m": 0.0217786, "f": 0.00704863, "p": 0.0454011, "s": 0.0470158, "t": 0.0669881, "w": 0.00900753, "y": 0.0076593, "v": 0.0243422 },
  "m": { "a": 0.217245, "r": 0.0661342, "n": 0.0907883, "d": 0.0610457, "c": 0.0410664, "q": 0.110564, "e": 0.0941332, "g": 0.127379, "h": 0.0611459, "i": 0.43288, "l": 0.61891, "k": 0.148043, "f": 0.0671341, "p": 0.0757261, "s": 0.144491, "t": 0.125026, "w": 0.040656, "y": 0.0587683, "v": 0.295852 },
  "f": { "a": 0.0212079, "r": 0.0154089, "n": 0.0186219, "d": 0.0195482, "c": 0.0112239, "q": 0.0209802, "e": 0.0134712, "g": 0.0158687, "h": 0.0226132, "i": 0.084465, "l": 0.181804, "k": 0.0197877, "m": 0.0284815, "p": 0.0166755, "s": 0.03681, "t": 0.0138963, "w": 0.0111886, "y": 0.253568, "v": 0.019464 },
  "p": { "a": 0.131894, "r": 0.0359646, "n": 0.0483184, "d": 0.0280003, "c": 0.0148435, "q": 0.058148, "e": 0.0491913, "g": 0.0549421, "h": 0.0535442, "i": 0.0254638, "l": 0.0220442, "k": 0.0832053, "m": 0.0216621, "f": 0.011072, "s": 0.110029, "t": 0.0825145, "w": 0.0132883, "y": 0.0221743, "v": 0.0613728 },
  "s": { "a": 0.339736, "r": 0.0353469, "n": 0.178047, "d": 0.0588967, "c": 0.0363865, "q": 0.0384755, "e": 0.0650871, "g": 0.210613, "h": 0.0332954, "i": 0.0207165, "l": 0.0237564, "k": 0.0582978, "m": 0.0183707, "f": 0.0102045, "p": 0.0920141, "t": 0.290381, "w": 0.0108896, "y": 0.0114321, "v": 0.0190098 },
  "t": { "a": 0.208902, "r": 0.0305547, "n": 0.116435, "d": 0.0408785, "c": 0.0162813, "q": 0.0376403, "e": 0.0494658, "g": 0.0471125, "h": 0.0231292, "i": 0.0571247, "l": 0.037718, "k": 0.103425, "m": 0.0288363, "f": 0.010139, "p": 0.055259, "s": 0.417864, "w": 0.0113603, "y": 0.0119752, "v": 0.130523 },
  "w": { "a": 0.0855015, "r": 0.233354, "n": 0.0596857, "d": 0.051023, "c": 0.0354747, "q": 0.0975516, "e": 0.0618383, "g": 0.0742849, "h": 0.0732444, "i": 0.0570545, "l": 0.0955865, "k": 0.0772056, "m": 0.0637462, "f": 0.0590255, "p": 0.0619789, "s": 0.0717474, "t": 0.0798986, "y": 0.0469789, "v": 0.0635207 },
  "y": { "a": 0.0222697, "r": 0.0216169, "n": 0.040819, "d": 0.0189633, "c": 0.0216854, "q": 0.0336449, "e": 0.018255, "g": 0.0181692, "h": 0.0493118, "i": 0.0426906, "l": 0.0815499, "k": 0.0211112, "m": 0.0221972, "f": 0.362721, "p": 0.0187175, "s": 0.0461299, "t": 0.0203571, "w": 0.0144739, "v": 0.0221035 },
  "v": { "a": 0.222917, "r": 0.0136144, "n": 0.0142343, "d": 0.0100443, "c": 0.0200241, "q": 0.0197117, "e": 0.0224506, "g": 0.026456, "h": 0.00889385, "i": 0.405426, "l": 0.0836371, "k": 0.0230923, "m": 0.0583857, "f": 0.0080443, "p": 0.0456913, "s": 0.0176656, "t": 0.0689577, "w": 0.00615585, "y": 0.00937739 }
 }
}
