{
 "alphabet": "arndcqeghilkmfpstwyv",
 "insrate": 0.00488987,
 "insextprob": 0.575,
 "delrate": 0.00431565,
 "delextprob": 0.545455,
 "rootprob":
 {
  "a": 0.0757768,
  "r": 0.0644812,
  "n": 0.0436375,
  "d": 0.0341014,
  "c": 0.0431128,
  "q": 0.0435794,
  "e": 0.0421566,
  "g": 0.0701248,
  "h": 0.0412817,
  "i": 0.0315017,
  "l": 0.092696,
  "k": 0.0696352,
  "m": 0.0133419,
  "f": 0.0445298,
  "p": 0.0516964,
  "s": 0.0706173,
  "t": 0.0615449,
  "w": 0.0172833,
  "y": 0.0350135,
  "v": 0.0538878
 },
 "subrate":
 {
  "a": { "r": 0.0138098, "n": 0.0281789, "d": 0.0359823, "c": 0.0120673, "q": 0.036273, "e": 0.080262, "g": 0.192661, "h": 0.01662, "i": 0.016513, "l": 0.0423108, "k": 0.0350684, "m": 0.0199381, "f": 0.00666218, "p": 0.102981, "s": 0.27124, "t": 0.121697, "w": 0.00626572, "y": 0.00655155, "v": 0.175105 },
  "r": { "a": 0.0351133, "n": 0.0437649, "d": 0.0234248, "c": 0.00851843, "q": 0.0755668, "e": 0.0160572, "g": 0.0353303, "h": 0.0601439, "i": 0.0275353, "l": 0.0309526, "k": 0.408986, "m": 0.0241735, "f": 0.00883272, "p": 0.0221045, "s": 0.108118, "t": 0.0439814, "w": 0.0231233, "y": 0.012749, "v": 0.0182523 },
  "n": { "a": 0.0736889, "r": 0.0349163, "d": 0.313341, "c": 0.0184548, "q": 0.0827945, "e": 0.0677866, "g": 0.120922, "h": 0.102121, "i": 0.0277326, "l": 0.0335365, "k": 0.272483, "m": 0.0217346, "f": 0.0195225, "p": 0.0357511, "s": 0.309807, "t": 0.114865, "w": 0.0137679, "y": 0.0164288, "v": 0.0329546 },
  "d": { "a": 0.0787659, "r": 0.0158454, "n": 0.206694, "c": 0.00955565, "q": 0.0562216, "e": 0.464888, "g": 0.0816081, "h": 0.0318923, "i": 0.0185541, "l": 0.0182023, "k": 0.0389559, "m": 0.0128801, "f": 0.0120861, "p": 0.0509679, "s": 0.079163, "t": 0.0493607, "w": 0.0094984, "y": 0.00986022, "v": 0.0247175 },
  "c": { "a": 0.0218034, "r": 0.00852179, "n": 0.0104813, "d": 0.0103871, "q": 0.00905695, "e": 0.0099578, "g": 0.0422134, "h": 0.00859227, "i": 0.0226998, "l": 0.0108237, "k": 0.00993239, "m": 0.0106214, "f": 0.017799, "p": 0.0196578, "s": 0.0676967, "t": 0.0356814, "w": 0.00830047, "y": 0.0093318, "v": 0.0389907 },
  "q": { "a": 0.117195, "r": 0.0840436, "n": 0.123582, "d": 0.0564596, "c": 0.010627, "e": 0.297386, "g": 0.0405988, "h": 0.171657, "i": 0.0218839, "l": 0.0484928, "k": 0.191658, "m": 0.0253051, "f": 0.0126765, "p": 0.0745256, "s": 0.0714354, "t": 0.0593713, "w": 0.0110314, "y": 0.0163241, "v": 0.0279309 },
  "e": { "a": 0.151373, "r": 0.0196537, "n": 0.054572, "d": 0.433679, "c": 0.00948514, "q": 0.235718, "g": 0.0595323, "h": 0.0315204, "i": 0.0179271, "l": 0.0236125, "k": 0.109888, "m": 0.0132353, "f": 0.00998795, "p": 0.0560253, "s": 0.0616849, "t": 0.0677791, "w": 0.00889828, "y": 0.0103474, "v": 0.033685 },
  "g": { "a": 0.186518, "r": 0.0127112, "n": 0.0636973, "d": 0.0660731, "c": 0.00952809, "q": 0.0122165, "e": 0.0427452, "h": 0.00947771, "i": 0.0101685, "l": 0.0151132, "k": 0.0297436, "m": 0.0104325, "f": 0.0125895, "p": 0.0562233, "s": 0.125558, "t": 0.0314027, "w": 0.0077162, "y": 0.00990404, "v": 0.0238069 },
  "h": { "a": 0.0446172, "r": 0.149047, "n": 0.154493, "d": 0.0889513, "c": 0.0194836, "q": 0.214849, "e": 0.0444952, "g": 0.0400618, "i": 0.0269498, "l": 0.0775619, "k": 0.0545405, "m": 0.0230372, "f": 0.0289186, "p": 0.0199869, "s": 0.0484225, "t": 0.0261207, "w": 0.0148652, "y": 0.0236673, "v": 0.0282648 },
  "i": { "a": 0.046994, "r": 0.0311838, "n": 0.0393583, "d": 0.0284874, "c": 0.0189274, "q": 0.0326103, "e": 0.0297632, "g": 0.0279822, "h": 0.034267, "l": 0.372533, "k": 0.038456, "m": 0.111389, "f": 0.0756036, "p": 0.032324, "s": 0.0422311, "t": 0.0918894, "w": 0.0198271, "y": 0.022888, "v": 0.787652 },
  "l": { "a": 0.0277145, "r": 0.0127167, "n": 0.0153535, "d": 0.0109248, "c": 0.00570224, "q": 0.0476879, "e": 0.0101448, "g": 0.0149354, "h": 0.0120969, "i": 0.119394, "k": 0.0170489, "m": 0.124247, "f": 0.0573973, "p": 0.0152631, "s": 0.0169443, "t": 0.0228992, "w": 0.0078748, "y": 0.00805395, "v": 0.0797401 },
  "k": { "a": 0.0437236, "r": 0.187163, "n": 0.101707, "d": 0.0456128, "c": 0.00673506, "q": 0.114494, "e": 0.060078, "g": 0.0370295, "h": 0.0162154, "i": 0.0166233, "l": 0.0143895, "m": 0.0240503, "f": 0.00592605, "p": 0.0233595, "s": 0.067526, "t": 0.0530009, "w": 0.00584435, "y": 0.00700595, "v": 0.012587 },
  "m": { "a": 0.0786409, "r": 0.080985, "n": 0.0540558, "d": 0.0533361, "c": 0.0399521, "q": 0.0842257, "e": 0.0419721, "g": 0.0875243, "h": 0.0565434, "i": 0.197976, "l": 0.507277, "k": 0.123503, "f": 0.059856, "p": 0.040262, "s": 0.0507045, "t": 0.0818977, "w": 0.0319108, "y": 0.0331787, "v": 0.162104 },
  "f": { "a": 0.0407165, "r": 0.0117949, "n": 0.0188473, "d": 0.0241583, "c": 0.0139374, "q": 0.0149847, "e": 0.0124857, "g": 0.0141744, "h": 0.0209045, "i": 0.105011, "l": 0.110505, "k": 0.0203784, "m": 0.0212788, "p": 0.0174145, "s": 0.0667046, "t": 0.0218842, "w": 0.0203487, "y": 0.179972, "v": 0.0241213 },
  "p": { "a": 0.167428, "r": 0.029147, "n": 0.0288989, "d": 0.0423301, "c": 0.0277323, "q": 0.091094, "e": 0.0386702, "g": 0.026513, "h": 0.0134234, "i": 0.0174847, "l": 0.0213681, "k": 0.0536286, "m": 0.0126337, "f": 0.016428, "s": 0.145627, "t": 0.039374, "w": 0.0122461, "y": 0.00998798, "v": 0.042321 },
  "s": { "a": 0.372575, "r": 0.0333086, "n": 0.179839, "d": 0.0690063, "c": 0.0226729, "q": 0.0388713, "e": 0.0424039, "g": 0.141183, "h": 0.0213824, "i": 0.0120118, "l": 0.022515, "k": 0.0746848, "m": 0.0115002, "f": 0.0094031, "p": 0.095759, "t": 0.340905, "w": 0.00952115, "y": 0.0071209, "v": 0.0158615 },
  "t": { "a": 0.211321, "r": 0.0329857, "n": 0.104241, "d": 0.0370395, "c": 0.0154297, "q": 0.0399009, "e": 0.0527387, "g": 0.0448827, "h": 0.0175392, "i": 0.0478436, "l": 0.0328892, "k": 0.0890343, "m": 0.0339268, "f": 0.0171973, "p": 0.0396301, "s": 0.465236, "w": 0.0147888, "y": 0.0135691, "v": 0.143755 },
  "w": { "a": 0.0440168, "r": 0.178028, "n": 0.0481577, "d": 0.0349558, "c": 0.0285422, "q": 0.0407553, "e": 0.033985, "g": 0.0353645, "h": 0.10025, "i": 0.0498804, "l": 0.0995057, "k": 0.0393874, "m": 0.0396992, "f": 0.0814064, "p": 0.0398252, "s": 0.0916427, "t": 0.0544877, "y": 0.0644441, "v": 0.0373974 },
  "y": { "a": 0.0253438, "r": 0.0227345, "n": 0.0265392, "d": 0.0243203, "c": 0.0523482, "q": 0.0202534, "e": 0.0416838, "g": 0.019028, "h": 0.0792721, "i": 0.0381165, "l": 0.0349404, "k": 0.0212844, "m": 0.0204055, "f": 0.262324, "p": 0.0329312, "s": 0.0421725, "t": 0.0374816, "w": 0.0252619, "v": 0.0402497 },
  "v": { "a": 0.205952, "r": 0.0207334, "n": 0.0242318, "d": 0.0187908, "c": 0.0134652, "q": 0.0232924, "e": 0.0338326, "g": 0.0255735, "h": 0.0172621, "i": 0.476313, "l": 0.116221, "k": 0.0180719, "m": 0.0337589, "f": 0.020971, "p": 0.0387382, "s": 0.0267241, "t": 0.110913, "w": 0.00992992, "y": 0.0126729 }
 }
}
