{
 "alphabet": "arndcqeghilkmfpstwyv",
 "insrate": 0.0027146,
 "insextprob": 0.761905,
 "delrate": 0.00731607,
 "delextprob": 0.693182,
 "rootprob":
 {
  "a": 0.0850675,
  "r": 0.0333705,
  "n": 0.0290515,
  "d": 0.0510425,
  "c": 0.0339909,
  "q": 0.0487873,
  "e": 0.0392613,
  "g": 0.0845444,
  "h": 0.033756,
  "i": 0.0411671,
  "l": 0.0878254,
  "k": 0.100522,
  "m": 0.0183755,
  "f": 0.0473733,
  "p": 0.0606184,
  "s": 0.05317,
  "t": 0.0344355,
  "w": 0.0165183,
  "y": 0.0363549,
  "v": 0.0647675
 },
 "subrate":
 {
  "a": { "r": 0.0314426, "n": 0.0312542, "d": 0.025112, "c": 0.0258514, "q": 0.0299551, "e": 0.0697635, "g": 0.204689, "h": 0.0134155, "i": 0.0163109, "l": 0.0212014, "k": 0.0463873, "m": 0.0192516, "f": 0.00752996, "p": 0.120619, "s": 0.321089, "t": 0.194283, "w": 0.00602138, "y": 0.00982646, "v": 0.1403 },
  "r": { "a": 0.0478269, "n": 0.0435359, "d": 0.0143084, "c": 0.00955808, "q": 0.0827309, "e": 0.0227996, "g": 0.0450526, "h": 0.0365218, "i": 0.0220883, "l": 0.0292734, "k": 0.376248, "m": 0.0224675, "f": 0.00906173, "p": 0.0302932, "s": 0.0993905, "t": 0.0237074, "w": 0.0242582, "y": 0.0104365, "v": 0.0197965 },
  "n": { "a": 0.0702808, "r": 0.0550101, "d": 0.311169, "c": 0.0185483, "q": 0.104785, "e": 0.0743864, "g": 0.161998, "h": 0.0948001, "i": 0.05505, "l": 0.0259216, "k": 0.163636, "m": 0.0261877, "f": 0.0224429, "p": 0.0416539, "s": 0.355089, "t": 0.116841, "w": 0.0147979, "y": 0.0271003, "v": 0.0573126 },
  "d": { "a": 0.06255, "r": 0.0156244, "n": 0.250435, "c": 0.0175795, "q": 0.0532766, "e": 0.347635, "g": 0.139644, "h": 0.0362187, "i": 0.0163748, "l": 0.0197964, "k": 0.0302189, "m": 0.0149822, "f": 0.0118485, "p": 0.0352168, "s": 0.0975994, "t": 0.070933, "w": 0.0108126, "y": 0.0118442, "v": 0.0392273 },
  "c": { "a": 0.0164945, "r": 0.0253579, "n": 0.0149101, "d": 0.0135854, "q": 0.0116077, "e": 0.0192088, "g": 0.0123011, "h": 0.0215228, "i": 0.018175, "l": 0.0173104, "k": 0.0108334, "m": 0.0131514, "f": 0.0173632, "p": 0.0242377, "s": 0.082742, "t": 0.0226851, "w": 0.00995041, "y": 0.0411159, "v": 0.0545248 },
  "q": { "a": 0.0956622, "r": 0.0858732, "n": 0.107693, "d": 0.0671734, "c": 0.0109137, "e": 0.275509, "g": 0.0723575, "h": 0.163262, "i": 0.0308441, "l": 0.0600238, "k": 0.157526, "m": 0.0318204, "f": 0.0167119, "p": 0.0339371, "s": 0.0470104, "t": 0.0401057, "w": 0.0121435, "y": 0.0131486, "v": 0.0625322 },
  "e": { "a": 0.200062, "r": 0.0246339, "n": 0.0684854, "d": 0.336498, "c": 0.0122754, "q": 0.24264, "g": 0.0915555, "h": 0.032408, "i": 0.0193804, "l": 0.018996, "k": 0.12952, "m": 0.0177988, "f": 0.0150008, "p": 0.0406768, "s": 0.0530971, "t": 0.0915346, "w": 0.0109021, "y": 0.0144182, "v": 0.0611204 },
  "g": { "a": 0.163439, "r": 0.0232641, "n": 0.0611511, "d": 0.11152, "c": 0.0071344, "q": 0.024928, "e": 0.0196841, "h": 0.0107827, "i": 0.00864911, "l": 0.0142706, "k": 0.0440223, "m": 0.0120964, "f": 0.00771227, "p": 0.0175441, "s": 0.109938, "t": 0.0153798, "w": 0.00515444, "y": 0.00578246, "v": 0.0217513 },
  "h": { "a": 0.0580346, "r": 0.115745, "n": 0.131554, "d": 0.0774179, "c": 0.0140345, "q": 0.210178, "e": 0.0373707, "g": 0.0698328, "i": 0.0254254, "l": 0.0500458, "k": 0.0525781, "m": 0.0223247, "f": 0.0240288, "p": 0.137665, "s": 0.0548985, "t": 0.0586627, "w": 0.0137357, "y": 0.01864, "v": 0.037869 },
  "i": { "a": 0.0468111, "r": 0.0348193, "n": 0.0360188, "d": 0.0202969, "c": 0.0179962, "q": 0.0271168, "e": 0.0275094, "g": 0.0338311, "h": 0.0189499, "l": 0.209385, "k": 0.0398531, "m": 0.0980304, "f": 0.0315276, "p": 0.0310518, "s": 0.0331486, "t": 0.0988064, "w": 0.0137289, "y": 0.0132186, "v": 0.86383 },
  "l": { "a": 0.030508, "r": 0.0180326, "n": 0.0114641, "d": 0.0152875, "c": 0.00684998, "q": 0.0254429, "e": 0.0130722, "g": 0.0131431, "h": 0.0236869, "i": 0.099995, "k": 0.0287025, "m": 0.151517, "f": 0.0954877, "p": 0.0159911, "s": 0.0113368, "t": 0.0175626, "w": 0.00871952, "y": 0.011439, "v": 0.0977616 },
  "k": { "a": 0.0372949, "r": 0.235828, "n": 0.076221, "d": 0.0130873, "c": 0.00425315, "q": 0.0504608, "e": 0.0889216, "g": 0.0316241, "h": 0.0163011, "i": 0.0107442, "l": 0.0262151, "m": 0.0186852, "f": 0.00583962, "p": 0.0149266, "s": 0.0913278, "t": 0.0370981, "w": 0.00535263, "y": 0.00644367, "v": 0.0199063 },
  "m": { "a": 0.185959, "r": 0.0776783, "n": 0.0533369, "d": 0.0464523, "c": 0.0432732, "q": 0.0714126, "e": 0.05288, "g": 0.0642217, "h": 0.0475253, "i": 0.229002, "l": 0.565528, "k": 0.104043, "f": 0.0559759, "p": 0.0668861, "s": 0.0626531, "t": 0.0937948, "w": 0.0335189, "y": 0.0340859, "v": 0.15635 },
  "f": { "a": 0.0154432, "r": 0.0070565, "n": 0.0110348, "d": 0.00872546, "c": 0.00727815, "q": 0.00863276, "e": 0.0133532, "g": 0.0155452, "h": 0.0153956, "i": 0.036309, "l": 0.11273, "k": 0.00867768, "m": 0.0179618, "p": 0.00836582, "s": 0.0140771, "t": 0.0139862, "w": 0.00893294, "y": 0.202047, "v": 0.0186506 },
  "p": { "a": 0.186433, "r": 0.0282017, "n": 0.0436544, "d": 0.0299163, "c": 0.0110723, "q": 0.0339253, "e": 0.0311986, "g": 0.0844869, "h": 0.0979406, "i": 0.0160086, "l": 0.0312723, "k": 0.0249359, "m": 0.0135498, "f": 0.00753628, "s": 0.0958449, "t": 0.0731381, "w": 0.00696306, "y": 0.00836608, "v": 0.0286868 },
  "s": { "a": 0.354989, "r": 0.0485034, "n": 0.16408, "d": 0.0534189, "c": 0.0293642, "q": 0.0235344, "e": 0.0310028, "g": 0.139235, "h": 0.0200588, "i": 0.0202987, "l": 0.0168785, "k": 0.0647249, "m": 0.0136956, "f": 0.0199566, "p": 0.097474, "t": 0.35925, "w": 0.010647, "y": 0.0210813, "v": 0.0225745 },
  "t": { "a": 0.214423, "r": 0.0314158, "n": 0.0899833, "d": 0.0300101, "c": 0.0229654, "q": 0.0246286, "e": 0.0390685, "g": 0.0370655, "h": 0.0198122, "i": 0.0712016, "l": 0.0236567, "k": 0.0707981, "m": 0.0307945, "f": 0.0204648, "p": 0.0794452, "s": 0.399596, "w": 0.0135408, "y": 0.0159831, "v": 0.144912 },
  "w": { "a": 0.0556845, "r": 0.0816798, "n": 0.0577861, "d": 0.0432155, "c": 0.0240599, "q": 0.0312461, "e": 0.0305484, "g": 0.0368999, "h": 0.0313517, "i": 0.0379123, "l": 0.053223, "k": 0.0334814, "m": 0.0336864, "f": 0.0671672, "p": 0.0279645, "s": 0.0384911, "t": 0.0649777, "y": 0.0814679, "v": 0.0331162 },
  "y": { "a": 0.0217599, "r": 0.013725, "n": 0.0189981, "d": 0.0223129, "c": 0.0362871, "q": 0.0125905, "e": 0.0143882, "g": 0.018369, "h": 0.0133872, "i": 0.0262961, "l": 0.0411907, "k": 0.0290925, "m": 0.017339, "f": 0.408649, "p": 0.0139375, "s": 0.0247378, "t": 0.0387222, "w": 0.0245115, "v": 0.0200602 },
  "v": { "a": 0.190167, "r": 0.0252879, "n": 0.0283022, "d": 0.0190647, "c": 0.0215153, "q": 0.0240136, "e": 0.0549643, "g": 0.0472278, "h": 0.0136538, "i": 0.598357, "l": 0.10089, "k": 0.0305888, "m": 0.0510867, "f": 0.0183959, "p": 0.0565947, "s": 0.0241654, "t": 0.123046, "w": 0.00821645, "y": 0.00929975 }
 }
}
