{
 "alphabet": "arndcqeghilkmfpstwyv",
 "insrate": 0.00564709,
 "insextprob": 0.746988,
 "delrate": 0.00511014,
 "delextprob": 0.62,
 "rootprob":
 {
  "a": 0.0736648,
  "r": 0.0655152,
  "n": 0.028507,
  "d": 0.0456924,
  "c": 0.0314572,
  "q": 0.0405611,
  "e": 0.0572466,
  "g": 0.0961034,
  "h": 0.0347258,
  "i": 0.0436828,
  "l": 0.070262,
  "k": 0.090561,
  "m": 0.015259,
  "f": 0.0386848,
  "p": 0.0371784,
  "s": 0.0723657,
  "t": 0.0553419,
  "w": 0.0175684,
  "y": 0.022894,
  "v": 0.0627284
 },
 "subrate":
 {
  "a": { "r": 0.0237182, "n": 0.0189289, "d": 0.0374617, "c": 0.0141342, "q": 0.041925, "e": 0.0788238, "g": 0.22477, "h": 0.0132529, "i": 0.0124696, "l": 0.0297226, "k": 0.0206478, "m": 0.0237054, "f": 0.00809208, "p": 0.101623, "s": 0.274243, "t": 0.122058, "w": 0.00480618, "y": 0.013874, "v": 0.131861 },
  "r": { "a": 0.0825931, "n": 0.0467885, "d": 0.0238393, "c": 0.0231096, "q": 0.054578, "e": 0.0195669, "g": 0.0309411, "h": 0.072904, "i": 0.0243556, "l": 0.0182735, "k": 0.463507, "m": 0.0178738, "f": 0.0138645, "p": 0.0411492, "s": 0.0706559, "t": 0.043627, "w": 0.0139686, "y": 0.00964644, "v": 0.0327132 },
  "n": { "a": 0.0587218, "r": 0.0465976, "d": 0.376146, "c": 0.0152952, "q": 0.068474, "e": 0.0647713, "g": 0.144545, "h": 0.155744, "i": 0.0247173, "l": 0.024968, "k": 0.16972, "m": 0.0200757, "f": 0.0166235, "p": 0.0357507, "s": 0.285018, "t": 0.126936, "w": 0.0119496, "y": 0.0135256, "v": 0.0233105 },
  "d": { "a": 0.0730199, "r": 0.0202179, "n": 0.30743, "c": 0.010854, "q": 0.0454184, "e": 0.37287, "g": 0.118793, "h": 0.0311571, "i": 0.0140207, "l": 0.0225227, "k": 0.0438555, "m": 0.013673, "f": 0.0151797, "p": 0.0560582, "s": 0.0892296, "t": 0.0522396, "w": 0.00865607, "y": 0.00957213, "v": 0.0183555 },
  "c": { "a": 0.0545878, "r": 0.0185125, "n": 0.0202806, "d": 0.0152761, "q": 0.0165845, "e": 0.0135364, "g": 0.025471, "h": 0.0161185, "i": 0.0253535, "l": 0.0142454, "k": 0.0158053, "m": 0.0138511, "f": 0.0138404, "p": 0.02936, "s": 0.0641009, "t": 0.0193594, "w": 0.0117978, "y": 0.0333829, "v": 0.0512328 },
  "q": { "a": 0.100071, "r": 0.0688937, "n": 0.0984148, "d": 0.0777789, "c": 0.013431, "e": 0.307304, "g": 0.0322183, "h": 0.140761, "i": 0.0367488, "l": 0.0612483, "k": 0.155131, "m": 0.0298757, "f": 0.0118495, "p": 0.0786783, "s": 0.0678926, "t": 0.0701247, "w": 0.0109463, "y": 0.0132172, "v": 0.0366463 },
  "e": { "a": 0.176241, "r": 0.0164424, "n": 0.0542224, "d": 0.362912, "c": 0.00896306, "q": 0.262038, "g": 0.0722788, "h": 0.0238691, "i": 0.0170984, "l": 0.0179185, "k": 0.0652767, "m": 0.0139796, "f": 0.0082665, "p": 0.0370246, "s": 0.0551518, "t": 0.0502387, "w": 0.00777927, "y": 0.00835123, "v": 0.0262607 },
  "g": { "a": 0.191772, "r": 0.013226, "n": 0.0525416, "d": 0.0451381, "c": 0.00826449, "q": 0.0148292, "e": 0.035983, "h": 0.0166391, "i": 0.00913719, "l": 0.00952073, "k": 0.027314, "m": 0.0106785, "f": 0.0123286, "p": 0.0206509, "s": 0.105149, "t": 0.0185124, "w": 0.00509686, "y": 0.00955937, "v": 0.0246197 },
  "h": { "a": 0.0312104, "r": 0.0702194, "n": 0.140921, "d": 0.0505416, "c": 0.00993865, "q": 0.153252, "e": 0.0341518, "g": 0.0314939, "i": 0.0232669, "l": 0.03232, "k": 0.0269417, "m": 0.014252, "f": 0.0245062, "p": 0.037878, "s": 0.0530931, "t": 0.0267725, "w": 0.010489, "y": 0.0164819, "v": 0.0179435 },
  "i": { "a": 0.0398864, "r": 0.0215819, "n": 0.0447451, "d": 0.0241889, "c": 0.0243608, "q": 0.0287574, "e": 0.0271139, "g": 0.0323647, "h": 0.0176758, "l": 0.349507, "k": 0.0343915, "m": 0.119837, "f": 0.0486728, "p": 0.026905, "s": 0.0375641, "t": 0.0761553, "w": 0.0113116, "y": 0.0157221, "v": 0.898733 },
  "l": { "a": 0.0393248, "r": 0.0130791, "n": 0.017335, "d": 0.0101079, "c": 0.00753711, "q": 0.0226639, "e": 0.00987291, "g": 0.0219934, "h": 0.00834321, "i": 0.166983, "k": 0.0190901, "m": 0.108748, "f": 0.0664426, "p": 0.0319893, "s": 0.0143976, "t": 0.0273786, "w": 0.00965337, "y": 0.0142696, "v": 0.114222 },
  "k": { "a": 0.036835, "r": 0.255795, "n": 0.0855348, "d": 0.0281743, "c": 0.00578441, "q": 0.0571907, "e": 0.0473996, "g": 0.0177733, "h": 0.0191403, "i": 0.0181911, "l": 0.0100687, "m": 0.0228004, "f": 0.00566139, "p": 0.0305485, "s": 0.0304296, "t": 0.0537794, "w": 0.00479603, "y": 0.0051111, "v": 0.023906 },
  "m": { "a": 0.122269, "r": 0.0749716, "n": 0.0551955, "d": 0.0437852, "c": 0.0359784, "q": 0.0716878, "e": 0.0564056, "g": 0.0706591, "h": 0.0387886, "i": 0.256567, "l": 0.523502, "k": 0.0770361, "f": 0.0714266, "p": 0.0549839, "s": 0.0641552, "t": 0.136206, "w": 0.0281083, "y": 0.0387817, "v": 0.197534 },
  "f": { "a": 0.028382, "r": 0.0136278, "n": 0.0156948, "d": 0.0128586, "c": 0.0216568, "q": 0.0123739, "e": 0.0120829, "g": 0.0268464, "h": 0.0142519, "i": 0.0663126, "l": 0.14695, "k": 0.0180565, "m": 0.0216864, "p": 0.0222662, "s": 0.0303737, "t": 0.0392605, "w": 0.0137344, "y": 0.265871, "v": 0.0351803 },
  "p": { "a": 0.215187, "r": 0.0471762, "n": 0.0410426, "d": 0.0572224, "c": 0.0174678, "q": 0.0481898, "e": 0.0566513, "g": 0.0400021, "h": 0.024318, "i": 0.016414, "l": 0.0238857, "k": 0.0306921, "m": 0.0247811, "f": 0.0118754, "s": 0.178926, "t": 0.0722047, "w": 0.00996574, "y": 0.0174894, "v": 0.0437119 },
  "s": { "a": 0.397145, "r": 0.0553844, "n": 0.164811, "d": 0.0733153, "c": 0.0163846, "q": 0.0347477, "e": 0.0476798, "g": 0.177449, "h": 0.0247315, "i": 0.0140579, "l": 0.0173859, "k": 0.0358449, "m": 0.0206614, "f": 0.014683, "p": 0.105546, "t": 0.356489, "w": 0.00798404, "y": 0.011582, "v": 0.017456 },
  "t": { "a": 0.213034, "r": 0.0374858, "n": 0.076033, "d": 0.0475926, "c": 0.0154683, "q": 0.0306369, "e": 0.0397753, "g": 0.0336975, "h": 0.0183198, "i": 0.0480476, "l": 0.0274791, "k": 0.0890066, "m": 0.0413479, "f": 0.017438, "p": 0.0606297, "s": 0.454418, "w": 0.00875376, "y": 0.0160258, "v": 0.127309 },
  "w": { "a": 0.0538702, "r": 0.0691334, "n": 0.0527477, "d": 0.0493713, "c": 0.0406499, "q": 0.0495276, "e": 0.0789419, "g": 0.0578002, "h": 0.0784825, "i": 0.049727, "l": 0.0888593, "k": 0.0587096, "m": 0.0553083, "f": 0.0489325, "p": 0.049744, "s": 0.162321, "t": 0.0575015, "y": 0.130781, "v": 0.0490801 },
  "y": { "a": 0.0283537, "r": 0.0201969, "n": 0.0288445, "d": 0.0369307, "c": 0.0567607, "q": 0.0230733, "e": 0.0294644, "g": 0.0241741, "h": 0.0607729, "i": 0.0747333, "l": 0.072329, "k": 0.0341545, "m": 0.0249836, "f": 0.279915, "p": 0.0257866, "s": 0.0260544, "t": 0.042493, "w": 0.028467, "v": 0.0447869 },
  "v": { "a": 0.192611, "r": 0.0169911, "n": 0.0146682, "d": 0.0215498, "c": 0.0228252, "q": 0.0182827, "e": 0.0189805, "g": 0.0411188, "h": 0.0125112, "i": 0.473062, "l": 0.0952128, "k": 0.0180123, "m": 0.0465642, "f": 0.0140519, "p": 0.0295122, "s": 0.028425, "t": 0.0971834, "w": 0.00590914, "y": 0.00833702 }
 }
}
