{
 "alphabet": "arndcqeghilkmfpstwyv",
 "insrate": 0.00539798,
 "insextprob": 0.705882,
 "delrate": 0.001891,
 "delextprob": 0.65,
 "rootprob":
 {
  "a": 0.0651635,
  "r": 0.0454925,
  "n": 0.0422308,
  "d": 0.047387,
  "c": 0.0507091,
  "q": 0.0325108,
  "e": 0.053948,
  "g": 0.112519,
  "h": 0.0434536,
  "i": 0.0423273,
  "l": 0.060751,
  "k": 0.0830364,
  "m": 0.0192534,
  "f": 0.0459305,
  "p": 0.0605037,
  "s": 0.0354762,
  "t": 0.0575399,
  "w": 0.0157693,
  "y": 0.0216338,
  "v": 0.0643646
 },
 "subrate":
 {
  "a": { "r": 0.0239947, "n": 0.0359537, "d": 0.0264548, "c": 0.0182978, "q": 0.0385665, "e": 0.0730957, "g": 0.221782, "h": 0.0162557, "i": 0.0197994, "l": 0.026015, "k": 0.0500343, "m": 0.016708, "f": 0.0148137, "p": 0.0861436, "s": 0.293296, "t": 0.125035, "w": 0.00614004, "y": 0.0106954, "v": 0.129303 },
  "r": { "a": 0.0429243, "n": 0.0305286, "d": 0.0274826, "c": 0.00957971, "q": 0.126781, "e": 0.0274206, "g": 0.0244926, "h": 0.0773899, "i": 0.0262379, "l": 0.0340615, "k": 0.337463, "m": 0.0585956, "f": 0.010506, "p": 0.0622569, "s": 0.103457, "t": 0.0321143, "w": 0.0221571, "y": 0.0113205, "v": 0.0234538 },
  "n": { "a": 0.0478541, "r": 0.0232153, "d": 0.424272, "c": 0.0112937, "q": 0.0746089, "e": 0.0748782, "g": 0.09427, "h": 0.0758097, "i": 0.0193974, "l": 0.0178332, "k": 0.171468, "m": 0.0160312, "f": 0.0118065, "p": 0.02831, "s": 0.331356, "t": 0.0898834, "w": 0.00870193, "y": 0.0130754, "v": 0.0171404 },
  "d": { "a": 0.0612918, "r": 0.0149637, "n": 0.448262, "c": 0.0109848, "q": 0.055361, "e": 0.477621, "g": 0.0780843, "h": 0.0467237, "i": 0.0211042, "l": 0.0190391, "k": 0.046966, "m": 0.013293, "f": 0.0142382, "p": 0.0373559, "s": 0.117404, "t": 0.0465526, "w": 0.00821517, "y": 0.0129063, "v": 0.0149347 },
  "c": { "a": 0.0613593, "r": 0.020794, "n": 0.0117372, "d": 0.00907093, "q": 0.012853, "e": 0.0148745, "g": 0.0133986, "h": 0.0156738, "i": 0.0358879, "l": 0.00776839, "k": 0.0108404, "m": 0.00892875, "f": 0.00894863, "p": 0.0104518, "s": 0.118319, "t": 0.0152228, "w": 0.00950664, "y": 0.0242462, "v": 0.0614556 },
  "q": { "a": 0.127714, "r": 0.113694, "n": 0.111471, "d": 0.0829946, "c": 0.0150631, "e": 0.254746, "g": 0.0460098, "h": 0.209899, "i": 0.0303124, "l": 0.0564881, "k": 0.256763, "m": 0.0317195, "f": 0.0175059, "p": 0.0918963, "s": 0.110983, "t": 0.0666616, "w": 0.0144988, "y": 0.0186836, "v": 0.0337456 },
  "e": { "a": 0.176059, "r": 0.0166871, "n": 0.0965713, "d": 0.412874, "c": 0.0118851, "q": 0.23, "g": 0.0637452, "h": 0.0420227, "i": 0.0257099, "l": 0.0221336, "k": 0.115859, "m": 0.0138756, "f": 0.0153932, "p": 0.050189, "s": 0.0646373, "t": 0.0404924, "w": 0.00805587, "y": 0.0151008, "v": 0.0204044 },
  "g": { "a": 0.203525, "r": 0.00800089, "n": 0.0392161, "d": 0.051332, "c": 0.0104435, "q": 0.0108892, "e": 0.0396678, "h": 0.0113664, "i": 0.0110978, "l": 0.0163937, "k": 0.0164605, "m": 0.00792252, "f": 0.00880809, "p": 0.0179662, "s": 0.151694, "t": 0.02149, "w": 0.00394168, "y": 0.0101126, "v": 0.0272541 },
  "h": { "a": 0.0510565, "r": 0.0590164, "n": 0.133206, "d": 0.111092, "c": 0.0134916, "q": 0.208356, "e": 0.0631998, "g": 0.0254171, "i": 0.0215709, "l": 0.0289122, "k": 0.0724876, "m": 0.0203248, "f": 0.0216593, "p": 0.0762398, "s": 0.0619215, "t": 0.0247822, "w": 0.0149231, "y": 0.0290749, "v": 0.0463623 },
  "i": { "a": 0.0455917, "r": 0.0191725, "n": 0.0214336, "d": 0.0219185, "c": 0.019253, "q": 0.0183269, "e": 0.0228268, "g": 0.0358065, "h": 0.0130204, "l": 0.283183, "k": 0.0367148, "m": 0.0506535, "f": 0.0817675, "p": 0.0245129, "s": 0.0436741, "t": 0.0960569, "w": 0.0137692, "y": 0.0210529, "v": 0.842546 },
  "l": { "a": 0.0480626, "r": 0.00639157, "n": 0.0232713, "d": 0.0125779, "c": 0.00450277, "q": 0.0241904, "e": 0.0102848, "g": 0.0171914, "h": 0.0100912, "i": 0.108013, "k": 0.0107266, "m": 0.0627904, "f": 0.0448657, "p": 0.0233365, "s": 0.0125569, "t": 0.020088, "w": 0.00890318, "y": 0.00949478, "v": 0.0663924 },
  "k": { "a": 0.0425715, "r": 0.186817, "n": 0.10548, "d": 0.0257782, "c": 0.00640002, "q": 0.1381, "e": 0.0691988, "g": 0.0199148, "h": 0.0393323, "i": 0.0321773, "l": 0.0254935, "m": 0.0476513, "f": 0.00843933, "p": 0.0368517, "s": 0.0794524, "t": 0.0687181, "w": 0.00689714, "y": 0.00993162, "v": 0.0214652 },
  "m": { "a": 0.121032, "r": 0.0648214, "n": 0.087855, "d": 0.0465106, "c": 0.0270016, "q": 0.0652673, "e": 0.0650403, "g": 0.069913, "h": 0.0418011, "i": 0.15978, "l": 0.418829, "k": 0.184721, "f": 0.0591503, "p": 0.0509935, "s": 0.0868241, "t": 0.112183, "w": 0.038784, "y": 0.0364249, "v": 0.145311 },
  "f": { "a": 0.0167937, "r": 0.00960067, "n": 0.0213224, "d": 0.0124222, "c": 0.0171145, "q": 0.0118657, "e": 0.0131502, "g": 0.0140661, "h": 0.0120918, "i": 0.0473664, "l": 0.182844, "k": 0.0110842, "m": 0.0254315, "p": 0.0124359, "s": 0.0376033, "t": 0.018559, "w": 0.010458, "y": 0.183828, "v": 0.0373818 },
  "p": { "a": 0.211998, "r": 0.0317647, "n": 0.0228776, "d": 0.0332619, "c": 0.00760097, "q": 0.0820213, "e": 0.0494399, "g": 0.0426168, "h": 0.0553554, "i": 0.0199591, "l": 0.0336212, "k": 0.0367822, "m": 0.0208909, "f": 0.0116213, "s": 0.083798, "t": 0.0769677, "w": 0.00728055, "y": 0.0248665, "v": 0.0382942 },
  "s": { "a": 0.37003, "r": 0.0272285, "n": 0.199792, "d": 0.0788767, "c": 0.0211127, "q": 0.0441118, "e": 0.0364821, "g": 0.166908, "h": 0.0296778, "i": 0.0161948, "l": 0.0204361, "k": 0.0682141, "m": 0.0156773, "f": 0.0148797, "p": 0.0701119, "t": 0.310631, "w": 0.00811285, "y": 0.0145251, "v": 0.0183277 },
  "t": { "a": 0.208492, "r": 0.0242519, "n": 0.0796218, "d": 0.0232216, "c": 0.0142887, "q": 0.0305706, "e": 0.0279291, "g": 0.0335394, "h": 0.0128966, "i": 0.0511096, "l": 0.0251955, "k": 0.10116, "m": 0.0372306, "f": 0.0138365, "p": 0.0497747, "s": 0.366241, "w": 0.0102479, "y": 0.0218964, "v": 0.0896373 },
  "w": { "a": 0.0365319, "r": 0.119543, "n": 0.0291316, "d": 0.0259763, "c": 0.0296041, "q": 0.0292134, "e": 0.0276168, "g": 0.0275719, "h": 0.030644, "i": 0.0315815, "l": 0.0572681, "k": 0.0481627, "m": 0.0390714, "f": 0.0471823, "p": 0.0295927, "s": 0.0614495, "t": 0.0486718, "y": 0.0384802, "v": 0.0342232 },
  "y": { "a": 0.031681, "r": 0.0189429, "n": 0.0400752, "d": 0.0246254, "c": 0.0350764, "q": 0.022542, "e": 0.0236595, "g": 0.0438297, "h": 0.0587888, "i": 0.0404276, "l": 0.0330714, "k": 0.0370777, "m": 0.0215938, "f": 0.232668, "p": 0.0224146, "s": 0.0635177, "t": 0.0374244, "w": 0.0265807, "v": 0.0269363 },
  "v": { "a": 0.171444, "r": 0.016719, "n": 0.0122097, "d": 0.0132195, "c": 0.0166086, "q": 0.011483, "e": 0.0203675, "g": 0.0519247, "h": 0.00809173, "i": 0.510748, "l": 0.0879832, "k": 0.0284409, "m": 0.0224035, "f": 0.0407513, "p": 0.0213186, "s": 0.0255829, "t": 0.108445, "w": 0.00912798, "y": 0.0155694 }
 }
}
