{
 "alphabet": "arndcqeghilkmfpstwyv",
 "insrate": 0.00531569,
 "insextprob": 0.688525,
 "delrate": 0.00363762,
 "delextprob": 0.648649,
 "rootprob":
 {
  "a": 0.061367,
  "r": 0.0361687,
  "n": 0.0287678,
  "d": 0.0481502,
  "c": 0.036122,
  "q": 0.0294441,
  "e": 0.0399621,
  "g": 0.0922006,
  "h": 0.0437231,
  "i": 0.0569593,
  "l": 0.112331,
  "k": 0.0908588,
  "m": 0.0150399,
  "f": 0.036306,
  "p": 0.0711742,
  "s": 0.0635626,
  "t": 0.0393479,
  "w": 0.0125825,
  "y": 0.0309644,
  "v": 0.0549682
 },
 "subrate":
 {
  "a": { "r": 0.0190734, "n": 0.0269848, "d": 0.0462088, "c": 0.0202288, "q": 0.0313629, "e": 0.0898656, "g": 0.215829, "h": 0.0126346, "i": 0.0205738, "l": 0.0277519, "k": 0.0585509, "m": 0.0197464, "f": 0.00797546, "p": 0.107331, "s": 0.309336, "t": 0.158238, "w": 0.00535124, "y": 0.0101563, "v": 0.173167 },
  "r": { "a": 0.0646988, "n": 0.0309317, "d": 0.0260769, "c": 0.0125917, "q": 0.112108, "e": 0.0339306, "g": 0.0367164, "h": 0.0749451, "i": 0.0217775, "l": 0.0260012, "k": 0.337319, "m": 0.0158637, "f": 0.0141346, "p": 0.0254077, "s": 0.107312, "t": 0.0484717, "w": 0.0117609, "y": 0.0128339, "v": 0.0245066 },
  "n": { "a": 0.0565476, "r": 0.0325045, "d": 0.351909, "c": 0.0184835, "q": 0.0683153, "e": 0.069061, "g": 0.131346, "h": 0.0927539, "i": 0.0460073, "l": 0.0376369, "k": 0.175123, "m": 0.0218624, "f": 0.0170588, "p": 0.0286488, "s": 0.270827, "t": 0.1533, "w": 0.0104651, "y": 0.0185748, "v": 0.0318395 },
  "d": { "a": 0.0567829, "r": 0.0189102, "n": 0.236813, "c": 0.0111774, "q": 0.0435554, "e": 0.417794, "g": 0.0847951, "h": 0.0277672, "i": 0.0176475, "l": 0.0155193, "k": 0.0336854, "m": 0.012278, "f": 0.0149221, "p": 0.0237728, "s": 0.124358, "t": 0.0588164, "w": 0.00749078, "y": 0.0131571, "v": 0.0223255 },
  "c": { "a": 0.0244641, "r": 0.0148778, "n": 0.0175405, "d": 0.0113745, "q": 0.011507, "e": 0.0212109, "g": 0.0289449, "h": 0.0124126, "i": 0.015183, "l": 0.022247, "k": 0.0143505, "m": 0.0132386, "f": 0.0244135, "p": 0.0105655, "s": 0.0831688, "t": 0.0148767, "w": 0.0228803, "y": 0.0471384, "v": 0.0200093 },
  "q": { "a": 0.107535, "r": 0.138545, "n": 0.0810259, "d": 0.0751029, "c": 0.0154976, "e": 0.314724, "g": 0.0578493, "h": 0.186589, "i": 0.0281218, "l": 0.0666493, "k": 0.188104, "m": 0.0300837, "f": 0.0197673, "p": 0.0654997, "s": 0.0954338, "t": 0.0790478, "w": 0.0181775, "y": 0.017798, "v": 0.0628487 },
  "e": { "a": 0.168238, "r": 0.031259, "n": 0.0673648, "d": 0.454231, "c": 0.0139585, "q": 0.22648, "g": 0.0698705, "h": 0.0263805, "i": 0.0274792, "l": 0.0175475, "k": 0.116153, "m": 0.0148371, "f": 0.0136786, "p": 0.0565754, "s": 0.0795408, "t": 0.0481986, "w": 0.00937974, "y": 0.0141471, "v": 0.0404873 },
  "g": { "a": 0.21435, "r": 0.0139912, "n": 0.061062, "d": 0.0651755, "c": 0.0140212, "q": 0.0166126, "e": 0.0359668, "h": 0.00880708, "i": 0.009473, "l": 0.0200678, "k": 0.0364793, "m": 0.00863191, "f": 0.00586801, "p": 0.0420559, "s": 0.127018, "t": 0.0259315, "w": 0.00428696, "y": 0.00571942, "v": 0.0404 },
  "h": { "a": 0.0439186, "r": 0.160971, "n": 0.134705, "d": 0.0425421, "c": 0.0115552, "q": 0.216661, "e": 0.0315931, "g": 0.0574757, "i": 0.0251856, "l": 0.0438575, "k": 0.0336776, "m": 0.0201213, "f": 0.0274845, "p": 0.0232527, "s": 0.0449161, "t": 0.0422678, "w": 0.0192372, "y": 0.0273961, "v": 0.0527336 },
  "i": { "a": 0.0344558, "r": 0.0174069, "n": 0.0298836, "d": 0.0226699, "c": 0.0164354, "q": 0.0177443, "e": 0.0249829, "g": 0.019276, "h": 0.027765, "l": 0.258862, "k": 0.0278041, "m": 0.0650756, "f": 0.0360517, "p": 0.0272649, "s": 0.0208228, "t": 0.0843623, "w": 0.00787034, "y": 0.0127358, "v": 0.768756 },
  "l": { "a": 0.0335374, "r": 0.0105985, "n": 0.0102745, "d": 0.00653178, "c": 0.00732185, "q": 0.0351287, "e": 0.00649472, "g": 0.0112655, "h": 0.00896173, "i": 0.155926, "k": 0.00945784, "m": 0.0732914, "f": 0.071053, "p": 0.0189207, "s": 0.0101029, "t": 0.0185469, "w": 0.00844192, "y": 0.00659646, "v": 0.0892222 },
  "k": { "a": 0.0912326, "r": 0.196293, "n": 0.117529, "d": 0.0240591, "c": 0.00820161, "q": 0.0777774, "e": 0.0925323, "g": 0.0449781, "h": 0.0230722, "i": 0.0243042, "l": 0.0117474, "m": 0.0116736, "f": 0.00752183, "p": 0.0267524, "s": 0.059585, "t": 0.0589642, "w": 0.00499642, "y": 0.00627078, "v": 0.0203176 },
  "m": { "a": 0.200017, "r": 0.0660558, "n": 0.0930373, "d": 0.0555919, "c": 0.0532629, "q": 0.109257, "e": 0.0587485, "g": 0.0803218, "h": 0.0569695, "i": 0.30278, "l": 0.456066, "k": 0.0947832, "f": 0.0950321, "p": 0.0735563, "s": 0.0858702, "t": 0.133872, "w": 0.0365984, "y": 0.058225, "v": 0.201918 },
  "f": { "a": 0.0147509, "r": 0.0105072, "n": 0.016224, "d": 0.0103475, "c": 0.0130004, "q": 0.0117154, "e": 0.0101327, "g": 0.023526, "h": 0.0121385, "i": 0.0715415, "l": 0.123038, "k": 0.0128854, "m": 0.0224043, "p": 0.0110723, "s": 0.0310427, "t": 0.015053, "w": 0.00828595, "y": 0.21923, "v": 0.0332178 },
  "p": { "a": 0.174684, "r": 0.0335987, "n": 0.0209758, "d": 0.021597, "c": 0.00837416, "q": 0.0370994, "e": 0.0456274, "g": 0.0186424, "h": 0.0254725, "i": 0.0114268, "l": 0.0247619, "k": 0.0747823, "m": 0.0132968, "f": 0.00963829, "s": 0.134017, "t": 0.0572781, "w": 0.00633889, "y": 0.0081925, "v": 0.027754 },
  "s": { "a": 0.402267, "r": 0.0327091, "n": 0.202797, "d": 0.0989916, "c": 0.0278185, "q": 0.0380533, "e": 0.0642771, "g": 0.163758, "h": 0.0247588, "i": 0.0196204, "l": 0.0199629, "k": 0.076696, "m": 0.0129224, "f": 0.0126214, "p": 0.106975, "t": 0.337501, "w": 0.00738045, "y": 0.0105679, "v": 0.021792 },
  "t": { "a": 0.222055, "r": 0.0226128, "n": 0.127677, "d": 0.0502998, "c": 0.0213453, "q": 0.034264, "e": 0.0442795, "g": 0.0431847, "h": 0.0200145, "i": 0.0695242, "l": 0.0308255, "k": 0.0897612, "m": 0.0210057, "f": 0.0117557, "p": 0.0344414, "s": 0.391262, "w": 0.00769638, "y": 0.0116612, "v": 0.138562 },
  "w": { "a": 0.0313121, "r": 0.0704988, "n": 0.0271912, "d": 0.0256921, "c": 0.0287666, "q": 0.0305079, "e": 0.0276774, "g": 0.0309704, "h": 0.0296042, "i": 0.0274289, "l": 0.0481004, "k": 0.0267339, "m": 0.0284138, "f": 0.0466451, "p": 0.0263448, "s": 0.0436302, "t": 0.0278013, "y": 0.0251746, "v": 0.0277714 },
  "y": { "a": 0.0305825, "r": 0.0165006, "n": 0.039008, "d": 0.0204391, "c": 0.0332645, "q": 0.029609, "e": 0.0196062, "g": 0.0296896, "h": 0.0558817, "i": 0.0321364, "l": 0.0412353, "k": 0.0244565, "m": 0.023771, "f": 0.370797, "p": 0.0173514, "s": 0.0481298, "t": 0.035498, "w": 0.0133047, "v": 0.0499942 },
  "v": { "a": 0.177938, "r": 0.0155274, "n": 0.0150621, "d": 0.0150548, "c": 0.0278345, "q": 0.0178538, "e": 0.0251005, "g": 0.0267005, "h": 0.0335845, "i": 0.533234, "l": 0.089996, "k": 0.0188223, "m": 0.0275506, "f": 0.0132897, "p": 0.044424, "s": 0.0200099, "t": 0.109924, "w": 0.00563301, "y": 0.0106283 }
 }
}
