{
 "alphabet": "arndcqeghilkmfpstwyv",
 "insrate": 0.00446452,
 "insextprob": 0.703704,
 "delrate": 0.00418487,
 "delextprob": 0.659091,
 "rootprob":
 {
  "a": 0.0802637,
  "r": 0.0352455,
  "n": 0.054964,
  "d": 0.0477972,
  "c": 0.0301281,
  "q": 0.0376817,
  "e": 0.040668,
  "g": 0.0920323,
  "h": 0.0364517,
  "i": 0.0306025,
  "l": 0.081509,
  "k": 0.094272,
  "m": 0.0237906,
  "f": 0.0282582,
  "p": 0.0578604,
  "s": 0.0537942,
  "t": 0.052199,
  "w": 0.0126578,
  "y": 0.0423871,
  "v": 0.0674367
 },
 "subrate":
 {
  "a": { "r": 0.0165376, "n": 0.0293425, "d": 0.0353431, "c": 0.0161188, "q": 0.038053, "e": 0.0807893, "g": 0.170921, "h": 0.0101169, "i": 0.0170001, "l": 0.036801, "k": 0.0497, "m": 0.0202633, "f": 0.014878, "p": 0.0920811, "s": 0.290726, "t": 0.177261, "w": 0.00481618, "y": 0.00877553, "v": 0.185216 },
  "r": { "a": 0.054975, "n": 0.0598531, "d": 0.0234937, "c": 0.0258466, "q": 0.104955, "e": 0.0321155, "g": 0.0359568, "h": 0.0956402, "i": 0.0499232, "l": 0.0448685, "k": 0.418756, "m": 0.0361403, "f": 0.0168238, "p": 0.0530496, "s": 0.0919801, "t": 0.0486015, "w": 0.015538, "y": 0.0148051, "v": 0.0534667 },
  "n": { "a": 0.0718955, "r": 0.0416241, "d": 0.364375, "c": 0.0177539, "q": 0.102517, "e": 0.0909591, "g": 0.14263, "h": 0.090542, "i": 0.0465213, "l": 0.025715, "k": 0.233549, "m": 0.0293645, "f": 0.0154736, "p": 0.0316311, "s": 0.31677, "t": 0.113475, "w": 0.0144279, "y": 0.0339628, "v": 0.0302603 },
  "d": { "a": 0.0582938, "r": 0.0157293, "n": 0.226581, "c": 0.0105912, "q": 0.0557536, "e": 0.369549, "g": 0.087108, "h": 0.0312095, "i": 0.0187867, "l": 0.0184797, "k": 0.0568364, "m": 0.0128461, "f": 0.0145692, "p": 0.0266755, "s": 0.0850646, "t": 0.0381573, "w": 0.00844506, "y": 0.0178167, "v": 0.0223708 },
  "c": { "a": 0.0527542, "r": 0.0241816, "n": 0.0204016, "d": 0.0119695, "q": 0.0124725, "e": 0.0132607, "g": 0.0117798, "h": 0.0116585, "i": 0.0334654, "l": 0.0134185, "k": 0.0170354, "m": 0.0126388, "f": 0.0200512, "p": 0.0124063, "s": 0.15256, "t": 0.041608, "w": 0.0101137, "y": 0.0210553, "v": 0.0648795 },
  "q": { "a": 0.100462, "r": 0.111282, "n": 0.118459, "d": 0.0720207, "c": 0.0134585, "e": 0.30294, "g": 0.0454603, "h": 0.176791, "i": 0.0274472, "l": 0.058234, "k": 0.176989, "m": 0.0477799, "f": 0.0188303, "p": 0.10082, "s": 0.107272, "t": 0.0613391, "w": 0.0137576, "y": 0.0157698, "v": 0.0336219 },
  "e": { "a": 0.16329, "r": 0.0200758, "n": 0.0501536, "d": 0.392119, "c": 0.00947564, "q": 0.207393, "g": 0.0454671, "h": 0.0278848, "i": 0.0189449, "l": 0.0195319, "k": 0.0970647, "m": 0.016268, "f": 0.0118517, "p": 0.0445955, "s": 0.0573147, "t": 0.0545155, "w": 0.00926784, "y": 0.012162, "v": 0.0476911 },
  "g": { "a": 0.201392, "r": 0.0112523, "n": 0.0669279, "d": 0.0412131, "c": 0.00542688, "q": 0.0189322, "e": 0.0308427, "h": 0.00856368, "i": 0.00738891, "l": 0.00970343, "k": 0.0266259, "m": 0.0142093, "f": 0.00523093, "p": 0.0207309, "s": 0.144849, "t": 0.021388, "w": 0.00429763, "y": 0.00625535, "v": 0.0160103 },
  "h": { "a": 0.0346826, "r": 0.0920931, "n": 0.179857, "d": 0.0389663, "c": 0.0119733, "q": 0.118137, "e": 0.0445491, "g": 0.0204222, "i": 0.016913, "l": 0.0247421, "k": 0.0296901, "m": 0.0167124, "f": 0.0121691, "p": 0.0692987, "s": 0.0620613, "t": 0.0387572, "w": 0.0103882, "y": 0.0238818, "v": 0.0175591 },
  "i": { "a": 0.0445397, "r": 0.0299717, "n": 0.0355262, "d": 0.0226999, "c": 0.0162689, "q": 0.0228899, "e": 0.0339335, "g": 0.0302233, "h": 0.0166445, "l": 0.398104, "k": 0.0344023, "m": 0.0778117, "f": 0.0405507, "p": 0.0241553, "s": 0.028967, "t": 0.065925, "w": 0.017146, "y": 0.0173258, "v": 0.938353 },
  "l": { "a": 0.0457243, "r": 0.0166958, "n": 0.0188422, "d": 0.00785354, "c": 0.00495137, "q": 0.0396544, "e": 0.0117204, "g": 0.00802493, "h": 0.0191327, "i": 0.185598, "k": 0.0207493, "m": 0.121633, "f": 0.0352656, "p": 0.0115475, "s": 0.0215169, "t": 0.0220843, "w": 0.0089848, "y": 0.0125186, "v": 0.109102 },
  "k": { "a": 0.0647564, "r": 0.224188, "n": 0.117867, "d": 0.0415774, "c": 0.00858918, "q": 0.0899193, "e": 0.05158, "g": 0.0215869, "h": 0.0179675, "i": 0.0243128, "l": 0.0161924, "m": 0.0381171, "f": 0.0060612, "p": 0.0251977, "s": 0.0588228, "t": 0.071439, "w": 0.00521246, "y": 0.00652902, "v": 0.0255659 },
  "m": { "a": 0.103616, "r": 0.0821107, "n": 0.061781, "d": 0.0358609, "c": 0.0253433, "q": 0.0886995, "e": 0.0443537, "g": 0.048319, "h": 0.0452026, "i": 0.2747, "l": 0.498943, "k": 0.198506, "f": 0.0396212, "p": 0.0366803, "s": 0.0682381, "t": 0.0918194, "w": 0.0261557, "y": 0.0475307, "v": 0.166425 },
  "f": { "a": 0.0432163, "r": 0.0150318, "n": 0.0273141, "d": 0.0151505, "c": 0.0205649, "q": 0.0165931, "e": 0.0162312, "g": 0.019867, "h": 0.0200387, "i": 0.130291, "l": 0.184485, "k": 0.0154771, "m": 0.021501, "p": 0.0135429, "s": 0.0444224, "t": 0.0178142, "w": 0.0319964, "y": 0.223305, "v": 0.0293782 },
  "p": { "a": 0.201245, "r": 0.0461951, "n": 0.0302763, "d": 0.0327936, "c": 0.0174781, "q": 0.0465392, "e": 0.049021, "g": 0.019426, "h": 0.0437649, "i": 0.0180262, "l": 0.038271, "k": 0.0246129, "m": 0.0122961, "f": 0.0169836, "s": 0.121592, "t": 0.0756449, "w": 0.00768518, "y": 0.0083949, "v": 0.0269882 },
  "s": { "a": 0.392609, "r": 0.0294864, "n": 0.153043, "d": 0.0803046, "c": 0.0307188, "q": 0.0458679, "e": 0.0470018, "g": 0.130613, "h": 0.0166806, "i": 0.0134423, "l": 0.0215567, "k": 0.0586545, "m": 0.0125947, "f": 0.0132941, "p": 0.088803, "t": 0.346332, "w": 0.00658035, "y": 0.0116569, "v": 0.0171511 },
  "t": { "a": 0.287345, "r": 0.0332823, "n": 0.0833763, "d": 0.0433571, "c": 0.0293238, "q": 0.042889, "e": 0.0647873, "g": 0.0319762, "h": 0.023382, "i": 0.0499684, "l": 0.0452355, "k": 0.0855909, "m": 0.0330319, "f": 0.0113552, "p": 0.04878, "s": 0.368333, "w": 0.00810418, "y": 0.0100534, "v": 0.153238 },
  "w": { "a": 0.0453702, "r": 0.0635512, "n": 0.0469554, "d": 0.0396943, "c": 0.0359825, "q": 0.0443375, "e": 0.0438447, "g": 0.0403859, "h": 0.0387842, "i": 0.0492379, "l": 0.0804328, "k": 0.0412075, "m": 0.0471647, "f": 0.0671645, "p": 0.0394836, "s": 0.0850029, "t": 0.0550646, "y": 0.0401263, "v": 0.0427856 },
  "y": { "a": 0.0244321, "r": 0.0137671, "n": 0.0324711, "d": 0.0121998, "c": 0.0312546, "q": 0.0132013, "e": 0.0171348, "g": 0.0266907, "h": 0.0386974, "i": 0.0260597, "l": 0.0565186, "k": 0.0223915, "m": 0.0196064, "f": 0.365592, "p": 0.0117461, "s": 0.0301101, "t": 0.013634, "w": 0.0117531, "v": 0.0255215 },
  "v": { "a": 0.247189, "r": 0.0185302, "n": 0.0154601, "d": 0.0141343, "c": 0.010986, "q": 0.0139765, "e": 0.0428936, "g": 0.0342777, "h": 0.00996121, "i": 0.450679, "l": 0.131303, "k": 0.0181236, "m": 0.028586, "f": 0.0160739, "p": 0.0286757, "s": 0.0180354, "t": 0.0984378, "w": 0.00749018, "y": 0.00828137 }
 }
}
