{
 "alphabet": "arndcqeghilkmfpstwyv",
 "insrate": 0.00711898,
 "insextprob": 0.786325,
 "delrate": 0.00711782,
 "delextprob": 0.615385,
 "rootprob":
 {
  "a": 0.0658064,
  "r": 0.0399545,
  "n": 0.0311203,
  "d": 0.0581998,
  "c": 0.0373518,
  "q": 0.0441229,
  "e": 0.0481479,
  "g": 0.0743869,
  "h": 0.0347651,
  "i": 0.0368969,
  "l": 0.0728032,
  "k": 0.0788829,
  "m": 0.0269591,
  "f": 0.0524348,
  "p": 0.0368703,
  "s": 0.0840994,
  "t": 0.0547173,
  "w": 0.0188304,
  "y": 0.0395161,
  "v": 0.0641339
 },
 "subrate":
 {
  "a": { "r": 0.0228772, "n": 0.0287846, "d": 0.0496367, "c": 0.0187748, "q": 0.0553047, "e": 0.095026, "g": 0.220866, "h": 0.0221091, "i": 0.0176306, "l": 0.0536579, "k": 0.0478075, "m": 0.0170973, "f": 0.0139747, "p": 0.110575, "s": 0.300609, "t": 0.134642, "w": 0.00730536, "y": 0.0105052, "v": 0.132811 },
  "r": { "a": 0.0271903, "n": 0.066327, "d": 0.0243299, "c": 0.0273261, "q": 0.0718888, "e": 0.0319437, "g": 0.0300189, "h": 0.0890525, "i": 0.0201538, "l": 0.0210165, "k": 0.403712, "m": 0.0155045, "f": 0.0189457, "p": 0.07314, "s": 0.0671047, "t": 0.0352073, "w": 0.0269856, "y": 0.0114532, "v": 0.0156792 },
  "n": { "a": 0.0632404, "r": 0.0532149, "d": 0.240803, "c": 0.0179879, "q": 0.097498, "e": 0.0558789, "g": 0.149545, "h": 0.182815, "i": 0.0440867, "l": 0.0349711, "k": 0.207236, "m": 0.0198362, "f": 0.0143127, "p": 0.0377155, "s": 0.259047, "t": 0.112909, "w": 0.0126828, "y": 0.0144925, "v": 0.04433 },
  "d": { "a": 0.106128, "r": 0.0153459, "n": 0.238094, "c": 0.0122239, "q": 0.0449891, "e": 0.451699, "g": 0.118464, "h": 0.048278, "i": 0.0147068, "l": 0.0147696, "k": 0.0383108, "m": 0.0129074, "f": 0.00974054, "p": 0.0379272, "s": 0.0609351, "t": 0.0342523, "w": 0.00908239, "y": 0.00958558, "v": 0.0210015 },
  "c": { "a": 0.0477559, "r": 0.0256562, "n": 0.0116729, "d": 0.011171, "q": 0.0125722, "e": 0.0172537, "g": 0.0334661, "h": 0.0131837, "i": 0.0187964, "l": 0.0137836, "k": 0.0170378, "m": 0.0112493, "f": 0.0114398, "p": 0.0260924, "s": 0.0891083, "t": 0.055123, "w": 0.0140164, "y": 0.0537321, "v": 0.0307898 },
  "q": { "a": 0.112264, "r": 0.1176, "n": 0.124564, "d": 0.0590777, "c": 0.015678, "e": 0.438592, "g": 0.0480212, "h": 0.180546, "i": 0.027116, "l": 0.0390772, "k": 0.18628, "m": 0.0287642, "f": 0.01493, "p": 0.0703435, "s": 0.0821731, "t": 0.0900611, "w": 0.0124469, "y": 0.0148112, "v": 0.0390887 },
  "e": { "a": 0.182706, "r": 0.02229, "n": 0.0394538, "d": 0.368222, "c": 0.0131012, "q": 0.215896, "g": 0.0834815, "h": 0.0240258, "i": 0.0135132, "l": 0.0105697, "k": 0.0804801, "m": 0.0106384, "f": 0.0083837, "p": 0.026635, "s": 0.0320737, "t": 0.041484, "w": 0.00724606, "y": 0.0104757, "v": 0.037951 },
  "g": { "a": 0.178442, "r": 0.0207397, "n": 0.0566212, "d": 0.0773106, "c": 0.0164875, "q": 0.0183467, "e": 0.0504635, "h": 0.00852467, "i": 0.01129, "l": 0.0202346, "k": 0.0255309, "m": 0.00762672, "f": 0.00675994, "p": 0.0382972, "s": 0.135481, "t": 0.0186135, "w": 0.00902421, "y": 0.00829698, "v": 0.0225369 },
  "h": { "a": 0.0378292, "r": 0.0980543, "n": 0.171827, "d": 0.0276314, "c": 0.017722, "q": 0.206829, "e": 0.0371438, "g": 0.0184466, "i": 0.0158964, "l": 0.0910664, "k": 0.0307604, "m": 0.0152367, "f": 0.0301084, "p": 0.030566, "s": 0.0488093, "t": 0.0292268, "w": 0.0106061, "y": 0.0372903, "v": 0.0209721 },
  "i": { "a": 0.0351846, "r": 0.0204142, "n": 0.0331801, "d": 0.0169065, "c": 0.0254607, "q": 0.034604, "e": 0.0227193, "g": 0.0211636, "h": 0.0221987, "l": 0.367456, "k": 0.0349391, "m": 0.0837502, "f": 0.0487032, "p": 0.0231107, "s": 0.0297988, "t": 0.0651522, "w": 0.0120062, "y": 0.022579, "v": 0.807331 },
  "l": { "a": 0.028186, "r": 0.014146, "n": 0.0167788, "d": 0.0119337, "c": 0.0102255, "q": 0.0452318, "e": 0.00966097, "g": 0.00940187, "h": 0.0233044, "i": 0.189746, "k": 0.0233546, "m": 0.0904198, "f": 0.0343857, "p": 0.0233006, "s": 0.0269725, "t": 0.0251464, "w": 0.0162283, "y": 0.00952959, "v": 0.102567 },
  "k": { "a": 0.0379336, "r": 0.184476, "n": 0.11307, "d": 0.0236372, "c": 0.0159924, "q": 0.0561969, "e": 0.0517687, "g": 0.0299866, "h": 0.0158324, "i": 0.0198841, "l": 0.0122844, "m": 0.0204886, "f": 0.00822907, "p": 0.0298417, "s": 0.0461548, "t": 0.0587947, "w": 0.00580843, "y": 0.0067203, "v": 0.0107672 },
  "m": { "a": 0.128832, "r": 0.0584771, "n": 0.0602926, "d": 0.0360515, "c": 0.0298813, "q": 0.0845459, "e": 0.0455831, "g": 0.0616616, "h": 0.0509948, "i": 0.211144, "l": 0.529418, "k": 0.196107, "f": 0.0503804, "p": 0.0472115, "s": 0.0618026, "t": 0.098188, "w": 0.031488, "y": 0.0450343, "v": 0.11015 },
  "f": { "a": 0.0160001, "r": 0.0126051, "n": 0.0131557, "d": 0.0103322, "c": 0.00725927, "q": 0.00929271, "e": 0.00859688, "g": 0.0168711, "h": 0.0308316, "i": 0.0297039, "l": 0.16231, "k": 0.00793767, "m": 0.0133718, "p": 0.0156882, "s": 0.0472937, "t": 0.0234039, "w": 0.01043, "y": 0.184524, "v": 0.0196839 },
  "p": { "a": 0.190731, "r": 0.0611183, "n": 0.0281248, "d": 0.0217879, "c": 0.00995474, "q": 0.0675135, "e": 0.0456757, "g": 0.0624254, "h": 0.0300753, "i": 0.0132945, "l": 0.0189585, "k": 0.0295015, "m": 0.0155175, "f": 0.0111061, "s": 0.111475, "t": 0.0448069, "w": 0.010318, "y": 0.0097645, "v": 0.0219119 },
  "s": { "a": 0.386148, "r": 0.037034, "n": 0.180007, "d": 0.0607774, "c": 0.0258865, "q": 0.0439101, "e": 0.0355202, "g": 0.21556, "h": 0.0265866, "i": 0.0161532, "l": 0.0229964, "k": 0.053069, "m": 0.0124821, "f": 0.0180949, "p": 0.105175, "t": 0.331094, "w": 0.0183924, "y": 0.0193015, "v": 0.0179886 },
  "t": { "a": 0.202471, "r": 0.0213108, "n": 0.066816, "d": 0.0238191, "c": 0.0120077, "q": 0.0457211, "e": 0.0550118, "g": 0.0353274, "h": 0.0188929, "i": 0.0524089, "l": 0.0589102, "k": 0.0994304, "m": 0.0206864, "f": 0.0101051, "p": 0.0436762, "s": 0.338799, "w": 0.00923287, "y": 0.00981033, "v": 0.0929211 },
  "w": { "a": 0.0408069, "r": 0.100127, "n": 0.0327078, "d": 0.0328976, "c": 0.0285622, "q": 0.0303772, "e": 0.0317227, "g": 0.0558303, "h": 0.0277917, "i": 0.0330107, "l": 0.0356202, "k": 0.0374794, "m": 0.0442034, "f": 0.0255741, "p": 0.039816, "s": 0.0848309, "t": 0.0325311, "y": 0.04652, "v": 0.0390196 },
  "y": { "a": 0.0219147, "r": 0.0163643, "n": 0.0334299, "d": 0.0318127, "c": 0.0135318, "q": 0.0166504, "e": 0.030411, "g": 0.0173283, "h": 0.0647455, "i": 0.0254635, "l": 0.0322465, "k": 0.0140999, "m": 0.0200272, "f": 0.38011, "p": 0.0159137, "s": 0.0352077, "t": 0.0481551, "w": 0.0208408, "v": 0.0286484 },
  "v": { "a": 0.204044, "r": 0.0133737, "n": 0.0146722, "d": 0.0126376, "c": 0.0167331, "q": 0.0263297, "e": 0.0303995, "g": 0.0144948, "h": 0.013878, "i": 0.453234, "l": 0.105158, "k": 0.0236786, "m": 0.0288301, "f": 0.0238811, "p": 0.0303244, "s": 0.0218122, "t": 0.102834, "w": 0.00662942, "y": 0.0137489 }
 }
}
