{
 "alphabet": "arndcqeghilkmfpstwyv",
 "insrate": 0.00496153,
 "insextprob": 0.779221,
 "delrate": 0.00292113,
 "delextprob": 0.473684,
 "rootprob":
 {
  "a": 0.0711376,
  "r": 0.0513056,
  "n": 0.0296173,
  "d": 0.0438678,
  "c": 0.0567788,
  "q": 0.0361831,
  "e": 0.0498025,
  "g": 0.0891225,
  "h": 0.0252565,
  "i": 0.0389227,
  "l": 0.0867956,
  "k": 0.0752822,
  "m": 0.0214001,
  "f": 0.0399992,
  "p": 0.0572285,
  "s": 0.0478085,
  "t": 0.057492,
  "w": 0.0177163,
  "y": 0.034215,
  "v": 0.0700684
 },
 "subrate":
 {
  "a": { "r": 0.0353151, "n": 0.0270746, "d": 0.0329919, "c": 0.0281313, "q": 0.0484827, "e": 0.062729, "g": 0.240879, "h": 0.0195352, "i": 0.0221056, "l": 0.0243901, "k": 0.0561863, "m": 0.0268201, "f": 0.0148021, "p": 0.0853941, "s": 0.333933, "t": 0.145891, "w": 0.00667372, "y": 0.00791742, "v": 0.207155 },
  "r": { "a": 0.0368185, "n": 0.0399667, "d": 0.0201842, "c": 0.00821082, "q": 0.119425, "e": 0.0236112, "g": 0.0181829, "h": 0.0505858, "i": 0.0250183, "l": 0.0290991, "k": 0.41143, "m": 0.0169048, "f": 0.0104145, "p": 0.0193666, "s": 0.0420328, "t": 0.0280186, "w": 0.0284358, "y": 0.0177195, "v": 0.034934 },
  "n": { "a": 0.0665847, "r": 0.0400437, "d": 0.329584, "c": 0.0147729, "q": 0.0581807, "e": 0.0531979, "g": 0.102949, "h": 0.156742, "i": 0.0381437, "l": 0.0280696, "k": 0.132444, "m": 0.0239319, "f": 0.0167527, "p": 0.0396606, "s": 0.277148, "t": 0.138209, "w": 0.0175639, "y": 0.023855, "v": 0.0333937 },
  "d": { "a": 0.0579149, "r": 0.020771, "n": 0.258647, "c": 0.00944565, "q": 0.0401433, "e": 0.41382, "g": 0.0811337, "h": 0.0438763, "i": 0.0271792, "l": 0.0168036, "k": 0.0413115, "m": 0.017991, "f": 0.0111136, "p": 0.0253148, "s": 0.0924474, "t": 0.0489378, "w": 0.0100723, "y": 0.0122586, "v": 0.0207319 },
  "c": { "a": 0.042324, "r": 0.00740137, "n": 0.0106002, "d": 0.00785501, "q": 0.00795618, "e": 0.00770667, "g": 0.0183225, "h": 0.0161394, "i": 0.0168806, "l": 0.00982278, "k": 0.00846905, "m": 0.00853842, "f": 0.00694182, "p": 0.0256901, "s": 0.111669, "t": 0.0328519, "w": 0.00718593, "y": 0.0211303, "v": 0.0412416 },
  "q": { "a": 0.0801448, "r": 0.126617, "n": 0.0609282, "d": 0.058598, "c": 0.0145608, "e": 0.251907, "g": 0.0516707, "h": 0.161074, "i": 0.0272369, "l": 0.0582962, "k": 0.172023, "m": 0.0314457, "f": 0.0130293, "p": 0.0705354, "s": 0.0771153, "t": 0.063271, "w": 0.0129299, "y": 0.014848, "v": 0.0445369 },
  "e": { "a": 0.181212, "r": 0.026808, "n": 0.0487088, "d": 0.477231, "c": 0.0111038, "q": 0.258684, "g": 0.0729964, "h": 0.0279801, "i": 0.0279616, "l": 0.0180827, "k": 0.116925, "m": 0.023979, "f": 0.0129427, "p": 0.0350595, "s": 0.0700228, "t": 0.0462929, "w": 0.0106536, "y": 0.0115024, "v": 0.0399805 },
  "g": { "a": 0.161736, "r": 0.0135209, "n": 0.0828841, "d": 0.0501665, "c": 0.0195139, "q": 0.0182903, "e": 0.0680134, "h": 0.023825, "i": 0.0111724, "l": 0.010156, "k": 0.0262325, "m": 0.00913556, "f": 0.00597712, "p": 0.0135362, "s": 0.19795, "t": 0.0182128, "w": 0.0052188, "y": 0.00652409, "v": 0.0271089 },
  "h": { "a": 0.0583317, "r": 0.111514, "n": 0.161574, "d": 0.0444375, "c": 0.021954, "q": 0.154617, "e": 0.0369192, "g": 0.0350402, "i": 0.0440248, "l": 0.0385793, "k": 0.0410253, "m": 0.0231142, "f": 0.017406, "p": 0.0729051, "s": 0.0568209, "t": 0.0494291, "w": 0.0164984, "y": 0.0340665, "v": 0.0536279 },
  "i": { "a": 0.0417476, "r": 0.029316, "n": 0.0331338, "d": 0.0234585, "c": 0.0354991, "q": 0.0248176, "e": 0.0312656, "g": 0.0412595, "h": 0.0424388, "l": 0.420084, "k": 0.0391269, "m": 0.077448, "f": 0.0600558, "p": 0.0334762, "s": 0.0315139, "t": 0.096511, "w": 0.0142803, "y": 0.0171397, "v": 0.863082 },
  "l": { "a": 0.0514186, "r": 0.0141264, "n": 0.0124632, "d": 0.00930924, "c": 0.00969364, "q": 0.0470894, "e": 0.0117285, "g": 0.0175669, "h": 0.0120329, "i": 0.141977, "k": 0.0165623, "m": 0.0837013, "f": 0.0342178, "p": 0.0140153, "s": 0.0118026, "t": 0.0152079, "w": 0.00541339, "y": 0.00999717, "v": 0.117628 },
  "k": { "a": 0.0306535, "r": 0.245283, "n": 0.119536, "d": 0.0295918, "c": 0.00614982, "q": 0.0654295, "e": 0.045659, "g": 0.0220284, "h": 0.0219797, "i": 0.0156384, "l": 0.0148708, "m": 0.0262658, "f": 0.00788434, "p": 0.0162479, "s": 0.0408434, "t": 0.0594886, "w": 0.00835073, "y": 0.00675919, "v": 0.0193171 },
  "m": { "a": 0.169506, "r": 0.0490988, "n": 0.0594074, "d": 0.049252, "c": 0.0410165, "q": 0.0894473, "e": 0.05476, "g": 0.0959849, "h": 0.0641874, "i": 0.211568, "l": 0.557626, "k": 0.0955423, "f": 0.0757914, "p": 0.078052, "s": 0.0628653, "t": 0.133271, "w": 0.0335236, "y": 0.0369516, "v": 0.165799 },
  "f": { "a": 0.026405, "r": 0.0104396, "n": 0.0200787, "d": 0.0091029, "c": 0.013143, "q": 0.00972555, "e": 0.00963589, "g": 0.00959413, "h": 0.0181887, "i": 0.0289785, "l": 0.115202, "k": 0.00984135, "m": 0.0135592, "p": 0.0220255, "s": 0.0279535, "t": 0.0243635, "w": 0.0121381, "y": 0.205926, "v": 0.0319119 },
  "p": { "a": 0.174837, "r": 0.0565254, "n": 0.0230289, "d": 0.0253032, "c": 0.0183345, "q": 0.101917, "e": 0.0421004, "g": 0.0546493, "h": 0.0398152, "i": 0.0273439, "l": 0.0159677, "k": 0.0281781, "m": 0.0195031, "f": 0.0153926, "s": 0.120718, "t": 0.07337, "w": 0.0127684, "y": 0.0121471, "v": 0.0467431 },
  "s": { "a": 0.43601, "r": 0.0435076, "n": 0.180883, "d": 0.0673025, "c": 0.0399822, "q": 0.0461512, "e": 0.0325799, "g": 0.17965, "h": 0.0355137, "i": 0.0248148, "l": 0.0173249, "k": 0.0623247, "m": 0.0194906, "f": 0.018316, "p": 0.0912985, "t": 0.394132, "w": 0.0091234, "y": 0.0113454, "v": 0.028 },
  "t": { "a": 0.2034, "r": 0.0322378, "n": 0.105514, "d": 0.0302789, "c": 0.024857, "q": 0.0378973, "e": 0.0298672, "g": 0.0411678, "h": 0.0258941, "i": 0.0982551, "l": 0.0291983, "k": 0.0884486, "m": 0.036667, "f": 0.0232047, "p": 0.0555537, "s": 0.366859, "w": 0.00901853, "y": 0.0133685, "v": 0.15578 },
  "w": { "a": 0.0524153, "r": 0.246986, "n": 0.0798167, "d": 0.0436801, "c": 0.0452081, "q": 0.0493724, "e": 0.0425821, "g": 0.0454077, "h": 0.0451269, "i": 0.0587137, "l": 0.187701, "k": 0.0626639, "m": 0.0601406, "f": 0.0787986, "p": 0.0552871, "s": 0.0648762, "t": 0.0534888, "y": 0.0813016, "v": 0.0490768 },
  "y": { "a": 0.0290204, "r": 0.0174107, "n": 0.0568261, "d": 0.0165322, "c": 0.028571, "q": 0.0186281, "e": 0.015417, "g": 0.0142668, "h": 0.0751466, "i": 0.0419706, "l": 0.0487357, "k": 0.0191541, "m": 0.01829, "f": 0.366292, "p": 0.0245781, "s": 0.0241933, "t": 0.0483959, "w": 0.019882, "v": 0.0335531 },
  "v": { "a": 0.18277, "r": 0.0256864, "n": 0.0193536, "d": 0.0148586, "c": 0.0307796, "q": 0.0233273, "e": 0.0271104, "g": 0.0705801, "h": 0.0241671, "i": 0.47148, "l": 0.126773, "k": 0.0326286, "m": 0.0355224, "f": 0.0225011, "p": 0.0389962, "s": 0.0219582, "t": 0.114618, "w": 0.00726263, "y": 0.0100916 }
 }
}
