{
 "alphabet": "arndcqeghilkmfpstwyv",
 "insrate": 0.00511874,
 "insextprob": 0.727273,
 "delrate": 0.00653998,
 "delextprob": 0.693333,
 "rootprob":
 {
  "a": 0.0864869,
  "r": 0.0340668,
  "n": 0.0358903,
  "d": 0.0386535,
  "c": 0.0450665,
  "q": 0.0454909,
  "e": 0.0423834,
  "g": 0.0768186,
  "h": 0.040976,
  "i": 0.0381098,
  "l": 0.0720227,
  "k": 0.0795803,
  "m": 0.0258625,
  "f": 0.0487554,
  "p": 0.0319475,
  "s": 0.069093,
  "t": 0.0604827,
  "w": 0.0121804,
  "y": 0.0530849,
  "v": 0.0630479
 },
 "subrate":
 {
  "a": { "r": 0.0239285, "n": 0.0196275, "d": 0.0339919, "c": 0.00918274, "q": 0.0541444, "e": 0.0767906, "g": 0.255163, "h": 0.0160256, "i": 0.019286, "l": 0.0197193, "k": 0.041627, "m": 0.0182509, "f": 0.00814135, "p": 0.0794886, "s": 0.262184, "t": 0.125718, "w": 0.00460884, "y": 0.00818118, "v": 0.148742 },
  "r": { "a": 0.0482447, "n": 0.0651534, "d": 0.0193825, "c": 0.0263062, "q": 0.12602, "e": 0.0267837, "g": 0.0377709, "h": 0.0693778, "i": 0.0247964, "l": 0.0215698, "k": 0.408925, "m": 0.0343917, "f": 0.0129351, "p": 0.0357177, "s": 0.0918307, "t": 0.0603404, "w": 0.0159974, "y": 0.014171, "v": 0.0323594 },
  "n": { "a": 0.0496868, "r": 0.0400217, "d": 0.288161, "c": 0.010164, "q": 0.0551664, "e": 0.0532862, "g": 0.0786657, "h": 0.138704, "i": 0.0238575, "l": 0.0187096, "k": 0.193154, "m": 0.0191325, "f": 0.0182158, "p": 0.0240804, "s": 0.271139, "t": 0.101624, "w": 0.00825339, "y": 0.019759, "v": 0.0230538 },
  "d": { "a": 0.103579, "r": 0.0171616, "n": 0.314575, "c": 0.00976119, "q": 0.0399775, "e": 0.420339, "g": 0.0651627, "h": 0.0601217, "i": 0.0207585, "l": 0.0129819, "k": 0.0401329, "m": 0.0149927, "f": 0.0105022, "p": 0.0435775, "s": 0.0817468, "t": 0.0298292, "w": 0.00786811, "y": 0.0116381, "v": 0.0214595 },
  "c": { "a": 0.0488515, "r": 0.012917, "n": 0.0150356, "d": 0.0155474, "q": 0.0172628, "e": 0.0143799, "g": 0.0542349, "h": 0.0213628, "i": 0.0162158, "l": 0.0105138, "k": 0.0101839, "m": 0.0120667, "f": 0.0191918, "p": 0.0211894, "s": 0.0519459, "t": 0.0355763, "w": 0.0089662, "y": 0.00971768, "v": 0.0623202 },
  "q": { "a": 0.0799641, "r": 0.124992, "n": 0.0896511, "d": 0.0646997, "c": 0.012694, "e": 0.249921, "g": 0.034277, "h": 0.200354, "i": 0.0220244, "l": 0.0358987, "k": 0.142694, "m": 0.0367198, "f": 0.0103935, "p": 0.0393212, "s": 0.0916768, "t": 0.0671343, "w": 0.00881808, "y": 0.0125215, "v": 0.0288658 },
  "e": { "a": 0.179943, "r": 0.0307095, "n": 0.0688843, "d": 0.462161, "c": 0.0116929, "q": 0.229241, "g": 0.0663996, "h": 0.0385335, "i": 0.0268446, "l": 0.0227447, "k": 0.161617, "m": 0.0217347, "f": 0.0111694, "p": 0.0667949, "s": 0.0926894, "t": 0.0662199, "w": 0.00912159, "y": 0.0119001, "v": 0.04291 },
  "g": { "a": 0.214856, "r": 0.0199662, "n": 0.0496997, "d": 0.0692353, "c": 0.0118497, "q": 0.0153244, "e": 0.0425068, "h": 0.0120125, "i": 0.0105229, "l": 0.0129178, "k": 0.03354, "m": 0.011588, "f": 0.00686884, "p": 0.0257954, "s": 0.180298, "t": 0.0321562, "w": 0.0046303, "y": 0.00563069, "v": 0.0172623 },
  "h": { "a": 0.0295814, "r": 0.0770718, "n": 0.156923, "d": 0.113178, "c": 0.0106216, "q": 0.232987, "e": 0.0510991, "g": 0.0238862, "i": 0.0221714, "l": 0.0280137, "k": 0.0337787, "m": 0.022021, "f": 0.0305746, "p": 0.0333121, "s": 0.0633803, "t": 0.0298065, "w": 0.00966309, "y": 0.0476606, "v": 0.0222415 },
  "i": { "a": 0.0553635, "r": 0.0340993, "n": 0.035202, "d": 0.036865, "c": 0.0154038, "q": 0.0266811, "e": 0.0265747, "g": 0.0345596, "h": 0.0360612, "l": 0.313126, "k": 0.0403898, "m": 0.104174, "f": 0.0666448, "p": 0.0290262, "s": 0.0341401, "t": 0.127597, "w": 0.01269, "y": 0.0187689, "v": 0.856811 },
  "l": { "a": 0.0545943, "r": 0.0193186, "n": 0.0149765, "d": 0.0104188, "c": 0.00665384, "q": 0.0337758, "e": 0.0120005, "g": 0.0257655, "h": 0.0230538, "i": 0.195953, "k": 0.0301936, "m": 0.103715, "f": 0.0859735, "p": 0.0223524, "s": 0.0233277, "t": 0.0257213, "w": 0.00664726, "y": 0.0150809, "v": 0.0916436 },
  "k": { "a": 0.0416789, "r": 0.21218, "n": 0.164411, "d": 0.0207041, "c": 0.00616075, "q": 0.0799367, "e": 0.0731108, "g": 0.0288556, "h": 0.0236319, "i": 0.0168861, "l": 0.0151504, "m": 0.020295, "f": 0.00797672, "p": 0.0234936, "s": 0.0680462, "t": 0.0992798, "w": 0.00500145, "y": 0.0062214, "v": 0.0120525 },
  "m": { "a": 0.194982, "r": 0.0998013, "n": 0.0935686, "d": 0.0666208, "c": 0.0371055, "q": 0.146508, "e": 0.0735233, "g": 0.134156, "h": 0.0907544, "i": 0.317799, "l": 0.553485, "k": 0.131288, "f": 0.0893546, "p": 0.0648657, "s": 0.0890068, "t": 0.218705, "w": 0.0489729, "y": 0.0474366, "v": 0.206326 },
  "f": { "a": 0.0249324, "r": 0.0110363, "n": 0.0128742, "d": 0.0101647, "c": 0.0116256, "q": 0.0111069, "e": 0.00942155, "g": 0.0265611, "h": 0.0242382, "i": 0.028778, "l": 0.18128, "k": 0.00935147, "m": 0.0220097, "p": 0.0149905, "s": 0.0271469, "t": 0.0120234, "w": 0.00751261, "y": 0.187013, "v": 0.0182816 },
  "p": { "a": 0.153806, "r": 0.0420743, "n": 0.0294954, "d": 0.0651879, "c": 0.0196034, "q": 0.0699073, "e": 0.0526826, "g": 0.0510592, "h": 0.0312319, "i": 0.0282455, "l": 0.0335066, "k": 0.0261723, "m": 0.0187517, "f": 0.0118848, "s": 0.180678, "t": 0.107985, "w": 0.0104271, "y": 0.0119419, "v": 0.042947 },
  "s": { "a": 0.311952, "r": 0.0313705, "n": 0.145459, "d": 0.0682265, "c": 0.0234623, "q": 0.039269, "e": 0.037726, "g": 0.176075, "h": 0.0279571, "i": 0.0132834, "l": 0.0134783, "k": 0.0747294, "m": 0.0117012, "f": 0.0132069, "p": 0.0838228, "t": 0.357861, "w": 0.00524556, "y": 0.0186449, "v": 0.0168528 },
  "t": { "a": 0.18788, "r": 0.0303621, "n": 0.088539, "d": 0.0353792, "c": 0.017488, "q": 0.0390389, "e": 0.0441916, "g": 0.0379332, "h": 0.0228415, "i": 0.0675286, "l": 0.023514, "k": 0.140249, "m": 0.0418283, "f": 0.0106877, "p": 0.0533311, "s": 0.454224, "w": 0.00758893, "y": 0.0167228, "v": 0.14463 },
  "w": { "a": 0.0483918, "r": 0.0613524, "n": 0.0401002, "d": 0.0421148, "c": 0.0322328, "q": 0.0395616, "e": 0.0395474, "g": 0.0387213, "h": 0.0392615, "i": 0.0454466, "l": 0.0538127, "k": 0.0472949, "m": 0.0496407, "f": 0.0683404, "p": 0.0410829, "s": 0.0696044, "t": 0.0572534, "y": 0.0622545, "v": 0.049621 },
  "y": { "a": 0.0197423, "r": 0.0211773, "n": 0.0243751, "d": 0.0161176, "c": 0.0241192, "q": 0.0183939, "e": 0.0289331, "g": 0.0118846, "h": 0.0905161, "i": 0.0225271, "l": 0.0536499, "k": 0.0138244, "m": 0.0151928, "f": 0.287507, "p": 0.0108177, "s": 0.0386765, "t": 0.0221436, "w": 0.00888298, "v": 0.0273921 },
  "v": { "a": 0.193973, "r": 0.0182743, "n": 0.0147333, "d": 0.0228425, "c": 0.012301, "q": 0.0182591, "e": 0.0274228, "g": 0.0323893, "h": 0.0191712, "i": 0.400153, "l": 0.0826461, "k": 0.0189211, "m": 0.0409546, "f": 0.0157543, "p": 0.017788, "s": 0.0169215, "t": 0.12309, "w": 0.00587835, "y": 0.00774888 }
 }
}
