{
 "alphabet": "arndcqeghilkmfpstwyv",
 "insrate": 0.00554967,
 "insextprob": 0.62963,
 "delrate": 0.00360915,
 "delextprob": 0.518519,
 "rootprob":
 {
  "a": 0.0911196,
  "r": 0.0520041,
  "n": 0.0384457,
  "d": 0.0473374,
  "c": 0.0398997,
  "q": 0.0449365,
  "e": 0.0398127,
  "g": 0.0909003,
  "h": 0.0321836,
  "i": 0.0384322,
  "l": 0.0782532,
  "k": 0.0672108,
  "m": 0.0176478,
  "f": 0.0361312,
  "p": 0.0581248,
  "s": 0.0599944,
  "t": 0.0529468,
  "w": 0.0143202,
  "y": 0.0388452,
  "v": 0.061454
 },
 "subrate":
 {
  "a": { "r": 0.0239171, "n": 0.0289821, "d": 0.030556, "c": 0.0149496, "q": 0.0337479, "e": 0.0731602, "g": 0.245867, "h": 0.0199277, "i": 0.0153108, "l": 0.0284915, "k": 0.0447264, "m": 0.015484, "f": 0.00805285, "p": 0.101635, "s": 0.320795, "t": 0.163522, "w": 0.00482196, "y": 0.0101989, "v": 0.172571 },
  "r": { "a": 0.032642, "n": 0.0479107, "d": 0.0193781, "c": 0.0136653, "q": 0.118294, "e": 0.023311, "g": 0.0270353, "h": 0.0842546, "i": 0.0176942, "l": 0.0197788, "k": 0.41349, "m": 0.0164666, "f": 0.0114268, "p": 0.0480582, "s": 0.0790368, "t": 0.0361032, "w": 0.015072, "y": 0.00915532, "v": 0.0149313 },
  "n": { "a": 0.0596732, "r": 0.0448245, "d": 0.253224, "c": 0.015106, "q": 0.0879478, "e": 0.0580391, "g": 0.171125, "h": 0.188851, "i": 0.0361422, "l": 0.0274982, "k": 0.20472, "m": 0.027465, "f": 0.0156848, "p": 0.0388912, "s": 0.39954, "t": 0.166514, "w": 0.0110481, "y": 0.0231712, "v": 0.0286231 },
  "d": { "a": 0.0642518, "r": 0.024497, "n": 0.195219, "c": 0.0112886, "q": 0.0483764, "e": 0.410321, "g": 0.130585, "h": 0.0475612, "i": 0.0236625, "l": 0.0156818, "k": 0.0567699, "m": 0.0226705, "f": 0.0112018, "p": 0.0364547, "s": 0.0947881, "t": 0.0527764, "w": 0.00920225, "y": 0.0131871, "v": 0.0201885 },
  "c": { "a": 0.021754, "r": 0.0110281, "n": 0.01255, "d": 0.0118732, "q": 0.0142895, "e": 0.0136017, "g": 0.0181436, "h": 0.0273338, "i": 0.0333503, "l": 0.0305064, "k": 0.0101511, "m": 0.0112357, "f": 0.0141252, "p": 0.0214504, "s": 0.087276, "t": 0.0213545, "w": 0.00924203, "y": 0.0270391, "v": 0.026841 },
  "q": { "a": 0.0653189, "r": 0.105649, "n": 0.0857499, "d": 0.0522084, "c": 0.0131043, "e": 0.230654, "g": 0.0369211, "h": 0.156315, "i": 0.0252124, "l": 0.0650484, "k": 0.150095, "m": 0.0389843, "f": 0.0135083, "p": 0.0722818, "s": 0.0831498, "t": 0.0805467, "w": 0.0100966, "y": 0.0170241, "v": 0.0279637 },
  "e": { "a": 0.116643, "r": 0.0273513, "n": 0.045694, "d": 0.37589, "c": 0.0141538, "q": 0.238863, "g": 0.061081, "h": 0.0413976, "i": 0.0236257, "l": 0.0206764, "k": 0.12176, "m": 0.0229702, "f": 0.010814, "p": 0.0424212, "s": 0.0650582, "t": 0.0578848, "w": 0.00896583, "y": 0.01714, "v": 0.023332 },
  "g": { "a": 0.270679, "r": 0.0198875, "n": 0.0881123, "d": 0.0620841, "c": 0.0060556, "q": 0.0129984, "e": 0.0399318, "h": 0.0127404, "i": 0.0108912, "l": 0.00693398, "k": 0.0279131, "m": 0.0106951, "f": 0.00473163, "p": 0.0213076, "s": 0.158823, "t": 0.0242483, "w": 0.00433044, "y": 0.00601763, "v": 0.016594 },
  "h": { "a": 0.0298687, "r": 0.0829456, "n": 0.16973, "d": 0.0809004, "c": 0.0122932, "q": 0.192367, "e": 0.0340495, "g": 0.0420457, "i": 0.0162703, "l": 0.019351, "k": 0.0556862, "m": 0.0173563, "f": 0.0183217, "p": 0.0332878, "s": 0.0563117, "t": 0.0229419, "w": 0.00975193, "y": 0.0288722, "v": 0.0170686 },
  "i": { "a": 0.0381141, "r": 0.0244784, "n": 0.031669, "d": 0.0165745, "c": 0.0158449, "q": 0.0181241, "e": 0.0197863, "g": 0.0256741, "h": 0.0181009, "l": 0.368779, "k": 0.0443051, "m": 0.0917372, "f": 0.0377013, "p": 0.0251556, "s": 0.0250522, "t": 0.0610498, "w": 0.0136524, "y": 0.0152356, "v": 0.831514 },
  "l": { "a": 0.0307067, "r": 0.0229219, "n": 0.00959504, "d": 0.00998961, "c": 0.00607682, "q": 0.0184813, "e": 0.0122517, "g": 0.00791193, "h": 0.0169487, "i": 0.155984, "k": 0.0318974, "m": 0.125087, "f": 0.0698132, "p": 0.0227655, "s": 0.0188512, "t": 0.0189973, "w": 0.00700157, "y": 0.00993311, "v": 0.130861 },
  "k": { "a": 0.0511278, "r": 0.229531, "n": 0.0781996, "d": 0.0215034, "c": 0.00812268, "q": 0.0942077, "e": 0.079736, "g": 0.0245007, "h": 0.0390945, "i": 0.015801, "l": 0.0121814, "m": 0.0413041, "f": 0.00780856, "p": 0.0272114, "s": 0.0728591, "t": 0.0697298, "w": 0.00776822, "y": 0.00793881, "v": 0.0169048 },
  "m": { "a": 0.126924, "r": 0.0522114, "n": 0.0555484, "d": 0.03674, "c": 0.0260244, "q": 0.0702208, "e": 0.0477923, "g": 0.0611582, "h": 0.0621938, "i": 0.181572, "l": 0.499356, "k": 0.134432, "f": 0.0425925, "p": 0.0381001, "s": 0.0693937, "t": 0.114783, "w": 0.024197, "y": 0.0293319, "v": 0.196177 },
  "f": { "a": 0.0589728, "r": 0.0153205, "n": 0.0222061, "d": 0.0127544, "c": 0.0177383, "q": 0.0170967, "e": 0.0140539, "g": 0.0180216, "h": 0.0301181, "i": 0.0521231, "l": 0.141476, "k": 0.0225085, "m": 0.0217382, "p": 0.014765, "s": 0.0223836, "t": 0.0190757, "w": 0.017004, "y": 0.229218, "v": 0.0305525 },
  "p": { "a": 0.163479, "r": 0.0399055, "n": 0.0331344, "d": 0.0178019, "c": 0.0214998, "q": 0.0259339, "e": 0.0501771, "g": 0.029811, "h": 0.0117418, "i": 0.0114262, "l": 0.0279325, "k": 0.044457, "m": 0.00872738, "f": 0.00917557, "s": 0.100098, "t": 0.0475203, "w": 0.00612871, "y": 0.0072579, "v": 0.0140988 },
  "s": { "a": 0.37915, "r": 0.0332036, "n": 0.204605, "d": 0.0640205, "c": 0.016865, "q": 0.0350513, "e": 0.0426553, "g": 0.214682, "h": 0.0272077, "i": 0.0144365, "l": 0.0197702, "k": 0.0749644, "m": 0.0132617, "f": 0.0126464, "p": 0.118634, "t": 0.374293, "w": 0.00597114, "y": 0.0154892, "v": 0.0166561 },
  "t": { "a": 0.215531, "r": 0.0241531, "n": 0.100524, "d": 0.033791, "c": 0.0154427, "q": 0.0355906, "e": 0.0381237, "g": 0.0376821, "h": 0.0179396, "i": 0.0446781, "l": 0.0314534, "k": 0.0958196, "m": 0.0265569, "f": 0.00940237, "p": 0.0557316, "s": 0.392987, "w": 0.00663946, "y": 0.00972764, "v": 0.113131 },
  "w": { "a": 0.0490313, "r": 0.112315, "n": 0.0474722, "d": 0.0406653, "c": 0.0379753, "q": 0.0436255, "e": 0.0427336, "g": 0.048647, "h": 0.0444489, "i": 0.0541298, "l": 0.0527504, "k": 0.0484756, "m": 0.0425155, "f": 0.106616, "p": 0.0415834, "s": 0.105438, "t": 0.0458624, "y": 0.155543, "v": 0.044978 },
  "y": { "a": 0.0224222, "r": 0.0134751, "n": 0.0289192, "d": 0.0134539, "c": 0.0524626, "q": 0.0230361, "e": 0.0220021, "g": 0.0219984, "h": 0.0957163, "i": 0.0164332, "l": 0.0299564, "k": 0.025982, "m": 0.0138112, "f": 0.197805, "p": 0.0131061, "s": 0.0399217, "t": 0.021687, "w": 0.0163634, "v": 0.013939 },
  "v": { "a": 0.258183, "r": 0.0240036, "n": 0.0172985, "d": 0.0116188, "c": 0.0229098, "q": 0.0148659, "e": 0.0203833, "g": 0.0325396, "h": 0.0161949, "i": 0.531022, "l": 0.148675, "k": 0.0428123, "m": 0.0411991, "f": 0.0176689, "p": 0.0208776, "s": 0.0200015, "t": 0.109189, "w": 0.00797603, "y": 0.0143453 }
 }
}
