{
 "alphabet": "arndcqeghilkmfpstwyv",
 "insrate": 0.00421268,
 "insextprob": 0.75,
 "delrate": 0.00657465,
 "delextprob": 0.652778,
 "rootprob":
 {
  "a": 0.104766,
  "r": 0.0431441,
  "n": 0.0530713,
  "d": 0.0383378,
  "c": 0.036206,
  "q": 0.026596,
  "e": 0.0692297,
  "g": 0.087505,
  "h": 0.0272792,
  "i": 0.0273121,
  "l": 0.0842766,
  "k": 0.078746,
  "m": 0.0127879,
  "f": 0.0448933,
  "p": 0.0499815,
  "s": 0.0696086,
  "t": 0.0366696,
  "w": 0.00957543,
  "y": 0.0302866,
  "v": 0.0697275
 },
 "subrate":
 {
  "a": { "r": 0.0183114, "n": 0.0214479, "d": 0.0305941, "c": 0.0291209, "q": 0.0253596, "e": 0.0925368, "g": 0.19405, "h": 0.015295, "i": 0.020651, "l": 0.028312, "k": 0.027813, "m": 0.0211845, "f": 0.00874921, "p": 0.101328, "s": 0.286738, "t": 0.142321, "w": 0.00468008, "y": 0.0131794, "v": 0.183558 },
  "r": { "a": 0.0322588, "n": 0.0425214, "d": 0.0220012, "c": 0.0250076, "q": 0.108279, "e": 0.0334553, "g": 0.0369698, "h": 0.0529608, "i": 0.0170892, "l": 0.0313018, "k": 0.466616, "m": 0.0397551, "f": 0.0111415, "p": 0.035694, "s": 0.0840517, "t": 0.051163, "w": 0.0410301, "y": 0.0189561, "v": 0.0251602 },
  "n": { "a": 0.0519282, "r": 0.0485234, "d": 0.218442, "c": 0.0144965, "q": 0.0680285, "e": 0.0474219, "g": 0.116872, "h": 0.176343, "i": 0.038949, "l": 0.028394, "k": 0.302038, "m": 0.0202273, "f": 0.0162582, "p": 0.0248849, "s": 0.24124, "t": 0.0974203, "w": 0.0121669, "y": 0.0158603, "v": 0.0240499 },
  "d": { "a": 0.0800365, "r": 0.013824, "n": 0.2243, "c": 0.0104853, "q": 0.0526762, "e": 0.34982, "g": 0.0975327, "h": 0.0379599, "i": 0.0175828, "l": 0.0116812, "k": 0.0363502, "m": 0.0127205, "f": 0.00813654, "p": 0.029111, "s": 0.0793822, "t": 0.0275369, "w": 0.00786574, "y": 0.0123242, "v": 0.0185934 },
  "c": { "a": 0.124262, "r": 0.0720006, "n": 0.024505, "d": 0.02816, "q": 0.0181045, "e": 0.016668, "g": 0.0323342, "h": 0.0166584, "i": 0.0240722, "l": 0.0311671, "k": 0.0206135, "m": 0.0214244, "f": 0.0296503, "p": 0.0270176, "s": 0.152981, "t": 0.0523552, "w": 0.0123665, "y": 0.0416458, "v": 0.0454788 },
  "q": { "a": 0.131599, "r": 0.136207, "n": 0.0923023, "d": 0.0726291, "c": 0.0185884, "e": 0.330956, "g": 0.0404197, "h": 0.190506, "i": 0.0308835, "l": 0.113365, "k": 0.199042, "m": 0.0509364, "f": 0.0177656, "p": 0.0707543, "s": 0.114413, "t": 0.0698116, "w": 0.0227735, "y": 0.0264248, "v": 0.0470767 },
  "e": { "a": 0.154027, "r": 0.0185413, "n": 0.0367487, "d": 0.374005, "c": 0.00894503, "q": 0.221631, "g": 0.0543027, "h": 0.0311079, "i": 0.018455, "l": 0.0119595, "k": 0.0986503, "m": 0.011486, "f": 0.00728384, "p": 0.0513218, "s": 0.066883, "t": 0.0394059, "w": 0.00912251, "y": 0.00972861, "v": 0.0339159 },
  "g": { "a": 0.148513, "r": 0.00862625, "n": 0.0487037, "d": 0.0848507, "c": 0.0161357, "q": 0.0119172, "e": 0.0316615, "h": 0.00873967, "i": 0.00892054, "l": 0.0224898, "k": 0.0262098, "m": 0.0101023, "f": 0.00592913, "p": 0.0352215, "s": 0.144005, "t": 0.0225247, "w": 0.00403754, "y": 0.00520066, "v": 0.0201596 },
  "h": { "a": 0.037924, "r": 0.0749416, "n": 0.157545, "d": 0.0377844, "c": 0.014254, "q": 0.146698, "e": 0.0432162, "g": 0.0286444, "i": 0.0262555, "l": 0.0531082, "k": 0.0384496, "m": 0.0265541, "f": 0.0145288, "p": 0.0313696, "s": 0.0422226, "t": 0.0396427, "w": 0.0272277, "y": 0.0336827, "v": 0.0248596 },
  "i": { "a": 0.0439492, "r": 0.0241897, "n": 0.0339425, "d": 0.0235451, "c": 0.022067, "q": 0.0254773, "e": 0.0321204, "g": 0.0278811, "h": 0.0256614, "l": 0.375072, "k": 0.0398085, "m": 0.0958912, "f": 0.0408298, "p": 0.0308177, "s": 0.0357356, "t": 0.0974592, "w": 0.0127522, "y": 0.0315139, "v": 0.890851 },
  "l": { "a": 0.0313635, "r": 0.0162432, "n": 0.0103378, "d": 0.00967796, "c": 0.00588803, "q": 0.0322747, "e": 0.0117944, "g": 0.0120935, "h": 0.0150181, "i": 0.13815, "k": 0.0121569, "m": 0.148301, "f": 0.0514475, "p": 0.0175268, "s": 0.0185465, "t": 0.0336363, "w": 0.00612006, "y": 0.0116631, "v": 0.104336 },
  "k": { "a": 0.0278643, "r": 0.227418, "n": 0.100405, "d": 0.0134065, "c": 0.0097581, "q": 0.0773096, "e": 0.0592071, "g": 0.028272, "h": 0.0127386, "i": 0.0124889, "l": 0.010282, "m": 0.0181311, "f": 0.00459412, "p": 0.0183677, "s": 0.0550849, "t": 0.051562, "w": 0.00743899, "y": 0.00716959, "v": 0.014776 },
  "m": { "a": 0.152915, "r": 0.0937184, "n": 0.0608371, "d": 0.0545696, "c": 0.0435323, "q": 0.111217, "e": 0.0630717, "g": 0.0687703, "h": 0.0607283, "i": 0.240796, "l": 0.759068, "k": 0.0928339, "f": 0.0712186, "p": 0.0915771, "s": 0.0938667, "t": 0.184629, "w": 0.0338862, "y": 0.0612862, "v": 0.204041 },
  "f": { "a": 0.0197864, "r": 0.014936, "n": 0.00964552, "d": 0.0114253, "c": 0.0109848, "q": 0.0149398, "e": 0.0115505, "g": 0.0199727, "h": 0.0206816, "i": 0.065625, "l": 0.182349, "k": 0.00855361, "m": 0.0311418, "p": 0.0212317, "s": 0.0266513, "t": 0.0136064, "w": 0.00850154, "y": 0.234625, "v": 0.0336335 },
  "p": { "a": 0.181457, "r": 0.0258896, "n": 0.0221812, "d": 0.0593839, "c": 0.0118428, "q": 0.0645945, "e": 0.0466474, "g": 0.0383272, "h": 0.0235845, "i": 0.0180682, "l": 0.0209545, "k": 0.0464631, "m": 0.0200529, "f": 0.00842978, "s": 0.135922, "t": 0.0713672, "w": 0.0075013, "y": 0.0106618, "v": 0.026749 },
  "s": { "a": 0.362914, "r": 0.0668516, "n": 0.143624, "d": 0.0788358, "c": 0.0290859, "q": 0.0316988, "e": 0.0489332, "g": 0.140804, "h": 0.0259064, "i": 0.0165987, "l": 0.0225502, "k": 0.0580804, "m": 0.0165836, "f": 0.0155265, "p": 0.126988, "t": 0.339463, "w": 0.00736669, "y": 0.0175227, "v": 0.0204723 },
  "t": { "a": 0.173475, "r": 0.0505243, "n": 0.0752328, "d": 0.0321649, "c": 0.024238, "q": 0.0270738, "e": 0.0383106, "g": 0.0335734, "h": 0.0194042, "i": 0.0497476, "l": 0.0299596, "k": 0.102543, "m": 0.0263535, "f": 0.0147115, "p": 0.0325197, "s": 0.332098, "w": 0.00724577, "y": 0.0177807, "v": 0.111325 },
  "w": { "a": 0.035183, "r": 0.0944718, "n": 0.0292795, "d": 0.0281464, "c": 0.0265546, "q": 0.0343185, "e": 0.0287201, "g": 0.0274359, "h": 0.0330314, "i": 0.0294463, "l": 0.0362304, "k": 0.0334944, "m": 0.031257, "f": 0.0265368, "p": 0.0274362, "s": 0.0334908, "t": 0.0309914, "y": 0.0643857, "v": 0.030175 },
  "y": { "a": 0.0319517, "r": 0.0367765, "n": 0.0213646, "d": 0.0273162, "c": 0.0826386, "q": 0.0255018, "e": 0.0339594, "g": 0.0284173, "h": 0.083634, "i": 0.0381962, "l": 0.0655213, "k": 0.0184039, "m": 0.0286251, "f": 0.455813, "p": 0.0229228, "s": 0.0463975, "t": 0.0453964, "w": 0.0293048, "v": 0.0383445 },
  "v": { "a": 0.196203, "r": 0.0144327, "n": 0.0151312, "d": 0.0121315, "c": 0.0227983, "q": 0.0149739, "e": 0.0294537, "g": 0.0174919, "h": 0.0130736, "i": 0.484161, "l": 0.107062, "k": 0.0236589, "m": 0.034475, "f": 0.0146915, "p": 0.0406211, "s": 0.0186363, "t": 0.104226, "w": 0.00599943, "y": 0.0137279 }
 }
}
