{
 "alphabet": "arndcqeghilkmfpstwyv",
 "insrate": 0.00658063,
 "insextprob": 0.586207,
 "delrate": 0.00274474,
 "delextprob": 0.74359,
 "rootprob":
 {
  "a": 0.0766681,
  "r": 0.0499618,
  "n": 0.0305744,
  "d": 0.0417626,
  "c": 0.0351447,
  "q": 0.0617662,
  "e": 0.049969,
  "g": 0.0669855,
  "h": 0.0345397,
  "i": 0.0345401,
  "l": 0.0833827,
  "k": 0.0925008,
  "m": 0.0126959,
  "f": 0.0208507,
  "p": 0.0537033,
  "s": 0.0771147,
  "t": 0.0777772,
  "w": 0.0143417,
  "y": 0.0280391,
  "v": 0.0576817
 },
 "subrate":
 {
  "a": { "r": 0.0158338, "n": 0.021856, "d": 0.026093, "c": 0.0199254, "q": 0.0435868, "e": 0.0765023, "g": 0.196252, "h": 0.0153798, "i": 0.0202684, "l": 0.0283681, "k": 0.0307455, "m": 0.0288157, "f": 0.0133514, "p": 0.11148, "s": 0.248474, "t": 0.140783, "w": 0.00560821, "y": 0.00995757, "v": 0.152089 },
  "r": { "a": 0.0578667, "n": 0.0387241, "d": 0.0143582, "c": 0.0245733, "q": 0.0813805, "e": 0.0216018, "g": 0.0348205, "h": 0.0385011, "i": 0.0246335, "l": 0.0656213, "k": 0.339824, "m": 0.0215229, "f": 0.00936611, "p": 0.0393079, "s": 0.0986169, "t": 0.0276267, "w": 0.0263168, "y": 0.010058, "v": 0.0265997 },
  "n": { "a": 0.0520845, "r": 0.0443346, "d": 0.342514, "c": 0.0204031, "q": 0.110895, "e": 0.0727005, "g": 0.191543, "h": 0.0919528, "i": 0.0279304, "l": 0.0229688, "k": 0.253791, "m": 0.0261107, "f": 0.0169309, "p": 0.0378182, "s": 0.27577, "t": 0.10697, "w": 0.0164829, "y": 0.0329891, "v": 0.0279388 },
  "d": { "a": 0.0780428, "r": 0.0146554, "n": 0.201728, "c": 0.00976404, "q": 0.0715067, "e": 0.441334, "g": 0.11539, "h": 0.040601, "i": 0.0193772, "l": 0.0163608, "k": 0.0423807, "m": 0.0177041, "f": 0.00968669, "p": 0.0308667, "s": 0.0756869, "t": 0.0314219, "w": 0.010673, "y": 0.0216398, "v": 0.0177712 },
  "c": { "a": 0.0759452, "r": 0.0283072, "n": 0.0185828, "d": 0.0149333, "q": 0.0168393, "e": 0.018697, "g": 0.0447558, "h": 0.0164993, "i": 0.0463026, "l": 0.016799, "k": 0.0319409, "m": 0.019008, "f": 0.0245188, "p": 0.0360939, "s": 0.133633, "t": 0.0518227, "w": 0.0129496, "y": 0.0159335, "v": 0.0817624 },
  "q": { "a": 0.0827155, "r": 0.0942239, "n": 0.117755, "d": 0.0452682, "c": 0.0126219, "e": 0.2566, "g": 0.0303319, "h": 0.178298, "i": 0.019775, "l": 0.0509033, "k": 0.156988, "m": 0.0365439, "f": 0.0101346, "p": 0.065412, "s": 0.0749598, "t": 0.0368021, "w": 0.00944194, "y": 0.0175201, "v": 0.0238081 },
  "e": { "a": 0.115261, "r": 0.0153245, "n": 0.0356522, "d": 0.424551, "c": 0.00873405, "q": 0.226295, "g": 0.0689603, "h": 0.0281278, "i": 0.0203231, "l": 0.0166619, "k": 0.074832, "m": 0.0135791, "f": 0.00857716, "p": 0.0321685, "s": 0.0545418, "t": 0.031281, "w": 0.00732403, "y": 0.0129083, "v": 0.0168768 },
  "g": { "a": 0.207777, "r": 0.0163638, "n": 0.0419927, "d": 0.0446239, "c": 0.00770796, "q": 0.0105635, "e": 0.0423541, "h": 0.0116833, "i": 0.00861353, "l": 0.00725194, "k": 0.0290647, "m": 0.0129866, "f": 0.00490841, "p": 0.0293568, "s": 0.0967029, "t": 0.0225946, "w": 0.0089249, "y": 0.00511563, "v": 0.0126533 },
  "h": { "a": 0.0420734, "r": 0.0548291, "n": 0.203778, "d": 0.0865345, "c": 0.0328704, "q": 0.231667, "e": 0.0573807, "g": 0.0459994, "i": 0.0353888, "l": 0.0623013, "k": 0.0642694, "m": 0.0355856, "f": 0.0254972, "p": 0.033734, "s": 0.062647, "t": 0.0699001, "w": 0.0262625, "y": 0.0766672, "v": 0.0312005 },
  "i": { "a": 0.0449235, "r": 0.0248149, "n": 0.0245976, "d": 0.0163446, "c": 0.0231227, "q": 0.0235749, "e": 0.0288676, "g": 0.0266107, "h": 0.0255358, "l": 0.374557, "k": 0.03002, "m": 0.13457, "f": 0.0350309, "p": 0.0252779, "s": 0.0327367, "t": 0.0831923, "w": 0.0111969, "y": 0.0226252, "v": 0.847253 },
  "l": { "a": 0.0332038, "r": 0.0190122, "n": 0.00801607, "d": 0.00563387, "c": 0.00715378, "q": 0.021161, "e": 0.0122932, "g": 0.00639596, "h": 0.00923774, "i": 0.135369, "k": 0.0152438, "m": 0.0794242, "f": 0.0556099, "p": 0.0100707, "s": 0.0172608, "t": 0.0231929, "w": 0.00433292, "y": 0.00798036, "v": 0.0827369 },
  "k": { "a": 0.0443455, "r": 0.245972, "n": 0.126633, "d": 0.0310621, "c": 0.0122355, "q": 0.0811145, "e": 0.069702, "g": 0.0272694, "h": 0.0149415, "i": 0.0086285, "l": 0.023472, "m": 0.0186418, "f": 0.00635589, "p": 0.038375, "s": 0.069768, "t": 0.0412002, "w": 0.00694652, "y": 0.00644211, "v": 0.00997735 },
  "m": { "a": 0.158187, "r": 0.0929711, "n": 0.0589876, "d": 0.0444025, "c": 0.0429107, "q": 0.0906921, "e": 0.061172, "g": 0.0615616, "h": 0.0685397, "i": 0.277151, "l": 0.578641, "k": 0.115747, "f": 0.0870796, "p": 0.0523221, "s": 0.108154, "t": 0.183731, "w": 0.030218, "y": 0.0512261, "v": 0.142663 },
  "f": { "a": 0.0261324, "r": 0.0214132, "n": 0.0217623, "d": 0.0169798, "c": 0.0152092, "q": 0.0181222, "e": 0.0269532, "g": 0.0214192, "h": 0.0434634, "i": 0.0342827, "l": 0.212364, "k": 0.0267478, "m": 0.0494311, "p": 0.0278639, "s": 0.0579203, "t": 0.0331322, "w": 0.0134197, "y": 0.148548, "v": 0.0519851 },
  "p": { "a": 0.173469, "r": 0.0328506, "n": 0.0224529, "d": 0.0297601, "c": 0.0144968, "q": 0.0853242, "e": 0.0280445, "g": 0.0309072, "h": 0.0211525, "i": 0.0153139, "l": 0.0301109, "k": 0.041524, "m": 0.0125262, "f": 0.013324, "s": 0.123471, "t": 0.0732229, "w": 0.00780724, "y": 0.0107799, "v": 0.0309205 },
  "s": { "a": 0.371502, "r": 0.0412084, "n": 0.141431, "d": 0.0719506, "c": 0.0204472, "q": 0.0354512, "e": 0.068052, "g": 0.14016, "h": 0.0198019, "i": 0.0137446, "l": 0.0234569, "k": 0.0773282, "m": 0.0202114, "f": 0.0112317, "p": 0.111981, "t": 0.311529, "w": 0.0190011, "y": 0.0202318, "v": 0.0153197 },
  "t": { "a": 0.230057, "r": 0.0235709, "n": 0.0733143, "d": 0.0251292, "c": 0.0110722, "q": 0.030154, "e": 0.0410709, "g": 0.027438, "h": 0.0225285, "i": 0.0346165, "l": 0.0305031, "k": 0.0850388, "m": 0.0418106, "f": 0.0194566, "p": 0.0723755, "s": 0.39745, "w": 0.00972334, "y": 0.0143324, "v": 0.107367 },
  "w": { "a": 0.0341158, "r": 0.116666, "n": 0.0333352, "d": 0.0362125, "c": 0.0272426, "q": 0.031618, "e": 0.038405, "g": 0.0449108, "h": 0.0305065, "i": 0.030521, "l": 0.097598, "k": 0.0339419, "m": 0.0343982, "f": 0.0285444, "p": 0.0417637, "s": 0.144472, "t": 0.0392116, "y": 0.0280681, "v": 0.0290639 },
  "y": { "a": 0.0422303, "r": 0.0175433, "n": 0.0300303, "d": 0.0267744, "c": 0.0169507, "q": 0.0218427, "e": 0.0288417, "g": 0.0247252, "h": 0.102072, "i": 0.0224714, "l": 0.0414554, "k": 0.0306819, "m": 0.0246929, "f": 0.363851, "p": 0.0181674, "s": 0.0391306, "t": 0.0616313, "w": 0.0146218, "v": 0.0401408 },
  "v": { "a": 0.190511, "r": 0.0161939, "n": 0.0167508, "d": 0.00975571, "c": 0.0206153, "q": 0.0217991, "e": 0.0293106, "g": 0.023842, "h": 0.0196827, "i": 0.514859, "l": 0.0874397, "k": 0.0222508, "m": 0.0461099, "f": 0.0189628, "p": 0.0256724, "s": 0.0226788, "t": 0.0901807, "w": 0.00638308, "y": 0.0198587 }
 }
}
