{
 "alphabet": "arndcqeghilkmfpstwyv",
 "insrate": 0.00345653,
 "insextprob": 0.733333,
 "delrate": 0.0071921,
 "delextprob": 0.590164,
 "rootprob":
 {
  "a": 0.0924756,
  "r": 0.062266,
  "n": 0.0434482,
  "d": 0.0632996,
  "c": 0.025389,
  "q": 0.0389393,
  "e": 0.0565011,
  "g": 0.105894,
  "h": 0.0281526,
  "i": 0.0319229,
  "l": 0.0920252,
  "k": 0.0668449,
  "m": 0.0212258,
  "f": 0.0462129,
  "p": 0.0277421,
  "s": 0.0475032,
  "t": 0.0503135,
  "w": 0.00954152,
  "y": 0.0293838,
  "v": 0.0609184
 },
 "subrate":
 {
  "a": { "r": 0.0139602, "n": 0.0241021, "d": 0.0449495, "c": 0.031613, "q": 0.0317603, "e": 0.0995209, "g": 0.200877, "h": 0.0183512, "i": 0.0154354, "l": 0.0310605, "k": 0.0329668, "m": 0.0170421, "f": 0.00789122, "p": 0.0976179, "s": 0.301841, "t": 0.156773, "w": 0.00507933, "y": 0.0106506, "v": 0.138221 },
  "r": { "a": 0.0305271, "n": 0.0323055, "d": 0.0252361, "c": 0.0175326, "q": 0.0978957, "e": 0.0306049, "g": 0.0496323, "h": 0.0753942, "i": 0.027756, "l": 0.0250482, "k": 0.468993, "m": 0.0270747, "f": 0.0164149, "p": 0.0340106, "s": 0.131413, "t": 0.0346088, "w": 0.0130589, "y": 0.0378895, "v": 0.028828 },
  "n": { "a": 0.056168, "r": 0.0246894, "d": 0.344567, "c": 0.0259971, "q": 0.0680502, "e": 0.0742956, "g": 0.121005, "h": 0.112423, "i": 0.027945, "l": 0.0217019, "k": 0.21444, "m": 0.0206062, "f": 0.0176579, "p": 0.0491156, "s": 0.279195, "t": 0.124422, "w": 0.0118941, "y": 0.0290581, "v": 0.0221929 },
  "d": { "a": 0.0805115, "r": 0.0130017, "n": 0.305125, "c": 0.0101336, "q": 0.0517348, "e": 0.438514, "g": 0.112889, "h": 0.0549193, "i": 0.0127992, "l": 0.0115295, "k": 0.0499609, "m": 0.0128041, "f": 0.00866047, "p": 0.0382149, "s": 0.0910923, "t": 0.0419126, "w": 0.00840531, "y": 0.0109001, "v": 0.014517 },
  "c": { "a": 0.0453318, "r": 0.0246469, "n": 0.0258133, "d": 0.017695, "q": 0.0205891, "e": 0.0167355, "g": 0.0456883, "h": 0.0442864, "i": 0.038763, "l": 0.0252336, "k": 0.0170266, "m": 0.0237241, "f": 0.0214965, "p": 0.0480846, "s": 0.0956606, "t": 0.0313328, "w": 0.0139323, "y": 0.0244089, "v": 0.0410682 },
  "q": { "a": 0.0718465, "r": 0.0716843, "n": 0.0690586, "d": 0.0518638, "c": 0.0192443, "e": 0.268048, "g": 0.0437371, "h": 0.162045, "i": 0.0214222, "l": 0.0757848, "k": 0.182288, "m": 0.0285317, "f": 0.0205114, "p": 0.0747321, "s": 0.0681312, "t": 0.0670437, "w": 0.0117118, "y": 0.0264693, "v": 0.031266 },
  "e": { "a": 0.124082, "r": 0.0150028, "n": 0.0640804, "d": 0.399282, "c": 0.00977027, "q": 0.220865, "g": 0.0651665, "h": 0.0336929, "i": 0.0302361, "l": 0.0166454, "k": 0.106901, "m": 0.014114, "f": 0.0102187, "p": 0.0392829, "s": 0.0751229, "t": 0.0530023, "w": 0.00828394, "y": 0.0116762, "v": 0.0386878 },
  "g": { "a": 0.252387, "r": 0.0182317, "n": 0.0637399, "d": 0.0519333, "c": 0.0153833, "q": 0.0135359, "e": 0.0292785, "h": 0.0157005, "i": 0.00721746, "l": 0.009237, "k": 0.0382396, "m": 0.00812294, "f": 0.00721018, "p": 0.0251444, "s": 0.103182, "t": 0.0190633, "w": 0.00439539, "y": 0.0054425, "v": 0.0238065 },
  "h": { "a": 0.0598358, "r": 0.102444, "n": 0.0976134, "d": 0.0859149, "c": 0.016839, "q": 0.22971, "e": 0.0489215, "g": 0.0375349, "i": 0.018297, "l": 0.0336173, "k": 0.0621382, "m": 0.0185791, "f": 0.0156476, "p": 0.0412, "s": 0.0448648, "t": 0.0492511, "w": 0.0134144, "y": 0.0337503, "v": 0.0219162 },
  "i": { "a": 0.0375966, "r": 0.0211861, "n": 0.0208174, "d": 0.0198764, "c": 0.0170296, "q": 0.0203282, "e": 0.0324347, "g": 0.0219248, "h": 0.0177136, "l": 0.302605, "k": 0.0395581, "m": 0.0985279, "f": 0.0711037, "p": 0.0286308, "s": 0.0254604, "t": 0.0919049, "w": 0.0127932, "y": 0.024675, "v": 0.851514 },
  "l": { "a": 0.0233587, "r": 0.0206752, "n": 0.0100905, "d": 0.00613911, "c": 0.00681709, "q": 0.0194403, "e": 0.0218631, "g": 0.0160136, "h": 0.00919648, "i": 0.117133, "k": 0.0261599, "m": 0.0968604, "f": 0.0488083, "p": 0.0175203, "s": 0.016125, "t": 0.0116384, "w": 0.00457908, "y": 0.0088183, "v": 0.111254 },
  "k": { "a": 0.0215298, "r": 0.194831, "n": 0.101894, "d": 0.0414057, "c": 0.00579714, "q": 0.0805059, "e": 0.0436796, "g": 0.0244381, "h": 0.021936, "i": 0.0165574, "l": 0.022604, "m": 0.0296182, "f": 0.00633019, "p": 0.0353683, "s": 0.0655261, "t": 0.0373048, "w": 0.00507367, "y": 0.0099387, "v": 0.0211142 },
  "m": { "a": 0.101859, "r": 0.0612686, "n": 0.0551687, "d": 0.0406632, "c": 0.0415634, "q": 0.0875813, "e": 0.0699373, "g": 0.0575446, "h": 0.0399777, "i": 0.171719, "l": 0.515698, "k": 0.0972777, "f": 0.0877085, "p": 0.0716794, "s": 0.100386, "t": 0.153871, "w": 0.0264508, "y": 0.0406319, "v": 0.171072 },
  "f": { "a": 0.0245934, "r": 0.0134504, "n": 0.0121585, "d": 0.00981716, "c": 0.010864, "q": 0.0118129, "e": 0.0141523, "g": 0.0174784, "h": 0.0113038, "i": 0.0435438, "l": 0.112268, "k": 0.0112153, "m": 0.0199592, "p": 0.0129757, "s": 0.0225381, "t": 0.0215641, "w": 0.0226262, "y": 0.281287, "v": 0.0393535 },
  "p": { "a": 0.185091, "r": 0.0306538, "n": 0.0323555, "d": 0.0287559, "c": 0.0137744, "q": 0.0646641, "e": 0.0436961, "g": 0.0408601, "h": 0.0167464, "i": 0.0327639, "l": 0.0399158, "k": 0.0703404, "m": 0.0200324, "f": 0.0113362, "s": 0.0789178, "t": 0.0482221, "w": 0.0117116, "y": 0.0163667, "v": 0.0268978 },
  "s": { "a": 0.455555, "r": 0.0239945, "n": 0.188489, "d": 0.0822201, "c": 0.0422459, "q": 0.0324366, "e": 0.0646098, "g": 0.170581, "h": 0.0333342, "i": 0.0170559, "l": 0.0217538, "k": 0.0609228, "m": 0.016097, "f": 0.012726, "p": 0.103814, "t": 0.392672, "w": 0.00904543, "y": 0.0155162, "v": 0.018278 },
  "t": { "a": 0.229444, "r": 0.017277, "n": 0.0970085, "d": 0.0408334, "c": 0.0269041, "q": 0.0315908, "e": 0.0438235, "g": 0.0341284, "h": 0.0216977, "i": 0.0754814, "l": 0.0257469, "k": 0.0750197, "m": 0.0287195, "f": 0.017431, "p": 0.0567625, "s": 0.403155, "w": 0.00802829, "y": 0.0142372, "v": 0.119675 },
  "w": { "a": 0.0527234, "r": 0.0534955, "n": 0.0627205, "d": 0.0462863, "c": 0.0718144, "q": 0.0476397, "e": 0.047688, "g": 0.0651448, "h": 0.0446109, "i": 0.0594622, "l": 0.0454678, "k": 0.0498293, "m": 0.0455384, "f": 0.0476861, "p": 0.0522142, "s": 0.0606443, "t": 0.0500499, "y": 0.0501523, "v": 0.0469329 },
  "y": { "a": 0.0299549, "r": 0.0141342, "n": 0.0408039, "d": 0.0137306, "c": 0.0220614, "q": 0.0272478, "e": 0.0320062, "g": 0.0129288, "h": 0.0285647, "i": 0.0218732, "l": 0.0338065, "k": 0.015205, "m": 0.0164583, "f": 0.27608, "p": 0.0180041, "s": 0.0279739, "t": 0.0560977, "w": 0.0223171, "v": 0.0166481 },
  "v": { "a": 0.17973, "r": 0.0117555, "n": 0.0119839, "d": 0.0154958, "c": 0.0233894, "q": 0.0155829, "e": 0.0328653, "g": 0.0160064, "h": 0.0159798, "i": 0.566582, "l": 0.119591, "k": 0.0215539, "m": 0.0593217, "f": 0.0270912, "p": 0.033365, "s": 0.0182542, "t": 0.123906, "w": 0.00721843, "y": 0.0130102 }
 }
}
