{
 "alphabet": "arndcqeghilkmfpstwyv",
 "insrate": 0.00340124,
 "insextprob": 0.551724,
 "delrate": 0.00496752,
 "delextprob": 0.654545,
 "rootprob":
 {
  "a": 0.0516221,
  "r": 0.0245501,
  "n": 0.054955,
  "d": 0.0887922,
  "c": 0.034251,
  "q": 0.0354682,
  "e": 0.0478683,
  "g": 0.09031,
  "h": 0.026043,
  "i": 0.0559028,
  "l": 0.0987869,
  "k": 0.0648615,
  "m": 0.0110971,
  "f": 0.0429452,
  "p": 0.0596184,
  "s": 0.0602377,
  "t": 0.063671,
  "w": 0.0104171,
  "y": 0.0313846,
  "v": 0.0472178
 },
 "subrate":
 {
  "a": { "r": 0.0192814, "n": 0.0300821, "d": 0.0505975, "c": 0.0113425, "q": 0.0163189, "e": 0.0890753, "g": 0.221872, "h": 0.0141084, "i": 0.0146334, "l": 0.0259898, "k": 0.0426728, "m": 0.0098164, "f": 0.00717161, "p": 0.0723669, "s": 0.285418, "t": 0.13423, "w": 0.00647862, "y": 0.0117861, "v": 0.15256 },
  "r": { "a": 0.0484103, "n": 0.0766436, "d": 0.0300367, "c": 0.0145163, "q": 0.0964861, "e": 0.0293992, "g": 0.0363099, "h": 0.0784692, "i": 0.0202775, "l": 0.0414254, "k": 0.455306, "m": 0.0401429, "f": 0.0140955, "p": 0.074447, "s": 0.130924, "t": 0.0420006, "w": 0.0109528, "y": 0.020751, "v": 0.0235772 },
  "n": { "a": 0.0557461, "r": 0.0592813, "d": 0.353788, "c": 0.0110013, "q": 0.0895618, "e": 0.0886322, "g": 0.107488, "h": 0.110957, "i": 0.0245349, "l": 0.0217662, "k": 0.274614, "m": 0.0193052, "f": 0.0172764, "p": 0.0246564, "s": 0.305567, "t": 0.107827, "w": 0.00822232, "y": 0.026747, "v": 0.02065 },
  "d": { "a": 0.0747766, "r": 0.0232637, "n": 0.26862, "c": 0.00706756, "q": 0.0399398, "e": 0.44591, "g": 0.115952, "h": 0.0596264, "i": 0.0164419, "l": 0.016763, "k": 0.0435321, "m": 0.0100181, "f": 0.0146468, "p": 0.0220612, "s": 0.129739, "t": 0.0438871, "w": 0.00659539, "y": 0.0143843, "v": 0.0146719 },
  "c": { "a": 0.0393684, "r": 0.0444626, "n": 0.0193848, "d": 0.0219599, "q": 0.0175181, "e": 0.0308281, "g": 0.0754804, "h": 0.0288955, "i": 0.0150259, "l": 0.0145883, "k": 0.0183485, "m": 0.0199277, "f": 0.01351, "p": 0.0396528, "s": 0.114346, "t": 0.0299404, "w": 0.0124625, "y": 0.029883, "v": 0.0332439 },
  "q": { "a": 0.057343, "r": 0.0867615, "n": 0.120681, "d": 0.0678841, "c": 0.0186205, "e": 0.247106, "g": 0.0255507, "h": 0.126234, "i": 0.0174807, "l": 0.0454846, "k": 0.149208, "m": 0.0328445, "f": 0.0192128, "p": 0.0422225, "s": 0.0597323, "t": 0.0318896, "w": 0.00980981, "y": 0.0182615, "v": 0.0194334 },
  "e": { "a": 0.114859, "r": 0.0244303, "n": 0.0532597, "d": 0.377039, "c": 0.00792461, "q": 0.175235, "g": 0.0570091, "h": 0.0673023, "i": 0.0151428, "l": 0.0175747, "k": 0.0773251, "m": 0.00928499, "f": 0.00943765, "p": 0.0373013, "s": 0.0794269, "t": 0.0359367, "w": 0.0099475, "y": 0.00942751, "v": 0.0171092 },
  "g": { "a": 0.190885, "r": 0.00921672, "n": 0.0518953, "d": 0.0844107, "c": 0.00703988, "q": 0.00922479, "e": 0.0538372, "h": 0.0101623, "i": 0.0114166, "l": 0.0256253, "k": 0.0147986, "m": 0.00697261, "f": 0.0146504, "p": 0.0162536, "s": 0.101422, "t": 0.0223436, "w": 0.00660466, "y": 0.00674441, "v": 0.0567531 },
  "h": { "a": 0.0642098, "r": 0.146545, "n": 0.187328, "d": 0.112926, "c": 0.0169513, "q": 0.214696, "e": 0.129896, "g": 0.034786, "i": 0.0195888, "l": 0.0364892, "k": 0.0457592, "m": 0.0205615, "f": 0.0176846, "p": 0.0420521, "s": 0.053091, "t": 0.0486448, "w": 0.0131588, "y": 0.0491517, "v": 0.0207948 },
  "i": { "a": 0.0328929, "r": 0.0222726, "n": 0.0318753, "d": 0.0262056, "c": 0.0112797, "q": 0.0196989, "e": 0.0280265, "g": 0.0368569, "h": 0.0176702, "l": 0.330224, "k": 0.0260577, "m": 0.0696993, "f": 0.0301241, "p": 0.0150596, "s": 0.028391, "t": 0.0912728, "w": 0.00896342, "y": 0.0151969, "v": 0.757356 },
  "l": { "a": 0.0275923, "r": 0.0152172, "n": 0.0186999, "d": 0.00779512, "c": 0.00594438, "q": 0.0397747, "e": 0.00782309, "g": 0.0210743, "h": 0.0128602, "i": 0.145154, "k": 0.0206942, "m": 0.118183, "f": 0.0572522, "p": 0.0155624, "s": 0.0149875, "t": 0.0160268, "w": 0.00722105, "y": 0.00826473, "v": 0.0648717 },
  "k": { "a": 0.034977, "r": 0.198478, "n": 0.141351, "d": 0.0315467, "c": 0.00633019, "q": 0.0484337, "e": 0.0411587, "g": 0.0111583, "h": 0.012107, "i": 0.0139961, "l": 0.0326055, "m": 0.0277343, "f": 0.00588095, "p": 0.0237357, "s": 0.0603567, "t": 0.030316, "w": 0.00446031, "y": 0.00781582, "v": 0.0112854 },
  "m": { "a": 0.0654734, "r": 0.05756, "n": 0.0535543, "d": 0.0383864, "c": 0.0307458, "q": 0.0698538, "e": 0.0392368, "g": 0.0807835, "h": 0.0403052, "i": 0.205195, "l": 0.413882, "k": 0.104182, "f": 0.0463373, "p": 0.0367632, "s": 0.0552884, "t": 0.0619723, "w": 0.0232499, "y": 0.0304289, "v": 0.124135 },
  "f": { "a": 0.0288102, "r": 0.0106731, "n": 0.0256958, "d": 0.011224, "c": 0.0153936, "q": 0.0129447, "e": 0.0134905, "g": 0.0158335, "h": 0.0178673, "i": 0.0771705, "l": 0.130723, "k": 0.0106593, "m": 0.0250843, "p": 0.00907111, "s": 0.0287081, "t": 0.0180344, "w": 0.0119795, "y": 0.198496, "v": 0.0299688 },
  "p": { "a": 0.161178, "r": 0.0625835, "n": 0.0256494, "d": 0.02978, "c": 0.0125487, "q": 0.0528834, "e": 0.0575986, "g": 0.0300766, "h": 0.0447758, "i": 0.0183679, "l": 0.0333749, "k": 0.0354209, "m": 0.0156437, "f": 0.00822833, "s": 0.127874, "t": 0.0673895, "w": 0.00792965, "y": 0.00942954, "v": 0.0214432 },
  "s": { "a": 0.445143, "r": 0.0490958, "n": 0.240036, "d": 0.104602, "c": 0.0214183, "q": 0.0244595, "e": 0.0524071, "g": 0.17815, "h": 0.0227709, "i": 0.0160438, "l": 0.0230689, "k": 0.0670116, "m": 0.0124752, "f": 0.0107113, "p": 0.100623, "t": 0.314639, "w": 0.00683799, "y": 0.0152125, "v": 0.0164014 },
  "t": { "a": 0.248484, "r": 0.0229576, "n": 0.11689, "d": 0.0459173, "c": 0.0128406, "q": 0.025955, "e": 0.0337482, "g": 0.0386709, "h": 0.018983, "i": 0.0598982, "l": 0.0330699, "k": 0.0736626, "m": 0.018996, "f": 0.011944, "p": 0.0609222, "s": 0.406698, "w": 0.00747364, "y": 0.0116968, "v": 0.0934922 },
  "w": { "a": 0.0574727, "r": 0.0383329, "n": 0.0414614, "d": 0.0401436, "c": 0.034255, "q": 0.0388498, "e": 0.0418848, "g": 0.0481443, "h": 0.0387743, "i": 0.0408456, "l": 0.0410202, "k": 0.0384337, "m": 0.0376406, "f": 0.0458723, "p": 0.0389659, "s": 0.0484369, "t": 0.0553943, "y": 0.0367442, "v": 0.0399383 },
  "y": { "a": 0.0465801, "r": 0.0143471, "n": 0.0364006, "d": 0.0261128, "c": 0.0238137, "q": 0.0253407, "e": 0.0176359, "g": 0.0207221, "h": 0.0455111, "i": 0.075915, "l": 0.0197144, "k": 0.0223007, "m": 0.0170595, "f": 0.225299, "p": 0.0122361, "s": 0.040657, "t": 0.025822, "w": 0.0112107, "v": 0.0574159 },
  "v": { "a": 0.19375, "r": 0.0176144, "n": 0.0202029, "d": 0.0148243, "c": 0.0125408, "q": 0.0125418, "e": 0.025103, "g": 0.0385175, "h": 0.0145791, "i": 0.472601, "l": 0.111394, "k": 0.0194859, "m": 0.0239723, "f": 0.0140144, "p": 0.0137445, "s": 0.0200016, "t": 0.0992384, "w": 0.00641121, "y": 0.0165206 }
 }
}
