{
 "alphabet": "arndcqeghilkmfpstwyv",
 "insrate": 0.00381033,
 "insextprob": 0.688889,
 "delrate": 0.00408292,
 "delextprob": 0.634146,
 "rootprob":
 {
  "a": 0.073725,
  "r": 0.0715264,
  "n": 0.0449794,
  "d": 0.0529594,
  "c": 0.0345464,
  "q": 0.0431372,
  "e": 0.0545437,
  "g": 0.0799501,
  "h": 0.0348857,
  "i": 0.0385179,
  "l": 0.0745975,
  "k": 0.086308,
  "m": 0.0147224,
  "f": 0.0407231,
  "p": 0.0658404,
  "s": 0.0517718,
  "t": 0.0404335,
  "w": 0.00899652,
  "y": 0.0387098,
  "v": 0.0491258
 },
 "subrate":
 {
  "a": { "r": 0.018361, "n": 0.0187139, "d": 0.0372764, "c": 0.0173375, "q": 0.0260136, "e": 0.0869696, "g": 0.183486, "h": 0.0125872, "i": 0.0138, "l": 0.0212244, "k": 0.0267385, "m": 0.0153025, "f": 0.00865828, "p": 0.106954, "s": 0.28511, "t": 0.147508, "w": 0.00695501, "y": 0.00685249, "v": 0.153118 },
  "r": { "a": 0.0288888, "n": 0.0501387, "d": 0.0277702, "c": 0.0180344, "q": 0.118152, "e": 0.0344007, "g": 0.0150384, "h": 0.0600637, "i": 0.0185471, "l": 0.0215593, "k": 0.307403, "m": 0.0321581, "f": 0.0167224, "p": 0.0382168, "s": 0.0621614, "t": 0.0390315, "w": 0.0250448, "y": 0.0102458, "v": 0.0153694 },
  "n": { "a": 0.0626103, "r": 0.0548976, "d": 0.307583, "c": 0.0190026, "q": 0.110398, "e": 0.0614303, "g": 0.146532, "h": 0.195563, "i": 0.0239364, "l": 0.0233809, "k": 0.200295, "m": 0.0240561, "f": 0.0150023, "p": 0.0414746, "s": 0.347335, "t": 0.149343, "w": 0.0129267, "y": 0.0338019, "v": 0.0256255 },
  "d": { "a": 0.0946405, "r": 0.0252056, "n": 0.234039, "c": 0.01633, "q": 0.0603825, "e": 0.379207, "g": 0.102284, "h": 0.0432865, "i": 0.0229804, "l": 0.018218, "k": 0.0563185, "m": 0.0180325, "f": 0.011036, "p": 0.0372233, "s": 0.125286, "t": 0.0449391, "w": 0.00941953, "y": 0.0122336, "v": 0.0224155 },
  "c": { "a": 0.0611827, "r": 0.0159699, "n": 0.0182644, "d": 0.0194419, "q": 0.017652, "e": 0.0207727, "g": 0.0389398, "h": 0.0226721, "i": 0.0305485, "l": 0.0187249, "k": 0.0211592, "m": 0.0235139, "f": 0.0253403, "p": 0.0239981, "s": 0.118165, "t": 0.0679963, "w": 0.0124881, "y": 0.0306832, "v": 0.0549259 },
  "q": { "a": 0.0847538, "r": 0.127923, "n": 0.112676, "d": 0.0751794, "c": 0.0180531, "e": 0.294515, "g": 0.0374625, "h": 0.273385, "i": 0.0333029, "l": 0.0493831, "k": 0.18599, "m": 0.0419372, "f": 0.0140832, "p": 0.0788356, "s": 0.0625207, "t": 0.0955966, "w": 0.016368, "y": 0.0174969, "v": 0.042016 },
  "e": { "a": 0.173622, "r": 0.0221928, "n": 0.0410454, "d": 0.458801, "c": 0.0115633, "q": 0.232746, "g": 0.039041, "h": 0.0324678, "i": 0.0272181, "l": 0.0177464, "k": 0.112168, "m": 0.0184943, "f": 0.0117524, "p": 0.0253869, "s": 0.0510877, "t": 0.0380229, "w": 0.00928432, "y": 0.0127218, "v": 0.0429615 },
  "g": { "a": 0.172188, "r": 0.0138542, "n": 0.0679321, "d": 0.0312778, "c": 0.0129921, "q": 0.0193716, "e": 0.0433888, "h": 0.0278363, "i": 0.00807491, "l": 0.010291, "k": 0.0212246, "m": 0.00996853, "f": 0.0080944, "p": 0.0473697, "s": 0.163687, "t": 0.0431135, "w": 0.00607955, "y": 0.00771144, "v": 0.0161349 },
  "h": { "a": 0.0356892, "r": 0.122329, "n": 0.172421, "d": 0.0490851, "c": 0.0139834, "q": 0.199145, "e": 0.0557294, "g": 0.0416271, "i": 0.0178804, "l": 0.045595, "k": 0.0498152, "m": 0.0221883, "f": 0.0156184, "p": 0.0535802, "s": 0.0394394, "t": 0.0367789, "w": 0.0111954, "y": 0.0167354, "v": 0.0200477 },
  "i": { "a": 0.0371809, "r": 0.0243208, "n": 0.0195348, "d": 0.0177904, "c": 0.0205164, "q": 0.0298367, "e": 0.0237993, "g": 0.0254441, "h": 0.0186103, "l": 0.211736, "k": 0.0265106, "m": 0.105709, "f": 0.0434596, "p": 0.0269399, "s": 0.0302499, "t": 0.0710536, "w": 0.0131025, "y": 0.0252571, "v": 0.666759 },
  "l": { "a": 0.0460294, "r": 0.0209894, "n": 0.00911476, "d": 0.00691187, "c": 0.00552648, "q": 0.022327, "e": 0.0155634, "g": 0.00704555, "h": 0.0105666, "i": 0.105248, "k": 0.016497, "m": 0.126869, "f": 0.0377681, "p": 0.00949951, "s": 0.0122817, "t": 0.0189504, "w": 0.00830763, "y": 0.0129203, "v": 0.0784924 },
  "k": { "a": 0.030193, "r": 0.151372, "n": 0.0925405, "d": 0.0335886, "c": 0.00834114, "q": 0.0593169, "e": 0.0629361, "g": 0.0190963, "h": 0.0148304, "i": 0.0300502, "l": 0.00959454, "m": 0.0323618, "f": 0.00645451, "p": 0.0107323, "s": 0.0962079, "t": 0.0790407, "w": 0.00571621, "y": 0.00917398, "v": 0.00834897 },
  "m": { "a": 0.236648, "r": 0.1226, "n": 0.0914008, "d": 0.0809579, "c": 0.0628831, "q": 0.152823, "e": 0.0976696, "g": 0.106358, "h": 0.101494, "i": 0.372277, "l": 0.80668, "k": 0.141288, "f": 0.0916264, "p": 0.102676, "s": 0.124295, "t": 0.186771, "w": 0.0564877, "y": 0.0720013, "v": 0.219308 },
  "f": { "a": 0.0439262, "r": 0.0133831, "n": 0.0132774, "d": 0.012489, "c": 0.0311662, "q": 0.0116604, "e": 0.0116447, "g": 0.0179602, "h": 0.0229033, "i": 0.0801164, "l": 0.156424, "k": 0.0128052, "m": 0.0293603, "p": 0.0183005, "s": 0.0169485, "t": 0.0183874, "w": 0.0129099, "y": 0.225417, "v": 0.0271565 },
  "p": { "a": 0.207783, "r": 0.0279121, "n": 0.0198448, "d": 0.0375093, "c": 0.0122913, "q": 0.0364544, "e": 0.0269784, "g": 0.0302115, "h": 0.0206472, "i": 0.0138598, "l": 0.0119086, "k": 0.0250104, "m": 0.024698, "f": 0.00641883, "s": 0.127332, "t": 0.0353544, "w": 0.00635551, "y": 0.00702182, "v": 0.04356 },
  "s": { "a": 0.338112, "r": 0.0295994, "n": 0.134942, "d": 0.0704209, "c": 0.0248015, "q": 0.0246574, "e": 0.0382381, "g": 0.173543, "h": 0.0266593, "i": 0.0146633, "l": 0.0210768, "k": 0.056637, "m": 0.0153932, "f": 0.0119339, "p": 0.0927236, "t": 0.378281, "w": 0.00721939, "y": 0.0146105, "v": 0.0193597 },
  "t": { "a": 0.217399, "r": 0.0571215, "n": 0.114858, "d": 0.0408239, "c": 0.0258827, "q": 0.0376557, "e": 0.0427026, "g": 0.0397141, "h": 0.030221, "i": 0.054514, "l": 0.0277188, "k": 0.126458, "m": 0.0290439, "f": 0.0174015, "p": 0.046033, "s": 0.519234, "w": 0.0126501, "y": 0.0132528, "v": 0.128615 },
  "w": { "a": 0.0458385, "r": 0.157441, "n": 0.0432879, "d": 0.0417634, "c": 0.0386491, "q": 0.0443842, "e": 0.0416008, "g": 0.0405746, "h": 0.0420012, "i": 0.0491166, "l": 0.0705114, "k": 0.0716334, "m": 0.055804, "f": 0.0871387, "p": 0.0408272, "s": 0.0435777, "t": 0.0468303, "y": 0.0839218, "v": 0.0581107 },
  "y": { "a": 0.0267796, "r": 0.0247838, "n": 0.0273837, "d": 0.0175985, "c": 0.0433012, "q": 0.0120503, "e": 0.0117037, "g": 0.0182096, "h": 0.0310388, "i": 0.039889, "l": 0.0346905, "k": 0.0267771, "m": 0.0159753, "f": 0.18717, "p": 0.0140272, "s": 0.0334446, "t": 0.0248138, "w": 0.0107408, "v": 0.0554267 },
  "v": { "a": 0.207178, "r": 0.0219962, "n": 0.0151639, "d": 0.0113859, "c": 0.0119547, "q": 0.0158773, "e": 0.0152005, "g": 0.0233733, "h": 0.0122548, "i": 0.379783, "l": 0.0784869, "k": 0.0131911, "m": 0.0280705, "f": 0.0151867, "p": 0.0282276, "s": 0.0235314, "t": 0.108115, "w": 0.00915781, "y": 0.0168117 }
 }
}
