{
 "alphabet": "arndcqeghilkmfpstwyv",
 "insrate": 0.00379279,
 "insextprob": 0.628571,
 "delrate": 0.00699424,
 "delextprob": 0.736264,
 "rootprob":
 {
  "a": 0.0813705,
  "r": 0.0351049,
  "n": 0.0366833,
  "d": 0.0343171,
  "c": 0.0478928,
  "q": 0.041995,
  "e": 0.0529133,
  "g": 0.0725105,
  "h": 0.047633,
  "i": 0.0325519,
  "l": 0.0839754,
  "k": 0.0873188,
  "m": 0.00967657,
  "f": 0.0533152,
  "p": 0.0517801,
  "s": 0.0500031,
  "t": 0.0646876,
  "w": 0.0098469,
  "y": 0.0333161,
  "v": 0.0731079
 },
 "subrate":
 {
  "a": { "r": 0.023592, "n": 0.0314362, "d": 0.0361606, "c": 0.010306, "q": 0.0398904, "e": 0.0996422, "g": 0.302974, "h": 0.0185383, "i": 0.0328854, "l": 0.0295263, "k": 0.0360292, "m": 0.0309798, "f": 0.0126347, "p": 0.132794, "s": 0.31833, "t": 0.135213, "w": 0.00589189, "y": 0.00970503, "v": 0.183491 },
  "r": { "a": 0.0425985, "n": 0.0561641, "d": 0.0333294, "c": 0.0131375, "q": 0.100375, "e": 0.0356829, "g": 0.0324585, "h": 0.0578507, "i": 0.0404877, "l": 0.043262, "k": 0.288746, "m": 0.0318375, "f": 0.0209158, "p": 0.0780234, "s": 0.0951341, "t": 0.0311774, "w": 0.0144375, "y": 0.0190997, "v": 0.0320049 },
  "n": { "a": 0.0801164, "r": 0.0446258, "d": 0.374518, "c": 0.0156073, "q": 0.100856, "e": 0.0707854, "g": 0.19327, "h": 0.105463, "i": 0.0498748, "l": 0.0324622, "k": 0.205049, "m": 0.0268572, "f": 0.0164932, "p": 0.0334917, "s": 0.315626, "t": 0.135616, "w": 0.0119745, "y": 0.0280312, "v": 0.0269483 },
  "d": { "a": 0.0530619, "r": 0.0272279, "n": 0.284363, "c": 0.0114416, "q": 0.0542183, "e": 0.402363, "g": 0.0934536, "h": 0.0708165, "i": 0.0345818, "l": 0.0163491, "k": 0.0458659, "m": 0.0228881, "f": 0.0138576, "p": 0.0336949, "s": 0.115468, "t": 0.0445797, "w": 0.0101849, "y": 0.015701, "v": 0.0258292 },
  "c": { "a": 0.0208702, "r": 0.0195566, "n": 0.0250512, "d": 0.0175336, "q": 0.0154005, "e": 0.0148021, "g": 0.0285706, "h": 0.0104347, "i": 0.0130303, "l": 0.0157533, "k": 0.012718, "m": 0.0144432, "f": 0.0146603, "p": 0.0387719, "s": 0.108085, "t": 0.0293077, "w": 0.00911483, "y": 0.0473898, "v": 0.0264212 },
  "q": { "a": 0.127494, "r": 0.105669, "n": 0.09545, "d": 0.0658677, "c": 0.0111473, "e": 0.252315, "g": 0.0490686, "h": 0.137556, "i": 0.028102, "l": 0.0390563, "k": 0.144428, "m": 0.0325689, "f": 0.015849, "p": 0.0913335, "s": 0.115228, "t": 0.0419565, "w": 0.0106527, "y": 0.0127279, "v": 0.0403684 },
  "e": { "a": 0.100946, "r": 0.0350808, "n": 0.0605509, "d": 0.392509, "c": 0.0102228, "q": 0.291749, "g": 0.138051, "h": 0.0412834, "i": 0.0206251, "l": 0.0133883, "k": 0.117305, "m": 0.0182773, "f": 0.0113792, "p": 0.0298197, "s": 0.0770106, "t": 0.0438367, "w": 0.0089372, "y": 0.0113664, "v": 0.0266637 },
  "g": { "a": 0.157282, "r": 0.0195535, "n": 0.064458, "d": 0.0467723, "c": 0.0112031, "q": 0.0316571, "e": 0.0573962, "h": 0.0113929, "i": 0.0200604, "l": 0.0176173, "k": 0.0117209, "m": 0.0141894, "f": 0.00622568, "p": 0.0328925, "s": 0.156053, "t": 0.0193212, "w": 0.00495647, "y": 0.0053325, "v": 0.0299037 },
  "h": { "a": 0.0364389, "r": 0.103603, "n": 0.178857, "d": 0.0884788, "c": 0.011327, "q": 0.180956, "e": 0.0401058, "g": 0.0261937, "i": 0.0268074, "l": 0.0547489, "k": 0.0483747, "m": 0.0160104, "f": 0.0196115, "p": 0.0687437, "s": 0.0426425, "t": 0.0476357, "w": 0.0101289, "y": 0.0385328, "v": 0.0271979 },
  "i": { "a": 0.0663855, "r": 0.0351078, "n": 0.0430216, "d": 0.0293806, "c": 0.0238003, "q": 0.0473956, "e": 0.0422389, "g": 0.0510773, "h": 0.0412795, "l": 0.453737, "k": 0.0450754, "m": 0.12898, "f": 0.0694164, "p": 0.0355688, "s": 0.0434882, "t": 0.129966, "w": 0.0162659, "y": 0.0204263, "v": 1.06825 },
  "l": { "a": 0.0260829, "r": 0.00982199, "n": 0.0114426, "d": 0.00731768, "c": 0.0171286, "q": 0.0210927, "e": 0.00726213, "g": 0.00993357, "h": 0.0215341, "i": 0.183213, "k": 0.0178437, "m": 0.0952101, "f": 0.0710102, "p": 0.0172828, "s": 0.0130942, "t": 0.015279, "w": 0.00529688, "y": 0.0140622, "v": 0.117275 },
  "k": { "a": 0.0388202, "r": 0.208445, "n": 0.109615, "d": 0.0291182, "c": 0.00483573, "q": 0.057305, "e": 0.0767868, "g": 0.0200065, "h": 0.0127134, "i": 0.0183274, "l": 0.0176479, "m": 0.0438317, "f": 0.00540258, "p": 0.01739, "s": 0.0880479, "t": 0.0813532, "w": 0.00843447, "y": 0.0163519, "v": 0.0126791 },
  "m": { "a": 0.135163, "r": 0.0560267, "n": 0.0554049, "d": 0.0428883, "c": 0.0292589, "q": 0.0666291, "e": 0.0522833, "g": 0.111476, "h": 0.0447943, "i": 0.144238, "l": 0.347166, "k": 0.131642, "f": 0.0453877, "p": 0.0464135, "s": 0.0682872, "t": 0.115494, "w": 0.0244572, "y": 0.0469401, "v": 0.183568 },
  "f": { "a": 0.0244244, "r": 0.02247, "n": 0.00996395, "d": 0.00802752, "c": 0.00675766, "q": 0.00826674, "e": 0.0104684, "g": 0.0239619, "h": 0.0206925, "i": 0.0598557, "l": 0.106358, "k": 0.00752308, "m": 0.0275555, "p": 0.0154243, "s": 0.0457131, "t": 0.0103135, "w": 0.00881748, "y": 0.172793, "v": 0.0149922 },
  "p": { "a": 0.181968, "r": 0.0317096, "n": 0.0265189, "d": 0.0223843, "c": 0.0077731, "q": 0.0343067, "e": 0.0368279, "g": 0.0560892, "h": 0.0695601, "i": 0.0198026, "l": 0.0173462, "k": 0.0430674, "m": 0.0136015, "f": 0.0161326, "s": 0.107659, "t": 0.0261095, "w": 0.00722502, "y": 0.0109782, "v": 0.0238459 },
  "s": { "a": 0.370355, "r": 0.044967, "n": 0.175397, "d": 0.075794, "c": 0.0173006, "q": 0.0586291, "e": 0.0641541, "g": 0.212428, "h": 0.0284032, "i": 0.022077, "l": 0.01601, "k": 0.0835279, "m": 0.0185778, "f": 0.0122514, "p": 0.0996105, "t": 0.297134, "w": 0.00658287, "y": 0.0140261, "v": 0.0187138 },
  "t": { "a": 0.219852, "r": 0.023448, "n": 0.0931342, "d": 0.0266388, "c": 0.0132563, "q": 0.0316073, "e": 0.0590508, "g": 0.0301232, "h": 0.0322722, "i": 0.0475708, "l": 0.0154382, "k": 0.131735, "m": 0.0203847, "f": 0.018638, "p": 0.0313054, "s": 0.388695, "w": 0.00722448, "y": 0.0156098, "v": 0.0576031 },
  "w": { "a": 0.055977, "r": 0.0668283, "n": 0.0553939, "d": 0.051812, "c": 0.0432055, "q": 0.0525496, "e": 0.0535798, "g": 0.0535993, "h": 0.0513482, "i": 0.0527536, "l": 0.0500656, "k": 0.0576541, "m": 0.0514364, "f": 0.0703194, "p": 0.0520184, "s": 0.100206, "t": 0.0538139, "y": 0.0776266, "v": 0.0518036 },
  "y": { "a": 0.0235222, "r": 0.0152671, "n": 0.0244885, "d": 0.0134825, "c": 0.019842, "q": 0.0124197, "e": 0.0128468, "g": 0.0140888, "h": 0.0255812, "i": 0.0201697, "l": 0.0384304, "k": 0.0229627, "m": 0.0214897, "f": 0.312254, "p": 0.0125286, "s": 0.0407253, "t": 0.0274034, "w": 0.010873, "v": 0.0459482 },
  "v": { "a": 0.229163, "r": 0.0180429, "n": 0.0173307, "d": 0.0147579, "c": 0.0192027, "q": 0.0217466, "e": 0.0351521, "g": 0.0429641, "h": 0.0171577, "i": 0.457171, "l": 0.128101, "k": 0.0254686, "m": 0.0780927, "f": 0.0192849, "p": 0.0165687, "s": 0.0218761, "t": 0.0992962, "w": 0.00781034, "y": 0.00825227 }
 }
}
