{
 "alphabet": "arndcqeghilkmfpstwyv",
 "insrate": 0.00592949,
 "insextprob": 0.568627,
 "delrate": 0.00242801,
 "delextprob": 0.64,
 "rootprob":
 {
  "a": 0.0700312,
  "r": 0.0670694,
  "n": 0.0336932,
  "d": 0.050814,
  "c": 0.0423062,
  "q": 0.0348095,
  "e": 0.0446082,
  "g": 0.10775,
  "h": 0.0444369,
  "i": 0.0195793,
  "l": 0.0883902,
  "k": 0.0535877,
  "m": 0.0126925,
  "f": 0.0433784,
  "p": 0.046991,
  "s": 0.0506333,
  "t": 0.0469612,
  "w": 0.0154007,
  "y": 0.0367485,
  "v": 0.0901188
 },
 "subrate":
 {
  "a": { "r": 0.0302819, "n": 0.0361934, "d": 0.0302156, "c": 0.0189509, "q": 0.0327624, "e": 0.0903286, "g": 0.214688, "h": 0.0113003, "i": 0.0149202, "l": 0.0195902, "k": 0.0471851, "m": 0.0198353, "f": 0.0108101, "p": 0.0783187, "s": 0.371725, "t": 0.142014, "w": 0.00510091, "y": 0.0146204, "v": 0.13856 },
  "r": { "a": 0.0325621, "n": 0.0307591, "d": 0.0175871, "c": 0.0177775, "q": 0.080854, "e": 0.0163674, "g": 0.0290774, "h": 0.0835426, "i": 0.0313377, "l": 0.0136326, "k": 0.393518, "m": 0.0284967, "f": 0.00855385, "p": 0.0533137, "s": 0.0839248, "t": 0.030715, "w": 0.00751666, "y": 0.00945648, "v": 0.0139623 },
  "n": { "a": 0.0733511, "r": 0.0391823, "d": 0.285095, "c": 0.020858, "q": 0.0942444, "e": 0.0919046, "g": 0.137672, "h": 0.119929, "i": 0.0409019, "l": 0.0335347, "k": 0.172184, "m": 0.0212206, "f": 0.0233004, "p": 0.0464279, "s": 0.369109, "t": 0.148802, "w": 0.0126436, "y": 0.0217207, "v": 0.0258033 },
  "d": { "a": 0.0694428, "r": 0.018326, "n": 0.188623, "c": 0.0108734, "q": 0.0352527, "e": 0.397997, "g": 0.106209, "h": 0.020725, "i": 0.0164797, "l": 0.01562, "k": 0.0339582, "m": 0.0106419, "f": 0.00993414, "p": 0.0208727, "s": 0.109191, "t": 0.0369674, "w": 0.00674733, "y": 0.00827461, "v": 0.023214 },
  "c": { "a": 0.0576013, "r": 0.0202907, "n": 0.0121716, "d": 0.0113923, "q": 0.0122504, "e": 0.0165365, "g": 0.0285463, "h": 0.0132309, "i": 0.0116887, "l": 0.0126729, "k": 0.0102263, "m": 0.0111222, "f": 0.0103629, "p": 0.00996925, "s": 0.109591, "t": 0.0404697, "w": 0.0082835, "y": 0.0172947, "v": 0.0349159 },
  "q": { "a": 0.0825438, "r": 0.0979176, "n": 0.127591, "d": 0.0381977, "c": 0.0201651, "e": 0.309036, "g": 0.044944, "h": 0.140357, "i": 0.0339725, "l": 0.0393998, "k": 0.10743, "m": 0.0255922, "f": 0.0142568, "p": 0.0507942, "s": 0.0575204, "t": 0.0553849, "w": 0.0104798, "y": 0.012217, "v": 0.0259025 },
  "e": { "a": 0.168911, "r": 0.0206363, "n": 0.0660073, "d": 0.421925, "c": 0.0104059, "q": 0.178802, "g": 0.042888, "h": 0.0204964, "i": 0.0154371, "l": 0.0219363, "k": 0.0980647, "m": 0.0122831, "f": 0.0110931, "p": 0.0311257, "s": 0.0577797, "t": 0.0457655, "w": 0.00736008, "y": 0.00855696, "v": 0.0274175 },
  "g": { "a": 0.238662, "r": 0.0218594, "n": 0.0447116, "d": 0.122062, "c": 0.0101894, "q": 0.0201325, "e": 0.0399708, "h": 0.00957314, "i": 0.00890672, "l": 0.0134115, "k": 0.0347223, "m": 0.0128009, "f": 0.0161534, "p": 0.0238885, "s": 0.192756, "t": 0.0296951, "w": 0.00457347, "y": 0.00770615, "v": 0.0229782 },
  "h": { "a": 0.0290223, "r": 0.0796032, "n": 0.246787, "d": 0.075302, "c": 0.0379221, "q": 0.220702, "e": 0.0740106, "g": 0.0393982, "i": 0.0621865, "l": 0.0486674, "k": 0.0453067, "m": 0.0320308, "f": 0.0168417, "p": 0.0331435, "s": 0.0475152, "t": 0.03098, "w": 0.0128482, "y": 0.0559315, "v": 0.0561096 },
  "i": { "a": 0.0517107, "r": 0.0233495, "n": 0.0276631, "d": 0.0198308, "c": 0.0188586, "q": 0.0378258, "e": 0.0263084, "g": 0.037386, "h": 0.0221536, "l": 0.33603, "k": 0.0656329, "m": 0.104776, "f": 0.0707758, "p": 0.0289338, "s": 0.0417173, "t": 0.0900903, "w": 0.0138898, "y": 0.0276943, "v": 0.849026 },
  "l": { "a": 0.038963, "r": 0.0146449, "n": 0.0098603, "d": 0.00857282, "c": 0.00527981, "q": 0.0289964, "e": 0.0201862, "g": 0.0126575, "h": 0.0150925, "i": 0.151364, "k": 0.0129016, "m": 0.108383, "f": 0.0539297, "p": 0.0107936, "s": 0.0169635, "t": 0.013202, "w": 0.00719786, "y": 0.00806731, "v": 0.125056 },
  "k": { "a": 0.0402087, "r": 0.207797, "n": 0.0955225, "d": 0.0261905, "c": 0.00752305, "q": 0.0615393, "e": 0.0688505, "g": 0.0325265, "h": 0.0184133, "i": 0.026497, "l": 0.0112867, "m": 0.0189391, "f": 0.00689296, "p": 0.0525938, "s": 0.0707064, "t": 0.0499937, "w": 0.00564374, "y": 0.00672277, "v": 0.0123857 },
  "m": { "a": 0.129185, "r": 0.0472013, "n": 0.0493943, "d": 0.0474999, "c": 0.0293526, "q": 0.114895, "e": 0.0497705, "g": 0.0505976, "h": 0.0639237, "i": 0.204887, "l": 0.362979, "k": 0.138123, "f": 0.0761564, "p": 0.0490317, "s": 0.0723743, "t": 0.0908768, "w": 0.0340206, "y": 0.0296619, "v": 0.13278 },
  "f": { "a": 0.0192794, "r": 0.0196467, "n": 0.0150786, "d": 0.0111357, "c": 0.0125657, "q": 0.013809, "e": 0.0124412, "g": 0.016446, "h": 0.0227226, "i": 0.0817595, "l": 0.153226, "k": 0.0171346, "m": 0.0214206, "p": 0.0114837, "s": 0.0374409, "t": 0.0175648, "w": 0.029432, "y": 0.168074, "v": 0.0618119 },
  "p": { "a": 0.129651, "r": 0.0357177, "n": 0.0216915, "d": 0.0377053, "c": 0.010338, "q": 0.0652408, "e": 0.024211, "g": 0.0447435, "h": 0.0185334, "i": 0.0221239, "l": 0.02558, "k": 0.0447759, "m": 0.0136543, "f": 0.00883107, "s": 0.149896, "t": 0.135863, "w": 0.00830344, "y": 0.00894121, "v": 0.0738737 },
  "s": { "a": 0.383614, "r": 0.0443893, "n": 0.179463, "d": 0.0622301, "c": 0.0333251, "q": 0.0329686, "e": 0.0355633, "g": 0.142836, "h": 0.0196299, "i": 0.0257113, "l": 0.0200112, "k": 0.0666133, "m": 0.0137418, "f": 0.0143365, "p": 0.114688, "t": 0.296543, "w": 0.00802027, "y": 0.0135884, "v": 0.0178928 },
  "t": { "a": 0.213638, "r": 0.0286603, "n": 0.110081, "d": 0.0370323, "c": 0.0149129, "q": 0.0348345, "e": 0.0469942, "g": 0.027415, "h": 0.0160551, "i": 0.115324, "l": 0.0241438, "k": 0.0890215, "m": 0.0205656, "f": 0.0152612, "p": 0.0750987, "s": 0.327553, "w": 0.00801532, "y": 0.0160046, "v": 0.133078 },
  "w": { "a": 0.0330348, "r": 0.146848, "n": 0.0558758, "d": 0.0309897, "c": 0.0278949, "q": 0.0373328, "e": 0.0320818, "g": 0.0358542, "h": 0.035502, "i": 0.0360353, "l": 0.0363449, "k": 0.0379225, "m": 0.0379946, "f": 0.11567, "p": 0.0327974, "s": 0.0410664, "t": 0.0330212, "y": 0.0314922, "v": 0.0402716 },
  "y": { "a": 0.0213006, "r": 0.0114207, "n": 0.0152051, "d": 0.00996061, "c": 0.0384205, "q": 0.0177539, "e": 0.0101992, "g": 0.0188233, "h": 0.0490551, "i": 0.0583424, "l": 0.0193401, "k": 0.0235493, "m": 0.0122401, "f": 0.172629, "p": 0.0107348, "s": 0.0318883, "t": 0.0223931, "w": 0.0200895, "v": 0.0369723 },
  "v": { "a": 0.271349, "r": 0.0136052, "n": 0.0124124, "d": 0.0105856, "c": 0.0167133, "q": 0.0256042, "e": 0.0192103, "g": 0.0489104, "h": 0.0106525, "i": 0.392494, "l": 0.0951858, "k": 0.03757, "m": 0.0356773, "f": 0.0265524, "p": 0.0277986, "s": 0.0210995, "t": 0.11033, "w": 0.00614145, "y": 0.0114222 }
 }
}
