{
 "alphabet": "arndcqeghilkmfpstwyv",
 "insrate": 0.00467097,
 "insextprob": 0.595238,
 "delrate": 0.00521986,
 "delextprob": 0.536585,
 "rootprob":
 {
  "a": 0.0558081,
  "r": 0.0368921,
  "n": 0.0424253,
  "d": 0.063856,
  "c": 0.0249917,
  "q": 0.0323941,
  "e": 0.0350889,
  "g": 0.113736,
  "h": 0.0479384,
  "i": 0.0342393,
  "l": 0.0850625,
  "k": 0.096681,
  "m": 0.0247534,
  "f": 0.0324789,
  "p": 0.0376835,
  "s": 0.0649735,
  "t": 0.0637822,
  "w": 0.0051106,
  "y": 0.035915,
  "v": 0.0661898
 },
 "subrate":
 {
  "a": { "r": 0.0150077, "n": 0.0243055, "d": 0.0353576, "c": 0.0140882, "q": 0.039518, "e": 0.0784535, "g": 0.177225, "h": 0.0168134, "i": 0.012458, "l": 0.0310103, "k": 0.034283, "m": 0.0153972, "f": 0.00920926, "p": 0.110675, "s": 0.263728, "t": 0.147607, "w": 0.00571516, "y": 0.0127859, "v": 0.141426 },
  "r": { "a": 0.0488066, "n": 0.0595907, "d": 0.0224363, "c": 0.0158843, "q": 0.138712, "e": 0.0314332, "g": 0.0571184, "h": 0.137246, "i": 0.0217865, "l": 0.0252958, "k": 0.484308, "m": 0.0178774, "f": 0.0224445, "p": 0.030106, "s": 0.131423, "t": 0.0468332, "w": 0.0132793, "y": 0.0168122, "v": 0.0200392 },
  "n": { "a": 0.0740664, "r": 0.0374932, "d": 0.255935, "c": 0.0158603, "q": 0.0986107, "e": 0.0516382, "g": 0.137322, "h": 0.156126, "i": 0.0298641, "l": 0.027219, "k": 0.213316, "m": 0.0158859, "f": 0.0128918, "p": 0.0368292, "s": 0.285732, "t": 0.12191, "w": 0.0115437, "y": 0.0157573, "v": 0.0268922 },
  "d": { "a": 0.0926975, "r": 0.0228773, "n": 0.248729, "c": 0.00828113, "q": 0.0571264, "e": 0.353567, "g": 0.0798972, "h": 0.039032, "i": 0.0164693, "l": 0.0151203, "k": 0.0428178, "m": 0.0112672, "f": 0.00939769, "p": 0.0354794, "s": 0.136393, "t": 0.0396606, "w": 0.00925773, "y": 0.010274, "v": 0.0189181 },
  "c": { "a": 0.0590044, "r": 0.0311644, "n": 0.0203656, "d": 0.0160537, "q": 0.0189277, "e": 0.0312979, "g": 0.0230235, "h": 0.0270181, "i": 0.0271841, "l": 0.0201626, "k": 0.0172945, "m": 0.0182982, "f": 0.0143433, "p": 0.0168328, "s": 0.0892381, "t": 0.019417, "w": 0.0152407, "y": 0.027417, "v": 0.033477 },
  "q": { "a": 0.121947, "r": 0.130585, "n": 0.0882632, "d": 0.0408333, "c": 0.0158133, "e": 0.261205, "g": 0.0446121, "h": 0.184853, "i": 0.0273752, "l": 0.0437113, "k": 0.179951, "m": 0.0199415, "f": 0.0112209, "p": 0.0460228, "s": 0.0757219, "t": 0.0546165, "w": 0.0114014, "y": 0.0121008, "v": 0.0361119 },
  "e": { "a": 0.189875, "r": 0.0250133, "n": 0.0671467, "d": 0.34421, "c": 0.0106581, "q": 0.209336, "g": 0.0539097, "h": 0.0289408, "i": 0.0294699, "l": 0.0271749, "k": 0.129064, "m": 0.0173569, "f": 0.011468, "p": 0.0515861, "s": 0.0588041, "t": 0.0470817, "w": 0.0112046, "y": 0.0147004, "v": 0.0553065 },
  "g": { "a": 0.179409, "r": 0.0213083, "n": 0.0681893, "d": 0.074641, "c": 0.00678796, "q": 0.0224683, "e": 0.0314699, "h": 0.0123303, "i": 0.00760891, "l": 0.00745355, "k": 0.0277942, "m": 0.00564081, "f": 0.00722175, "p": 0.0328283, "s": 0.12197, "t": 0.017473, "w": 0.00466225, "y": 0.00759303, "v": 0.0154327 },
  "h": { "a": 0.0742526, "r": 0.146935, "n": 0.182907, "d": 0.0405173, "c": 0.0133168, "q": 0.287884, "e": 0.0385065, "g": 0.033941, "i": 0.0198132, "l": 0.0419513, "k": 0.0538083, "m": 0.0155139, "f": 0.0153176, "p": 0.0417279, "s": 0.0524451, "t": 0.0359883, "w": 0.0123102, "y": 0.0241559, "v": 0.018665 },
  "i": { "a": 0.0422084, "r": 0.0214956, "n": 0.0326922, "d": 0.0267824, "c": 0.0263762, "q": 0.0276689, "e": 0.0321887, "g": 0.0361843, "h": 0.0307074, "l": 0.321441, "k": 0.0417037, "m": 0.10067, "f": 0.0470632, "p": 0.0337185, "s": 0.0323107, "t": 0.0858175, "w": 0.0178877, "y": 0.0242448, "v": 0.87968 },
  "l": { "a": 0.0404218, "r": 0.011889, "n": 0.0115355, "d": 0.0111517, "c": 0.00779781, "q": 0.0489374, "e": 0.0134707, "g": 0.0088919, "h": 0.0166531, "i": 0.117005, "k": 0.0356943, "m": 0.113005, "f": 0.0326389, "p": 0.0180655, "s": 0.0146259, "t": 0.0263786, "w": 0.00711721, "y": 0.00976301, "v": 0.0946349 },
  "k": { "a": 0.0510736, "r": 0.167791, "n": 0.130105, "d": 0.0130357, "c": 0.00507947, "q": 0.0795922, "e": 0.044932, "g": 0.0364296, "h": 0.0248261, "i": 0.0130726, "l": 0.0171915, "m": 0.0158371, "f": 0.00634396, "p": 0.0254053, "s": 0.065364, "t": 0.0536853, "w": 0.00509202, "y": 0.00668284, "v": 0.0154179 },
  "m": { "a": 0.143006, "r": 0.0542246, "n": 0.0652754, "d": 0.0529787, "c": 0.0509587, "q": 0.119407, "e": 0.0769333, "g": 0.0571149, "h": 0.0630681, "i": 0.269697, "l": 0.627771, "k": 0.154362, "f": 0.0650358, "p": 0.0709333, "s": 0.0765595, "t": 0.211235, "w": 0.0416824, "y": 0.0425796, "v": 0.255393 },
  "f": { "a": 0.0168315, "r": 0.0186848, "n": 0.0253349, "d": 0.0118202, "c": 0.011346, "q": 0.0147644, "e": 0.0143829, "g": 0.0276332, "h": 0.014366, "i": 0.0598566, "l": 0.130096, "k": 0.021136, "m": 0.0205284, "p": 0.0179432, "s": 0.0224529, "t": 0.0338656, "w": 0.0471793, "y": 0.170435, "v": 0.037685 },
  "p": { "a": 0.18288, "r": 0.0304862, "n": 0.0253524, "d": 0.0163387, "c": 0.00807106, "q": 0.0680295, "e": 0.0299269, "g": 0.0384659, "h": 0.0243466, "i": 0.0130276, "l": 0.0213536, "k": 0.036457, "m": 0.0107732, "f": 0.00916744, "s": 0.103022, "t": 0.0388478, "w": 0.00877683, "y": 0.0107442, "v": 0.0453756 },
  "s": { "a": 0.468101, "r": 0.0519782, "n": 0.16124, "d": 0.0707527, "c": 0.0219036, "q": 0.0481507, "e": 0.0338592, "g": 0.109407, "h": 0.0276578, "i": 0.0134899, "l": 0.0193068, "k": 0.0629651, "m": 0.0106553, "f": 0.0164896, "p": 0.127556, "t": 0.325288, "w": 0.00808671, "y": 0.0172688, "v": 0.0205961 },
  "t": { "a": 0.271722, "r": 0.0276169, "n": 0.0988469, "d": 0.029161, "c": 0.0114546, "q": 0.0455308, "e": 0.0391594, "g": 0.020088, "h": 0.0203012, "i": 0.0488604, "l": 0.0296505, "k": 0.0933993, "m": 0.0240004, "f": 0.0143507, "p": 0.0533505, "s": 0.394743, "w": 0.00947785, "y": 0.0128847, "v": 0.146945 },
  "w": { "a": 0.10553, "r": 0.0886883, "n": 0.107697, "d": 0.111269, "c": 0.0723077, "q": 0.0947201, "e": 0.0953919, "g": 0.145512, "h": 0.0912764, "i": 0.0970249, "l": 0.0971462, "k": 0.0958555, "m": 0.0851621, "f": 0.0947448, "p": 0.0979458, "s": 0.149498, "t": 0.186104, "y": 0.0829781, "v": 0.100596 },
  "y": { "a": 0.0227555, "r": 0.0194725, "n": 0.0362365, "d": 0.0135494, "c": 0.0326518, "q": 0.0153456, "e": 0.0212797, "g": 0.0196059, "h": 0.0497213, "i": 0.0195836, "l": 0.0359939, "k": 0.0210306, "m": 0.016001, "f": 0.324009, "p": 0.0231721, "s": 0.0209774, "t": 0.0355625, "w": 0.0272081, "v": 0.0240782 },
  "v": { "a": 0.218897, "r": 0.0114264, "n": 0.0146995, "d": 0.013483, "c": 0.0160081, "q": 0.0186411, "e": 0.0379158, "g": 0.0440022, "h": 0.0172086, "i": 0.452173, "l": 0.0995177, "k": 0.0232388, "m": 0.0446345, "f": 0.0215726, "p": 0.0296589, "s": 0.0200959, "t": 0.096661, "w": 0.00890562, "y": 0.00980068 }
 }
}
