{
 "alphabet": "arndcqeghilkmfpstwyv",
 "insrate": 0.00470897,
 "insextprob": 0.685185,
 "delrate": 0.00608946,
 "delextprob": 0.73494,
 "rootprob":
 {
  "a": 0.061186,
  "r": 0.0554063,
  "n": 0.0359902,
  "d": 0.0542746,
  "c": 0.0294951,
  "q": 0.0136231,
  "e": 0.0382917,
  "g": 0.117514,
  "h": 0.0343414,
  "i": 0.0325576,
  "l": 0.121675,
  "k": 0.0822119,
  "m": 0.0162004,
  "f": 0.00893729,
  "p": 0.0392577,
  "s": 0.0638239,
  "t": 0.0547564,
  "w": 0.0108774,
  "y": 0.0577074,
  "v": 0.0718732
 },
 "subrate":
 {
  "a": { "r": 0.0270844, "n": 0.0276301, "d": 0.0361558, "c": 0.0361703, "q": 0.0459342, "e": 0.0972993, "g": 0.152421, "h": 0.0167507, "i": 0.0276935, "l": 0.0255653, "k": 0.031437, "m": 0.0329772, "f": 0.0204096, "p": 0.100499, "s": 0.30388, "t": 0.135941, "w": 0.00867148, "y": 0.0209163, "v": 0.129149 },
  "r": { "a": 0.040802, "n": 0.0537542, "d": 0.0293467, "c": 0.0186905, "q": 0.0840641, "e": 0.0299719, "g": 0.0297242, "h": 0.0426349, "i": 0.0179159, "l": 0.0253857, "k": 0.420355, "m": 0.0262158, "f": 0.0100967, "p": 0.0575568, "s": 0.081403, "t": 0.0339885, "w": 0.0185206, "y": 0.0172031, "v": 0.0221155 },
  "n": { "a": 0.0453833, "r": 0.0384588, "d": 0.325288, "c": 0.0150019, "q": 0.0728733, "e": 0.0628881, "g": 0.169113, "h": 0.111562, "i": 0.0322557, "l": 0.0206503, "k": 0.188658, "m": 0.0233175, "f": 0.0176317, "p": 0.0369645, "s": 0.228613, "t": 0.105274, "w": 0.0163441, "y": 0.0325608, "v": 0.0262234 },
  "d": { "a": 0.0627188, "r": 0.0239168, "n": 0.22278, "c": 0.0111902, "q": 0.0601605, "e": 0.475067, "g": 0.122809, "h": 0.0484001, "i": 0.0166903, "l": 0.0125614, "k": 0.0646474, "m": 0.0150327, "f": 0.00957327, "p": 0.0384077, "s": 0.135507, "t": 0.0301552, "w": 0.0105365, "y": 0.0102271, "v": 0.019295 },
  "c": { "a": 0.0443797, "r": 0.0168436, "n": 0.0151982, "d": 0.0196624, "q": 0.0138417, "e": 0.0195943, "g": 0.0151305, "h": 0.0150454, "i": 0.0238939, "l": 0.0135585, "k": 0.0134835, "m": 0.030165, "f": 0.0238346, "p": 0.0348105, "s": 0.0490958, "t": 0.0247426, "w": 0.013224, "y": 0.0503643, "v": 0.052114 },
  "q": { "a": 0.0956022, "r": 0.128611, "n": 0.0690868, "d": 0.0845862, "c": 0.0165476, "e": 0.306137, "g": 0.0547004, "h": 0.148689, "i": 0.0324564, "l": 0.0519434, "k": 0.17147, "m": 0.049746, "f": 0.016786, "p": 0.0374187, "s": 0.0759619, "t": 0.0812623, "w": 0.0167603, "y": 0.020572, "v": 0.034034 },
  "e": { "a": 0.100643, "r": 0.0341058, "n": 0.0590935, "d": 0.435037, "c": 0.0109702, "q": 0.19493, "g": 0.101118, "h": 0.0526762, "i": 0.0136441, "l": 0.0185767, "k": 0.122869, "m": 0.0173123, "f": 0.0095619, "p": 0.0242219, "s": 0.0785546, "t": 0.0333385, "w": 0.00991049, "y": 0.0101101, "v": 0.0186955 },
  "g": { "a": 0.15938, "r": 0.0103891, "n": 0.0834589, "d": 0.0571171, "c": 0.013964, "q": 0.0257514, "e": 0.0551118, "h": 0.0119344, "i": 0.0116356, "l": 0.00475538, "k": 0.026593, "m": 0.00721534, "f": 0.00766533, "p": 0.0355636, "s": 0.156589, "t": 0.0110284, "w": 0.00488799, "y": 0.0116962, "v": 0.0222231 },
  "h": { "a": 0.0330778, "r": 0.0436434, "n": 0.157219, "d": 0.0611714, "c": 0.0173086, "q": 0.128814, "e": 0.0511734, "g": 0.0241345, "i": 0.0287283, "l": 0.102077, "k": 0.058634, "m": 0.0233158, "f": 0.0281763, "p": 0.054891, "s": 0.0436539, "t": 0.0453903, "w": 0.0216821, "y": 0.0348652, "v": 0.0214804 },
  "i": { "a": 0.0432086, "r": 0.028326, "n": 0.0212353, "d": 0.0171525, "c": 0.0155591, "q": 0.0213967, "e": 0.0199565, "g": 0.0258196, "h": 0.0188406, "l": 0.320682, "k": 0.0235275, "m": 0.0981039, "f": 0.0838131, "p": 0.024454, "s": 0.0256356, "t": 0.107038, "w": 0.0127786, "y": 0.0214202, "v": 0.915688 },
  "l": { "a": 0.026917, "r": 0.0111721, "n": 0.00861821, "d": 0.00791929, "c": 0.0055381, "q": 0.0384756, "e": 0.0141976, "g": 0.00779257, "h": 0.0107242, "i": 0.124283, "k": 0.0223698, "m": 0.113588, "f": 0.102807, "p": 0.0201057, "s": 0.0196404, "t": 0.0195615, "w": 0.0135665, "y": 0.0115415, "v": 0.0896247 },
  "k": { "a": 0.0291869, "r": 0.192756, "n": 0.101336, "d": 0.0361096, "c": 0.00712314, "q": 0.0724199, "e": 0.0757373, "g": 0.020701, "h": 0.0204777, "i": 0.0129262, "l": 0.0150438, "m": 0.0257804, "f": 0.00718591, "p": 0.0280288, "s": 0.0523521, "t": 0.0479588, "w": 0.00596605, "y": 0.0137011, "v": 0.0126837 },
  "m": { "a": 0.190414, "r": 0.0875609, "n": 0.0781428, "d": 0.0675047, "c": 0.0646473, "q": 0.166441, "e": 0.104171, "g": 0.0696789, "h": 0.0807035, "i": 0.277161, "l": 0.760926, "k": 0.300666, "f": 0.0954991, "p": 0.084728, "s": 0.155461, "t": 0.178955, "w": 0.0524573, "y": 0.085136, "v": 0.217737 },
  "f": { "a": 0.0275101, "r": 0.0172029, "n": 0.0219831, "d": 0.0176924, "c": 0.0196085, "q": 0.0188418, "e": 0.0232644, "g": 0.0181449, "h": 0.0253963, "i": 0.0954086, "l": 0.185764, "k": 0.034245, "m": 0.0421749, "p": 0.0182635, "s": 0.0378207, "t": 0.0316257, "w": 0.0211945, "y": 0.290734, "v": 0.0515556 },
  "p": { "a": 0.160847, "r": 0.0359576, "n": 0.0237184, "d": 0.028666, "c": 0.0198659, "q": 0.0284936, "e": 0.0519238, "g": 0.0400199, "h": 0.0664022, "i": 0.0178323, "l": 0.032052, "k": 0.0215609, "m": 0.0159191, "f": 0.00989067, "s": 0.175952, "t": 0.0406202, "w": 0.0106229, "y": 0.0110932, "v": 0.0420587 },
  "s": { "a": 0.466252, "r": 0.0455335, "n": 0.167682, "d": 0.0783496, "c": 0.0322521, "q": 0.0368045, "e": 0.0541563, "g": 0.148125, "h": 0.0221527, "i": 0.0285531, "l": 0.0158081, "k": 0.0522691, "m": 0.0343326, "f": 0.014831, "p": 0.16349, "t": 0.279563, "w": 0.0132309, "y": 0.0149877, "v": 0.022869 },
  "t": { "a": 0.226291, "r": 0.0450224, "n": 0.0541267, "d": 0.0270025, "c": 0.012643, "q": 0.0442929, "e": 0.0284362, "g": 0.0263537, "h": 0.0229353, "i": 0.0983381, "l": 0.0360435, "k": 0.157035, "m": 0.0487234, "f": 0.0113908, "p": 0.0499217, "s": 0.314031, "w": 0.00986091, "y": 0.0123857, "v": 0.126927 },
  "w": { "a": 0.0596125, "r": 0.064406, "n": 0.0663547, "d": 0.0530326, "c": 0.0745543, "q": 0.0546431, "e": 0.0979416, "g": 0.0519285, "h": 0.123292, "i": 0.0563286, "l": 0.0696326, "k": 0.0597559, "m": 0.0594029, "f": 0.0920012, "p": 0.0572319, "s": 0.0859999, "t": 0.0569965, "y": 0.0589968, "v": 0.0536275 },
  "y": { "a": 0.0259573, "r": 0.0119907, "n": 0.0386185, "d": 0.0184142, "c": 0.0413702, "q": 0.0136992, "e": 0.0182973, "g": 0.0157847, "h": 0.0611238, "i": 0.0233966, "l": 0.0329716, "k": 0.0286066, "m": 0.0220484, "f": 0.342135, "p": 0.0139365, "s": 0.0481681, "t": 0.0293315, "w": 0.0300519, "v": 0.0198376 },
  "v": { "a": 0.211595, "r": 0.0252975, "n": 0.0127803, "d": 0.0122303, "c": 0.0140029, "q": 0.0147442, "e": 0.0204464, "g": 0.0241215, "h": 0.0128494, "i": 0.578711, "l": 0.125279, "k": 0.0141925, "m": 0.0535418, "f": 0.0269504, "p": 0.0223469, "s": 0.0180225, "t": 0.124579, "w": 0.00748863, "y": 0.0212224 }
 }
}
