{
 "alphabet": "arndcqeghilkmfpstwyv",
 "insrate": 0.00512675,
 "insextprob": 0.538462,
 "delrate": 0.00569701,
 "delextprob": 0.74359,
 "rootprob":
 {
  "a": 0.0787385,
  "r": 0.0289191,
  "n": 0.0242421,
  "d": 0.070353,
  "c": 0.0354881,
  "q": 0.0363805,
  "e": 0.0424079,
  "g": 0.0928883,
  "h": 0.0326082,
  "i": 0.0433235,
  "l": 0.0740382,
  "k": 0.0762722,
  "m": 0.0167031,
  "f": 0.0620106,
  "p": 0.0510643,
  "s": 0.0749752,
  "t": 0.0493988,
  "w": 0.0125347,
  "y": 0.0320351,
  "v": 0.0656189
 },
 "subrate":
 {
  "a": { "r": 0.0153392, "n": 0.0245536, "d": 0.0329796, "c": 0.0160202, "q": 0.0404677, "e": 0.0901358, "g": 0.225502, "h": 0.0121797, "i": 0.0181183, "l": 0.038954, "k": 0.0322245, "m": 0.0197363, "f": 0.00917296, "p": 0.0913206, "s": 0.353948, "t": 0.172558, "w": 0.00553365, "y": 0.00927654, "v": 0.166388 },
  "r": { "a": 0.0553792, "n": 0.0641497, "d": 0.0196984, "c": 0.0254264, "q": 0.0842513, "e": 0.0312067, "g": 0.0528162, "h": 0.0519968, "i": 0.0291354, "l": 0.0181274, "k": 0.440482, "m": 0.0203312, "f": 0.0243318, "p": 0.077542, "s": 0.0864909, "t": 0.0724469, "w": 0.0116368, "y": 0.0138488, "v": 0.0214233 },
  "n": { "a": 0.0671366, "r": 0.059667, "d": 0.295118, "c": 0.0181782, "q": 0.0939228, "e": 0.100456, "g": 0.199943, "h": 0.14905, "i": 0.0324471, "l": 0.0207538, "k": 0.241669, "m": 0.0213107, "f": 0.0199451, "p": 0.043372, "s": 0.31059, "t": 0.158448, "w": 0.0135839, "y": 0.0236412, "v": 0.0254797 },
  "d": { "a": 0.0592621, "r": 0.0123692, "n": 0.249003, "c": 0.00794834, "q": 0.0525394, "e": 0.496271, "g": 0.113397, "h": 0.0331021, "i": 0.0216938, "l": 0.0117773, "k": 0.0474008, "m": 0.0129539, "f": 0.0109256, "p": 0.0413737, "s": 0.0808207, "t": 0.0529661, "w": 0.00780467, "y": 0.0116336, "v": 0.0227932 },
  "c": { "a": 0.0288731, "r": 0.0199241, "n": 0.0135763, "d": 0.0110726, "q": 0.0108058, "e": 0.0152217, "g": 0.0104939, "h": 0.0105736, "i": 0.0137793, "l": 0.0107851, "k": 0.0173383, "m": 0.0147538, "f": 0.0300689, "p": 0.012882, "s": 0.101195, "t": 0.015389, "w": 0.00999678, "y": 0.0387613, "v": 0.06823 },
  "q": { "a": 0.0732981, "r": 0.0812599, "n": 0.106299, "d": 0.0523887, "c": 0.0119597, "e": 0.18912, "g": 0.0482075, "h": 0.186208, "i": 0.0202878, "l": 0.0527256, "k": 0.214339, "m": 0.0270879, "f": 0.0157302, "p": 0.129059, "s": 0.0841431, "t": 0.0601447, "w": 0.0148653, "y": 0.0204999, "v": 0.0289279 },
  "e": { "a": 0.139916, "r": 0.0172684, "n": 0.0817813, "d": 0.494898, "c": 0.00889512, "q": 0.197237, "g": 0.0621028, "h": 0.0297378, "i": 0.0236391, "l": 0.0134522, "k": 0.112158, "m": 0.0157027, "f": 0.0118845, "p": 0.0470633, "s": 0.0530198, "t": 0.0498426, "w": 0.00889582, "y": 0.0213132, "v": 0.0425395 },
  "g": { "a": 0.170223, "r": 0.0141833, "n": 0.0545755, "d": 0.0602462, "c": 0.00799392, "q": 0.0242025, "e": 0.0553748, "h": 0.0102805, "i": 0.0106281, "l": 0.00673056, "k": 0.0315542, "m": 0.00621147, "f": 0.0108826, "p": 0.0246258, "s": 0.167894, "t": 0.0245443, "w": 0.00434797, "y": 0.00510564, "v": 0.0134814 },
  "h": { "a": 0.0293985, "r": 0.0874961, "n": 0.157525, "d": 0.0454765, "c": 0.0149348, "q": 0.15744, "e": 0.0410839, "g": 0.0414285, "i": 0.0176438, "l": 0.0214298, "k": 0.0918864, "m": 0.0175032, "f": 0.0215447, "p": 0.10673, "s": 0.0628995, "t": 0.0394501, "w": 0.0159789, "y": 0.0688758, "v": 0.0259496 },
  "i": { "a": 0.0329735, "r": 0.0227913, "n": 0.0262971, "d": 0.0282152, "c": 0.0148392, "q": 0.0201678, "e": 0.0235734, "g": 0.0214883, "h": 0.0132581, "l": 0.316825, "k": 0.0578739, "m": 0.115182, "f": 0.0432769, "p": 0.0220081, "s": 0.0247917, "t": 0.0740025, "w": 0.0101914, "y": 0.0140031, "v": 0.737487 },
  "l": { "a": 0.044085, "r": 0.0118753, "n": 0.0104321, "d": 0.0071646, "c": 0.00552391, "q": 0.0219742, "e": 0.00790164, "g": 0.00835074, "h": 0.0173441, "i": 0.143343, "k": 0.0276037, "m": 0.0666049, "f": 0.0358694, "p": 0.0214412, "s": 0.0198254, "t": 0.0249395, "w": 0.00580826, "y": 0.0120548, "v": 0.0852657 },
  "k": { "a": 0.0328501, "r": 0.224656, "n": 0.134148, "d": 0.0194176, "c": 0.00480374, "q": 0.0660786, "e": 0.049968, "g": 0.0181619, "h": 0.0243073, "i": 0.0286315, "l": 0.0126496, "m": 0.0172911, "f": 0.00645883, "p": 0.0348667, "s": 0.0379472, "t": 0.072946, "w": 0.00544567, "y": 0.00633353, "v": 0.0124455 },
  "m": { "a": 0.143298, "r": 0.0659301, "n": 0.0642542, "d": 0.0584907, "c": 0.041452, "q": 0.0924914, "e": 0.0714653, "g": 0.0574905, "h": 0.0493188, "i": 0.274656, "l": 0.371476, "k": 0.167748, "f": 0.0867488, "p": 0.0716329, "s": 0.0796407, "t": 0.130262, "w": 0.0335928, "y": 0.045637, "v": 0.191672 },
  "f": { "a": 0.0183465, "r": 0.0154598, "n": 0.0145117, "d": 0.0131615, "c": 0.0144101, "q": 0.0128266, "e": 0.011066, "g": 0.0157201, "h": 0.0315602, "i": 0.0376994, "l": 0.117585, "k": 0.0120083, "m": 0.0184125, "p": 0.0213695, "s": 0.0630207, "t": 0.0217733, "w": 0.0137061, "y": 0.323972, "v": 0.0500504 },
  "p": { "a": 0.149326, "r": 0.0537985, "n": 0.0322224, "d": 0.0368431, "c": 0.0115068, "q": 0.0593163, "e": 0.0268362, "g": 0.0535959, "h": 0.0599218, "i": 0.0176052, "l": 0.0522286, "k": 0.080977, "m": 0.0139857, "f": 0.00948974, "s": 0.169609, "t": 0.0405489, "w": 0.0075933, "y": 0.0088261, "v": 0.0298459 },
  "s": { "a": 0.376319, "r": 0.041234, "n": 0.151718, "d": 0.0459571, "c": 0.0133314, "q": 0.0385501, "e": 0.0414437, "g": 0.18663, "h": 0.0234302, "i": 0.0183003, "l": 0.0194028, "k": 0.0458298, "m": 0.0107597, "f": 0.0218872, "p": 0.107989, "t": 0.409956, "w": 0.00844834, "y": 0.0142443, "v": 0.0180181 },
  "t": { "a": 0.222267, "r": 0.0495616, "n": 0.0921747, "d": 0.0455175, "c": 0.0139034, "q": 0.0394515, "e": 0.0471583, "g": 0.0427672, "h": 0.0221029, "i": 0.067671, "l": 0.029047, "k": 0.0838427, "m": 0.0254974, "f": 0.030862, "p": 0.0858124, "s": 0.55437, "w": 0.00909921, "y": 0.0195805, "v": 0.1402 },
  "w": { "a": 0.0419155, "r": 0.0687532, "n": 0.0408383, "d": 0.0373967, "c": 0.0664426, "q": 0.046312, "e": 0.0377798, "g": 0.0374796, "h": 0.0472253, "i": 0.047736, "l": 0.140594, "k": 0.042503, "m": 0.0420461, "f": 0.0742497, "p": 0.0399503, "s": 0.0854235, "t": 0.0547389, "y": 0.0425981, "v": 0.0413846 },
  "y": { "a": 0.0217721, "r": 0.0148558, "n": 0.018868, "d": 0.0128511, "c": 0.0254314, "q": 0.0167311, "e": 0.0143248, "g": 0.0192151, "h": 0.0835183, "i": 0.019838, "l": 0.0166922, "k": 0.0204855, "m": 0.0135209, "f": 0.354063, "p": 0.0143738, "s": 0.0355663, "t": 0.018002, "w": 0.0193472, "v": 0.057372 },
  "v": { "a": 0.220028, "r": 0.0155242, "n": 0.0165753, "d": 0.0208235, "c": 0.0192577, "q": 0.0228469, "e": 0.0299708, "g": 0.0287954, "h": 0.00857996, "i": 0.483102, "l": 0.122865, "k": 0.0324885, "m": 0.0339177, "f": 0.0257392, "p": 0.0175053, "s": 0.0192718, "t": 0.119445, "w": 0.00653169, "y": 0.00850386 }
 }
}
