{
 "alphabet": "arndcqeghilkmfpstwyv",
 "insrate": 0.00328822,
 "insextprob": 0.773585,
 "delrate": 0.00848112,
 "delextprob": 0.621951,
 "rootprob":
 {
  "a": 0.066914,
  "r": 0.0567977,
  "n": 0.0288699,
  "d": 0.0519058,
  "c": 0.0365344,
  "q": 0.0448259,
  "e": 0.0512287,
  "g": 0.124221,
  "h": 0.0299979,
  "i": 0.0339262,
  "l": 0.0744955,
  "k": 0.0808651,
  "m": 0.0159428,
  "f": 0.0445464,
  "p": 0.0557064,
  "s": 0.0490993,
  "t": 0.0612452,
  "w": 0.0166777,
  "y": 0.0229577,
  "v": 0.0532428
 },
 "subrate":
 {
  "a": { "r": 0.0233417, "n": 0.0249562, "d": 0.0255222, "c": 0.0214505, "q": 0.0292564, "e": 0.0721136, "g": 0.229252, "h": 0.0138475, "i": 0.0154543, "l": 0.0296718, "k": 0.0509253, "m": 0.017484, "f": 0.00747154, "p": 0.0940163, "s": 0.352611, "t": 0.134604, "w": 0.00469191, "y": 0.0139685, "v": 0.143752 },
  "r": { "a": 0.0619531, "n": 0.042567, "d": 0.0215046, "c": 0.029182, "q": 0.082778, "e": 0.0345675, "g": 0.0460067, "h": 0.0848263, "i": 0.0216717, "l": 0.0384221, "k": 0.431159, "m": 0.0243862, "f": 0.0150926, "p": 0.0318587, "s": 0.125506, "t": 0.041661, "w": 0.0188208, "y": 0.025849, "v": 0.0342034 },
  "n": { "a": 0.0498112, "r": 0.0385654, "d": 0.351031, "c": 0.0136461, "q": 0.0751558, "e": 0.0588118, "g": 0.170218, "h": 0.0950633, "i": 0.0332925, "l": 0.0233666, "k": 0.213084, "m": 0.0209708, "f": 0.0168311, "p": 0.0334357, "s": 0.23501, "t": 0.0877459, "w": 0.010814, "y": 0.0339293, "v": 0.0234557 },
  "d": { "a": 0.0530758, "r": 0.0164039, "n": 0.353689, "c": 0.0114632, "q": 0.0506262, "e": 0.385831, "g": 0.134558, "h": 0.0261749, "i": 0.0175336, "l": 0.0148768, "k": 0.0621241, "m": 0.0157266, "f": 0.0133103, "p": 0.0463137, "s": 0.109547, "t": 0.0557476, "w": 0.00991983, "y": 0.0135771, "v": 0.0154795 },
  "c": { "a": 0.0388902, "r": 0.0227913, "n": 0.0125818, "d": 0.0183089, "q": 0.0130025, "e": 0.011071, "g": 0.0268236, "h": 0.025808, "i": 0.0230328, "l": 0.0135925, "k": 0.01672, "m": 0.0116755, "f": 0.0143093, "p": 0.0178635, "s": 0.100242, "t": 0.0319922, "w": 0.00874187, "y": 0.0383018, "v": 0.0228707 },
  "q": { "a": 0.0970711, "r": 0.0923411, "n": 0.0658044, "d": 0.0609268, "c": 0.0134389, "e": 0.260629, "g": 0.0344301, "h": 0.166412, "i": 0.0216617, "l": 0.0590386, "k": 0.147217, "m": 0.0796239, "f": 0.0140542, "p": 0.0802463, "s": 0.0606873, "t": 0.0531771, "w": 0.0126148, "y": 0.0126549, "v": 0.0288378 },
  "e": { "a": 0.0868185, "r": 0.021952, "n": 0.0442333, "d": 0.367832, "c": 0.0089202, "q": 0.237587, "g": 0.0509156, "h": 0.0316175, "i": 0.0162113, "l": 0.0167536, "k": 0.11514, "m": 0.0170159, "f": 0.0093611, "p": 0.0403393, "s": 0.055389, "t": 0.04363, "w": 0.00824766, "y": 0.00873257, "v": 0.020246 },
  "g": { "a": 0.197304, "r": 0.0156514, "n": 0.0677961, "d": 0.0709049, "c": 0.00631596, "q": 0.0253737, "e": 0.0279641, "h": 0.00995814, "i": 0.00654139, "l": 0.0189403, "k": 0.0314739, "m": 0.00956753, "f": 0.00767773, "p": 0.0255627, "s": 0.116935, "t": 0.0200634, "w": 0.00426213, "y": 0.00506193, "v": 0.0233659 },
  "h": { "a": 0.0329275, "r": 0.0695401, "n": 0.218375, "d": 0.0514795, "c": 0.0170702, "q": 0.253773, "e": 0.0665724, "g": 0.0428648, "i": 0.0247504, "l": 0.0337486, "k": 0.0681611, "m": 0.0295059, "f": 0.0207192, "p": 0.107459, "s": 0.0460963, "t": 0.0444572, "w": 0.0167365, "y": 0.0580168, "v": 0.0336782 },
  "i": { "a": 0.0422593, "r": 0.0353244, "n": 0.0417806, "d": 0.0170624, "c": 0.0200286, "q": 0.0237521, "e": 0.0225931, "g": 0.0367105, "h": 0.0378141, "l": 0.261546, "k": 0.0513332, "m": 0.0502607, "f": 0.0516446, "p": 0.0276784, "s": 0.0333819, "t": 0.0775815, "w": 0.0130007, "y": 0.0137412, "v": 0.85936 },
  "l": { "a": 0.0224238, "r": 0.0183254, "n": 0.0111942, "d": 0.0060614, "c": 0.00602616, "q": 0.0405822, "e": 0.00865711, "g": 0.0156134, "h": 0.0152097, "i": 0.150132, "k": 0.0183047, "m": 0.0715938, "f": 0.0622073, "p": 0.0159171, "s": 0.0226251, "t": 0.0226304, "w": 0.00482806, "y": 0.00628722, "v": 0.100817 },
  "k": { "a": 0.0539008, "r": 0.192897, "n": 0.0836712, "d": 0.0313975, "c": 0.0109942, "q": 0.0493811, "e": 0.0704123, "g": 0.0462644, "h": 0.0191754, "i": 0.0182618, "l": 0.0144176, "m": 0.0231581, "f": 0.00592582, "p": 0.0205153, "s": 0.0744097, "t": 0.0751186, "w": 0.00503, "y": 0.00624363, "v": 0.0174246 },
  "m": { "a": 0.145775, "r": 0.0680619, "n": 0.0672372, "d": 0.046489, "c": 0.0415949, "q": 0.201906, "e": 0.0573498, "g": 0.0767132, "h": 0.0728127, "i": 0.196223, "l": 0.538807, "k": 0.113959, "f": 0.0513726, "p": 0.0590109, "s": 0.0852043, "t": 0.138746, "w": 0.0297886, "y": 0.0382102, "v": 0.13068 },
  "f": { "a": 0.0211329, "r": 0.013029, "n": 0.0283075, "d": 0.0118545, "c": 0.0195287, "q": 0.0182552, "e": 0.0133188, "g": 0.0153156, "h": 0.0156236, "i": 0.0865716, "l": 0.111901, "k": 0.0247076, "m": 0.0197316, "p": 0.0119573, "s": 0.0336197, "t": 0.0263719, "w": 0.0180644, "y": 0.2147, "v": 0.0532466 },
  "p": { "a": 0.167707, "r": 0.0484703, "n": 0.0222951, "d": 0.0471518, "c": 0.0125689, "q": 0.0464519, "e": 0.0371474, "g": 0.0493631, "h": 0.0416061, "i": 0.0208937, "l": 0.0296142, "k": 0.0581456, "m": 0.0142476, "f": 0.00841581, "s": 0.165708, "t": 0.0524076, "w": 0.00736411, "y": 0.0118176, "v": 0.0229846 },
  "s": { "a": 0.404717, "r": 0.0375893, "n": 0.157923, "d": 0.0660183, "c": 0.0305636, "q": 0.0306964, "e": 0.0382101, "g": 0.182716, "h": 0.0180073, "i": 0.0170433, "l": 0.0237318, "k": 0.0589631, "m": 0.0147178, "f": 0.00902775, "p": 0.108329, "t": 0.299763, "w": 0.00573112, "y": 0.0159201, "v": 0.0179776 },
  "t": { "a": 0.22564, "r": 0.0448515, "n": 0.101421, "d": 0.0382621, "c": 0.0271251, "q": 0.0368336, "e": 0.0422511, "g": 0.0278996, "h": 0.0201253, "i": 0.0621814, "l": 0.040536, "k": 0.105958, "m": 0.0555642, "f": 0.0127491, "p": 0.0449809, "s": 0.393595, "w": 0.00757706, "y": 0.0155194, "v": 0.130189 },
  "w": { "a": 0.0227826, "r": 0.0281065, "n": 0.0237974, "d": 0.0225868, "c": 0.0226752, "q": 0.0278436, "e": 0.0224661, "g": 0.0231708, "h": 0.0410984, "i": 0.029256, "l": 0.0227856, "k": 0.0270072, "m": 0.0228929, "f": 0.0611388, "p": 0.0219692, "s": 0.0598455, "t": 0.0236826, "y": 0.0214629, "v": 0.0282795 },
  "y": { "a": 0.0335925, "r": 0.0189241, "n": 0.0588111, "d": 0.0168143, "c": 0.0703107, "q": 0.0179067, "e": 0.0333829, "g": 0.0233835, "h": 0.0466932, "i": 0.0214671, "l": 0.0203661, "k": 0.0283826, "m": 0.0149207, "f": 0.223957, "p": 0.0162528, "s": 0.0264223, "t": 0.0446827, "w": 0.0115258, "v": 0.0153967 },
  "v": { "a": 0.242065, "r": 0.0241952, "n": 0.0199881, "d": 0.0117579, "c": 0.0184673, "q": 0.0212086, "e": 0.0249929, "g": 0.0518534, "h": 0.01748, "i": 0.512628, "l": 0.103847, "k": 0.0247036, "m": 0.0216901, "f": 0.0174203, "p": 0.0313962, "s": 0.0205094, "t": 0.105876, "w": 0.00791343, "y": 0.00835207 }
 }
}
