{
 "alphabet": "arndcqeghilkmfpstwyv",
 "insrate": 0.00498949,
 "insextprob": 0.725806,
 "delrate": 0.0041095,
 "delextprob": 0.6,
 "rootprob":
 {
  "a": 0.0676361,
  "r": 0.0568147,
  "n": 0.0287008,
  "d": 0.0301139,
  "c": 0.0349905,
  "q": 0.0284768,
  "e": 0.0479398,
  "g": 0.0774539,
  "h": 0.0380334,
  "i": 0.0358427,
  "l": 0.102923,
  "k": 0.0842848,
  "m": 0.0226859,
  "f": 0.0466161,
  "p": 0.06365,
  "s": 0.0872604,
  "t": 0.0540718,
  "w": 0.00938511,
  "y": 0.0242619,
  "v": 0.0588585
 },
 "subrate":
 {
  "a": { "r": 0.0247063, "n": 0.02999, "d": 0.0374714, "c": 0.0161097, "q": 0.0354759, "e": 0.0806894, "g": 0.299292, "h": 0.0151775, "i": 0.0242789, "l": 0.0350685, "k": 0.0303122, "m": 0.0208408, "f": 0.00825038, "p": 0.0941031, "s": 0.242956, "t": 0.163351, "w": 0.00686155, "y": 0.00987393, "v": 0.126687 },
  "r": { "a": 0.0630251, "n": 0.0395606, "d": 0.02544, "c": 0.00869636, "q": 0.0930071, "e": 0.021745, "g": 0.0282848, "h": 0.102147, "i": 0.0241508, "l": 0.0238951, "k": 0.378416, "m": 0.0251187, "f": 0.0130273, "p": 0.10462, "s": 0.101773, "t": 0.0539389, "w": 0.00837107, "y": 0.0100882, "v": 0.0193184 },
  "n": { "a": 0.0515317, "r": 0.0675017, "d": 0.278106, "c": 0.0142278, "q": 0.0646714, "e": 0.0720175, "g": 0.142388, "h": 0.147777, "i": 0.0316536, "l": 0.0224943, "k": 0.218756, "m": 0.0273419, "f": 0.0214784, "p": 0.0453818, "s": 0.330818, "t": 0.149417, "w": 0.0119369, "y": 0.0221944, "v": 0.0252652 },
  "d": { "a": 0.126533, "r": 0.0464632, "n": 0.354432, "c": 0.0155227, "q": 0.0613051, "e": 0.512687, "g": 0.119051, "h": 0.046701, "i": 0.0284389, "l": 0.0240449, "k": 0.0556677, "m": 0.0235303, "f": 0.0176655, "p": 0.0609338, "s": 0.132453, "t": 0.0671051, "w": 0.0130289, "y": 0.0199146, "v": 0.0292325 },
  "c": { "a": 0.038569, "r": 0.0112558, "n": 0.012374, "d": 0.0199385, "q": 0.0128057, "e": 0.0141163, "g": 0.0112786, "h": 0.0169849, "i": 0.0122708, "l": 0.00966921, "k": 0.0177794, "m": 0.0150094, "f": 0.0124638, "p": 0.0395398, "s": 0.0954854, "t": 0.0264281, "w": 0.00914323, "y": 0.0314145, "v": 0.0245841 },
  "q": { "a": 0.0920266, "r": 0.137022, "n": 0.0885565, "d": 0.0914664, "c": 0.0195468, "e": 0.27998, "g": 0.0499129, "h": 0.224894, "i": 0.0361012, "l": 0.0392841, "k": 0.13725, "m": 0.0373008, "f": 0.0192991, "p": 0.0696097, "s": 0.120341, "t": 0.0857026, "w": 0.0145297, "y": 0.0224386, "v": 0.0411168 },
  "e": { "a": 0.148355, "r": 0.0280829, "n": 0.0760725, "d": 0.420085, "c": 0.012495, "q": 0.182694, "g": 0.0717701, "h": 0.0330199, "i": 0.0211429, "l": 0.0154908, "k": 0.0881255, "m": 0.0154524, "f": 0.010616, "p": 0.0472758, "s": 0.078118, "t": 0.0781664, "w": 0.00901588, "y": 0.0112715, "v": 0.0206572 },
  "g": { "a": 0.258191, "r": 0.0178558, "n": 0.0689545, "d": 0.0513677, "c": 0.0068682, "q": 0.0166015, "e": 0.0325267, "h": 0.0107114, "i": 0.0150798, "l": 0.0101128, "k": 0.0262622, "m": 0.0127137, "f": 0.00755625, "p": 0.0141197, "s": 0.112715, "t": 0.0354757, "w": 0.00628041, "y": 0.00808049, "v": 0.0239036 },
  "h": { "a": 0.0496683, "r": 0.0579957, "n": 0.109975, "d": 0.0307273, "c": 0.010776, "q": 0.182111, "e": 0.0748117, "g": 0.0257725, "i": 0.0288874, "l": 0.0305645, "k": 0.0511491, "m": 0.0182428, "f": 0.0313901, "p": 0.0389172, "s": 0.0399123, "t": 0.0322114, "w": 0.0186788, "y": 0.0719069, "v": 0.0475783 },
  "i": { "a": 0.0446215, "r": 0.0364066, "n": 0.0515873, "d": 0.0289271, "c": 0.0199669, "q": 0.0292841, "e": 0.0266686, "g": 0.0312885, "h": 0.0224924, "l": 0.308038, "k": 0.0375157, "m": 0.117619, "f": 0.0693265, "p": 0.0229896, "s": 0.0337346, "t": 0.0630896, "w": 0.0157485, "y": 0.0238429, "v": 0.736046 },
  "l": { "a": 0.0329764, "r": 0.0180872, "n": 0.0185916, "d": 0.0109909, "c": 0.00485877, "q": 0.025927, "e": 0.00946307, "g": 0.0107679, "h": 0.00676609, "i": 0.162017, "k": 0.0174562, "m": 0.103454, "f": 0.0384603, "p": 0.015047, "s": 0.0168111, "t": 0.012051, "w": 0.00663252, "y": 0.0164775, "v": 0.113822 },
  "k": { "a": 0.0459282, "r": 0.217191, "n": 0.100759, "d": 0.0399817, "c": 0.00615322, "q": 0.0627485, "e": 0.0810023, "g": 0.0340354, "h": 0.0254502, "i": 0.021475, "l": 0.0113774, "m": 0.0398139, "f": 0.00633757, "p": 0.0291104, "s": 0.0804727, "t": 0.0847288, "w": 0.00511845, "y": 0.00680059, "v": 0.0135541 },
  "m": { "a": 0.150423, "r": 0.0957396, "n": 0.0918663, "d": 0.0601706, "c": 0.0626676, "q": 0.10206, "e": 0.0569456, "g": 0.109495, "h": 0.0526911, "i": 0.284149, "l": 0.530608, "k": 0.124594, "f": 0.111358, "p": 0.0674145, "s": 0.0841947, "t": 0.13326, "w": 0.0327928, "y": 0.0785709, "v": 0.196758 },
  "f": { "a": 0.0190164, "r": 0.013952, "n": 0.0154074, "d": 0.0114858, "c": 0.0399204, "q": 0.0149311, "e": 0.0127833, "g": 0.0132304, "h": 0.0260656, "i": 0.0919248, "l": 0.0881548, "k": 0.0150679, "m": 0.0196785, "p": 0.0109624, "s": 0.0348976, "t": 0.0156393, "w": 0.0286463, "y": 0.240894, "v": 0.0394227 },
  "p": { "a": 0.228119, "r": 0.0468517, "n": 0.0371601, "d": 0.0272276, "c": 0.0197408, "q": 0.0516255, "e": 0.0216925, "g": 0.0423907, "h": 0.0303705, "i": 0.0157768, "l": 0.0167678, "k": 0.0295223, "m": 0.0156853, "f": 0.0161952, "s": 0.163318, "t": 0.0718733, "w": 0.00723224, "y": 0.0135609, "v": 0.0258092 },
  "s": { "a": 0.302784, "r": 0.0383177, "n": 0.212463, "d": 0.0599327, "c": 0.0225461, "q": 0.0254981, "e": 0.0437593, "g": 0.154312, "h": 0.0282803, "i": 0.0273892, "l": 0.0236585, "k": 0.0576965, "m": 0.0184758, "f": 0.0164617, "p": 0.109557, "t": 0.388087, "w": 0.00863168, "y": 0.0244586, "v": 0.0198649 },
  "t": { "a": 0.209555, "r": 0.024908, "n": 0.128293, "d": 0.0481314, "c": 0.0189651, "q": 0.0315047, "e": 0.0584937, "g": 0.0317156, "h": 0.025098, "i": 0.0728608, "l": 0.0259361, "k": 0.0857106, "m": 0.0325352, "f": 0.0145179, "p": 0.0355392, "s": 0.302096, "w": 0.00734935, "y": 0.0288824, "v": 0.102206 },
  "w": { "a": 0.048469, "r": 0.0957463, "n": 0.0488199, "d": 0.038711, "c": 0.031177, "q": 0.0371573, "e": 0.0445214, "g": 0.074211, "h": 0.0421853, "i": 0.0360763, "l": 0.0355151, "k": 0.0358048, "m": 0.0358136, "f": 0.0948651, "p": 0.0343865, "s": 0.041299, "t": 0.0358763, "y": 0.0414618, "v": 0.0370262 },
  "y": { "a": 0.0226404, "r": 0.014134, "n": 0.0178759, "d": 0.014016, "c": 0.0174201, "q": 0.0182843, "e": 0.0247055, "g": 0.0140068, "h": 0.0385335, "i": 0.0477232, "l": 0.0283147, "k": 0.017334, "m": 0.0185108, "f": 0.288609, "p": 0.0129538, "s": 0.0422607, "t": 0.0177832, "w": 0.022295, "v": 0.0171404 },
  "v": { "a": 0.196364, "r": 0.0168184, "n": 0.0223587, "d": 0.017664, "c": 0.0232802, "q": 0.0194577, "e": 0.0238382, "g": 0.047032, "h": 0.0147785, "i": 0.331205, "l": 0.0612336, "k": 0.0140053, "m": 0.047367, "f": 0.0239596, "p": 0.02195, "s": 0.0178764, "t": 0.0903199, "w": 0.00958392, "y": 0.0112084 }
 }
}
