{
 "alphabet": "arndcqeghilkmfpstwyv",
 "insrate": 0.00559919,
 "insextprob": 0.655172,
 "delrate": 0.00336229,
 "delextprob": 0.692308,
 "rootprob":
 {
  "a": 0.0902719,
  "r": 0.0365612,
  "n": 0.0389045,
  "d": 0.0443448,
  "c": 0.0370004,
  "q": 0.0303566,
  "e": 0.053481,
  "g": 0.0882345,
  "h": 0.0339574,
  "i": 0.0418265,
  "l": 0.0826511,
  "k": 0.0819352,
  "m": 0.013191,
  "f": 0.0248795,
  "p": 0.042395,
  "s": 0.106042,
  "t": 0.0378462,
  "w": 0.0157505,
  "y": 0.0343408,
  "v": 0.0660295
 },
 "subrate":
 {
  "a": { "r": 0.0258986, "n": 0.0284936, "d": 0.0355879, "c": 0.0181609, "q": 0.0464174, "e": 0.0609282, "g": 0.194508, "h": 0.0166888, "i": 0.0225947, "l": 0.0208718, "k": 0.0232658, "m": 0.0125713, "f": 0.0117588, "p": 0.117662, "s": 0.339386, "t": 0.126196, "w": 0.00704853, "y": 0.0110227, "v": 0.121566 },
  "r": { "a": 0.040598, "n": 0.0338924, "d": 0.0165587, "c": 0.0171305, "q": 0.041862, "e": 0.0258523, "g": 0.0216776, "h": 0.121324, "i": 0.026289, "l": 0.0207444, "k": 0.36208, "m": 0.0194319, "f": 0.012941, "p": 0.0411952, "s": 0.102667, "t": 0.0346114, "w": 0.0222736, "y": 0.0161558, "v": 0.0385363 },
  "n": { "a": 0.0661316, "r": 0.0310395, "d": 0.36427, "c": 0.0210345, "q": 0.0653902, "e": 0.0855625, "g": 0.157444, "h": 0.0969291, "i": 0.041553, "l": 0.0235122, "k": 0.187212, "m": 0.0409635, "f": 0.0154662, "p": 0.0457402, "s": 0.229618, "t": 0.133699, "w": 0.0144707, "y": 0.0292447, "v": 0.0400869 },
  "d": { "a": 0.0665456, "r": 0.0146667, "n": 0.255939, "c": 0.0136599, "q": 0.0525334, "e": 0.452294, "g": 0.112562, "h": 0.0319118, "i": 0.0170681, "l": 0.0140343, "k": 0.0454728, "m": 0.019134, "f": 0.0118123, "p": 0.0558307, "s": 0.0861411, "t": 0.0384452, "w": 0.0110172, "y": 0.0178908, "v": 0.0241426 },
  "c": { "a": 0.0406733, "r": 0.0149839, "n": 0.0126108, "d": 0.0110088, "q": 0.0128115, "e": 0.0113648, "g": 0.0156896, "h": 0.0274776, "i": 0.040065, "l": 0.0100013, "k": 0.0103612, "m": 0.0119373, "f": 0.00946359, "p": 0.0197062, "s": 0.0540664, "t": 0.0147583, "w": 0.010307, "y": 0.0384794, "v": 0.0405781 },
  "q": { "a": 0.0772632, "r": 0.0627411, "n": 0.0783864, "d": 0.0780442, "c": 0.015197, "e": 0.377996, "g": 0.0591639, "h": 0.162416, "i": 0.0277974, "l": 0.0609082, "k": 0.136408, "m": 0.0305235, "f": 0.0184691, "p": 0.0941469, "s": 0.105488, "t": 0.066639, "w": 0.0143288, "y": 0.01809, "v": 0.02908 },
  "e": { "a": 0.108038, "r": 0.0195659, "n": 0.0488733, "d": 0.358692, "c": 0.0147294, "q": 0.274104, "g": 0.0896672, "h": 0.0241018, "i": 0.0241252, "l": 0.0133167, "k": 0.105361, "m": 0.0146083, "f": 0.00955392, "p": 0.0456225, "s": 0.110846, "t": 0.0558017, "w": 0.00970686, "y": 0.0101993, "v": 0.0264939 },
  "g": { "a": 0.173539, "r": 0.011352, "n": 0.0526398, "d": 0.0465422, "c": 0.00697911, "q": 0.0184648, "e": 0.0302936, "h": 0.0151641, "i": 0.00757549, "l": 0.00683896, "k": 0.0181155, "m": 0.0148425, "f": 0.00598807, "p": 0.0210885, "s": 0.145705, "t": 0.0204587, "w": 0.0083672, "y": 0.00684793, "v": 0.0155388 },
  "h": { "a": 0.0423559, "r": 0.0460934, "n": 0.200603, "d": 0.0624906, "c": 0.0183465, "q": 0.216253, "e": 0.0558017, "g": 0.0914596, "i": 0.0238567, "l": 0.0215885, "k": 0.0275747, "m": 0.0206894, "f": 0.0421172, "p": 0.0621809, "s": 0.0608923, "t": 0.0400756, "w": 0.0150842, "y": 0.0400872, "v": 0.0309763 },
  "i": { "a": 0.0393739, "r": 0.0264869, "n": 0.0376258, "d": 0.0247748, "c": 0.013514, "q": 0.0270202, "e": 0.0233731, "g": 0.0350875, "h": 0.020908, "l": 0.274818, "k": 0.0492092, "m": 0.0836073, "f": 0.0318479, "p": 0.0206418, "s": 0.0288658, "t": 0.10346, "w": 0.0141471, "y": 0.0145406, "v": 0.692607 },
  "l": { "a": 0.0418251, "r": 0.0222994, "n": 0.0120336, "d": 0.00845123, "c": 0.00735502, "q": 0.0444895, "e": 0.0149324, "g": 0.0128851, "h": 0.0136902, "i": 0.118613, "k": 0.00950009, "m": 0.142463, "f": 0.0292685, "p": 0.037445, "s": 0.0111881, "t": 0.0165396, "w": 0.00686272, "y": 0.0118197, "v": 0.100666 },
  "k": { "a": 0.0426827, "r": 0.257061, "n": 0.130376, "d": 0.0195025, "c": 0.00694624, "q": 0.0521686, "e": 0.0381265, "g": 0.0370098, "h": 0.023838, "i": 0.0194758, "l": 0.0071395, "m": 0.0276928, "f": 0.00704672, "p": 0.0187935, "s": 0.0582722, "t": 0.0861835, "w": 0.0108235, "y": 0.0086659, "v": 0.0180595 },
  "m": { "a": 0.154512, "r": 0.0973386, "n": 0.101285, "d": 0.0745721, "c": 0.0470868, "q": 0.200365, "e": 0.0822767, "g": 0.13921, "h": 0.0749736, "i": 0.262737, "l": 0.593716, "k": 0.159377, "f": 0.147108, "p": 0.0816868, "s": 0.085859, "t": 0.145917, "w": 0.0482531, "y": 0.0580689, "v": 0.241421 },
  "f": { "a": 0.0487636, "r": 0.0223617, "n": 0.0291889, "d": 0.0218845, "c": 0.0122788, "q": 0.0229231, "e": 0.0160568, "g": 0.0310441, "h": 0.0313086, "i": 0.0405852, "l": 0.0863478, "k": 0.0182644, "m": 0.041211, "p": 0.0276247, "s": 0.0320518, "t": 0.022393, "w": 0.0218836, "y": 0.176315, "v": 0.0491994 },
  "p": { "a": 0.158767, "r": 0.0532275, "n": 0.0561648, "d": 0.0343945, "c": 0.0169609, "q": 0.0689217, "e": 0.0420912, "g": 0.0284866, "h": 0.02337, "i": 0.0135704, "l": 0.0330293, "k": 0.0343672, "m": 0.0130108, "f": 0.0209188, "s": 0.139924, "t": 0.0585246, "w": 0.0100066, "y": 0.0110901, "v": 0.0245297 },
  "s": { "a": 0.463273, "r": 0.0458823, "n": 0.177994, "d": 0.0684558, "c": 0.045708, "q": 0.0372053, "e": 0.0584617, "g": 0.177961, "h": 0.0298345, "i": 0.0169897, "l": 0.0168389, "k": 0.0484701, "m": 0.0128476, "f": 0.0114626, "p": 0.109039, "t": 0.394113, "w": 0.0110992, "y": 0.0115374, "v": 0.0226191 },
  "t": { "a": 0.194632, "r": 0.0382481, "n": 0.0685987, "d": 0.039877, "c": 0.0145386, "q": 0.0472748, "e": 0.0389714, "g": 0.0349114, "h": 0.0235, "i": 0.0465464, "l": 0.0229289, "k": 0.104534, "m": 0.0362455, "f": 0.0106393, "p": 0.0684082, "s": 0.360067, "w": 0.00971901, "y": 0.0111809, "v": 0.095422 },
  "w": { "a": 0.15416, "r": 0.154138, "n": 0.0746735, "d": 0.0809716, "c": 0.0480976, "q": 0.0717694, "e": 0.0930375, "g": 0.0658027, "h": 0.065844, "i": 0.0628265, "l": 0.0835967, "k": 0.0752856, "m": 0.0667176, "f": 0.166273, "p": 0.10917, "s": 0.171308, "t": 0.0703678, "y": 0.159065, "v": 0.0648882 },
  "y": { "a": 0.0470256, "r": 0.01923, "n": 0.0560994, "d": 0.0316117, "c": 0.0158577, "q": 0.0247187, "e": 0.0267233, "g": 0.0247576, "h": 0.0945758, "i": 0.015881, "l": 0.01731, "k": 0.0271536, "m": 0.0186364, "f": 0.233872, "p": 0.0270859, "s": 0.080434, "t": 0.0383068, "w": 0.0176515, "v": 0.0175578 },
  "v": { "a": 0.145856, "r": 0.0261407, "n": 0.0164124, "d": 0.0228822, "c": 0.0129767, "q": 0.0252866, "e": 0.0166276, "g": 0.0361812, "h": 0.0162418, "i": 0.446521, "l": 0.123535, "k": 0.0327742, "m": 0.042471, "f": 0.0238089, "p": 0.0246068, "s": 0.0242697, "t": 0.125724, "w": 0.0092597, "y": 0.0126002 }
 }
}
