{
 "alphabet": "arndcqeghilkmfpstwyv",
 "insrate": 0.00481287,
 "insextprob": 0.679245,
 "delrate": 0.00339881,
 "delextprob": 0.733333,
 "rootprob":
 {
  "a": 0.0875886,
  "r": 0.0374115,
  "n": 0.0462402,
  "d": 0.0681619,
  "c": 0.0363892,
  "q": 0.0305422,
  "e": 0.0369791,
  "g": 0.111512,
  "h": 0.0276909,
  "i": 0.0268126,
  "l": 0.0949704,
  "k": 0.06618,
  "m": 0.00774289,
  "f": 0.0304397,
  "p": 0.0254355,
  "s": 0.108091,
  "t": 0.052231,
  "w": 0.0158449,
  "y": 0.0415216,
  "v": 0.0482149
 },
 "subrate":
 {
  "a": { "r": 0.01795, "n": 0.02621, "d": 0.0372722, "c": 0.0098968, "q": 0.0415862, "e": 0.118729, "g": 0.225959, "h": 0.0191877, "i": 0.0203888, "l": 0.0203183, "k": 0.056809, "m": 0.0214921, "f": 0.00694307, "p": 0.111166, "s": 0.289298, "t": 0.158435, "w": 0.00491034, "y": 0.0091633, "v": 0.119671 },
  "r": { "a": 0.0399475, "n": 0.0370781, "d": 0.0264449, "c": 0.0140859, "q": 0.0767209, "e": 0.0278018, "g": 0.0343897, "h": 0.0923271, "i": 0.0289323, "l": 0.0249817, "k": 0.400201, "m": 0.0198791, "f": 0.0165432, "p": 0.0603127, "s": 0.0824001, "t": 0.0408634, "w": 0.0175737, "y": 0.0161048, "v": 0.0344178 },
  "n": { "a": 0.0697529, "r": 0.0553368, "d": 0.380703, "c": 0.0176276, "q": 0.101691, "e": 0.111331, "g": 0.135492, "h": 0.167592, "i": 0.0294215, "l": 0.0196602, "k": 0.202808, "m": 0.0279802, "f": 0.0177941, "p": 0.0399951, "s": 0.321974, "t": 0.107188, "w": 0.012069, "y": 0.0290535, "v": 0.0252534 },
  "d": { "a": 0.0624631, "r": 0.0223491, "n": 0.215752, "c": 0.00958576, "q": 0.0405415, "e": 0.474931, "g": 0.0709877, "h": 0.0478325, "i": 0.0220846, "l": 0.0148191, "k": 0.0322909, "m": 0.0131292, "f": 0.00921351, "p": 0.045682, "s": 0.0685004, "t": 0.0359709, "w": 0.00657624, "y": 0.00955648, "v": 0.0213812 },
  "c": { "a": 0.0477265, "r": 0.0146725, "n": 0.012168, "d": 0.0112693, "q": 0.0122147, "e": 0.0115607, "g": 0.0126328, "h": 0.0116406, "i": 0.0264924, "l": 0.0159484, "k": 0.0119754, "m": 0.0134944, "f": 0.0256221, "p": 0.0201505, "s": 0.0371371, "t": 0.0367743, "w": 0.0100586, "y": 0.0192408, "v": 0.0993036 },
  "q": { "a": 0.0896791, "r": 0.0823298, "n": 0.0740626, "d": 0.0518947, "c": 0.0132549, "e": 0.32614, "g": 0.0362373, "h": 0.166404, "i": 0.0173239, "l": 0.037676, "k": 0.13242, "m": 0.0204965, "f": 0.0170187, "p": 0.071585, "s": 0.0686664, "t": 0.0397646, "w": 0.0118282, "y": 0.0168497, "v": 0.0269968 },
  "e": { "a": 0.162286, "r": 0.0239134, "n": 0.0604062, "d": 0.368556, "c": 0.00830808, "q": 0.217259, "g": 0.0464595, "h": 0.0383186, "i": 0.0286475, "l": 0.0152696, "k": 0.091153, "m": 0.015032, "f": 0.0125232, "p": 0.0493457, "s": 0.0487345, "t": 0.0447475, "w": 0.0071819, "y": 0.0126242, "v": 0.0256355 },
  "g": { "a": 0.177935, "r": 0.0136145, "n": 0.0533147, "d": 0.0501988, "c": 0.00462757, "q": 0.0132082, "e": 0.041195, "h": 0.00964537, "i": 0.00731817, "l": 0.011221, "k": 0.020809, "m": 0.00946179, "f": 0.00838913, "p": 0.0209044, "s": 0.151643, "t": 0.0293354, "w": 0.00436075, "y": 0.00629858, "v": 0.0108354 },
  "h": { "a": 0.0584734, "r": 0.101901, "n": 0.14769, "d": 0.0620334, "c": 0.0192747, "q": 0.256691, "e": 0.0681282, "g": 0.0437741, "i": 0.0272764, "l": 0.0470763, "k": 0.096369, "m": 0.0251031, "f": 0.0314062, "p": 0.0785164, "s": 0.0711386, "t": 0.0378909, "w": 0.0160205, "y": 0.0649267, "v": 0.0475451 },
  "i": { "a": 0.0476797, "r": 0.0233516, "n": 0.0317604, "d": 0.022836, "c": 0.0144276, "q": 0.0222427, "e": 0.0308162, "g": 0.0264127, "h": 0.0219849, "l": 0.311674, "k": 0.0293405, "m": 0.0966467, "f": 0.0432711, "p": 0.0248422, "s": 0.0351791, "t": 0.120283, "w": 0.0143176, "y": 0.0271385, "v": 0.89108 },
  "l": { "a": 0.0328531, "r": 0.0156576, "n": 0.012458, "d": 0.00769606, "c": 0.00556247, "q": 0.0124266, "e": 0.00969342, "g": 0.00809204, "h": 0.0168455, "i": 0.127521, "k": 0.0233261, "m": 0.0878482, "f": 0.0586483, "p": 0.0155615, "s": 0.0197486, "t": 0.0219155, "w": 0.0104302, "y": 0.00855363, "v": 0.139427 },
  "k": { "a": 0.0532558, "r": 0.219077, "n": 0.0977162, "d": 0.0203269, "c": 0.00838756, "q": 0.071609, "e": 0.0561268, "g": 0.028098, "h": 0.0180376, "i": 0.0121443, "l": 0.0127912, "m": 0.018304, "f": 0.00781438, "p": 0.025341, "s": 0.0554836, "t": 0.059318, "w": 0.00578186, "y": 0.00682353, "v": 0.0110004 },
  "m": { "a": 0.191665, "r": 0.0773992, "n": 0.104789, "d": 0.0694, "c": 0.0456744, "q": 0.0930166, "e": 0.0866357, "g": 0.0740712, "h": 0.0739467, "i": 0.307016, "l": 0.517231, "k": 0.159122, "f": 0.092998, "p": 0.0964233, "s": 0.117702, "t": 0.195313, "w": 0.0491721, "y": 0.0610774, "v": 0.236479 },
  "f": { "a": 0.0137481, "r": 0.0139893, "n": 0.0133196, "d": 0.0104506, "c": 0.0107265, "q": 0.0112069, "e": 0.0114766, "g": 0.00976932, "h": 0.0119948, "i": 0.0529874, "l": 0.136123, "k": 0.0159526, "m": 0.0364849, "p": 0.0134995, "s": 0.0175667, "t": 0.0219811, "w": 0.0129338, "y": 0.299883, "v": 0.0398954 },
  "p": { "a": 0.176123, "r": 0.0390692, "n": 0.0236228, "d": 0.0392926, "c": 0.0098865, "q": 0.0576908, "e": 0.0565671, "g": 0.0714546, "h": 0.042942, "i": 0.0204786, "l": 0.0162398, "k": 0.0405481, "m": 0.0196123, "f": 0.0284368, "s": 0.0898748, "t": 0.0387218, "w": 0.01089, "y": 0.012106, "v": 0.028759 },
  "s": { "a": 0.424533, "r": 0.0430712, "n": 0.173571, "d": 0.0724284, "c": 0.0131703, "q": 0.0449652, "e": 0.0623258, "g": 0.173912, "h": 0.0266753, "i": 0.0148864, "l": 0.0197491, "k": 0.0532244, "m": 0.0167969, "f": 0.011682, "p": 0.102279, "t": 0.373903, "w": 0.00629937, "y": 0.0149564, "v": 0.0162146 },
  "t": { "a": 0.285958, "r": 0.039922, "n": 0.0823491, "d": 0.039748, "c": 0.0114674, "q": 0.0340847, "e": 0.0614402, "g": 0.0394073, "h": 0.0204951, "i": 0.0853095, "l": 0.0244829, "k": 0.101147, "m": 0.0362988, "f": 0.011726, "p": 0.0608107, "s": 0.421827, "w": 0.00846132, "y": 0.0129243, "v": 0.142315 },
  "w": { "a": 0.0271929, "r": 0.172773, "n": 0.0278411, "d": 0.0249674, "c": 0.0222918, "q": 0.034976, "e": 0.0287706, "g": 0.0268695, "h": 0.0262391, "i": 0.0444114, "l": 0.0342467, "k": 0.0309074, "m": 0.0349276, "f": 0.0956931, "p": 0.0356306, "s": 0.02904, "t": 0.0392283, "y": 0.0269205, "v": 0.0287072 },
  "y": { "a": 0.0237003, "r": 0.0150309, "n": 0.0382175, "d": 0.0118598, "c": 0.0303374, "q": 0.0126546, "e": 0.0234025, "g": 0.0115214, "h": 0.0279269, "i": 0.0297634, "l": 0.0447961, "k": 0.0133135, "m": 0.0195714, "f": 0.413574, "p": 0.0119588, "s": 0.0317908, "t": 0.0237554, "w": 0.0172834, "v": 0.0390229 },
  "v": { "a": 0.200342, "r": 0.0177182, "n": 0.0148911, "d": 0.0123044, "c": 0.0116791, "q": 0.0222217, "e": 0.0258943, "g": 0.0268657, "h": 0.0154442, "i": 0.532864, "l": 0.112429, "k": 0.0210154, "m": 0.0347432, "f": 0.0160743, "p": 0.0251925, "s": 0.0267626, "t": 0.127495, "w": 0.00753483, "y": 0.018936 }
 }
}
