{
 "alphabet": "arndcqeghilkmfpstwyv",
 "insrate": 0.00434761,
 "insextprob": 0.673469,
 "delrate": 0.00488934,
 "delextprob": 0.660377,
 "rootprob":
 {
  "a": 0.103815,
  "r": 0.0583893,
  "n": 0.0353451,
  "d": 0.0509803,
  "c": 0.0309329,
  "q": 0.0507267,
  "e": 0.0514283,
  "g": 0.109653,
  "h": 0.034231,
  "i": 0.0269134,
  "l": 0.071784,
  "k": 0.0775175,
  "m": 0.0050602,
  "f": 0.0432933,
  "p": 0.0552996,
  "s": 0.0475413,
  "t": 0.0366469,
  "w": 0.0107273,
  "y": 0.0252313,
  "v": 0.0744836
 },
 "subrate":
 {
  "a": { "r": 0.0152285, "n": 0.025747, "d": 0.0509338, "c": 0.00775211, "q": 0.022464, "e": 0.084243, "g": 0.16701, "h": 0.0117278, "i": 0.0122573, "l": 0.0214229, "k": 0.0290006, "m": 0.0160556, "f": 0.00939168, "p": 0.0707909, "s": 0.319126, "t": 0.160887, "w": 0.00546284, "y": 0.0069857, "v": 0.117672 },
  "r": { "a": 0.0462478, "n": 0.042473, "d": 0.0187616, "c": 0.0163326, "q": 0.0978898, "e": 0.0236868, "g": 0.0311519, "h": 0.0697675, "i": 0.0334543, "l": 0.0225933, "k": 0.411864, "m": 0.0201357, "f": 0.0202994, "p": 0.0376396, "s": 0.0918115, "t": 0.0420875, "w": 0.0188837, "y": 0.0112402, "v": 0.0221111 },
  "n": { "a": 0.0597271, "r": 0.0358581, "d": 0.315634, "c": 0.0286014, "q": 0.0471754, "e": 0.0640337, "g": 0.105742, "h": 0.111896, "i": 0.0505832, "l": 0.0228663, "k": 0.223689, "m": 0.0222629, "f": 0.0215795, "p": 0.0294306, "s": 0.246483, "t": 0.178946, "w": 0.0112586, "y": 0.0262325, "v": 0.033394 },
  "d": { "a": 0.0747023, "r": 0.018776, "n": 0.257173, "c": 0.0158037, "q": 0.0381245, "e": 0.555607, "g": 0.14651, "h": 0.054891, "i": 0.0259993, "l": 0.0167192, "k": 0.0915671, "m": 0.0156209, "f": 0.0119242, "p": 0.038399, "s": 0.14572, "t": 0.0622287, "w": 0.0106569, "y": 0.0121506, "v": 0.0204768 },
  "c": { "a": 0.0427065, "r": 0.0116021, "n": 0.0153152, "d": 0.0132632, "q": 0.0119654, "e": 0.0113026, "g": 0.0151161, "h": 0.0410144, "i": 0.0173169, "l": 0.0153314, "k": 0.016827, "m": 0.0143992, "f": 0.011898, "p": 0.029814, "s": 0.0558975, "t": 0.0343312, "w": 0.0109727, "y": 0.0288805, "v": 0.0315265 },
  "q": { "a": 0.116112, "r": 0.0888603, "n": 0.110425, "d": 0.0881073, "c": 0.0145242, "e": 0.259899, "g": 0.0687372, "h": 0.313982, "i": 0.0259944, "l": 0.0267422, "k": 0.155688, "m": 0.0304066, "f": 0.0183682, "p": 0.0661367, "s": 0.108761, "t": 0.0728438, "w": 0.0152272, "y": 0.0205833, "v": 0.0383246 },
  "e": { "a": 0.192808, "r": 0.0164806, "n": 0.062978, "d": 0.480115, "c": 0.00958576, "q": 0.134617, "g": 0.0740941, "h": 0.0237501, "i": 0.0226027, "l": 0.0282897, "k": 0.115883, "m": 0.0170089, "f": 0.00943011, "p": 0.0330239, "s": 0.0703223, "t": 0.0676449, "w": 0.0099031, "y": 0.00917869, "v": 0.0330533 },
  "g": { "a": 0.210712, "r": 0.00995805, "n": 0.0765268, "d": 0.0448168, "c": 0.00466593, "q": 0.0158892, "e": 0.0492625, "h": 0.00829212, "i": 0.0118753, "l": 0.0162883, "k": 0.0262055, "m": 0.00724963, "f": 0.0048449, "p": 0.0181212, "s": 0.129475, "t": 0.0146941, "w": 0.00497651, "y": 0.0060087, "v": 0.0351083 },
  "h": { "a": 0.0864073, "r": 0.0863627, "n": 0.204209, "d": 0.0609044, "c": 0.0203381, "q": 0.298066, "e": 0.0402687, "g": 0.0299947, "i": 0.0320531, "l": 0.0178793, "k": 0.0374614, "m": 0.0190996, "f": 0.0164309, "p": 0.038751, "s": 0.0654458, "t": 0.0421867, "w": 0.0218766, "y": 0.0587145, "v": 0.0386167 },
  "i": { "a": 0.0290733, "r": 0.0574318, "n": 0.0344212, "d": 0.0275662, "c": 0.0104831, "q": 0.0226634, "e": 0.03038, "g": 0.0265247, "h": 0.0285495, "l": 0.329173, "k": 0.033711, "m": 0.13402, "f": 0.0274253, "p": 0.0245714, "s": 0.0284911, "t": 0.0961782, "w": 0.0130353, "y": 0.0173548, "v": 0.717538 },
  "l": { "a": 0.0154544, "r": 0.0173862, "n": 0.0131136, "d": 0.00730979, "c": 0.00550158, "q": 0.0102371, "e": 0.00940931, "g": 0.0120819, "h": 0.0155616, "i": 0.151695, "k": 0.0203691, "m": 0.104603, "f": 0.0824303, "p": 0.0355163, "s": 0.0142889, "t": 0.0206094, "w": 0.0165476, "y": 0.016585, "v": 0.0930642 },
  "k": { "a": 0.0314665, "r": 0.17854, "n": 0.101699, "d": 0.0265953, "c": 0.00469121, "q": 0.0578368, "e": 0.0513389, "g": 0.0228173, "h": 0.014582, "i": 0.014164, "l": 0.0191576, "m": 0.0224999, "f": 0.00868844, "p": 0.020554, "s": 0.044145, "t": 0.0546155, "w": 0.00510388, "y": 0.0076279, "v": 0.0220005 },
  "m": { "a": 0.0915999, "r": 0.0796564, "n": 0.104592, "d": 0.0590612, "c": 0.0380687, "q": 0.0844704, "e": 0.0668715, "g": 0.071, "h": 0.066176, "i": 0.252667, "l": 0.575341, "k": 0.166273, "f": 0.0936901, "p": 0.0739158, "s": 0.101768, "t": 0.193666, "w": 0.0424383, "y": 0.0574005, "v": 0.21291 },
  "f": { "a": 0.024442, "r": 0.0104191, "n": 0.0122401, "d": 0.0103299, "c": 0.01304, "q": 0.0163055, "e": 0.00894235, "g": 0.0145826, "h": 0.0125132, "i": 0.0644074, "l": 0.083829, "k": 0.0120081, "m": 0.0176916, "p": 0.010516, "s": 0.0488341, "t": 0.0179061, "w": 0.0113061, "y": 0.283445, "v": 0.0187416 },
  "p": { "a": 0.239725, "r": 0.0444397, "n": 0.0249853, "d": 0.0344888, "c": 0.0153173, "q": 0.0376427, "e": 0.0357074, "g": 0.0449732, "h": 0.0397366, "i": 0.020756, "l": 0.0243815, "k": 0.031896, "m": 0.0304692, "f": 0.0171002, "s": 0.148347, "t": 0.0522878, "w": 0.0217048, "y": 0.0157089, "v": 0.0428876 },
  "s": { "a": 0.45633, "r": 0.0252351, "n": 0.195529, "d": 0.107512, "c": 0.029694, "q": 0.0374422, "e": 0.0491886, "g": 0.171375, "h": 0.0217223, "i": 0.0190936, "l": 0.0198752, "k": 0.0663818, "m": 0.0162725, "f": 0.0152441, "p": 0.0806078, "t": 0.363023, "w": 0.00767512, "y": 0.0120899, "v": 0.0202879 },
  "t": { "a": 0.221242, "r": 0.0236379, "n": 0.117915, "d": 0.0540364, "c": 0.0143766, "q": 0.0313526, "e": 0.0539703, "g": 0.0344814, "h": 0.0176071, "i": 0.0433363, "l": 0.0253414, "k": 0.0986097, "m": 0.0316175, "f": 0.0144051, "p": 0.0339301, "s": 0.333367, "w": 0.00781815, "y": 0.0186585, "v": 0.0948329 },
  "w": { "a": 0.0527931, "r": 0.08646, "n": 0.127118, "d": 0.0502759, "c": 0.0444511, "q": 0.0479415, "e": 0.0472875, "g": 0.0521089, "h": 0.0615076, "i": 0.050549, "l": 0.0500382, "k": 0.090615, "m": 0.0482772, "f": 0.0423858, "p": 0.0542327, "s": 0.0519366, "t": 0.0510916, "y": 0.0436472, "v": 0.0555167 },
  "y": { "a": 0.0239567, "r": 0.018212, "n": 0.0201335, "d": 0.0144628, "c": 0.0132391, "q": 0.0184781, "e": 0.0129484, "g": 0.0226644, "h": 0.0533816, "i": 0.0227916, "l": 0.0346418, "k": 0.0288863, "m": 0.0174919, "f": 0.320847, "p": 0.0169036, "s": 0.0286354, "t": 0.0204635, "w": 0.026417, "v": 0.032767 },
  "v": { "a": 0.132503, "r": 0.0281602, "n": 0.0232348, "d": 0.0202796, "c": 0.00633196, "q": 0.0156519, "e": 0.0195459, "g": 0.0390093, "h": 0.0135891, "i": 0.504823, "l": 0.107855, "k": 0.0208699, "m": 0.0628116, "f": 0.0156721, "p": 0.0305497, "s": 0.0234019, "t": 0.136799, "w": 0.00766673, "y": 0.0121826 }
 }
}
