{
 "alphabet": "arndcqeghilkmfpstwyv",
 "insrate": 0.00394984,
 "insextprob": 0.730769,
 "delrate": 0.00451184,
 "delextprob": 0.746032,
 "rootprob":
 {
  "a": 0.075378,
  "r": 0.040482,
  "n": 0.0489096,
  "d": 0.0586514,
  "c": 0.0401272,
  "q": 0.0380805,
  "e": 0.0458406,
  "g": 0.0949055,
  "h": 0.027037,
  "i": 0.0355132,
  "l": 0.120496,
  "k": 0.051107,
  "m": 0.0148957,
  "f": 0.0386256,
  "p": 0.0612007,
  "s": 0.0519242,
  "t": 0.041164,
  "w": 0.0132184,
  "y": 0.0429277,
  "v": 0.0595151
 },
 "subrate":
 {
  "a": { "r": 0.0136733, "n": 0.0312657, "d": 0.0487552, "c": 0.0152367, "q": 0.0352695, "e": 0.0841148, "g": 0.223874, "h": 0.0167941, "i": 0.0166607, "l": 0.0227517, "k": 0.0369924, "m": 0.0139616, "f": 0.00807771, "p": 0.130242, "s": 0.315448, "t": 0.107732, "w": 0.00589255, "y": 0.00687056, "v": 0.164561 },
  "r": { "a": 0.038732, "n": 0.0410276, "d": 0.0200856, "c": 0.0182418, "q": 0.116903, "e": 0.0349938, "g": 0.0443058, "h": 0.0925863, "i": 0.0198794, "l": 0.0240791, "k": 0.473773, "m": 0.0275609, "f": 0.0144144, "p": 0.0443736, "s": 0.0513659, "t": 0.0508308, "w": 0.0498168, "y": 0.0164285, "v": 0.0241784 },
  "n": { "a": 0.0785195, "r": 0.0520212, "d": 0.279969, "c": 0.0174827, "q": 0.0689455, "e": 0.0598298, "g": 0.154796, "h": 0.251757, "i": 0.0487711, "l": 0.0311425, "k": 0.201403, "m": 0.0263207, "f": 0.0157416, "p": 0.0360123, "s": 0.257442, "t": 0.170092, "w": 0.0133718, "y": 0.0160601, "v": 0.0381165 },
  "d": { "a": 0.095121, "r": 0.016511, "n": 0.232843, "c": 0.0162698, "q": 0.0340525, "e": 0.442121, "g": 0.116742, "h": 0.0630663, "i": 0.020579, "l": 0.0144013, "k": 0.0311334, "m": 0.0139085, "f": 0.00970257, "p": 0.0390062, "s": 0.105028, "t": 0.040052, "w": 0.00940826, "y": 0.00944246, "v": 0.0292756 },
  "c": { "a": 0.0861449, "r": 0.0109563, "n": 0.0152773, "d": 0.0173265, "q": 0.016833, "e": 0.0131534, "g": 0.0280822, "h": 0.0191785, "i": 0.0142928, "l": 0.0127684, "k": 0.011516, "m": 0.0260578, "f": 0.024667, "p": 0.0378094, "s": 0.0995115, "t": 0.0468293, "w": 0.014519, "y": 0.0288369, "v": 0.0251313 },
  "q": { "a": 0.073849, "r": 0.0727982, "n": 0.0679514, "d": 0.0314941, "c": 0.0121183, "e": 0.252061, "g": 0.031991, "h": 0.229846, "i": 0.0220987, "l": 0.0455804, "k": 0.144746, "m": 0.0604142, "f": 0.0140825, "p": 0.0894895, "s": 0.0732103, "t": 0.0531875, "w": 0.0113675, "y": 0.0116311, "v": 0.0322465 },
  "e": { "a": 0.182291, "r": 0.020229, "n": 0.0388913, "d": 0.349269, "c": 0.0138143, "q": 0.240221, "g": 0.0574264, "h": 0.0425901, "i": 0.0234393, "l": 0.0153803, "k": 0.0888963, "m": 0.0155654, "f": 0.0100874, "p": 0.0639596, "s": 0.0653336, "t": 0.0507217, "w": 0.00965382, "y": 0.00941581, "v": 0.0667786 },
  "g": { "a": 0.230298, "r": 0.00781464, "n": 0.0467459, "d": 0.0372834, "c": 0.00717494, "q": 0.00862372, "e": 0.0275874, "h": 0.0153013, "i": 0.00850245, "l": 0.00947702, "k": 0.0314419, "m": 0.00810502, "f": 0.00811934, "p": 0.0315205, "s": 0.110517, "t": 0.0195709, "w": 0.0041854, "y": 0.00838049, "v": 0.0302418 },
  "h": { "a": 0.0706602, "r": 0.1145, "n": 0.193196, "d": 0.0624438, "c": 0.0213327, "q": 0.228751, "e": 0.0622395, "g": 0.0407393, "i": 0.0359925, "l": 0.0363549, "k": 0.0665725, "m": 0.0262928, "f": 0.0277801, "p": 0.0887741, "s": 0.0773744, "t": 0.0585373, "w": 0.0287386, "y": 0.0439593, "v": 0.0473825 },
  "i": { "a": 0.0363261, "r": 0.0238565, "n": 0.035867, "d": 0.0253752, "c": 0.0140757, "q": 0.0249037, "e": 0.0207735, "g": 0.0373727, "h": 0.02637, "l": 0.472864, "k": 0.0278202, "m": 0.0677484, "f": 0.0507648, "p": 0.0303001, "s": 0.0268252, "t": 0.0965404, "w": 0.011259, "y": 0.0281262, "v": 0.92254 },
  "l": { "a": 0.0480842, "r": 0.0158733, "n": 0.0098324, "d": 0.00633359, "c": 0.00429498, "q": 0.0368247, "e": 0.0065015, "g": 0.0112255, "h": 0.0179639, "i": 0.166808, "k": 0.0193867, "m": 0.124263, "f": 0.0662136, "p": 0.00903928, "s": 0.018191, "t": 0.0193362, "w": 0.00439863, "y": 0.0141829, "v": 0.152171 },
  "k": { "a": 0.0273495, "r": 0.168864, "n": 0.108761, "d": 0.0154307, "c": 0.00664812, "q": 0.0884169, "e": 0.0499241, "g": 0.0241067, "h": 0.0287944, "i": 0.0115144, "l": 0.0163076, "m": 0.0179952, "f": 0.00818386, "p": 0.0317485, "s": 0.0391428, "t": 0.100107, "w": 0.00751133, "y": 0.00884175, "v": 0.011382 },
  "m": { "a": 0.102845, "r": 0.0463505, "n": 0.0522827, "d": 0.0344501, "c": 0.0249444, "q": 0.164236, "e": 0.0393779, "g": 0.0435007, "h": 0.0506448, "i": 0.178871, "l": 0.53682, "k": 0.078314, "f": 0.0661111, "p": 0.0372721, "s": 0.0550777, "t": 0.107231, "w": 0.0241467, "y": 0.0643297, "v": 0.158134 },
  "f": { "a": 0.0213419, "r": 0.0135146, "n": 0.0192566, "d": 0.0116885, "c": 0.0118471, "q": 0.0159875, "e": 0.011458, "g": 0.0248064, "h": 0.0255463, "i": 0.0703622, "l": 0.123653, "k": 0.0236522, "m": 0.0357473, "p": 0.0109684, "s": 0.0341743, "t": 0.0163788, "w": 0.0204361, "y": 0.1611, "v": 0.0669882 },
  "p": { "a": 0.202593, "r": 0.0436621, "n": 0.0266198, "d": 0.0310274, "c": 0.00903642, "q": 0.0440813, "e": 0.0446957, "g": 0.0309715, "h": 0.0246069, "i": 0.0114552, "l": 0.0124657, "k": 0.0246621, "m": 0.0087771, "f": 0.00840166, "s": 0.152697, "t": 0.0348171, "w": 0.00764908, "y": 0.00759063, "v": 0.0306404 },
  "s": { "a": 0.44761, "r": 0.0191568, "n": 0.154915, "d": 0.0682616, "c": 0.0300841, "q": 0.0431186, "e": 0.0552252, "g": 0.136671, "h": 0.0244453, "i": 0.0137035, "l": 0.0187025, "k": 0.0452199, "m": 0.0142637, "f": 0.00803146, "p": 0.0828173, "t": 0.305054, "w": 0.00731844, "y": 0.00811679, "v": 0.0194603 },
  "t": { "a": 0.206564, "r": 0.0285172, "n": 0.147715, "d": 0.0392163, "c": 0.0202289, "q": 0.0460978, "e": 0.057798, "g": 0.0521185, "h": 0.0306975, "i": 0.0599986, "l": 0.0311858, "k": 0.117128, "m": 0.0363879, "f": 0.0112744, "p": 0.0528877, "s": 0.407471, "w": 0.0117194, "y": 0.0129589, "v": 0.133351 },
  "w": { "a": 0.0652361, "r": 0.0480313, "n": 0.0420851, "d": 0.0451339, "c": 0.0442029, "q": 0.0409308, "e": 0.0408917, "g": 0.0437296, "h": 0.0625866, "i": 0.0421922, "l": 0.0551066, "k": 0.0442482, "m": 0.0404996, "f": 0.0381281, "p": 0.0977979, "s": 0.0581112, "t": 0.0521657, "y": 0.0919505, "v": 0.0473473 },
  "y": { "a": 0.018278, "r": 0.0137116, "n": 0.0205643, "d": 0.0176722, "c": 0.0300334, "q": 0.0171394, "e": 0.0145106, "g": 0.0243832, "h": 0.0796508, "i": 0.0305854, "l": 0.0218985, "k": 0.0262656, "m": 0.0174636, "f": 0.311834, "p": 0.0173861, "s": 0.0204812, "t": 0.0466879, "w": 0.0387512, "v": 0.0346678 },
  "v": { "a": 0.154428, "r": 0.0133425, "n": 0.0198098, "d": 0.0152782, "c": 0.0155991, "q": 0.0177453, "e": 0.0247213, "g": 0.04131, "h": 0.0186857, "i": 0.49707, "l": 0.186315, "k": 0.0150761, "m": 0.0297844, "f": 0.0176099, "p": 0.0390936, "s": 0.0197483, "t": 0.106673, "w": 0.00615256, "y": 0.0127468 }
 }
}
