{
 "alphabet": "arndcqeghilkmfpstwyv",
 "insrate": 0.00321006,
 "insextprob": 0.773585,
 "delrate": 0.00374414,
 "delextprob": 0.621622,
 "rootprob":
 {
  "a": 0.078639,
  "r": 0.0506801,
  "n": 0.0378846,
  "d": 0.0346494,
  "c": 0.0377861,
  "q": 0.0322663,
  "e": 0.0497842,
  "g": 0.100206,
  "h": 0.0456086,
  "i": 0.0417041,
  "l": 0.0799791,
  "k": 0.0772648,
  "m": 0.0112281,
  "f": 0.0265751,
  "p": 0.0682447,
  "s": 0.078215,
  "t": 0.0441663,
  "w": 0.0210246,
  "y": 0.0370412,
  "v": 0.0470528
 },
 "subrate":
 {
  "a": { "r": 0.015886, "n": 0.0258642, "d": 0.0285898, "c": 0.0159236, "q": 0.0471648, "e": 0.0744127, "g": 0.198273, "h": 0.015215, "i": 0.0203944, "l": 0.0235864, "k": 0.0468633, "m": 0.0158241, "f": 0.00865757, "p": 0.0694373, "s": 0.291127, "t": 0.154023, "w": 0.0046843, "y": 0.00676121, "v": 0.138099 },
  "r": { "a": 0.0391308, "n": 0.0561235, "d": 0.0300454, "c": 0.0156513, "q": 0.101859, "e": 0.0377768, "g": 0.0240327, "h": 0.0606168, "i": 0.0260694, "l": 0.0215638, "k": 0.483407, "m": 0.033964, "f": 0.0152901, "p": 0.0592079, "s": 0.0680389, "t": 0.0618384, "w": 0.0277448, "y": 0.0150201, "v": 0.0182451 },
  "n": { "a": 0.0521283, "r": 0.054804, "d": 0.420196, "c": 0.0125861, "q": 0.0764316, "e": 0.0662101, "g": 0.119256, "h": 0.0954515, "i": 0.0234766, "l": 0.01839, "k": 0.163206, "m": 0.0227592, "f": 0.0182165, "p": 0.0434129, "s": 0.293264, "t": 0.179615, "w": 0.0105587, "y": 0.0219416, "v": 0.0285306 },
  "d": { "a": 0.0491976, "r": 0.0207321, "n": 0.298273, "c": 0.00777055, "q": 0.034142, "e": 0.346134, "g": 0.0885987, "h": 0.0385673, "i": 0.0124119, "l": 0.0131336, "k": 0.0311363, "m": 0.0119833, "f": 0.00894416, "p": 0.0224377, "s": 0.0901222, "t": 0.0429295, "w": 0.00698088, "y": 0.0129313, "v": 0.0196388 },
  "c": { "a": 0.0364984, "r": 0.0124239, "n": 0.013973, "d": 0.0163657, "q": 0.0102366, "e": 0.0117846, "g": 0.0185638, "h": 0.0210942, "i": 0.0200659, "l": 0.0118325, "k": 0.0135033, "m": 0.0115296, "f": 0.00926032, "p": 0.026373, "s": 0.117095, "t": 0.028939, "w": 0.00856773, "y": 0.0279846, "v": 0.0566599 },
  "q": { "a": 0.10283, "r": 0.10472, "n": 0.0768863, "d": 0.0687066, "c": 0.0124059, "e": 0.273004, "g": 0.02697, "h": 0.124499, "i": 0.0182449, "l": 0.0329608, "k": 0.174677, "m": 0.0465079, "f": 0.0146811, "p": 0.0453662, "s": 0.0764443, "t": 0.0555292, "w": 0.0124929, "y": 0.0142795, "v": 0.0240438 },
  "e": { "a": 0.121965, "r": 0.0254068, "n": 0.0671497, "d": 0.452174, "c": 0.0103489, "q": 0.176974, "g": 0.0725389, "h": 0.0238227, "i": 0.0203289, "l": 0.0150899, "k": 0.124133, "m": 0.0162575, "f": 0.010417, "p": 0.0502266, "s": 0.0599622, "t": 0.05941, "w": 0.00814376, "y": 0.0178622, "v": 0.0481136 },
  "g": { "a": 0.208074, "r": 0.011275, "n": 0.0521888, "d": 0.0585891, "c": 0.00712099, "q": 0.0110379, "e": 0.0364049, "h": 0.00632825, "i": 0.0131654, "l": 0.00864564, "k": 0.0171039, "m": 0.0119246, "f": 0.0065733, "p": 0.0305836, "s": 0.15316, "t": 0.0187176, "w": 0.00422975, "y": 0.00516082, "v": 0.0341688 },
  "h": { "a": 0.034619, "r": 0.110415, "n": 0.157994, "d": 0.0567436, "c": 0.0175679, "q": 0.293585, "e": 0.0346187, "g": 0.0174578, "i": 0.0198256, "l": 0.0427825, "k": 0.0600759, "m": 0.0202084, "f": 0.0240885, "p": 0.0368244, "s": 0.0897126, "t": 0.0447137, "w": 0.0137352, "y": 0.0615948, "v": 0.0205536 },
  "i": { "a": 0.0427799, "r": 0.0230975, "n": 0.0303534, "d": 0.021344, "c": 0.0247121, "q": 0.0190969, "e": 0.0238428, "g": 0.0317163, "h": 0.0215122, "l": 0.27426, "k": 0.0496495, "m": 0.10067, "f": 0.0478178, "p": 0.0379174, "s": 0.0324409, "t": 0.12576, "w": 0.0110539, "y": 0.0241829, "v": 0.886464 },
  "l": { "a": 0.0296287, "r": 0.0104763, "n": 0.00903092, "d": 0.010304, "c": 0.0111599, "q": 0.0251215, "e": 0.0106895, "g": 0.00895653, "h": 0.0193158, "i": 0.131724, "k": 0.016207, "m": 0.126212, "f": 0.0569354, "p": 0.0408798, "s": 0.0228244, "t": 0.0323969, "w": 0.00512707, "y": 0.015562, "v": 0.0842302 },
  "k": { "a": 0.0323889, "r": 0.204975, "n": 0.105672, "d": 0.0224922, "c": 0.00671459, "q": 0.0744967, "e": 0.0621807, "g": 0.0259262, "h": 0.0154302, "i": 0.0168943, "l": 0.00992242, "m": 0.0519221, "f": 0.00961981, "p": 0.0237446, "s": 0.0483507, "t": 0.0565327, "w": 0.00649287, "y": 0.00699492, "v": 0.0169017 },
  "m": { "a": 0.119457, "r": 0.0657104, "n": 0.0791496, "d": 0.0624679, "c": 0.0476723, "q": 0.086322, "e": 0.0699536, "g": 0.0782444, "h": 0.0568144, "i": 0.243609, "l": 0.512112, "k": 0.206218, "f": 0.0741196, "p": 0.0967654, "s": 0.0894153, "t": 0.210092, "w": 0.0303124, "y": 0.0643623, "v": 0.218073 },
  "f": { "a": 0.0232359, "r": 0.0267676, "n": 0.0167589, "d": 0.0153956, "c": 0.012705, "q": 0.013714, "e": 0.0255409, "g": 0.0153952, "h": 0.0281821, "i": 0.0549544, "l": 0.133295, "k": 0.0223891, "m": 0.0259081, "p": 0.0205406, "s": 0.0406527, "t": 0.0216767, "w": 0.0120224, "y": 0.222211, "v": 0.0302478 },
  "p": { "a": 0.165036, "r": 0.0395528, "n": 0.0314211, "d": 0.0200498, "c": 0.0172395, "q": 0.0543573, "e": 0.0389037, "g": 0.0515541, "h": 0.0246119, "i": 0.0246607, "l": 0.0247671, "k": 0.0468376, "m": 0.0188658, "f": 0.0107767, "s": 0.154185, "t": 0.0760359, "w": 0.0080137, "y": 0.00898155, "v": 0.0285202 },
  "s": { "a": 0.39406, "r": 0.0334469, "n": 0.196493, "d": 0.0943897, "c": 0.0224511, "q": 0.0425123, "e": 0.0427974, "g": 0.164034, "h": 0.0260011, "i": 0.0155737, "l": 0.0193988, "k": 0.0579889, "m": 0.0142678, "f": 0.0125905, "p": 0.0844228, "t": 0.33829, "w": 0.0080824, "y": 0.00953183, "v": 0.018707 },
  "t": { "a": 0.187323, "r": 0.0310941, "n": 0.0990275, "d": 0.0558273, "c": 0.0109405, "q": 0.0236161, "e": 0.0494524, "g": 0.0242698, "h": 0.0194039, "i": 0.0760815, "l": 0.0284298, "k": 0.0749599, "m": 0.034087, "f": 0.0123793, "p": 0.0543576, "s": 0.352175, "w": 0.00676066, "y": 0.0128121, "v": 0.12513 },
  "w": { "a": 0.0289405, "r": 0.156583, "n": 0.0234446, "d": 0.0202355, "c": 0.0179743, "q": 0.0303532, "e": 0.0214702, "g": 0.026588, "h": 0.06506, "i": 0.0206261, "l": 0.0639165, "k": 0.0484725, "m": 0.0234681, "f": 0.019856, "p": 0.0264593, "s": 0.069866, "t": 0.0263669, "y": 0.0382454, "v": 0.0199306 },
  "y": { "a": 0.0345102, "r": 0.0185879, "n": 0.0433363, "d": 0.0192378, "c": 0.0384528, "q": 0.0128891, "e": 0.0257955, "g": 0.0215983, "h": 0.0672885, "i": 0.0252329, "l": 0.0525603, "k": 0.0147815, "m": 0.0207793, "f": 0.259782, "p": 0.012389, "s": 0.0290247, "t": 0.0202888, "w": 0.0202386, "v": 0.0302961 },
  "v": { "a": 0.15891, "r": 0.0116651, "n": 0.0145955, "d": 0.0151144, "c": 0.0201101, "q": 0.010903, "e": 0.0208566, "g": 0.0260593, "h": 0.0106429, "i": 0.455303, "l": 0.108894, "k": 0.0231831, "m": 0.0378996, "f": 0.0220322, "p": 0.0347797, "s": 0.0180341, "t": 0.134755, "w": 0.00587172, "y": 0.0142336 }
 }
}
