{
 "alphabet": "arndcqeghilkmfpstwyv",
 "insrate": 0.00455388,
 "insextprob": 0.686275,
 "delrate": 0.00540641,
 "delextprob": 0.703125,
 "rootprob":
 {
  "a": 0.0782706,
  "r": 0.0532092,
  "n": 0.028133,
  "d": 0.0513995,
  "c": 0.0354177,
  "q": 0.0326331,
  "e": 0.0450255,
  "g": 0.0781032,
  "h": 0.0434349,
  "i": 0.0363638,
  "l": 0.0934759,
  "k": 0.0740159,
  "m": 0.0101965,
  "f": 0.0468331,
  "p": 0.0586082,
  "s": 0.0699944,
  "t": 0.0457324,
  "w": 0.015805,
  "y": 0.0353814,
  "v": 0.0679667
 },
 "subrate":
 {
  "a": { "r": 0.0316709, "n": 0.0283963, "d": 0.0509479, "c": 0.0199989, "q": 0.0267997, "e": 0.0573538, "g": 0.223438, "h": 0.0211119, "i": 0.0193379, "l": 0.0328603, "k": 0.0330349, "m": 0.0169968, "f": 0.00716306, "p": 0.0973346, "s": 0.323193, "t": 0.165414, "w": 0.00677951, "y": 0.00805606, "v": 0.135655 },
  "r": { "a": 0.0638075, "n": 0.048271, "d": 0.0255626, "c": 0.0100678, "q": 0.0681804, "e": 0.0268278, "g": 0.0317902, "h": 0.0558012, "i": 0.0309462, "l": 0.0212017, "k": 0.535151, "m": 0.0187164, "f": 0.00991991, "p": 0.0431681, "s": 0.0757344, "t": 0.0397298, "w": 0.0436593, "y": 0.0109518, "v": 0.0197115 },
  "n": { "a": 0.0633931, "r": 0.0477027, "d": 0.395227, "c": 0.0141847, "q": 0.0726455, "e": 0.0542073, "g": 0.182776, "h": 0.105887, "i": 0.0531701, "l": 0.0216011, "k": 0.16437, "m": 0.0257036, "f": 0.0136895, "p": 0.0361814, "s": 0.297401, "t": 0.165726, "w": 0.0168544, "y": 0.0182059, "v": 0.0425366 },
  "d": { "a": 0.0825831, "r": 0.0217118, "n": 0.291705, "c": 0.0102924, "q": 0.0505276, "e": 0.399835, "g": 0.171422, "h": 0.049375, "i": 0.0196715, "l": 0.0150845, "k": 0.0421241, "m": 0.0135851, "f": 0.01234, "p": 0.0268906, "s": 0.100182, "t": 0.0407591, "w": 0.009741, "y": 0.0106857, "v": 0.0214655 },
  "c": { "a": 0.0603853, "r": 0.0112881, "n": 0.013, "d": 0.014158, "q": 0.013307, "e": 0.0114682, "g": 0.0360202, "h": 0.0198709, "i": 0.0105631, "l": 0.0102098, "k": 0.0120245, "m": 0.011162, "f": 0.0104578, "p": 0.0397062, "s": 0.0688969, "t": 0.0160134, "w": 0.0131467, "y": 0.0671428, "v": 0.0116656 },
  "q": { "a": 0.0967933, "r": 0.0751667, "n": 0.0573446, "d": 0.0634931, "c": 0.0124148, "e": 0.304765, "g": 0.0280273, "h": 0.15281, "i": 0.0197362, "l": 0.0708032, "k": 0.15049, "m": 0.0239576, "f": 0.0109264, "p": 0.0912985, "s": 0.0821497, "t": 0.0618912, "w": 0.0173843, "y": 0.0134565, "v": 0.0198369 },
  "e": { "a": 0.120648, "r": 0.0207821, "n": 0.0391902, "d": 0.360733, "c": 0.00842843, "q": 0.224126, "g": 0.0777561, "h": 0.0201857, "i": 0.0168472, "l": 0.0217646, "k": 0.0878664, "m": 0.0146543, "f": 0.00925798, "p": 0.0290267, "s": 0.0550718, "t": 0.0385656, "w": 0.0103483, "y": 0.00941642, "v": 0.0287767 },
  "g": { "a": 0.116357, "r": 0.0122355, "n": 0.0719688, "d": 0.0886882, "c": 0.0057164, "q": 0.0131849, "e": 0.0396163, "h": 0.0124281, "i": 0.0112006, "l": 0.011445, "k": 0.0176942, "m": 0.0132813, "f": 0.00775497, "p": 0.0182715, "s": 0.14135, "t": 0.0269798, "w": 0.00560438, "y": 0.00609344, "v": 0.0211631 },
  "h": { "a": 0.0271329, "r": 0.0736434, "n": 0.126104, "d": 0.0490097, "c": 0.0114474, "q": 0.342047, "e": 0.0512397, "g": 0.0318126, "i": 0.0174816, "l": 0.0460516, "k": 0.0699243, "m": 0.0177471, "f": 0.0127334, "p": 0.0493332, "s": 0.0451669, "t": 0.0260243, "w": 0.017706, "y": 0.0481608, "v": 0.0202527 },
  "i": { "a": 0.0480098, "r": 0.0283279, "n": 0.0386479, "d": 0.0355036, "c": 0.0186533, "q": 0.0279723, "e": 0.0221515, "g": 0.0335838, "h": 0.0238547, "l": 0.381419, "k": 0.0394175, "m": 0.0885795, "f": 0.0458273, "p": 0.0273277, "s": 0.0338272, "t": 0.112248, "w": 0.0164469, "y": 0.0226568, "v": 0.885955 },
  "l": { "a": 0.0638278, "r": 0.00808519, "n": 0.0102435, "d": 0.0129705, "c": 0.00979106, "q": 0.0275758, "e": 0.00905651, "g": 0.00776381, "h": 0.0149141, "i": 0.169451, "k": 0.0230716, "m": 0.123568, "f": 0.0496762, "p": 0.016906, "s": 0.0173424, "t": 0.0366431, "w": 0.00939128, "y": 0.0153669, "v": 0.112315 },
  "k": { "a": 0.027258, "r": 0.203089, "n": 0.0793005, "d": 0.0197669, "c": 0.00679125, "q": 0.0551063, "e": 0.0572686, "g": 0.0258571, "h": 0.0219648, "i": 0.0135577, "l": 0.014129, "m": 0.022602, "f": 0.00590546, "p": 0.0443878, "s": 0.0435581, "t": 0.0878237, "w": 0.0071202, "y": 0.00975614, "v": 0.0128208 },
  "m": { "a": 0.150806, "r": 0.0650901, "n": 0.0730132, "d": 0.0714255, "c": 0.0531958, "q": 0.103573, "e": 0.06908, "g": 0.0652662, "h": 0.0626389, "i": 0.232945, "l": 0.649061, "k": 0.24333, "f": 0.0920314, "p": 0.0802444, "s": 0.0793321, "t": 0.228256, "w": 0.0518236, "y": 0.0531356, "v": 0.185848 },
  "f": { "a": 0.0401968, "r": 0.0141177, "n": 0.014901, "d": 0.0110279, "c": 0.0153253, "q": 0.013172, "e": 0.0102383, "g": 0.00999931, "h": 0.0270035, "i": 0.0651149, "l": 0.175002, "k": 0.0175641, "m": 0.0397696, "p": 0.0166607, "s": 0.0151374, "t": 0.0251223, "w": 0.0152976, "y": 0.142536, "v": 0.0249354 },
  "p": { "a": 0.164901, "r": 0.0338873, "n": 0.034377, "d": 0.0491834, "c": 0.0130147, "q": 0.0512924, "e": 0.0477852, "g": 0.0370436, "h": 0.0313354, "i": 0.0239317, "l": 0.0550072, "k": 0.0555234, "m": 0.017804, "f": 0.0090157, "s": 0.203568, "t": 0.0660272, "w": 0.00934773, "y": 0.0108431, "v": 0.0274824 },
  "s": { "a": 0.358686, "r": 0.0463056, "n": 0.157505, "d": 0.0987419, "c": 0.0159167, "q": 0.0302768, "e": 0.0387678, "g": 0.164783, "h": 0.0256626, "i": 0.0166161, "l": 0.0199875, "k": 0.0475323, "m": 0.0131613, "f": 0.00648636, "p": 0.158153, "t": 0.309252, "w": 0.0132093, "y": 0.00824109, "v": 0.0163629 },
  "t": { "a": 0.21136, "r": 0.0285285, "n": 0.115637, "d": 0.0530151, "c": 0.0119289, "q": 0.0399251, "e": 0.0419457, "g": 0.0307183, "h": 0.0193502, "i": 0.0789668, "l": 0.034254, "k": 0.0933028, "m": 0.0306326, "f": 0.00837923, "p": 0.0628619, "s": 0.367382, "w": 0.0105618, "y": 0.0144125, "v": 0.123018 },
  "w": { "a": 0.0509185, "r": 0.059645, "n": 0.0550957, "d": 0.0530733, "c": 0.0511697, "q": 0.0518513, "e": 0.0618186, "g": 0.0445535, "h": 0.0611642, "i": 0.045356, "l": 0.0633494, "k": 0.0563783, "m": 0.062177, "f": 0.130266, "p": 0.0469784, "s": 0.135832, "t": 0.0771605, "y": 0.0535145, "v": 0.0438838 },
  "y": { "a": 0.0255814, "r": 0.0138377, "n": 0.0251979, "d": 0.0152029, "c": 0.0284027, "q": 0.0138841, "e": 0.0161957, "g": 0.0206021, "h": 0.0210121, "i": 0.0421937, "l": 0.0279353, "k": 0.0130113, "m": 0.0152282, "f": 0.23144, "p": 0.0209373, "s": 0.0226995, "t": 0.0258484, "w": 0.0140958, "v": 0.0164391 },
  "v": { "a": 0.250563, "r": 0.019724, "n": 0.0193576, "d": 0.0255802, "c": 0.0171929, "q": 0.0223112, "e": 0.0176967, "g": 0.0436779, "h": 0.0205466, "i": 0.484572, "l": 0.123643, "k": 0.0256351, "m": 0.0314062, "f": 0.0232761, "p": 0.0190527, "s": 0.0219897, "t": 0.142996, "w": 0.0102308, "y": 0.0159875 }
 }
}
