{
 "alphabet": "arndcqeghilkmfpstwyv",
 "insrate": 0.00470719,
 "insextprob": 0.46875,
 "delrate": 0.00332483,
 "delextprob": 0.684211,
 "rootprob":
 {
  "a": 0.107123,
  "r": 0.0382907,
  "n": 0.0497872,
  "d": 0.0405126,
  "c": 0.0258237,
  "q": 0.0344252,
  "e": 0.055405,
  "g": 0.0933192,
  "h": 0.0334332,
  "i": 0.0299487,
  "l": 0.0817411,
  "k": 0.0765587,
  "m": 0.0145734,
  "f": 0.0485635,
  "p": 0.0348699,
  "s": 0.0802886,
  "t": 0.0438868,
  "w": 0.0203337,
  "y": 0.0317671,
  "v": 0.0593491
 },
 "subrate":
 {
  "a": { "r": 0.01054, "n": 0.0210521, "d": 0.0446202, "c": 0.0179392, "q": 0.0412575, "e": 0.083163, "g": 0.173532, "h": 0.0129755, "i": 0.021133, "l": 0.0357298, "k": 0.0377759, "m": 0.0196059, "f": 0.0133818, "p": 0.0789253, "s": 0.285999, "t": 0.168686, "w": 0.00374819, "y": 0.0114144, "v": 0.130784 },
  "r": { "a": 0.0234041, "n": 0.0464185, "d": 0.0183395, "c": 0.0104341, "q": 0.0815591, "e": 0.0255815, "g": 0.0197961, "h": 0.0819834, "i": 0.0171063, "l": 0.0187081, "k": 0.39376, "m": 0.0311709, "f": 0.0151169, "p": 0.0640137, "s": 0.0739189, "t": 0.0708143, "w": 0.0268738, "y": 0.0112344, "v": 0.0194887 },
  "n": { "a": 0.059843, "r": 0.0431666, "d": 0.289904, "c": 0.0150616, "q": 0.0904109, "e": 0.0616957, "g": 0.134929, "h": 0.199555, "i": 0.0306106, "l": 0.0190664, "k": 0.154247, "m": 0.0245575, "f": 0.0186023, "p": 0.028116, "s": 0.237845, "t": 0.167624, "w": 0.0112127, "y": 0.0236223, "v": 0.0261581 },
  "d": { "a": 0.0774625, "r": 0.0231626, "n": 0.286369, "c": 0.0109548, "q": 0.0425134, "e": 0.432252, "g": 0.107338, "h": 0.0510121, "i": 0.0150706, "l": 0.0168507, "k": 0.0522264, "m": 0.0186518, "f": 0.0121247, "p": 0.0388578, "s": 0.0732025, "t": 0.0506959, "w": 0.00729627, "y": 0.0172501, "v": 0.0232463 },
  "c": { "a": 0.0900975, "r": 0.0161259, "n": 0.0273041, "d": 0.0250788, "q": 0.0198758, "e": 0.0191995, "g": 0.0379251, "h": 0.0197213, "i": 0.0226406, "l": 0.0208829, "k": 0.0185263, "m": 0.0188909, "f": 0.0180961, "p": 0.0222663, "s": 0.100618, "t": 0.0259564, "w": 0.0129692, "y": 0.0222768, "v": 0.0818228 },
  "q": { "a": 0.0960864, "r": 0.0821421, "n": 0.132251, "d": 0.0597065, "c": 0.0239119, "e": 0.275394, "g": 0.0435876, "h": 0.166198, "i": 0.0234077, "l": 0.051962, "k": 0.155955, "m": 0.043332, "f": 0.0146275, "p": 0.0637316, "s": 0.0658498, "t": 0.0622491, "w": 0.0102294, "y": 0.0185121, "v": 0.0310002 },
  "e": { "a": 0.129969, "r": 0.02677, "n": 0.0674467, "d": 0.470714, "c": 0.0122024, "q": 0.244537, "g": 0.0635778, "h": 0.0410614, "i": 0.0214329, "l": 0.0181914, "k": 0.114909, "m": 0.0190104, "f": 0.0113605, "p": 0.0315748, "s": 0.0388415, "t": 0.0398798, "w": 0.00688357, "y": 0.0161182, "v": 0.0456965 },
  "g": { "a": 0.205672, "r": 0.0146446, "n": 0.0560971, "d": 0.0460279, "c": 0.0062711, "q": 0.0133605, "e": 0.0611961, "h": 0.00825301, "i": 0.00974253, "l": 0.0170174, "k": 0.021869, "m": 0.0129831, "f": 0.00598795, "p": 0.0245222, "s": 0.197559, "t": 0.0304398, "w": 0.00383981, "y": 0.00766476, "v": 0.0163172 },
  "h": { "a": 0.0363776, "r": 0.0821784, "n": 0.164534, "d": 0.0733595, "c": 0.0165714, "q": 0.298569, "e": 0.0365678, "g": 0.0233016, "i": 0.0304389, "l": 0.0359727, "k": 0.0429408, "m": 0.020395, "f": 0.0209437, "p": 0.0536987, "s": 0.0643634, "t": 0.0492956, "w": 0.0128804, "y": 0.0518614, "v": 0.0210503 },
  "i": { "a": 0.0380114, "r": 0.0156233, "n": 0.0260853, "d": 0.0215823, "c": 0.0157845, "q": 0.020944, "e": 0.0243228, "g": 0.016036, "h": 0.0255934, "l": 0.371957, "k": 0.0345703, "m": 0.078732, "f": 0.0524071, "p": 0.0234568, "s": 0.0277721, "t": 0.0700392, "w": 0.0104865, "y": 0.0175043, "v": 0.734997 },
  "l": { "a": 0.033377, "r": 0.0106287, "n": 0.012979, "d": 0.00974436, "c": 0.00709758, "q": 0.0261849, "e": 0.0105161, "g": 0.0135797, "h": 0.0130386, "i": 0.137233, "k": 0.0252762, "m": 0.124976, "f": 0.0513615, "p": 0.0309048, "s": 0.0179017, "t": 0.0163287, "w": 0.0103626, "y": 0.0153487, "v": 0.0869649 },
  "k": { "a": 0.0442977, "r": 0.217436, "n": 0.10013, "d": 0.0147005, "c": 0.00596325, "q": 0.095771, "e": 0.0560304, "g": 0.0288062, "h": 0.0230371, "i": 0.0173563, "l": 0.0136003, "m": 0.0299493, "f": 0.00636123, "p": 0.0269222, "s": 0.0559029, "t": 0.0862928, "w": 0.00869908, "y": 0.00597376, "v": 0.0159945 },
  "m": { "a": 0.13472, "r": 0.0618117, "n": 0.109031, "d": 0.0916214, "c": 0.042156, "q": 0.11619, "e": 0.0710522, "g": 0.0843196, "h": 0.0622125, "i": 0.225214, "l": 0.724823, "k": 0.127415, "f": 0.0895385, "p": 0.0729356, "s": 0.0844706, "t": 0.147259, "w": 0.0365692, "y": 0.0502952, "v": 0.164709 },
  "f": { "a": 0.0189257, "r": 0.0137152, "n": 0.0144328, "d": 0.013713, "c": 0.0267341, "q": 0.0108768, "e": 0.0113848, "g": 0.0461907, "h": 0.0339517, "i": 0.0696063, "l": 0.118431, "k": 0.0179473, "m": 0.019303, "p": 0.0125676, "s": 0.0288031, "t": 0.0208219, "w": 0.00975086, "y": 0.230758, "v": 0.0505805 },
  "p": { "a": 0.19754, "r": 0.0302146, "n": 0.0277708, "d": 0.0515146, "c": 0.0226227, "q": 0.0675322, "e": 0.051074, "g": 0.0359525, "h": 0.0648332, "i": 0.024391, "l": 0.041907, "k": 0.0406966, "m": 0.0326494, "f": 0.0156247, "s": 0.114811, "t": 0.066211, "w": 0.0085845, "y": 0.0166606, "v": 0.0263278 },
  "s": { "a": 0.33872, "r": 0.0281596, "n": 0.141496, "d": 0.0732654, "c": 0.029226, "q": 0.0325165, "e": 0.0296715, "g": 0.159996, "h": 0.0256829, "i": 0.0161531, "l": 0.0199476, "k": 0.0663697, "m": 0.0183404, "f": 0.0126366, "p": 0.106354, "t": 0.385933, "w": 0.00472302, "y": 0.012793, "v": 0.0155201 },
  "t": { "a": 0.191838, "r": 0.0182593, "n": 0.088434, "d": 0.0364647, "c": 0.0112971, "q": 0.0315722, "e": 0.0351176, "g": 0.0370198, "h": 0.0273202, "i": 0.0508541, "l": 0.0272957, "k": 0.0920463, "m": 0.0319736, "f": 0.0117569, "p": 0.0711419, "s": 0.411388, "w": 0.00581702, "y": 0.0117964, "v": 0.094279 },
  "w": { "a": 0.0170036, "r": 0.0700582, "n": 0.0247968, "d": 0.0165403, "c": 0.0155393, "q": 0.016912, "e": 0.0162175, "g": 0.0162423, "h": 0.0180293, "i": 0.0177622, "l": 0.0273176, "k": 0.0271301, "m": 0.019807, "f": 0.0753149, "p": 0.0214172, "s": 0.0406603, "t": 0.017875, "y": 0.0163275, "v": 0.0182572 },
  "y": { "a": 0.01601, "r": 0.0141727, "n": 0.0172378, "d": 0.0179945, "c": 0.0554241, "q": 0.0121501, "e": 0.0121181, "g": 0.0187763, "h": 0.0325188, "i": 0.028187, "l": 0.0178897, "k": 0.0125296, "m": 0.0129031, "f": 0.305093, "p": 0.0123433, "s": 0.0180619, "t": 0.0251958, "w": 0.00953211, "v": 0.0249977 },
  "v": { "a": 0.18131, "r": 0.0111197, "n": 0.0145063, "d": 0.0198284, "c": 0.022009, "q": 0.0161339, "e": 0.0483023, "g": 0.0131573, "h": 0.0153003, "i": 0.552962, "l": 0.134032, "k": 0.022022, "m": 0.0330545, "f": 0.0233399, "p": 0.0219423, "s": 0.019167, "t": 0.0887538, "w": 0.006723, "y": 0.0145344 }
 }
}
