{
 "alphabet": "arndcqeghilkmfpstwyv",
 "insrate": 0.00450772,
 "insextprob": 0.673469,
 "delrate": 0.00535099,
 "delextprob": 0.817308,
 "rootprob":
 {
  "a": 0.0930477,
  "r": 0.0399504,
  "n": 0.0310186,
  "d": 0.0532015,
  "c": 0.0436797,
  "q": 0.0433033,
  "e": 0.0443208,
  "g": 0.0872692,
  "h": 0.0307713,
  "i": 0.0447227,
  "l": 0.0511363,
  "k": 0.0917283,
  "m": 0.0208008,
  "f": 0.0278453,
  "p": 0.0698384,
  "s": 0.073927,
  "t": 0.0406019,
  "w": 0.00841421,
  "y": 0.0405048,
  "v": 0.0639178
 },
 "subrate":
 {
  "a": { "r": 0.0212791, "n": 0.0233254, "d": 0.037236, "c": 0.0194213, "q": 0.0355179, "e": 0.107678, "g": 0.173708, "h": 0.0108087, "i": 0.0150662, "l": 0.0142728, "k": 0.0404185, "m": 0.0136779, "f": 0.0143515, "p": 0.0972579, "s": 0.325781, "t": 0.16831, "w": 0.00519849, "y": 0.0102299, "v": 0.170275 },
  "r": { "a": 0.0513416, "n": 0.0442156, "d": 0.0372409, "c": 0.0375866, "q": 0.0947973, "e": 0.0387051, "g": 0.0565185, "h": 0.115821, "i": 0.0230486, "l": 0.0290716, "k": 0.346032, "m": 0.0526872, "f": 0.0141832, "p": 0.0364589, "s": 0.0732046, "t": 0.0417, "w": 0.0192285, "y": 0.0128266, "v": 0.0359034 },
  "n": { "a": 0.0651139, "r": 0.0450153, "d": 0.338486, "c": 0.0169979, "q": 0.0749164, "e": 0.07534, "g": 0.0973323, "h": 0.0886242, "i": 0.0374934, "l": 0.0197045, "k": 0.237607, "m": 0.0201132, "f": 0.0126057, "p": 0.02913, "s": 0.245567, "t": 0.105228, "w": 0.0145745, "y": 0.0242542, "v": 0.0261363 },
  "d": { "a": 0.068292, "r": 0.0180869, "n": 0.288843, "c": 0.0121508, "q": 0.0650118, "e": 0.392441, "g": 0.097501, "h": 0.0321321, "i": 0.0175455, "l": 0.0127069, "k": 0.0341866, "m": 0.0154507, "f": 0.00957962, "p": 0.0434464, "s": 0.100687, "t": 0.0591607, "w": 0.0124358, "y": 0.0157635, "v": 0.0171475 },
  "c": { "a": 0.0266178, "r": 0.0189658, "n": 0.0188344, "d": 0.0121176, "q": 0.0122455, "e": 0.0145548, "g": 0.0308212, "h": 0.00948174, "i": 0.0389734, "l": 0.0107098, "k": 0.0169976, "m": 0.0126227, "f": 0.0191449, "p": 0.0156426, "s": 0.107945, "t": 0.0223148, "w": 0.00892238, "y": 0.0300628, "v": 0.0320559 },
  "q": { "a": 0.0856895, "r": 0.141559, "n": 0.0990481, "d": 0.0589, "c": 0.0130434, "e": 0.298836, "g": 0.0680176, "h": 0.11251, "i": 0.0241176, "l": 0.0295355, "k": 0.161465, "m": 0.0278474, "f": 0.0133873, "p": 0.0653626, "s": 0.0748011, "t": 0.0850814, "w": 0.0149544, "y": 0.0150716, "v": 0.0277441 },
  "e": { "a": 0.169661, "r": 0.0399215, "n": 0.0628984, "d": 0.372188, "c": 0.0114713, "q": 0.275102, "g": 0.0548754, "h": 0.0239621, "i": 0.0154974, "l": 0.0120929, "k": 0.138957, "m": 0.0164943, "f": 0.00919538, "p": 0.0453943, "s": 0.0508571, "t": 0.0549127, "w": 0.0139674, "y": 0.0104595, "v": 0.026725 },
  "g": { "a": 0.222681, "r": 0.0168996, "n": 0.0683414, "d": 0.0360943, "c": 0.0128701, "q": 0.0140476, "e": 0.0430074, "h": 0.0112163, "i": 0.00991268, "l": 0.0112066, "k": 0.0204358, "m": 0.0157403, "f": 0.00842349, "p": 0.0213296, "s": 0.204916, "t": 0.0276507, "w": 0.00547259, "y": 0.00609162, "v": 0.0298506 },
  "h": { "a": 0.0332726, "r": 0.0867211, "n": 0.140969, "d": 0.071396, "c": 0.0173757, "q": 0.161581, "e": 0.0385114, "g": 0.0285813, "i": 0.0270726, "l": 0.051592, "k": 0.0506688, "m": 0.0338135, "f": 0.0418421, "p": 0.106116, "s": 0.0420569, "t": 0.0450677, "w": 0.0174539, "y": 0.0289617, "v": 0.0452057 },
  "i": { "a": 0.0445354, "r": 0.0192128, "n": 0.0315292, "d": 0.0219372, "c": 0.0208859, "q": 0.0194859, "e": 0.0302773, "g": 0.0231097, "h": 0.0275038, "l": 0.288211, "k": 0.0364393, "m": 0.0873976, "f": 0.042861, "p": 0.0299835, "s": 0.0222849, "t": 0.0775511, "w": 0.0129872, "y": 0.0208271, "v": 0.804852 },
  "l": { "a": 0.0340968, "r": 0.00851777, "n": 0.0133063, "d": 0.0113319, "c": 0.0072812, "q": 0.0105133, "e": 0.00910689, "g": 0.00892047, "h": 0.0131864, "i": 0.120347, "k": 0.026144, "m": 0.0828516, "f": 0.041755, "p": 0.0274497, "s": 0.0162358, "t": 0.0148331, "w": 0.00938192, "y": 0.0131626, "v": 0.13249 },
  "k": { "a": 0.0414569, "r": 0.196218, "n": 0.11338, "d": 0.0342855, "c": 0.00867719, "q": 0.0706915, "e": 0.0839151, "g": 0.0239042, "h": 0.0164325, "i": 0.0118588, "l": 0.013719, "m": 0.0545309, "f": 0.00611698, "p": 0.0187767, "s": 0.0392361, "t": 0.0431142, "w": 0.00604799, "y": 0.00846849, "v": 0.0159771 },
  "m": { "a": 0.0888827, "r": 0.0441788, "n": 0.0447075, "d": 0.037108, "c": 0.0286255, "q": 0.0437439, "e": 0.0516537, "g": 0.0558287, "h": 0.047801, "i": 0.174482, "l": 0.355292, "k": 0.114188, "f": 0.0350024, "p": 0.0435957, "s": 0.0450377, "t": 0.110201, "w": 0.0244999, "y": 0.03832, "v": 0.136131 },
  "f": { "a": 0.0304102, "r": 0.0147104, "n": 0.0170591, "d": 0.0193128, "c": 0.0333855, "q": 0.0137703, "e": 0.0151841, "g": 0.0134817, "h": 0.0257061, "i": 0.103532, "l": 0.149317, "k": 0.0263639, "m": 0.0170834, "p": 0.0160157, "s": 0.0294486, "t": 0.0221948, "w": 0.0170396, "y": 0.259215, "v": 0.0553021 },
  "p": { "a": 0.175544, "r": 0.0453528, "n": 0.0496612, "d": 0.025745, "c": 0.0129683, "q": 0.0569599, "e": 0.0646463, "g": 0.0252376, "h": 0.022558, "i": 0.0234447, "l": 0.0253272, "k": 0.0382567, "m": 0.0102211, "f": 0.00939046, "s": 0.112836, "t": 0.0394989, "w": 0.00776497, "y": 0.00998935, "v": 0.0316402 },
  "s": { "a": 0.40769, "r": 0.0367985, "n": 0.167124, "d": 0.0710632, "c": 0.0367434, "q": 0.0404582, "e": 0.0453915, "g": 0.183814, "h": 0.0193416, "i": 0.0129935, "l": 0.0141169, "k": 0.0677008, "m": 0.010704, "f": 0.0177764, "p": 0.115069, "t": 0.340613, "w": 0.00736976, "y": 0.0121962, "v": 0.0202846 },
  "t": { "a": 0.206064, "r": 0.0291303, "n": 0.0733488, "d": 0.0381053, "c": 0.021134, "q": 0.0491112, "e": 0.0537302, "g": 0.0332081, "h": 0.0210933, "i": 0.0804619, "l": 0.0170838, "k": 0.0975746, "m": 0.0284099, "f": 0.0128719, "p": 0.0471254, "s": 0.365508, "w": 0.00890054, "y": 0.0166454, "v": 0.152506 },
  "w": { "a": 0.060776, "r": 0.128617, "n": 0.0734488, "d": 0.0553939, "c": 0.0471905, "q": 0.0785448, "e": 0.0566693, "g": 0.0543606, "h": 0.146691, "i": 0.0546493, "l": 0.100217, "k": 0.0591882, "m": 0.0518456, "f": 0.0591506, "p": 0.0530775, "s": 0.0924805, "t": 0.0599109, "y": 0.0637374, "v": 0.0601204 },
  "y": { "a": 0.02192, "r": 0.0109389, "n": 0.0257095, "d": 0.0208303, "c": 0.0459971, "q": 0.0117876, "e": 0.0268226, "g": 0.0106188, "h": 0.0440058, "i": 0.0164318, "l": 0.0273341, "k": 0.0215721, "m": 0.0117418, "f": 0.305557, "p": 0.0104844, "s": 0.0299203, "t": 0.0197331, "w": 0.022379, "v": 0.0191644 },
  "v": { "a": 0.259913, "r": 0.0153533, "n": 0.0184439, "d": 0.0133484, "c": 0.0273285, "q": 0.0169513, "e": 0.0404693, "g": 0.023678, "h": 0.0218613, "i": 0.56501, "l": 0.111056, "k": 0.0261951, "m": 0.0431868, "f": 0.0162116, "p": 0.0219676, "s": 0.0201882, "t": 0.131892, "w": 0.00845678, "y": 0.0189986 }
 }
}
