{
 "alphabet": "arndcqeghilkmfpstwyv",
 "insrate": 0.00339885,
 "insextprob": 0.744681,
 "delrate": 0.00509596,
 "delextprob": 0.617021,
 "rootprob":
 {
  "a": 0.0801669,
  "r": 0.0438887,
  "n": 0.0364983,
  "d": 0.0382959,
  "c": 0.0327057,
  "q": 0.0396012,
  "e": 0.0476495,
  "g": 0.0950692,
  "h": 0.0396203,
  "i": 0.0295565,
  "l": 0.096051,
  "k": 0.0741842,
  "m": 0.0212518,
  "f": 0.0489564,
  "p": 0.0620489,
  "s": 0.0760907,
  "t": 0.0452384,
  "w": 0.0115142,
  "y": 0.0343405,
  "v": 0.0472718
 },
 "subrate":
 {
  "a": { "r": 0.0382482, "n": 0.0222828, "d": 0.0288216, "c": 0.0159245, "q": 0.0513081, "e": 0.0749765, "g": 0.168282, "h": 0.0227087, "i": 0.0145673, "l": 0.024493, "k": 0.0418069, "m": 0.0214494, "f": 0.00859824, "p": 0.0544118, "s": 0.319021, "t": 0.148923, "w": 0.0059051, "y": 0.011511, "v": 0.194521 },
  "r": { "a": 0.0659631, "n": 0.0440657, "d": 0.0170381, "c": 0.0260452, "q": 0.0506839, "e": 0.0300094, "g": 0.0306859, "h": 0.081645, "i": 0.0218395, "l": 0.0246976, "k": 0.413971, "m": 0.0201179, "f": 0.00946812, "p": 0.0244186, "s": 0.0789055, "t": 0.0547018, "w": 0.045941, "y": 0.0153415, "v": 0.0352347 },
  "n": { "a": 0.0572254, "r": 0.0369278, "d": 0.286662, "c": 0.0121473, "q": 0.0794286, "e": 0.0942651, "g": 0.116569, "h": 0.10171, "i": 0.0316124, "l": 0.0182045, "k": 0.130087, "m": 0.0180301, "f": 0.0147634, "p": 0.0250702, "s": 0.235232, "t": 0.119167, "w": 0.0125379, "y": 0.0159092, "v": 0.0298688 },
  "d": { "a": 0.0870879, "r": 0.0131734, "n": 0.254817, "c": 0.010768, "q": 0.0577908, "e": 0.390996, "g": 0.0767596, "h": 0.0254839, "i": 0.0141794, "l": 0.0112646, "k": 0.0290313, "m": 0.0180187, "f": 0.00997513, "p": 0.0368132, "s": 0.0688114, "t": 0.0396349, "w": 0.00973546, "y": 0.0157107, "v": 0.0200842 },
  "c": { "a": 0.0478551, "r": 0.0136863, "n": 0.0132798, "d": 0.0135022, "q": 0.0139419, "e": 0.0155182, "g": 0.027929, "h": 0.0137826, "i": 0.0248247, "l": 0.0141938, "k": 0.0131348, "m": 0.0126862, "f": 0.0108789, "p": 0.0395695, "s": 0.0897022, "t": 0.0200317, "w": 0.0118817, "y": 0.0264826, "v": 0.0537495 },
  "q": { "a": 0.0913997, "r": 0.0639548, "n": 0.0927506, "d": 0.0702997, "c": 0.0122677, "e": 0.392983, "g": 0.0411355, "h": 0.157035, "i": 0.0223819, "l": 0.0510351, "k": 0.212388, "m": 0.0447392, "f": 0.0160414, "p": 0.0635567, "s": 0.0725202, "t": 0.052305, "w": 0.0147184, "y": 0.0168158, "v": 0.032983 },
  "e": { "a": 0.15191, "r": 0.0223137, "n": 0.0834336, "d": 0.404076, "c": 0.00908962, "q": 0.23637, "g": 0.0486559, "h": 0.0296905, "i": 0.0129715, "l": 0.0138336, "k": 0.0983722, "m": 0.0196735, "f": 0.00832554, "p": 0.0364123, "s": 0.0588311, "t": 0.0572296, "w": 0.00938801, "y": 0.0135288, "v": 0.0210874 },
  "g": { "a": 0.186104, "r": 0.0132341, "n": 0.0580994, "d": 0.0680528, "c": 0.00487605, "q": 0.0219475, "e": 0.0331443, "h": 0.0071504, "i": 0.00735934, "l": 0.0071375, "k": 0.0232316, "m": 0.00661682, "f": 0.00752451, "p": 0.0321018, "s": 0.140157, "t": 0.0198714, "w": 0.00491413, "y": 0.00649468, "v": 0.023511 },
  "h": { "a": 0.0442555, "r": 0.0979953, "n": 0.131472, "d": 0.0339256, "c": 0.018083, "q": 0.164178, "e": 0.0469837, "g": 0.0212465, "i": 0.0184415, "l": 0.0353832, "k": 0.0657988, "m": 0.018727, "f": 0.0156383, "p": 0.0489284, "s": 0.0541874, "t": 0.0316212, "w": 0.0131051, "y": 0.0393509, "v": 0.0453979 },
  "i": { "a": 0.0442023, "r": 0.0260559, "n": 0.0332439, "d": 0.0335318, "c": 0.015958, "q": 0.0367334, "e": 0.0206345, "g": 0.0271672, "h": 0.0226005, "l": 0.316369, "k": 0.0654802, "m": 0.0857486, "f": 0.0704442, "p": 0.0300169, "s": 0.0329232, "t": 0.0856166, "w": 0.0205138, "y": 0.0191626, "v": 0.786198 },
  "l": { "a": 0.0394491, "r": 0.0139847, "n": 0.0145625, "d": 0.00902846, "c": 0.00454742, "q": 0.0412899, "e": 0.0122955, "g": 0.0124105, "h": 0.0132133, "i": 0.122942, "k": 0.0375305, "m": 0.116971, "f": 0.0607122, "p": 0.017592, "s": 0.0195813, "t": 0.0231736, "w": 0.00599284, "y": 0.00585946, "v": 0.0752904 },
  "k": { "a": 0.0374586, "r": 0.206946, "n": 0.0739134, "d": 0.0220696, "c": 0.00745989, "q": 0.0782922, "e": 0.0822235, "g": 0.0405299, "h": 0.0376159, "i": 0.021577, "l": 0.0153437, "m": 0.0341807, "f": 0.00578834, "p": 0.0233058, "s": 0.0659455, "t": 0.0587427, "w": 0.00722314, "y": 0.00894388, "v": 0.0278886 },
  "m": { "a": 0.141619, "r": 0.0659484, "n": 0.04447, "d": 0.0450654, "c": 0.0223495, "q": 0.117089, "e": 0.0637979, "g": 0.0378921, "h": 0.0422394, "i": 0.164607, "l": 0.466643, "k": 0.183253, "f": 0.0731295, "p": 0.0495561, "s": 0.04618, "t": 0.0806766, "w": 0.0262048, "y": 0.0342423, "v": 0.0908744 },
  "f": { "a": 0.0172722, "r": 0.0107784, "n": 0.0158394, "d": 0.00957577, "c": 0.00826947, "q": 0.0124439, "e": 0.0082465, "g": 0.0213553, "h": 0.0221952, "i": 0.0386133, "l": 0.117032, "k": 0.0104012, "m": 0.0114939, "p": 0.00888528, "s": 0.0152893, "t": 0.0118224, "w": 0.0209762, "y": 0.216347, "v": 0.0215038 },
  "p": { "a": 0.191371, "r": 0.0995598, "n": 0.0162544, "d": 0.0248959, "c": 0.0136088, "q": 0.0438515, "e": 0.0429117, "g": 0.0320134, "h": 0.0258705, "i": 0.0136087, "l": 0.034684, "k": 0.0481031, "m": 0.0135419, "f": 0.0194927, "s": 0.177478, "t": 0.0720653, "w": 0.0101459, "y": 0.0127574, "v": 0.03321 },
  "s": { "a": 0.446576, "r": 0.0572815, "n": 0.155526, "d": 0.0743781, "c": 0.0249108, "q": 0.044378, "e": 0.0694002, "g": 0.136187, "h": 0.0320759, "i": 0.0140684, "l": 0.018641, "k": 0.0734001, "m": 0.013423, "f": 0.00951091, "p": 0.102279, "t": 0.345982, "w": 0.00851968, "y": 0.0107043, "v": 0.0206185 },
  "t": { "a": 0.262548, "r": 0.0414867, "n": 0.0884712, "d": 0.0430158, "c": 0.0186565, "q": 0.0473123, "e": 0.0513735, "g": 0.0391777, "h": 0.0321086, "i": 0.0712718, "l": 0.0500484, "k": 0.118472, "m": 0.0366529, "f": 0.0117157, "p": 0.0396649, "s": 0.424875, "w": 0.0125675, "y": 0.0125016, "v": 0.171786 },
  "w": { "a": 0.0615313, "r": 0.160722, "n": 0.0632667, "d": 0.0559003, "c": 0.051943, "q": 0.0629899, "e": 0.0569188, "g": 0.0549701, "h": 0.0930688, "i": 0.0669951, "l": 0.0754451, "k": 0.0839762, "m": 0.0578938, "f": 0.0739426, "p": 0.082921, "s": 0.0613437, "t": 0.0641782, "y": 0.074162, "v": 0.060612 },
  "y": { "a": 0.0453115, "r": 0.0229324, "n": 0.0320788, "d": 0.0152105, "c": 0.0237271, "q": 0.0220932, "e": 0.0187942, "g": 0.0183225, "h": 0.0503596, "i": 0.0233264, "l": 0.046661, "k": 0.0360825, "m": 0.0177967, "f": 0.42188, "p": 0.0171097, "s": 0.0258496, "t": 0.0182954, "w": 0.0186689, "v": 0.0288111 },
  "v": { "a": 0.207169, "r": 0.0166648, "n": 0.0151698, "d": 0.0238631, "c": 0.0120519, "q": 0.0200956, "e": 0.0146384, "g": 0.0231225, "h": 0.0138382, "i": 0.441294, "l": 0.109414, "k": 0.0266547, "m": 0.0253825, "f": 0.0180437, "p": 0.0380889, "s": 0.0215511, "t": 0.0952191, "w": 0.00841704, "y": 0.0098043 }
 }
}
