{
 "alphabet": "arndcqeghilkmfpstwyv",
 "insrate": 0.00530133,
 "insextprob": 0.644068,
 "delrate": 0.00454339,
 "delextprob": 0.797753,
 "rootprob":
 {
  "a": 0.0686983,
  "r": 0.0350421,
  "n": 0.0561918,
  "d": 0.0369835,
  "c": 0.0247611,
  "q": 0.0632139,
  "e": 0.0508441,
  "g": 0.0662111,
  "h": 0.0475568,
  "i": 0.0352246,
  "l": 0.0829525,
  "k": 0.07117,
  "m": 0.0142493,
  "f": 0.0290409,
  "p": 0.0656689,
  "s": 0.0571032,
  "t": 0.0639283,
  "w": 0.0153142,
  "y": 0.0288974,
  "v": 0.0869481
 },
 "subrate":
 {
  "a": { "r": 0.0260579, "n": 0.0264842, "d": 0.0350128, "c": 0.0126929, "q": 0.0400788, "e": 0.0468915, "g": 0.202287, "h": 0.0222531, "i": 0.0172884, "l": 0.0259134, "k": 0.0372693, "m": 0.0167438, "f": 0.00852593, "p": 0.0712963, "s": 0.279606, "t": 0.155508, "w": 0.00648074, "y": 0.0089291, "v": 0.13012 },
  "r": { "a": 0.0559812, "n": 0.0549698, "d": 0.0344552, "c": 0.0138387, "q": 0.119694, "e": 0.0390221, "g": 0.0399793, "h": 0.0899208, "i": 0.0308366, "l": 0.038761, "k": 0.434285, "m": 0.0439668, "f": 0.0191665, "p": 0.0605771, "s": 0.122648, "t": 0.104285, "w": 0.0405656, "y": 0.0151408, "v": 0.0360523 },
  "n": { "a": 0.0586445, "r": 0.0548555, "d": 0.463908, "c": 0.0201739, "q": 0.070841, "e": 0.0762753, "g": 0.15371, "h": 0.115942, "i": 0.0269803, "l": 0.0197183, "k": 0.183907, "m": 0.0266004, "f": 0.0199532, "p": 0.0293851, "s": 0.292295, "t": 0.109034, "w": 0.01089, "y": 0.0371065, "v": 0.0288635 },
  "d": { "a": 0.0854113, "r": 0.0177538, "n": 0.269472, "c": 0.0106701, "q": 0.0391525, "e": 0.465824, "g": 0.113851, "h": 0.0312826, "i": 0.0205272, "l": 0.0167573, "k": 0.03113, "m": 0.0208637, "f": 0.0121316, "p": 0.0191956, "s": 0.136438, "t": 0.0402974, "w": 0.00780106, "y": 0.0127486, "v": 0.0273941 },
  "c": { "a": 0.0303811, "r": 0.0163569, "n": 0.0357519, "d": 0.0242787, "q": 0.0164592, "e": 0.0355834, "g": 0.0610127, "h": 0.0186032, "i": 0.022444, "l": 0.0172993, "k": 0.0190151, "m": 0.0219481, "f": 0.0212521, "p": 0.0255677, "s": 0.0470733, "t": 0.0250067, "w": 0.0135837, "y": 0.0384563, "v": 0.042119 },
  "q": { "a": 0.0944738, "r": 0.0857839, "n": 0.0812098, "d": 0.0727007, "c": 0.0112489, "e": 0.242958, "g": 0.0291712, "h": 0.285811, "i": 0.0194076, "l": 0.0453444, "k": 0.205878, "m": 0.0570983, "f": 0.0150838, "p": 0.0555761, "s": 0.0954729, "t": 0.0892952, "w": 0.0102652, "y": 0.0211768, "v": 0.0346691 },
  "e": { "a": 0.134667, "r": 0.0225929, "n": 0.0679773, "d": 0.44246, "c": 0.010113, "q": 0.187119, "g": 0.070176, "h": 0.0446482, "i": 0.0216852, "l": 0.0201635, "k": 0.0853043, "m": 0.017844, "f": 0.0135009, "p": 0.0345733, "s": 0.0652164, "t": 0.0473591, "w": 0.00781094, "y": 0.0142496, "v": 0.0343216 },
  "g": { "a": 0.175519, "r": 0.0206968, "n": 0.0622174, "d": 0.0442372, "c": 0.0102057, "q": 0.0162443, "e": 0.0282513, "h": 0.0109287, "i": 0.0105052, "l": 0.00803947, "k": 0.030272, "m": 0.0173893, "f": 0.00960214, "p": 0.0190675, "s": 0.13468, "t": 0.0229496, "w": 0.00732137, "y": 0.00566834, "v": 0.0194303 },
  "h": { "a": 0.060778, "r": 0.118146, "n": 0.111869, "d": 0.0643908, "c": 0.0118814, "q": 0.209651, "e": 0.0433101, "g": 0.0190977, "i": 0.015519, "l": 0.0273673, "k": 0.0436264, "m": 0.0240273, "f": 0.0152637, "p": 0.0390205, "s": 0.0678371, "t": 0.0756639, "w": 0.00916219, "y": 0.0343041, "v": 0.0309399 },
  "i": { "a": 0.0428193, "r": 0.0200228, "n": 0.0320982, "d": 0.0216317, "c": 0.0169048, "q": 0.0278909, "e": 0.0328548, "g": 0.0287768, "h": 0.0206037, "l": 0.333611, "k": 0.0278962, "m": 0.0664273, "f": 0.058596, "p": 0.0266426, "s": 0.0286359, "t": 0.0741786, "w": 0.0124343, "y": 0.0187515, "v": 0.756612 },
  "l": { "a": 0.0398952, "r": 0.00988803, "n": 0.00757287, "d": 0.00703409, "c": 0.00441436, "q": 0.0197149, "e": 0.013257, "g": 0.00629536, "h": 0.00770843, "i": 0.121373, "k": 0.015478, "m": 0.0998282, "f": 0.0536051, "p": 0.0118007, "s": 0.00915752, "t": 0.0184699, "w": 0.00681466, "y": 0.0113552, "v": 0.0822107 },
  "k": { "a": 0.0541275, "r": 0.186068, "n": 0.0860333, "d": 0.0208643, "c": 0.00593945, "q": 0.0878771, "e": 0.0383639, "g": 0.02021, "h": 0.012543, "i": 0.0202434, "l": 0.022412, "m": 0.0327254, "f": 0.00574696, "p": 0.0288804, "s": 0.0866877, "t": 0.0628423, "w": 0.00546593, "y": 0.00695583, "v": 0.0112624 },
  "m": { "a": 0.133984, "r": 0.0623425, "n": 0.0517144, "d": 0.0432771, "c": 0.0274619, "q": 0.0998734, "e": 0.0501222, "g": 0.0549525, "h": 0.0489865, "i": 0.141537, "l": 0.496948, "k": 0.101372, "f": 0.056037, "p": 0.0633828, "s": 0.0663937, "t": 0.166281, "w": 0.028409, "y": 0.048207, "v": 0.137196 },
  "f": { "a": 0.0297001, "r": 0.0248943, "n": 0.0313784, "d": 0.0193284, "c": 0.013152, "q": 0.023156, "e": 0.0223246, "g": 0.0292404, "h": 0.0284272, "i": 0.0749642, "l": 0.126816, "k": 0.028053, "m": 0.0251449, "p": 0.0165903, "s": 0.036598, "t": 0.0221974, "w": 0.0168677, "y": 0.199196, "v": 0.0492617 },
  "p": { "a": 0.175399, "r": 0.0497163, "n": 0.0223837, "d": 0.020246, "c": 0.0192302, "q": 0.0849581, "e": 0.0599833, "g": 0.0524917, "h": 0.0227259, "i": 0.021032, "l": 0.0419853, "k": 0.035761, "m": 0.0155868, "f": 0.0081214, "s": 0.123742, "t": 0.0382458, "w": 0.00786214, "y": 0.0123553, "v": 0.0449042 },
  "s": { "a": 0.349399, "r": 0.042251, "n": 0.148603, "d": 0.091211, "c": 0.0178806, "q": 0.034855, "e": 0.0367627, "g": 0.152994, "h": 0.0339948, "i": 0.0193185, "l": 0.010985, "k": 0.0628725, "m": 0.0126727, "f": 0.0118215, "p": 0.101697, "t": 0.298134, "w": 0.00746858, "y": 0.0107164, "v": 0.0153862 },
  "t": { "a": 0.219068, "r": 0.0516186, "n": 0.073352, "d": 0.0407155, "c": 0.0104108, "q": 0.0419281, "e": 0.0384005, "g": 0.0310742, "h": 0.0366165, "i": 0.0576233, "l": 0.0187834, "k": 0.0760097, "m": 0.0245485, "f": 0.00918055, "p": 0.0523931, "s": 0.456176, "w": 0.0078651, "y": 0.0101004, "v": 0.0957307 },
  "w": { "a": 0.0423486, "r": 0.0881202, "n": 0.0360591, "d": 0.0328959, "c": 0.0278503, "q": 0.0345613, "e": 0.0331728, "g": 0.0571504, "h": 0.033865, "i": 0.0430595, "l": 0.0767022, "k": 0.0350838, "m": 0.0378972, "f": 0.0797646, "p": 0.0639721, "s": 0.0427351, "t": 0.0534464, "y": 0.0438339, "v": 0.0446198 },
  "y": { "a": 0.0372506, "r": 0.0163498, "n": 0.0449989, "d": 0.0270326, "c": 0.0137593, "q": 0.0288187, "e": 0.0220814, "g": 0.0256841, "h": 0.0445412, "i": 0.026239, "l": 0.0375861, "k": 0.0172104, "m": 0.0271342, "f": 0.174134, "p": 0.0277139, "s": 0.029423, "t": 0.0476524, "w": 0.0128912, "v": 0.0267713 },
  "v": { "a": 0.194332, "r": 0.0124343, "n": 0.0166, "d": 0.0141428, "c": 0.0202404, "q": 0.0198829, "e": 0.0279219, "g": 0.0192831, "h": 0.014539, "i": 0.516992, "l": 0.119818, "k": 0.0133726, "m": 0.030304, "f": 0.021056, "p": 0.0189966, "s": 0.0169178, "t": 0.120568, "w": 0.00723262, "y": 0.0122185 }
 }
}
