{
 "alphabet": "arndcqeghilkmfpstwyv",
 "insrate": 0.00473963,
 "insextprob": 0.734375,
 "delrate": 0.00251001,
 "delextprob": 0.666667,
 "rootprob":
 {
  "a": 0.0686293,
  "r": 0.0307449,
  "n": 0.0429821,
  "d": 0.0379612,
  "c": 0.0364103,
  "q": 0.0543882,
  "e": 0.0549835,
  "g": 0.102177,
  "h": 0.0241418,
  "i": 0.0244636,
  "l": 0.0862726,
  "k": 0.0731653,
  "m": 0.0268191,
  "f": 0.0538077,
  "p": 0.052859,
  "s": 0.0726475,
  "t": 0.0540301,
  "w": 0.0151868,
  "y": 0.0356244,
  "v": 0.0527055
 },
 "subrate":
 {
  "a": { "r": 0.017064, "n": 0.0256661, "d": 0.0451928, "c": 0.0193029, "q": 0.0302075, "e": 0.0943677, "g": 0.225115, "h": 0.0104628, "i": 0.0154494, "l": 0.0229819, "k": 0.0381847, "m": 0.0303872, "f": 0.00828909, "p": 0.0735197, "s": 0.306095, "t": 0.126024, "w": 0.00426496, "y": 0.00796574, "v": 0.162799 },
  "r": { "a": 0.0453433, "n": 0.0551705, "d": 0.0209891, "c": 0.0142678, "q": 0.0815598, "e": 0.0297011, "g": 0.0448376, "h": 0.0897301, "i": 0.0290659, "l": 0.021622, "k": 0.383063, "m": 0.0194794, "f": 0.0140127, "p": 0.0260967, "s": 0.0818434, "t": 0.0407992, "w": 0.0523948, "y": 0.0198849, "v": 0.0380553 },
  "n": { "a": 0.065896, "r": 0.0624969, "d": 0.30146, "c": 0.0149299, "q": 0.0804493, "e": 0.0583388, "g": 0.137007, "h": 0.148554, "i": 0.0265257, "l": 0.0195395, "k": 0.236653, "m": 0.0203606, "f": 0.0150193, "p": 0.033114, "s": 0.300128, "t": 0.140884, "w": 0.0102242, "y": 0.0197154, "v": 0.0249174 },
  "d": { "a": 0.0761617, "r": 0.0212342, "n": 0.268102, "c": 0.0104647, "q": 0.0388418, "e": 0.450622, "g": 0.0716368, "h": 0.0348388, "i": 0.0152148, "l": 0.0155131, "k": 0.0560595, "m": 0.0146854, "f": 0.0115568, "p": 0.0175327, "s": 0.0520713, "t": 0.046808, "w": 0.00816591, "y": 0.0113053, "v": 0.020384 },
  "c": { "a": 0.0329014, "r": 0.0236222, "n": 0.0166842, "d": 0.012664, "q": 0.0114697, "e": 0.016105, "g": 0.0424598, "h": 0.0107853, "i": 0.0409437, "l": 0.0161662, "k": 0.0168568, "m": 0.0197368, "f": 0.0110236, "p": 0.0201287, "s": 0.110625, "t": 0.0146126, "w": 0.00892909, "y": 0.0386983, "v": 0.0225457 },
  "q": { "a": 0.128978, "r": 0.0724091, "n": 0.0873315, "d": 0.0478318, "c": 0.0107935, "e": 0.335204, "g": 0.0548078, "h": 0.236524, "i": 0.0224513, "l": 0.0483161, "k": 0.138811, "m": 0.0374767, "f": 0.0135148, "p": 0.0601911, "s": 0.0823845, "t": 0.0458228, "w": 0.0101436, "y": 0.0165626, "v": 0.0266065 },
  "e": { "a": 0.177563, "r": 0.0144411, "n": 0.0498003, "d": 0.350777, "c": 0.00839975, "q": 0.2371, "g": 0.0587299, "h": 0.0285305, "i": 0.0131072, "l": 0.0137143, "k": 0.0844227, "m": 0.0109496, "f": 0.00748994, "p": 0.0204767, "s": 0.0386737, "t": 0.0370624, "w": 0.0064274, "y": 0.00921538, "v": 0.0454541 },
  "g": { "a": 0.200624, "r": 0.0134351, "n": 0.095008, "d": 0.0534291, "c": 0.00719436, "q": 0.0133371, "e": 0.0299384, "h": 0.0184985, "i": 0.0100691, "l": 0.00660568, "k": 0.0423885, "m": 0.00791064, "f": 0.00683676, "p": 0.00999841, "s": 0.130199, "t": 0.0185687, "w": 0.00347189, "y": 0.00709271, "v": 0.0240927 },
  "h": { "a": 0.0431795, "r": 0.151317, "n": 0.174799, "d": 0.072419, "c": 0.0132887, "q": 0.211033, "e": 0.0540601, "g": 0.037973, "i": 0.031068, "l": 0.0331277, "k": 0.0604661, "m": 0.0241621, "f": 0.0244368, "p": 0.0515391, "s": 0.041127, "t": 0.0325885, "w": 0.0126695, "y": 0.048515, "v": 0.048953 },
  "i": { "a": 0.0382835, "r": 0.0384086, "n": 0.0402527, "d": 0.0291195, "c": 0.0249175, "q": 0.025482, "e": 0.0355454, "g": 0.0341995, "h": 0.0377403, "l": 0.362308, "k": 0.0361036, "m": 0.0837551, "f": 0.053703, "p": 0.0360146, "s": 0.034541, "t": 0.0828816, "w": 0.013028, "y": 0.0204683, "v": 0.87652 },
  "l": { "a": 0.021445, "r": 0.0162593, "n": 0.0111706, "d": 0.0166475, "c": 0.00557749, "q": 0.0285888, "e": 0.0144078, "g": 0.0088304, "h": 0.0334532, "i": 0.150503, "k": 0.0102929, "m": 0.128527, "f": 0.0663475, "p": 0.0283116, "s": 0.0107589, "t": 0.0388535, "w": 0.00523342, "y": 0.00891354, "v": 0.0927851 },
  "k": { "a": 0.0550376, "r": 0.221531, "n": 0.118491, "d": 0.0260237, "c": 0.00846872, "q": 0.100572, "e": 0.0640722, "g": 0.0393869, "h": 0.0315351, "i": 0.0434545, "l": 0.0196593, "m": 0.0168936, "f": 0.010564, "p": 0.0182728, "s": 0.0648041, "t": 0.0729526, "w": 0.0126944, "y": 0.012253, "v": 0.0254648 },
  "m": { "a": 0.0884578, "r": 0.0493402, "n": 0.047388, "d": 0.0395257, "c": 0.0367235, "q": 0.0734774, "e": 0.0404734, "g": 0.044608, "h": 0.0507738, "i": 0.153391, "l": 0.629705, "k": 0.115785, "f": 0.0924068, "p": 0.0433467, "s": 0.0450202, "t": 0.125642, "w": 0.0214248, "y": 0.034312, "v": 0.128691 },
  "f": { "a": 0.0162783, "r": 0.00938582, "n": 0.016592, "d": 0.0080034, "c": 0.0114254, "q": 0.00952032, "e": 0.00863467, "g": 0.00988423, "h": 0.0109106, "i": 0.072219, "l": 0.134678, "k": 0.0136915, "m": 0.0146462, "p": 0.00873098, "s": 0.0282629, "t": 0.0166501, "w": 0.0106867, "y": 0.260211, "v": 0.0225126 },
  "p": { "a": 0.194392, "r": 0.0229782, "n": 0.0193837, "d": 0.0182549, "c": 0.00967844, "q": 0.0900198, "e": 0.0323679, "g": 0.0394058, "h": 0.0532628, "i": 0.0208858, "l": 0.0490743, "k": 0.0248351, "m": 0.0281263, "f": 0.0131642, "s": 0.1903, "t": 0.0560719, "w": 0.00833753, "y": 0.0105186, "v": 0.0384071 },
  "s": { "a": 0.416191, "r": 0.0423771, "n": 0.179543, "d": 0.0684684, "c": 0.0207188, "q": 0.0382112, "e": 0.0542496, "g": 0.167302, "h": 0.0172984, "i": 0.0175891, "l": 0.0187602, "k": 0.0571778, "m": 0.0155086, "f": 0.0111406, "p": 0.140122, "t": 0.36054, "w": 0.00628732, "y": 0.0116306, "v": 0.0184629 },
  "t": { "a": 0.204135, "r": 0.0290671, "n": 0.0996656, "d": 0.0399145, "c": 0.0134726, "q": 0.0280809, "e": 0.0325316, "g": 0.0302565, "h": 0.0147815, "i": 0.0691189, "l": 0.0219389, "k": 0.0745967, "m": 0.0298126, "f": 0.0128978, "p": 0.0593617, "s": 0.416898, "w": 0.0074853, "y": 0.0149317, "v": 0.128394 },
  "w": { "a": 0.0214556, "r": 0.0693276, "n": 0.0216324, "d": 0.0204357, "c": 0.0184811, "q": 0.0210698, "e": 0.0201321, "g": 0.0211121, "h": 0.0208525, "i": 0.0211331, "l": 0.0302384, "k": 0.0482812, "m": 0.0217618, "f": 0.0367122, "p": 0.0243009, "s": 0.0289623, "t": 0.0221594, "y": 0.0232257, "v": 0.0202926 },
  "y": { "a": 0.0167541, "r": 0.0167886, "n": 0.0249054, "d": 0.0119595, "c": 0.0313415, "q": 0.0141687, "e": 0.0133406, "g": 0.0186947, "h": 0.0433593, "i": 0.0198819, "l": 0.0229284, "k": 0.0248962, "m": 0.0150135, "f": 0.41343, "p": 0.0124316, "s": 0.0369544, "t": 0.023811, "w": 0.0106954, "v": 0.0237634 },
  "v": { "a": 0.190589, "r": 0.0257917, "n": 0.0169689, "d": 0.0122013, "c": 0.0138778, "q": 0.0134341, "e": 0.0358644, "g": 0.036183, "h": 0.0176198, "i": 0.392019, "l": 0.101485, "k": 0.0239334, "m": 0.0408775, "f": 0.0131112, "p": 0.027104, "s": 0.0208059, "t": 0.101366, "w": 0.00597267, "y": 0.00902808 }
 }
}
