{
 "alphabet": "arndcqeghilkmfpstwyv",
 "insrate": 0.00390499,
 "insextprob": 0.641026,
 "delrate": 0.00641108,
 "delextprob": 0.557692,
 "rootprob":
 {
  "a": 0.0700859,
  "r": 0.0550712,
  "n": 0.0599743,
  "d": 0.0148688,
  "c": 0.0407296,
  "q": 0.0417286,
  "e": 0.0675961,
  "g": 0.0792412,
  "h": 0.036861,
  "i": 0.0351287,
  "l": 0.0856891,
  "k": 0.0733715,
  "m": 0.0208554,
  "f": 0.0417363,
  "p": 0.0766128,
  "s": 0.0438997,
  "t": 0.0375401,
  "w": 0.0117281,
  "y": 0.0323616,
  "v": 0.07492
 },
 "subrate":
 {
  "a": { "r": 0.0266744, "n": 0.0243971, "d": 0.0440253, "c": 0.0130047, "q": 0.0370537, "e": 0.070069, "g": 0.201996, "h": 0.0176823, "i": 0.0183922, "l": 0.0327238, "k": 0.0539015, "m": 0.0276536, "f": 0.00918281, "p": 0.137213, "s": 0.241206, "t": 0.151252, "w": 0.00711736, "y": 0.00890422, "v": 0.0931465 },
  "r": { "a": 0.0893444, "n": 0.0581323, "d": 0.0337699, "c": 0.0275699, "q": 0.0830259, "e": 0.0406045, "g": 0.0564856, "h": 0.0635688, "i": 0.0293083, "l": 0.019528, "k": 0.458552, "m": 0.0608003, "f": 0.0141155, "p": 0.06458, "s": 0.0958296, "t": 0.058259, "w": 0.0381677, "y": 0.0278064, "v": 0.0414862 },
  "n": { "a": 0.0439496, "r": 0.0403317, "d": 0.298936, "c": 0.0155984, "q": 0.10631, "e": 0.0645018, "g": 0.136252, "h": 0.124843, "i": 0.0406371, "l": 0.0183047, "k": 0.168377, "m": 0.0212216, "f": 0.0121985, "p": 0.0267303, "s": 0.336009, "t": 0.125773, "w": 0.0102966, "y": 0.0167632, "v": 0.0215681 },
  "d": { "a": 0.056738, "r": 0.0227993, "n": 0.249825, "c": 0.0133494, "q": 0.0715418, "e": 0.379494, "g": 0.117919, "h": 0.0551009, "i": 0.0232832, "l": 0.0228156, "k": 0.0385476, "m": 0.0179138, "f": 0.0105796, "p": 0.0263434, "s": 0.115625, "t": 0.0740776, "w": 0.0105881, "y": 0.0156133, "v": 0.0214829 },
  "c": { "a": 0.069107, "r": 0.016102, "n": 0.0253774, "d": 0.0255088, "q": 0.0131955, "e": 0.0294561, "g": 0.0125055, "h": 0.0119014, "i": 0.0216282, "l": 0.0242444, "k": 0.0142296, "m": 0.0161288, "f": 0.0140364, "p": 0.0215184, "s": 0.146727, "t": 0.0374535, "w": 0.0140744, "y": 0.0239513, "v": 0.0267368 },
  "q": { "a": 0.0767296, "r": 0.0471266, "n": 0.140653, "d": 0.078039, "c": 0.0114409, "e": 0.251947, "g": 0.0327606, "h": 0.244079, "i": 0.0160334, "l": 0.0346659, "k": 0.153552, "m": 0.0275047, "f": 0.0119398, "p": 0.0412819, "s": 0.0772023, "t": 0.0497249, "w": 0.0106183, "y": 0.0117232, "v": 0.031395 },
  "e": { "a": 0.136838, "r": 0.0208547, "n": 0.0600208, "d": 0.358601, "c": 0.0106933, "q": 0.230807, "g": 0.0379126, "h": 0.0293874, "i": 0.0136033, "l": 0.0148721, "k": 0.149106, "m": 0.0130731, "f": 0.00796503, "p": 0.0353223, "s": 0.0625295, "t": 0.0706783, "w": 0.00847819, "y": 0.00937526, "v": 0.0333559 },
  "g": { "a": 0.223845, "r": 0.0166898, "n": 0.060957, "d": 0.0750333, "c": 0.00616794, "q": 0.0174573, "e": 0.0133883, "h": 0.012681, "i": 0.0114515, "l": 0.00857124, "k": 0.0201079, "m": 0.00762422, "f": 0.00691704, "p": 0.0460159, "s": 0.118742, "t": 0.0276814, "w": 0.00530662, "y": 0.0113662, "v": 0.00871419 },
  "h": { "a": 0.0450855, "r": 0.146174, "n": 0.168839, "d": 0.0628365, "c": 0.0194917, "q": 0.29813, "e": 0.0336712, "g": 0.0326612, "i": 0.0230787, "l": 0.0337971, "k": 0.0640661, "m": 0.0185189, "f": 0.0140971, "p": 0.0609234, "s": 0.0375571, "t": 0.0326662, "w": 0.0123505, "y": 0.02642, "v": 0.0282128 },
  "i": { "a": 0.0453269, "r": 0.0144007, "n": 0.0330816, "d": 0.0321372, "c": 0.0152766, "q": 0.0173645, "e": 0.0236392, "g": 0.0354435, "h": 0.0233476, "l": 0.329306, "k": 0.0263566, "m": 0.0751472, "f": 0.0528752, "p": 0.0196448, "s": 0.024602, "t": 0.0679566, "w": 0.0116769, "y": 0.0202623, "v": 0.704421 },
  "l": { "a": 0.0337263, "r": 0.00616814, "n": 0.0200178, "d": 0.0101459, "c": 0.00559541, "q": 0.014278, "e": 0.00904277, "g": 0.00666197, "h": 0.0143415, "i": 0.12785, "k": 0.0135992, "m": 0.0706173, "f": 0.0712689, "p": 0.0173834, "s": 0.0202444, "t": 0.0181635, "w": 0.0111954, "y": 0.0128388, "v": 0.100493 },
  "k": { "a": 0.0496468, "r": 0.177015, "n": 0.103789, "d": 0.0324479, "c": 0.00966318, "q": 0.0519734, "e": 0.0756373, "g": 0.0214236, "h": 0.0181363, "i": 0.00928541, "l": 0.00730495, "m": 0.0227579, "f": 0.00521357, "p": 0.0194893, "s": 0.0845746, "t": 0.0890547, "w": 0.00695862, "y": 0.00838005, "v": 0.0172828 },
  "m": { "a": 0.189273, "r": 0.0603788, "n": 0.0901422, "d": 0.0774717, "c": 0.0567681, "q": 0.0739906, "e": 0.0569865, "g": 0.0728543, "h": 0.0626762, "i": 0.287406, "l": 0.382221, "k": 0.085297, "f": 0.0971961, "p": 0.0535748, "s": 0.107536, "t": 0.153249, "w": 0.0365643, "y": 0.0450234, "v": 0.15897 },
  "f": { "a": 0.0129902, "r": 0.00992326, "n": 0.0109504, "d": 0.00918846, "c": 0.0158848, "q": 0.0116448, "e": 0.00893369, "g": 0.0213782, "h": 0.0242654, "i": 0.0962537, "l": 0.155875, "k": 0.00937233, "m": 0.0196794, "p": 0.00930304, "s": 0.0209265, "t": 0.0291373, "w": 0.0167292, "y": 0.223874, "v": 0.024607 },
  "p": { "a": 0.261716, "r": 0.0552744, "n": 0.0239152, "d": 0.0514815, "c": 0.00717316, "q": 0.0410193, "e": 0.0372099, "g": 0.0362449, "h": 0.0260171, "i": 0.0147163, "l": 0.0252265, "k": 0.0148868, "m": 0.0104725, "f": 0.00942614, "s": 0.111653, "t": 0.0370912, "w": 0.00743557, "y": 0.00850718, "v": 0.0429202 },
  "s": { "a": 0.335103, "r": 0.0468392, "n": 0.220791, "d": 0.102486, "c": 0.0282206, "q": 0.0400502, "e": 0.0486815, "g": 0.13582, "h": 0.0208682, "i": 0.0143148, "l": 0.0178852, "k": 0.0959198, "m": 0.0167357, "f": 0.0079669, "p": 0.0557147, "t": 0.369295, "w": 0.00844904, "y": 0.00881648, "v": 0.0158092 },
  "t": { "a": 0.216936, "r": 0.0318118, "n": 0.112388, "d": 0.0554211, "c": 0.0201884, "q": 0.0432353, "e": 0.0457824, "g": 0.0328971, "h": 0.0278666, "i": 0.0341764, "l": 0.0205824, "k": 0.0934563, "m": 0.0332719, "f": 0.00863161, "p": 0.0330074, "s": 0.338975, "w": 0.00945515, "y": 0.00897589, "v": 0.0733823 },
  "w": { "a": 0.0890349, "r": 0.194465, "n": 0.0659324, "d": 0.0606687, "c": 0.0897316, "q": 0.0585024, "e": 0.058436, "g": 0.0659344, "h": 0.0617727, "i": 0.0563853, "l": 0.0803091, "k": 0.0728159, "m": 0.060808, "f": 0.0529242, "p": 0.0856983, "s": 0.109572, "t": 0.0695506, "y": 0.0645091, "v": 0.0621225 },
  "y": { "a": 0.0309232, "r": 0.0490579, "n": 0.0511497, "d": 0.0209013, "c": 0.120801, "q": 0.0221749, "e": 0.0204332, "g": 0.0304158, "h": 0.0976085, "i": 0.0281537, "l": 0.0589864, "k": 0.0275244, "m": 0.0215355, "f": 0.241501, "p": 0.0167077, "s": 0.0365335, "t": 0.0224812, "w": 0.0272748, "v": 0.0304422 },
  "v": { "a": 0.150858, "r": 0.0124015, "n": 0.0180353, "d": 0.0208651, "c": 0.0135345, "q": 0.0145715, "e": 0.019567, "g": 0.0376244, "h": 0.0251379, "i": 0.524838, "l": 0.164504, "k": 0.0324404, "m": 0.0351409, "f": 0.0240028, "p": 0.0208438, "s": 0.0189953, "t": 0.12574, "w": 0.00804274, "y": 0.0108644 }
 }
}
