{
 "alphabet": "arndcqeghilkmfpstwyv",
 "insrate": 0.00729311,
 "insextprob": 0.696629,
 "delrate": 0.00297543,
 "delextprob": 0.792453,
 "rootprob":
 {
  "a": 0.0941272,
  "r": 0.0419791,
  "n": 0.0344202,
  "d": 0.0454272,
  "c": 0.0298721,
  "q": 0.0347094,
  "e": 0.0762662,
  "g": 0.0677925,
  "h": 0.0577328,
  "i": 0.036944,
  "l": 0.0838661,
  "k": 0.0632903,
  "m": 0.0104857,
  "f": 0.0374375,
  "p": 0.0550453,
  "s": 0.0619294,
  "t": 0.0510082,
  "w": 0.0205291,
  "y": 0.0418204,
  "v": 0.0553173
 },
 "subrate":
 {
  "a": { "r": 0.0171143, "n": 0.030143, "d": 0.0452542, "c": 0.0170437, "q": 0.0396954, "e": 0.111356, "g": 0.200401, "h": 0.0105576, "i": 0.0188449, "l": 0.0258685, "k": 0.0445876, "m": 0.0237947, "f": 0.0174531, "p": 0.0848716, "s": 0.313355, "t": 0.169441, "w": 0.00479687, "y": 0.0130775, "v": 0.144528 },
  "r": { "a": 0.0334636, "n": 0.0261174, "d": 0.0161394, "c": 0.00863094, "q": 0.0893686, "e": 0.0190054, "g": 0.0452041, "h": 0.0759713, "i": 0.025336, "l": 0.0235598, "k": 0.395284, "m": 0.0468591, "f": 0.0212616, "p": 0.0483423, "s": 0.0366766, "t": 0.0313998, "w": 0.0240343, "y": 0.0250688, "v": 0.019731 },
  "n": { "a": 0.0712931, "r": 0.0327609, "d": 0.330475, "c": 0.0229027, "q": 0.0790288, "e": 0.111454, "g": 0.195345, "h": 0.102342, "i": 0.0413987, "l": 0.0291433, "k": 0.193203, "m": 0.0285134, "f": 0.0183616, "p": 0.0358115, "s": 0.261199, "t": 0.134525, "w": 0.0187775, "y": 0.032673, "v": 0.0300489 },
  "d": { "a": 0.0796586, "r": 0.0147199, "n": 0.231003, "c": 0.00772932, "q": 0.0488345, "e": 0.436111, "g": 0.0961372, "h": 0.0253079, "i": 0.0143048, "l": 0.0129803, "k": 0.041558, "m": 0.0117709, "f": 0.00940351, "p": 0.0335832, "s": 0.0810352, "t": 0.0282893, "w": 0.00739329, "y": 0.00884063, "v": 0.0179609 },
  "c": { "a": 0.05925, "r": 0.0116642, "n": 0.0162436, "d": 0.0132901, "q": 0.0123019, "e": 0.0141397, "g": 0.0167755, "h": 0.0164829, "i": 0.0165043, "l": 0.0116895, "k": 0.0146599, "m": 0.0125496, "f": 0.0121395, "p": 0.0427961, "s": 0.0811228, "t": 0.0139615, "w": 0.0160808, "y": 0.0124921, "v": 0.0244336 },
  "q": { "a": 0.0843728, "r": 0.0715809, "n": 0.0769073, "d": 0.0677508, "c": 0.010377, "e": 0.222639, "g": 0.0371138, "h": 0.185193, "i": 0.0191574, "l": 0.071619, "k": 0.118986, "m": 0.0208905, "f": 0.0133509, "p": 0.106452, "s": 0.106877, "t": 0.0375511, "w": 0.0113471, "y": 0.0139611, "v": 0.0374626 },
  "e": { "a": 0.193878, "r": 0.0236854, "n": 0.0703257, "d": 0.5112, "c": 0.00812133, "q": 0.307668, "g": 0.0798437, "h": 0.0458442, "i": 0.0216355, "l": 0.0159347, "k": 0.116647, "m": 0.013116, "f": 0.0102965, "p": 0.0536803, "s": 0.0804171, "t": 0.0360037, "w": 0.00787326, "y": 0.00978648, "v": 0.0360485 },
  "g": { "a": 0.277835, "r": 0.02107, "n": 0.0835038, "d": 0.035657, "c": 0.0104385, "q": 0.014591, "e": 0.0381521, "h": 0.0119183, "i": 0.0155266, "l": 0.00988092, "k": 0.0154161, "m": 0.0119224, "f": 0.00632529, "p": 0.0261024, "s": 0.155494, "t": 0.030431, "w": 0.00620385, "y": 0.00608222, "v": 0.0289227 },
  "h": { "a": 0.0229446, "r": 0.181016, "n": 0.146132, "d": 0.0445622, "c": 0.0116009, "q": 0.185754, "e": 0.0539764, "g": 0.0292119, "i": 0.0224658, "l": 0.0228306, "k": 0.0374349, "m": 0.0148941, "f": 0.0126865, "p": 0.0477202, "s": 0.0432598, "t": 0.0309773, "w": 0.0141388, "y": 0.0378753, "v": 0.0216579 },
  "i": { "a": 0.0314565, "r": 0.0344395, "n": 0.0400035, "d": 0.023655, "c": 0.0249451, "q": 0.0212005, "e": 0.0235958, "g": 0.0282252, "h": 0.0260851, "l": 0.366555, "k": 0.0525485, "m": 0.0807918, "f": 0.0484521, "p": 0.0252484, "s": 0.0420346, "t": 0.0757977, "w": 0.0100124, "y": 0.0190561, "v": 0.898358 },
  "l": { "a": 0.0184783, "r": 0.0086536, "n": 0.0142989, "d": 0.00561797, "c": 0.00863016, "q": 0.0153188, "e": 0.00587937, "g": 0.00820326, "h": 0.0195378, "i": 0.114068, "k": 0.0302883, "m": 0.101749, "f": 0.0565179, "p": 0.00830198, "s": 0.0129905, "t": 0.0143467, "w": 0.00423152, "y": 0.00856757, "v": 0.120948 },
  "k": { "a": 0.0280938, "r": 0.20976, "n": 0.0824669, "d": 0.0276834, "c": 0.00511889, "q": 0.0612397, "e": 0.0396527, "g": 0.0382839, "h": 0.0151627, "i": 0.024266, "l": 0.0223619, "m": 0.0286624, "f": 0.00765719, "p": 0.0268613, "s": 0.0625047, "t": 0.0653237, "w": 0.00614741, "y": 0.00900195, "v": 0.014507 },
  "m": { "a": 0.106813, "r": 0.0685484, "n": 0.0911859, "d": 0.0468138, "c": 0.0386381, "q": 0.06606, "e": 0.0461544, "g": 0.093422, "h": 0.0551579, "i": 0.254979, "l": 0.502576, "k": 0.151961, "f": 0.0957389, "p": 0.0590091, "s": 0.0941173, "t": 0.11183, "w": 0.027975, "y": 0.0492181, "v": 0.157007 },
  "f": { "a": 0.0222308, "r": 0.0123833, "n": 0.0159152, "d": 0.0114362, "c": 0.0103134, "q": 0.0150027, "e": 0.011034, "g": 0.0138557, "h": 0.0188271, "i": 0.0536942, "l": 0.185302, "k": 0.0151197, "m": 0.0613834, "p": 0.0130023, "s": 0.0261304, "t": 0.0314745, "w": 0.00994199, "y": 0.218325, "v": 0.0418325 },
  "p": { "a": 0.219931, "r": 0.030168, "n": 0.0297756, "d": 0.0248752, "c": 0.0117445, "q": 0.0676292, "e": 0.0399226, "g": 0.0279679, "h": 0.0481589, "i": 0.0192369, "l": 0.0520864, "k": 0.0753715, "m": 0.0245934, "f": 0.0143885, "s": 0.208325, "t": 0.0664711, "w": 0.00837231, "y": 0.0159862, "v": 0.0217958 },
  "s": { "a": 0.467007, "r": 0.021939, "n": 0.176037, "d": 0.0775183, "c": 0.0200663, "q": 0.0576526, "e": 0.0492444, "g": 0.159158, "h": 0.0253746, "i": 0.0247722, "l": 0.0258087, "k": 0.0615292, "m": 0.015852, "f": 0.0128156, "p": 0.0735587, "t": 0.416434, "w": 0.0108501, "y": 0.0152089, "v": 0.0234858 },
  "t": { "a": 0.263272, "r": 0.0170829, "n": 0.122534, "d": 0.0500534, "c": 0.0107393, "q": 0.0350017, "e": 0.0461241, "g": 0.0364689, "h": 0.0187506, "i": 0.0743376, "l": 0.02726, "k": 0.0902054, "m": 0.0293608, "f": 0.0177188, "p": 0.058419, "s": 0.421856, "w": 0.00994283, "y": 0.0173489, "v": 0.163068 },
  "w": { "a": 0.0232247, "r": 0.0424326, "n": 0.0306305, "d": 0.0225238, "c": 0.0230143, "q": 0.0234921, "e": 0.0283806, "g": 0.0301068, "h": 0.0227525, "i": 0.030714, "l": 0.0554753, "k": 0.0391985, "m": 0.0249719, "f": 0.0563328, "p": 0.0216372, "s": 0.0288597, "t": 0.0233498, "y": 0.0517906, "v": 0.0246984 },
  "y": { "a": 0.0377089, "r": 0.0231018, "n": 0.0327814, "d": 0.0156792, "c": 0.0522829, "q": 0.0193964, "e": 0.0149113, "g": 0.0163723, "h": 0.070945, "i": 0.0441673, "l": 0.0296265, "k": 0.0183008, "m": 0.0172627, "f": 0.236311, "p": 0.0130024, "s": 0.0297, "t": 0.0238115, "w": 0.0372347, "v": 0.0261904 },
  "v": { "a": 0.0864375, "r": 0.0212409, "n": 0.0186986, "d": 0.0195544, "c": 0.0172307, "q": 0.0154496, "e": 0.0172264, "g": 0.0253657, "h": 0.0199764, "i": 0.502924, "l": 0.101966, "k": 0.0290431, "m": 0.0306217, "f": 0.0217992, "p": 0.0225054, "s": 0.0204832, "t": 0.0792972, "w": 0.00512275, "y": 0.0096288 }
 }
}
