{
 "alphabet": "arndcqeghilkmfpstwyv",
 "insrate": 0.00368426,
 "insextprob": 0.675,
 "delrate": 0.00679885,
 "delextprob": 0.630769,
 "rootprob":
 {
  "a": 0.0952,
  "r": 0.0473715,
  "n": 0.0520182,
  "d": 0.0501349,
  "c": 0.0269987,
  "q": 0.0248316,
  "e": 0.0246239,
  "g": 0.0632728,
  "h": 0.0456636,
  "i": 0.0481145,
  "l": 0.0959676,
  "k": 0.0749008,
  "m": 0.0193724,
  "f": 0.0419873,
  "p": 0.0437055,
  "s": 0.0657005,
  "t": 0.0736102,
  "w": 0.0151866,
  "y": 0.0288256,
  "v": 0.0625139
 },
 "subrate":
 {
  "a": { "r": 0.0209964, "n": 0.0245561, "d": 0.0428979, "c": 0.0147007, "q": 0.0342604, "e": 0.112282, "g": 0.233524, "h": 0.016418, "i": 0.014756, "l": 0.0344914, "k": 0.0318091, "m": 0.0224508, "f": 0.00915059, "p": 0.0886221, "s": 0.278619, "t": 0.132476, "w": 0.00545269, "y": 0.00605201, "v": 0.0969031 },
  "r": { "a": 0.0331489, "n": 0.0336112, "d": 0.0167114, "c": 0.0226658, "q": 0.0832517, "e": 0.0334675, "g": 0.0233832, "h": 0.0700253, "i": 0.0245275, "l": 0.0331743, "k": 0.38429, "m": 0.0231028, "f": 0.0230121, "p": 0.0337269, "s": 0.168471, "t": 0.0372569, "w": 0.00980741, "y": 0.0151629, "v": 0.0199508 },
  "n": { "a": 0.042577, "r": 0.0435546, "d": 0.325535, "c": 0.021479, "q": 0.0961186, "e": 0.0691814, "g": 0.175249, "h": 0.144731, "i": 0.0272671, "l": 0.0188434, "k": 0.227158, "m": 0.0211014, "f": 0.0132333, "p": 0.0429667, "s": 0.315443, "t": 0.149296, "w": 0.0109785, "y": 0.0176622, "v": 0.0264118 },
  "d": { "a": 0.0802553, "r": 0.0185029, "n": 0.276779, "c": 0.0182683, "q": 0.0595333, "e": 0.42374, "g": 0.112541, "h": 0.0320034, "i": 0.0169474, "l": 0.0188284, "k": 0.0324425, "m": 0.0142555, "f": 0.0109315, "p": 0.0433835, "s": 0.109121, "t": 0.040577, "w": 0.00974846, "y": 0.00969299, "v": 0.0229138 },
  "c": { "a": 0.0427833, "r": 0.016839, "n": 0.0251653, "d": 0.0155986, "q": 0.0201961, "e": 0.01518, "g": 0.0296573, "h": 0.022584, "i": 0.0178313, "l": 0.0183748, "k": 0.0250008, "m": 0.0160939, "f": 0.0149145, "p": 0.0211884, "s": 0.127166, "t": 0.0234989, "w": 0.0127675, "y": 0.0289723, "v": 0.0496963 },
  "q": { "a": 0.0579655, "r": 0.127688, "n": 0.103463, "d": 0.0707768, "c": 0.0243115, "e": 0.259923, "g": 0.043412, "h": 0.192329, "i": 0.0270725, "l": 0.0581427, "k": 0.150125, "m": 0.0340687, "f": 0.0162164, "p": 0.0711884, "s": 0.085288, "t": 0.0619717, "w": 0.014164, "y": 0.0140961, "v": 0.0438476 },
  "e": { "a": 0.113309, "r": 0.0253901, "n": 0.0486532, "d": 0.34697, "c": 0.0151405, "q": 0.22819, "g": 0.0450867, "h": 0.0255736, "i": 0.0205521, "l": 0.0167716, "k": 0.0711739, "m": 0.0147693, "f": 0.0159918, "p": 0.0638072, "s": 0.0424477, "t": 0.0397238, "w": 0.0138368, "y": 0.00980389, "v": 0.0297383 },
  "g": { "a": 0.156748, "r": 0.0122836, "n": 0.0445193, "d": 0.0684038, "c": 0.0185622, "q": 0.0214131, "e": 0.0450799, "h": 0.0128059, "i": 0.00830281, "l": 0.0124955, "k": 0.0355753, "m": 0.0137302, "f": 0.00677781, "p": 0.0269404, "s": 0.158265, "t": 0.0165957, "w": 0.00513367, "y": 0.00561548, "v": 0.0102844 },
  "h": { "a": 0.0240146, "r": 0.0743173, "n": 0.210603, "d": 0.0497868, "c": 0.0241876, "q": 0.237679, "e": 0.0482048, "g": 0.0225598, "i": 0.0202599, "l": 0.0453998, "k": 0.0377671, "m": 0.0220403, "f": 0.0328464, "p": 0.0743032, "s": 0.0731462, "t": 0.0447339, "w": 0.0156224, "y": 0.0242468, "v": 0.0269589 },
  "i": { "a": 0.0326387, "r": 0.0280907, "n": 0.0297442, "d": 0.0143618, "c": 0.0156421, "q": 0.0228254, "e": 0.0245508, "g": 0.0232673, "h": 0.0254776, "l": 0.439088, "k": 0.0334334, "m": 0.0775043, "f": 0.0394743, "p": 0.0233327, "s": 0.0248176, "t": 0.0919171, "w": 0.0121483, "y": 0.0270774, "v": 0.79812 },
  "l": { "a": 0.0396815, "r": 0.0164173, "n": 0.0200959, "d": 0.00603249, "c": 0.00722032, "q": 0.0169073, "e": 0.00951937, "g": 0.00804766, "h": 0.0179967, "i": 0.1706, "k": 0.0170276, "m": 0.0821221, "f": 0.0513619, "p": 0.0179496, "s": 0.0217175, "t": 0.0238462, "w": 0.0128033, "y": 0.0113072, "v": 0.101608 },
  "k": { "a": 0.0191968, "r": 0.244201, "n": 0.0869172, "d": 0.018212, "c": 0.00787897, "q": 0.0679848, "e": 0.0350967, "g": 0.0127044, "h": 0.0160323, "i": 0.0275723, "l": 0.0139622, "m": 0.0172737, "f": 0.0076742, "p": 0.0265529, "s": 0.0643595, "t": 0.0429558, "w": 0.00526302, "y": 0.00772363, "v": 0.0177437 },
  "m": { "a": 0.126017, "r": 0.0427577, "n": 0.0960011, "d": 0.0298437, "c": 0.027983, "q": 0.0602909, "e": 0.0351618, "g": 0.0659111, "h": 0.0498561, "i": 0.161235, "l": 0.423377, "k": 0.105641, "f": 0.0566593, "p": 0.0754512, "s": 0.059025, "t": 0.131406, "w": 0.02967, "y": 0.0306248, "v": 0.117476 },
  "f": { "a": 0.0310573, "r": 0.0130546, "n": 0.0188518, "d": 0.011284, "c": 0.0181819, "q": 0.012471, "e": 0.014601, "g": 0.0143323, "h": 0.0226928, "i": 0.0964703, "l": 0.182931, "k": 0.0233853, "m": 0.0536162, "p": 0.015627, "s": 0.0230677, "t": 0.0371328, "w": 0.0182624, "y": 0.265604, "v": 0.0325444 },
  "p": { "a": 0.209245, "r": 0.0558029, "n": 0.0356006, "d": 0.0346718, "c": 0.0274857, "q": 0.0773069, "e": 0.0425218, "g": 0.0228104, "h": 0.0247652, "i": 0.023139, "l": 0.0193515, "k": 0.0612329, "m": 0.0164838, "f": 0.0104629, "s": 0.105523, "t": 0.0509309, "w": 0.00952063, "y": 0.00941179, "v": 0.0456892 },
  "s": { "a": 0.444151, "r": 0.0358202, "n": 0.172039, "d": 0.0602953, "c": 0.0280391, "q": 0.0411188, "e": 0.0396276, "g": 0.222241, "h": 0.0298106, "i": 0.015748, "l": 0.0242844, "k": 0.0747338, "m": 0.0153615, "f": 0.0149042, "p": 0.0886025, "t": 0.297685, "w": 0.00712926, "y": 0.0153156, "v": 0.0161898 },
  "t": { "a": 0.191967, "r": 0.0210057, "n": 0.108337, "d": 0.0350264, "c": 0.0153085, "q": 0.0398652, "e": 0.0435112, "g": 0.0299519, "h": 0.0209125, "i": 0.074426, "l": 0.032221, "k": 0.0596491, "m": 0.0382084, "f": 0.0143387, "p": 0.0433325, "s": 0.375319, "w": 0.00763351, "y": 0.012762, "v": 0.1478 },
  "w": { "a": 0.0494143, "r": 0.173989, "n": 0.0505803, "d": 0.0514583, "c": 0.0425174, "q": 0.0605296, "e": 0.0543208, "g": 0.0515621, "h": 0.0673014, "i": 0.055348, "l": 0.0822286, "k": 0.0493886, "m": 0.0513109, "f": 0.114226, "p": 0.0468919, "s": 0.0893295, "t": 0.0501291, "y": 0.0506005, "v": 0.0480346 },
  "y": { "a": 0.0198587, "r": 0.0158039, "n": 0.0211487, "d": 0.0153017, "c": 0.039028, "q": 0.0188949, "e": 0.0260524, "g": 0.0163753, "h": 0.0947424, "i": 0.0459713, "l": 0.0433967, "k": 0.0209391, "m": 0.0317661, "f": 0.361564, "p": 0.0174207, "s": 0.0234183, "t": 0.0557933, "w": 0.0282463, "v": 0.0237627 },
  "v": { "a": 0.147834, "r": 0.0165283, "n": 0.016117, "d": 0.0108765, "c": 0.0198397, "q": 0.0236359, "e": 0.0382352, "g": 0.019017, "h": 0.0183417, "i": 0.467316, "l": 0.149962, "k": 0.0183419, "m": 0.0318621, "f": 0.015049, "p": 0.0360807, "s": 0.0161652, "t": 0.129978, "w": 0.00709599, "y": 0.0120907 }
 }
}
