{
 "alphabet": "arndcqeghilkmfpstwyv",
 "insrate": 0.00476782,
 "insextprob": 0.658537,
 "delrate": 0.00375506,
 "delextprob": 0.731707,
 "rootprob":
 {
  "a": 0.10377,
  "r": 0.0416461,
  "n": 0.0428155,
  "d": 0.0313425,
  "c": 0.0304248,
  "q": 0.0328757,
  "e": 0.047674,
  "g": 0.081738,
  "h": 0.0351504,
  "i": 0.034872,
  "l": 0.0932047,
  "k": 0.0662182,
  "m": 0.0110697,
  "f": 0.0405681,
  "p": 0.0502632,
  "s": 0.069008,
  "t": 0.0611005,
  "w": 0.0107447,
  "y": 0.0399635,
  "v": 0.0755507
 },
 "subrate":
 {
  "a": { "r": 0.0169775, "n": 0.0554121, "d": 0.0499677, "c": 0.0107997, "q": 0.0459626, "e": 0.123324, "g": 0.151716, "h": 0.0312638, "i": 0.0300512, "l": 0.0349601, "k": 0.0413126, "m": 0.019762, "f": 0.0120004, "p": 0.0984749, "s": 0.339152, "t": 0.168233, "w": 0.00631188, "y": 0.00799856, "v": 0.140859 },
  "r": { "a": 0.0205418, "n": 0.034934, "d": 0.0188003, "c": 0.0336096, "q": 0.103934, "e": 0.0313633, "g": 0.0193731, "h": 0.104542, "i": 0.0369128, "l": 0.0324314, "k": 0.444745, "m": 0.0232598, "f": 0.0163915, "p": 0.0522819, "s": 0.095535, "t": 0.0514261, "w": 0.0250743, "y": 0.026417, "v": 0.0191552 },
  "n": { "a": 0.0677992, "r": 0.0320995, "d": 0.416253, "c": 0.0285549, "q": 0.150924, "e": 0.072561, "g": 0.0748655, "h": 0.12152, "i": 0.0468445, "l": 0.0274189, "k": 0.221103, "m": 0.0219348, "f": 0.0166638, "p": 0.0955883, "s": 0.421989, "t": 0.134021, "w": 0.0156102, "y": 0.0179292, "v": 0.0204099 },
  "d": { "a": 0.0879403, "r": 0.0346122, "n": 0.318207, "c": 0.013275, "q": 0.0569107, "e": 0.509403, "g": 0.1175, "h": 0.0446876, "i": 0.0296574, "l": 0.0156452, "k": 0.0886362, "m": 0.0171775, "f": 0.0124263, "p": 0.0383989, "s": 0.103676, "t": 0.034121, "w": 0.0129287, "y": 0.0145444, "v": 0.0181199 },
  "c": { "a": 0.0536432, "r": 0.0212576, "n": 0.023577, "d": 0.018653, "q": 0.0204913, "e": 0.0243044, "g": 0.0478847, "h": 0.0182768, "i": 0.019991, "l": 0.0241786, "k": 0.0169226, "m": 0.0193065, "f": 0.0327578, "p": 0.0424173, "s": 0.0478359, "t": 0.0508018, "w": 0.0163035, "y": 0.0592103, "v": 0.0507755 },
  "q": { "a": 0.101058, "r": 0.15875, "n": 0.0370157, "d": 0.0438887, "c": 0.0168429, "e": 0.293686, "g": 0.0286207, "h": 0.13286, "i": 0.0271134, "l": 0.059859, "k": 0.132316, "m": 0.0714234, "f": 0.0149712, "p": 0.0882432, "s": 0.0682307, "t": 0.0411579, "w": 0.0149412, "y": 0.0173683, "v": 0.0397643 },
  "e": { "a": 0.131629, "r": 0.0228507, "n": 0.0622546, "d": 0.553496, "c": 0.0105066, "q": 0.183916, "g": 0.0683598, "h": 0.0382206, "i": 0.0222921, "l": 0.0147149, "k": 0.0900356, "m": 0.0169383, "f": 0.0102884, "p": 0.0361292, "s": 0.106935, "t": 0.0282823, "w": 0.0106119, "y": 0.0173965, "v": 0.0231168 },
  "g": { "a": 0.190497, "r": 0.00945397, "n": 0.0381537, "d": 0.0470126, "c": 0.00801538, "q": 0.0106748, "e": 0.0331959, "h": 0.00923106, "i": 0.00902113, "l": 0.0103463, "k": 0.0291785, "m": 0.0152121, "f": 0.00614439, "p": 0.0108295, "s": 0.126939, "t": 0.0239586, "w": 0.00681369, "y": 0.00632394, "v": 0.0297154 },
  "h": { "a": 0.0528506, "r": 0.112952, "n": 0.243148, "d": 0.113142, "c": 0.0262682, "q": 0.14448, "e": 0.0598984, "g": 0.0181262, "i": 0.0296053, "l": 0.0205565, "k": 0.058459, "m": 0.0202854, "f": 0.0159872, "p": 0.110025, "s": 0.0454338, "t": 0.0273274, "w": 0.0160439, "y": 0.0661176, "v": 0.0185516 },
  "i": { "a": 0.0316763, "r": 0.0343411, "n": 0.0501294, "d": 0.0300921, "c": 0.0217891, "q": 0.0238151, "e": 0.0249453, "g": 0.0209432, "h": 0.0208531, "l": 0.242796, "k": 0.0428392, "m": 0.121486, "f": 0.0585658, "p": 0.0249138, "s": 0.0244275, "t": 0.0740377, "w": 0.0181543, "y": 0.0202054, "v": 0.606588 },
  "l": { "a": 0.0522283, "r": 0.0379146, "n": 0.0209334, "d": 0.0073965, "c": 0.00782884, "q": 0.0376208, "e": 0.00899098, "g": 0.0140354, "h": 0.0209047, "i": 0.0631727, "k": 0.0320756, "m": 0.0835548, "f": 0.0651212, "p": 0.0258044, "s": 0.0188878, "t": 0.0148378, "w": 0.0111183, "y": 0.0106482, "v": 0.113275 },
  "k": { "a": 0.0303107, "r": 0.213361, "n": 0.102169, "d": 0.0357207, "c": 0.00689824, "q": 0.0997817, "e": 0.0288465, "g": 0.0223317, "h": 0.0116, "i": 0.0175755, "l": 0.0244622, "m": 0.0247032, "f": 0.0085343, "p": 0.0211148, "s": 0.0615813, "t": 0.0660762, "w": 0.00862477, "y": 0.00897339, "v": 0.00976331 },
  "m": { "a": 0.0888835, "r": 0.108468, "n": 0.121423, "d": 0.0549613, "c": 0.0442712, "q": 0.0868266, "e": 0.0587857, "g": 0.0501884, "h": 0.0561847, "i": 0.125069, "l": 0.398504, "k": 0.202958, "f": 0.131343, "p": 0.0763543, "s": 0.0646118, "t": 0.151476, "w": 0.0595127, "y": 0.0556302, "v": 0.253447 },
  "f": { "a": 0.031518, "r": 0.0141892, "n": 0.0158905, "d": 0.0145617, "c": 0.0192298, "q": 0.0160983, "e": 0.0156185, "g": 0.0359113, "h": 0.0295631, "i": 0.141595, "l": 0.12037, "k": 0.0160438, "m": 0.0524975, "p": 0.0143199, "s": 0.0304175, "t": 0.0180432, "w": 0.0137583, "y": 0.281046, "v": 0.0251498 },
  "p": { "a": 0.169451, "r": 0.0413621, "n": 0.0248434, "d": 0.0282824, "c": 0.0132418, "q": 0.0447237, "e": 0.0355901, "g": 0.0735491, "h": 0.0554648, "i": 0.0229867, "l": 0.0328726, "k": 0.0511958, "m": 0.0297882, "f": 0.0241912, "s": 0.131532, "t": 0.0900251, "w": 0.0118141, "y": 0.0146136, "v": 0.0409239 },
  "s": { "a": 0.490756, "r": 0.0229813, "n": 0.165258, "d": 0.0681998, "c": 0.040324, "q": 0.0509122, "e": 0.0390282, "g": 0.185511, "h": 0.0166775, "i": 0.0138382, "l": 0.01858, "k": 0.073622, "m": 0.015654, "f": 0.0134167, "p": 0.0819764, "t": 0.379415, "w": 0.0143284, "y": 0.0177948, "v": 0.0263457 },
  "t": { "a": 0.280625, "r": 0.0155059, "n": 0.122699, "d": 0.0352507, "c": 0.0124569, "q": 0.0247405, "e": 0.0319113, "g": 0.0315121, "h": 0.0126383, "i": 0.0346976, "l": 0.0460449, "k": 0.0551482, "m": 0.0269882, "f": 0.0127758, "p": 0.0482501, "s": 0.43425, "w": 0.00894323, "y": 0.0200423, "v": 0.130188 },
  "w": { "a": 0.0547121, "r": 0.185888, "n": 0.0547513, "d": 0.0505888, "c": 0.0460532, "q": 0.0986269, "e": 0.0511501, "g": 0.0510075, "h": 0.0683889, "i": 0.0541878, "l": 0.0918083, "k": 0.0559027, "m": 0.0625835, "f": 0.11985, "p": 0.0516903, "s": 0.103826, "t": 0.0567024, "y": 0.053355, "v": 0.0588631 },
  "y": { "a": 0.0374231, "r": 0.0165928, "n": 0.0352749, "d": 0.0216542, "c": 0.0676596, "q": 0.0169758, "e": 0.0200943, "g": 0.0194135, "h": 0.0272869, "i": 0.0389918, "l": 0.0219409, "k": 0.0541204, "m": 0.0232487, "f": 0.253012, "p": 0.0156004, "s": 0.0673141, "t": 0.0346822, "w": 0.0145349, "v": 0.0499516 },
  "v": { "a": 0.190677, "r": 0.0168687, "n": 0.0131466, "d": 0.0124492, "c": 0.0402913, "q": 0.0268535, "e": 0.0290542, "g": 0.059584, "h": 0.0167415, "i": 0.40198, "l": 0.188955, "k": 0.0219979, "m": 0.0357938, "f": 0.012743, "p": 0.021, "s": 0.0244723, "t": 0.0794501, "w": 0.00823949, "y": 0.00848515 }
 }
}
