{
 "alphabet": "arndcqeghilkmfpstwyv",
 "insrate": 0.0048985,
 "insextprob": 0.674419,
 "delrate": 0.00489718,
 "delextprob": 0.702128,
 "rootprob":
 {
  "a": 0.0841585,
  "r": 0.0384571,
  "n": 0.0453128,
  "d": 0.0339588,
  "c": 0.0428117,
  "q": 0.0398381,
  "e": 0.064086,
  "g": 0.0998857,
  "h": 0.0344756,
  "i": 0.0297646,
  "l": 0.0702904,
  "k": 0.0910976,
  "m": 0.0136515,
  "f": 0.0464074,
  "p": 0.039831,
  "s": 0.0519482,
  "t": 0.0672256,
  "w": 0.0160682,
  "y": 0.0285702,
  "v": 0.062161
 },
 "subrate":
 {
  "a": { "r": 0.0198049, "n": 0.0438225, "d": 0.0280118, "c": 0.025389, "q": 0.0355894, "e": 0.0234108, "g": 0.216174, "h": 0.0092763, "i": 0.013581, "l": 0.058763, "k": 0.0493216, "m": 0.0216089, "f": 0.0155258, "p": 0.10975, "s": 0.310737, "t": 0.164618, "w": 0.00675325, "y": 0.0191189, "v": 0.192057 },
  "r": { "a": 0.0597237, "n": 0.0314522, "d": 0.0422895, "c": 0.0119534, "q": 0.130783, "e": 0.0206477, "g": 0.0690868, "h": 0.177022, "i": 0.0348351, "l": 0.0290503, "k": 0.40521, "m": 0.054644, "f": 0.0133743, "p": 0.0403595, "s": 0.0447372, "t": 0.0382892, "w": 0.0319401, "y": 0.0189354, "v": 0.0460045 },
  "n": { "a": 0.074652, "r": 0.0518185, "d": 0.406465, "c": 0.0150954, "q": 0.073378, "e": 0.0558294, "g": 0.12683, "h": 0.13561, "i": 0.0198612, "l": 0.037156, "k": 0.255589, "m": 0.0208418, "f": 0.014424, "p": 0.0199612, "s": 0.371494, "t": 0.101714, "w": 0.0128975, "y": 0.0522803, "v": 0.0219304 },
  "d": { "a": 0.0712823, "r": 0.0258861, "n": 0.320501, "c": 0.0124306, "q": 0.0566822, "e": 0.488552, "g": 0.0798379, "h": 0.0679977, "i": 0.0233565, "l": 0.0252189, "k": 0.113131, "m": 0.0204877, "f": 0.0169122, "p": 0.0291718, "s": 0.121741, "t": 0.0566108, "w": 0.0131139, "y": 0.0161838, "v": 0.0484301 },
  "c": { "a": 0.065379, "r": 0.0130013, "n": 0.0275424, "d": 0.0132777, "q": 0.0332196, "e": 0.0159623, "g": 0.0301731, "h": 0.0247218, "i": 0.0136897, "l": 0.0146468, "k": 0.0138002, "m": 0.0136925, "f": 0.0227246, "p": 0.0290882, "s": 0.0434621, "t": 0.0485987, "w": 0.0111633, "y": 0.0388613, "v": 0.0483143 },
  "q": { "a": 0.066743, "r": 0.141696, "n": 0.0849797, "d": 0.0332829, "c": 0.0140106, "e": 0.411989, "g": 0.0722799, "h": 0.203318, "i": 0.0518899, "l": 0.138065, "k": 0.105025, "m": 0.062061, "f": 0.0155176, "p": 0.0736959, "s": 0.105901, "t": 0.0293836, "w": 0.0142582, "y": 0.030612, "v": 0.048775 },
  "e": { "a": 0.107944, "r": 0.0200588, "n": 0.0505017, "d": 0.468993, "c": 0.00904085, "q": 0.275245, "g": 0.0477578, "h": 0.0426201, "i": 0.0162407, "l": 0.0245434, "k": 0.112402, "m": 0.0239465, "f": 0.0101948, "p": 0.0633152, "s": 0.0507366, "t": 0.0217833, "w": 0.00923767, "y": 0.0182899, "v": 0.0479384 },
  "g": { "a": 0.218742, "r": 0.0147293, "n": 0.0404565, "d": 0.0757228, "c": 0.00461217, "q": 0.0150554, "e": 0.0275873, "h": 0.0108509, "i": 0.0124365, "l": 0.00891714, "k": 0.0276016, "m": 0.0149591, "f": 0.00981818, "p": 0.0153286, "s": 0.109288, "t": 0.0171449, "w": 0.00674312, "y": 0.00747203, "v": 0.0219463 },
  "h": { "a": 0.0235142, "r": 0.0561469, "n": 0.20337, "d": 0.0596754, "c": 0.0188355, "q": 0.159589, "e": 0.0819801, "g": 0.0214099, "i": 0.0205358, "l": 0.039358, "k": 0.0442293, "m": 0.0299546, "f": 0.0180915, "p": 0.0720162, "s": 0.0791096, "t": 0.0374171, "w": 0.0134893, "y": 0.0596289, "v": 0.0230579 },
  "i": { "a": 0.0424095, "r": 0.0454215, "n": 0.0264225, "d": 0.0313866, "c": 0.0177863, "q": 0.0443712, "e": 0.0803346, "g": 0.0316578, "h": 0.0439095, "l": 0.252611, "k": 0.0707675, "m": 0.0971478, "f": 0.137615, "p": 0.0265063, "s": 0.0318299, "t": 0.0926183, "w": 0.0168213, "y": 0.0488002, "v": 0.760417 },
  "l": { "a": 0.0212472, "r": 0.0246685, "n": 0.00833497, "d": 0.00877183, "c": 0.00689022, "q": 0.0391399, "e": 0.0155618, "g": 0.0176078, "h": 0.00844501, "i": 0.159571, "k": 0.0112345, "m": 0.0934084, "f": 0.0812203, "p": 0.0100477, "s": 0.0162441, "t": 0.0448256, "w": 0.0128754, "y": 0.0138186, "v": 0.0622428 },
  "k": { "a": 0.0411565, "r": 0.248461, "n": 0.107186, "d": 0.028734, "c": 0.0060497, "q": 0.0469067, "e": 0.0481219, "g": 0.0338492, "h": 0.0149764, "i": 0.0207742, "l": 0.0208314, "m": 0.0349291, "f": 0.00580599, "p": 0.0225003, "s": 0.0903047, "t": 0.085414, "w": 0.0056486, "y": 0.00806491, "v": 0.0195019 },
  "m": { "a": 0.107515, "r": 0.101516, "n": 0.0507443, "d": 0.0469224, "c": 0.0341385, "q": 0.109318, "e": 0.0480906, "g": 0.0683835, "h": 0.0503911, "i": 0.265865, "l": 0.496038, "k": 0.206339, "f": 0.08057, "p": 0.0530194, "s": 0.0548942, "t": 0.0930594, "w": 0.0354232, "y": 0.0518889, "v": 0.192495 },
  "f": { "a": 0.0469602, "r": 0.0282174, "n": 0.0159714, "d": 0.0162045, "c": 0.0219817, "q": 0.0245499, "e": 0.0145891, "g": 0.0308585, "h": 0.0454387, "i": 0.102196, "l": 0.133841, "k": 0.0167438, "m": 0.0447075, "p": 0.0165503, "s": 0.0390856, "t": 0.0275683, "w": 0.0198825, "y": 0.146296, "v": 0.0288036 },
  "p": { "a": 0.209256, "r": 0.0397053, "n": 0.0387262, "d": 0.0331269, "c": 0.0269538, "q": 0.105183, "e": 0.0613297, "g": 0.0470444, "h": 0.0305917, "i": 0.0235861, "l": 0.0555213, "k": 0.0476608, "m": 0.020975, "f": 0.0164197, "s": 0.113523, "t": 0.0349887, "w": 0.0139199, "y": 0.0452685, "v": 0.0596022 },
  "s": { "a": 0.31479, "r": 0.0444458, "n": 0.147107, "d": 0.0842194, "c": 0.0490331, "q": 0.0327717, "e": 0.0291601, "g": 0.262882, "h": 0.0144363, "i": 0.016997, "l": 0.038208, "k": 0.0412721, "m": 0.0148387, "f": 0.0124785, "p": 0.0829272, "t": 0.202139, "w": 0.0148584, "y": 0.0149815, "v": 0.0175559 },
  "t": { "a": 0.243354, "r": 0.0515038, "n": 0.0997797, "d": 0.0554395, "c": 0.0105337, "q": 0.0308295, "e": 0.0419563, "g": 0.0537516, "h": 0.0232324, "i": 0.0262062, "l": 0.0514023, "k": 0.144995, "m": 0.0385624, "f": 0.0137432, "p": 0.0561601, "s": 0.348588, "w": 0.00958149, "y": 0.0170989, "v": 0.08452 },
  "w": { "a": 0.0435738, "r": 0.0876517, "n": 0.0404919, "d": 0.0404894, "c": 0.0340826, "q": 0.0576743, "e": 0.0433263, "g": 0.0424002, "h": 0.0415525, "i": 0.0522537, "l": 0.0603808, "k": 0.0443931, "m": 0.0460143, "f": 0.07396, "p": 0.102565, "s": 0.0416495, "t": 0.041288, "y": 0.075106, "v": 0.0535081 },
  "y": { "a": 0.0247209, "r": 0.0220486, "n": 0.0414358, "d": 0.036789, "c": 0.0474631, "q": 0.0230163, "e": 0.0197349, "g": 0.0223603, "h": 0.121043, "i": 0.0269625, "l": 0.0376414, "k": 0.0602755, "m": 0.0289403, "f": 0.32524, "p": 0.0202662, "s": 0.0261181, "t": 0.0607064, "w": 0.0174076, "v": 0.0231401 },
  "v": { "a": 0.178269, "r": 0.0152494, "n": 0.0153321, "d": 0.0139857, "c": 0.0269453, "q": 0.0262065, "e": 0.0397968, "g": 0.0541476, "h": 0.0202881, "i": 0.402778, "l": 0.0941277, "k": 0.0222033, "m": 0.0300471, "f": 0.0272539, "p": 0.0626055, "s": 0.0211964, "t": 0.0931339, "w": 0.00856588, "y": 0.0149068 }
 }
}
