{
 "alphabet": "arndcqeghilkmfpstwyv",
 "insrate": 0.00568383,
 "insextprob": 0.666667,
 "delrate": 0.00600834,
 "delextprob": 0.742857,
 "rootprob":
 {
  "a": 0.0701152,
  "r": 0.0296853,
  "n": 0.0247054,
  "d": 0.0601286,
  "c": 0.0369586,
  "q": 0.0284102,
  "e": 0.0313774,
  "g": 0.107269,
  "h": 0.0388835,
  "i": 0.0633449,
  "l": 0.102663,
  "k": 0.0749249,
  "m": 0.0206489,
  "f": 0.0408428,
  "p": 0.0656967,
  "s": 0.0544587,
  "t": 0.0614585,
  "w": 0.0123851,
  "y": 0.0240535,
  "v": 0.0519895
 },
 "subrate":
 {
  "a": { "r": 0.0461455, "n": 0.0290075, "d": 0.0288408, "c": 0.0130544, "q": 0.0218145, "e": 0.0896682, "g": 0.204472, "h": 0.0112186, "i": 0.016112, "l": 0.0468024, "k": 0.0340611, "m": 0.0277371, "f": 0.010278, "p": 0.0691984, "s": 0.285323, "t": 0.224878, "w": 0.00681181, "y": 0.00837982, "v": 0.146986 },
  "r": { "a": 0.0338072, "n": 0.0574087, "d": 0.0515395, "c": 0.0148465, "q": 0.0620613, "e": 0.0280109, "g": 0.0322468, "h": 0.050815, "i": 0.0367033, "l": 0.0831594, "k": 0.422476, "m": 0.0364733, "f": 0.0160499, "p": 0.0974011, "s": 0.0681519, "t": 0.101297, "w": 0.0184916, "y": 0.0175434, "v": 0.0302357 },
  "n": { "a": 0.0606648, "r": 0.0373135, "d": 0.447411, "c": 0.0228965, "q": 0.0603494, "e": 0.0712194, "g": 0.100472, "h": 0.0886425, "i": 0.0506242, "l": 0.0379306, "k": 0.275403, "m": 0.0246769, "f": 0.0191121, "p": 0.0306667, "s": 0.325383, "t": 0.142768, "w": 0.0165145, "y": 0.0586832, "v": 0.0336514 },
  "d": { "a": 0.101925, "r": 0.0155941, "n": 0.322981, "c": 0.00967227, "q": 0.0303937, "e": 0.421872, "g": 0.0977821, "h": 0.0586009, "i": 0.0186068, "l": 0.0143293, "k": 0.0539103, "m": 0.0141659, "f": 0.0128242, "p": 0.0274439, "s": 0.120957, "t": 0.0342192, "w": 0.00941812, "y": 0.0140721, "v": 0.0170612 },
  "c": { "a": 0.022582, "r": 0.0243995, "n": 0.0151601, "d": 0.0133071, "q": 0.01314, "e": 0.0129863, "g": 0.0240287, "h": 0.0283046, "i": 0.0371135, "l": 0.0140037, "k": 0.0146408, "m": 0.0166175, "f": 0.0208278, "p": 0.0128317, "s": 0.0934387, "t": 0.040967, "w": 0.0257498, "y": 0.03338, "v": 0.0621395 },
  "q": { "a": 0.102882, "r": 0.0701931, "n": 0.0593506, "d": 0.0841045, "c": 0.0164929, "e": 0.19731, "g": 0.0591649, "h": 0.117908, "i": 0.0297725, "l": 0.0753324, "k": 0.188255, "m": 0.0268554, "f": 0.0174309, "p": 0.0416895, "s": 0.0830581, "t": 0.0673709, "w": 0.0169739, "y": 0.028033, "v": 0.0527831 },
  "e": { "a": 0.19837, "r": 0.019498, "n": 0.0673836, "d": 0.359502, "c": 0.011877, "q": 0.23323, "g": 0.035563, "h": 0.0297661, "i": 0.0254892, "l": 0.0269483, "k": 0.0601488, "m": 0.0161322, "f": 0.0137379, "p": 0.0191789, "s": 0.0965311, "t": 0.0489455, "w": 0.0121346, "y": 0.029735, "v": 0.0365531 },
  "g": { "a": 0.172415, "r": 0.0157332, "n": 0.0520374, "d": 0.11489, "c": 0.00544277, "q": 0.0122421, "e": 0.0218287, "h": 0.0109815, "i": 0.00686668, "l": 0.00591926, "k": 0.023427, "m": 0.00598553, "f": 0.00588562, "p": 0.0519704, "s": 0.119708, "t": 0.0296424, "w": 0.00512017, "y": 0.00517252, "v": 0.0406104 },
  "h": { "a": 0.0717619, "r": 0.0549059, "n": 0.2032, "d": 0.0609726, "c": 0.022715, "q": 0.196819, "e": 0.032938, "g": 0.0274555, "i": 0.0327856, "l": 0.0690107, "k": 0.0580194, "m": 0.0220777, "f": 0.0169613, "p": 0.03674, "s": 0.0735321, "t": 0.0405081, "w": 0.0158036, "y": 0.0503628, "v": 0.0568439 },
  "i": { "a": 0.0259552, "r": 0.030275, "n": 0.017475, "d": 0.0158225, "c": 0.0201873, "q": 0.0152216, "e": 0.0254671, "g": 0.0219093, "h": 0.018634, "l": 0.313126, "k": 0.0873745, "m": 0.119019, "f": 0.0545883, "p": 0.0148679, "s": 0.0193316, "t": 0.0723245, "w": 0.013092, "y": 0.020408, "v": 0.899422 },
  "l": { "a": 0.0435142, "r": 0.0106481, "n": 0.0156778, "d": 0.00670846, "c": 0.00525964, "q": 0.0235311, "e": 0.0113749, "g": 0.0134332, "h": 0.0466263, "i": 0.0990695, "k": 0.00988993, "m": 0.0892622, "f": 0.0615634, "p": 0.0206525, "s": 0.0376423, "t": 0.0235901, "w": 0.0129462, "y": 0.022292, "v": 0.150727 },
  "k": { "a": 0.0230647, "r": 0.21034, "n": 0.114516, "d": 0.0332369, "c": 0.00633664, "q": 0.0985761, "e": 0.0580919, "g": 0.0316252, "h": 0.0246307, "i": 0.0138252, "l": 0.0217574, "m": 0.029118, "f": 0.00695509, "p": 0.026452, "s": 0.0375767, "t": 0.101388, "w": 0.00709296, "y": 0.00704921, "v": 0.0107851 },
  "m": { "a": 0.151184, "r": 0.0570202, "n": 0.0850165, "d": 0.0467964, "c": 0.029129, "q": 0.0737494, "e": 0.0412762, "g": 0.0516347, "h": 0.051239, "i": 0.126782, "l": 0.506306, "k": 0.146824, "f": 0.125153, "p": 0.0426911, "s": 0.0608588, "t": 0.125511, "w": 0.0319616, "y": 0.0588932, "v": 0.142534 },
  "f": { "a": 0.0426615, "r": 0.0125724, "n": 0.0143611, "d": 0.0122086, "c": 0.016033, "q": 0.01457, "e": 0.0147591, "g": 0.0127493, "h": 0.0150611, "i": 0.0779458, "l": 0.122404, "k": 0.0118601, "m": 0.0243878, "p": 0.0142506, "s": 0.0245982, "t": 0.0282645, "w": 0.0304703, "y": 0.1596, "v": 0.0493905 },
  "p": { "a": 0.227034, "r": 0.0834879, "n": 0.0274574, "d": 0.0240415, "c": 0.00898291, "q": 0.0521673, "e": 0.0234105, "g": 0.0401434, "h": 0.031002, "i": 0.0106669, "l": 0.020699, "k": 0.0216794, "m": 0.0172977, "f": 0.0132003, "s": 0.128554, "t": 0.058071, "w": 0.0079402, "y": 0.00789658, "v": 0.0292784 },
  "s": { "a": 0.348013, "r": 0.0389505, "n": 0.192611, "d": 0.0825639, "c": 0.0287195, "q": 0.0547327, "e": 0.0338389, "g": 0.165956, "h": 0.0295346, "i": 0.0136174, "l": 0.0202874, "k": 0.106345, "m": 0.0123424, "f": 0.0165187, "p": 0.143304, "t": 0.354341, "w": 0.00844612, "y": 0.0107271, "v": 0.0300801 },
  "t": { "a": 0.252654, "r": 0.0226002, "n": 0.077713, "d": 0.0510498, "c": 0.0250224, "q": 0.0313582, "e": 0.0434211, "g": 0.0278734, "h": 0.0312497, "i": 0.0703591, "l": 0.0634456, "k": 0.135471, "m": 0.0529322, "f": 0.00982999, "p": 0.0548331, "s": 0.404415, "w": 0.00885781, "y": 0.0118604, "v": 0.144214 },
  "w": { "a": 0.0428757, "r": 0.104921, "n": 0.042228, "d": 0.0397409, "c": 0.0344747, "q": 0.0397971, "e": 0.0458847, "g": 0.0484719, "h": 0.0742993, "i": 0.0382946, "l": 0.0665281, "k": 0.0640631, "m": 0.0396123, "f": 0.0880897, "p": 0.0369073, "s": 0.15466, "t": 0.0421454, "y": 0.0405108, "v": 0.0377759 },
  "y": { "a": 0.038234, "r": 0.0261065, "n": 0.0628784, "d": 0.0229264, "c": 0.0611405, "q": 0.0335823, "e": 0.027172, "g": 0.0436948, "h": 0.0520835, "i": 0.0261152, "l": 0.0290775, "k": 0.021222, "m": 0.0261019, "f": 0.286557, "p": 0.0212007, "s": 0.0314125, "t": 0.061501, "w": 0.0424724, "v": 0.037423 },
  "v": { "a": 0.181759, "r": 0.0256165, "n": 0.013453, "d": 0.0159227, "c": 0.0394286, "q": 0.0114977, "e": 0.0186031, "g": 0.0198376, "h": 0.0201215, "i": 0.403457, "l": 0.131308, "k": 0.0249119, "m": 0.0371278, "f": 0.0283463, "p": 0.0227069, "s": 0.0226187, "t": 0.0991964, "w": 0.00910665, "y": 0.0143662 }
 }
}
