{
 "alphabet": "arndcqeghilkmfpstwyv",
 "insrate": 0.00511939,
 "insextprob": 0.785714,
 "delrate": 0.00647994,
 "delextprob": 0.648148,
 "rootprob":
 {
  "a": 0.0993839,
  "r": 0.0310958,
  "n": 0.0307082,
  "d": 0.0385975,
  "c": 0.0302782,
  "q": 0.0259084,
  "e": 0.0672498,
  "g": 0.0975776,
  "h": 0.0423713,
  "i": 0.0378022,
  "l": 0.0718747,
  "k": 0.0820655,
  "m": 0.0194347,
  "f": 0.0396797,
  "p": 0.0562037,
  "s": 0.0655335,
  "t": 0.0628595,
  "w": 0.015369,
  "y": 0.0205411,
  "v": 0.0654655
 },
 "subrate":
 {
  "a": { "r": 0.016559, "n": 0.0461308, "d": 0.0350956, "c": 0.0367506, "q": 0.0332752, "e": 0.0823973, "g": 0.192619, "h": 0.00930379, "i": 0.0130906, "l": 0.017731, "k": 0.0430163, "m": 0.0105569, "f": 0.0100936, "p": 0.136527, "s": 0.36024, "t": 0.203385, "w": 0.00518278, "y": 0.00948637, "v": 0.116607 },
  "r": { "a": 0.0594409, "n": 0.0293834, "d": 0.0246762, "c": 0.0176025, "q": 0.161034, "e": 0.0250657, "g": 0.0788682, "h": 0.0587371, "i": 0.0230387, "l": 0.0370607, "k": 0.417252, "m": 0.0239035, "f": 0.0149397, "p": 0.0665521, "s": 0.0936894, "t": 0.0445365, "w": 0.0158183, "y": 0.0150226, "v": 0.0181216 },
  "n": { "a": 0.0623761, "r": 0.0523183, "d": 0.407699, "c": 0.014649, "q": 0.12803, "e": 0.06497, "g": 0.116007, "h": 0.135987, "i": 0.0381155, "l": 0.0558752, "k": 0.167184, "m": 0.0229006, "f": 0.0168858, "p": 0.0298179, "s": 0.302266, "t": 0.144474, "w": 0.0130462, "y": 0.0286763, "v": 0.0185924 },
  "d": { "a": 0.0990471, "r": 0.0178499, "n": 0.249345, "c": 0.0101899, "q": 0.0689766, "e": 0.4272, "g": 0.103653, "h": 0.0318259, "i": 0.0180879, "l": 0.0173396, "k": 0.0534174, "m": 0.0127004, "f": 0.012648, "p": 0.0452587, "s": 0.0900388, "t": 0.0879307, "w": 0.00978016, "y": 0.0129189, "v": 0.0140638 },
  "c": { "a": 0.0583592, "r": 0.0146093, "n": 0.0152139, "d": 0.0144904, "q": 0.0169972, "e": 0.0147199, "g": 0.027626, "h": 0.0147055, "i": 0.0163453, "l": 0.0146111, "k": 0.014412, "m": 0.0142264, "f": 0.0221464, "p": 0.0314484, "s": 0.0512437, "t": 0.0185943, "w": 0.0131213, "y": 0.0507944, "v": 0.039037 },
  "q": { "a": 0.095875, "r": 0.138815, "n": 0.0627033, "d": 0.0586599, "c": 0.0168209, "e": 0.369823, "g": 0.102193, "h": 0.153591, "i": 0.0270221, "l": 0.077283, "k": 0.193051, "m": 0.0394333, "f": 0.0162238, "p": 0.0317643, "s": 0.0707755, "t": 0.0612246, "w": 0.014595, "y": 0.0189936, "v": 0.0382829 },
  "e": { "a": 0.156803, "r": 0.0186091, "n": 0.13207, "d": 0.580736, "c": 0.009717, "q": 0.248609, "g": 0.126434, "h": 0.030541, "i": 0.0405089, "l": 0.0259334, "k": 0.149862, "m": 0.0130243, "f": 0.0106431, "p": 0.0367141, "s": 0.046998, "t": 0.0349159, "w": 0.00978302, "y": 0.0241145, "v": 0.0355502 },
  "g": { "a": 0.20904, "r": 0.0193556, "n": 0.0616257, "d": 0.0397681, "c": 0.0148309, "q": 0.0319386, "e": 0.0399569, "h": 0.0156647, "i": 0.0073021, "l": 0.0138818, "k": 0.0240559, "m": 0.00798404, "f": 0.00737297, "p": 0.0187905, "s": 0.162402, "t": 0.0152232, "w": 0.00488952, "y": 0.00531764, "v": 0.0296081 },
  "h": { "a": 0.0254725, "r": 0.104306, "n": 0.132037, "d": 0.0815365, "c": 0.0241559, "q": 0.242996, "e": 0.03138, "g": 0.0303846, "i": 0.0223118, "l": 0.0860861, "k": 0.0390261, "m": 0.0174183, "f": 0.0265578, "p": 0.0781364, "s": 0.0224926, "t": 0.0434557, "w": 0.0129755, "y": 0.0641665, "v": 0.0172522 },
  "i": { "a": 0.0356014, "r": 0.0266515, "n": 0.0327376, "d": 0.0216286, "c": 0.0186901, "q": 0.0491922, "e": 0.0511045, "g": 0.0182171, "h": 0.0271416, "l": 0.295459, "k": 0.0285183, "m": 0.0576661, "f": 0.0299097, "p": 0.0198956, "s": 0.0208255, "t": 0.0620661, "w": 0.0149623, "y": 0.0503456, "v": 0.791201 },
  "l": { "a": 0.0456349, "r": 0.0275312, "n": 0.0229683, "d": 0.00890921, "c": 0.00582244, "q": 0.0317139, "e": 0.0099383, "g": 0.0120068, "h": 0.0230643, "i": 0.0937575, "k": 0.0159536, "m": 0.0919185, "f": 0.0509903, "p": 0.0156424, "s": 0.0135944, "t": 0.0120956, "w": 0.00616653, "y": 0.011488, "v": 0.125946 },
  "k": { "a": 0.0379458, "r": 0.226944, "n": 0.096631, "d": 0.0220255, "c": 0.00616622, "q": 0.0725937, "e": 0.0329636, "g": 0.035471, "h": 0.035813, "i": 0.0225735, "l": 0.0165898, "m": 0.0362373, "f": 0.00778251, "p": 0.0325856, "s": 0.0527451, "t": 0.0895037, "w": 0.0139065, "y": 0.00683785, "v": 0.0160795 },
  "m": { "a": 0.115361, "r": 0.0472939, "n": 0.0516017, "d": 0.0447168, "c": 0.0298523, "q": 0.0543149, "e": 0.0770481, "g": 0.0374021, "h": 0.044809, "i": 0.136645, "l": 0.52575, "k": 0.110044, "f": 0.119071, "p": 0.0466509, "s": 0.0645933, "t": 0.136189, "w": 0.0290302, "y": 0.0381705, "v": 0.0924559 },
  "f": { "a": 0.0225484, "r": 0.012356, "n": 0.0294202, "d": 0.0126644, "c": 0.0114785, "q": 0.0150418, "e": 0.0133599, "g": 0.0215057, "h": 0.0143035, "i": 0.0730536, "l": 0.12115, "k": 0.0159088, "m": 0.0149799, "p": 0.0227844, "s": 0.0300683, "t": 0.0231644, "w": 0.0114449, "y": 0.200346, "v": 0.0189071 },
  "p": { "a": 0.128939, "r": 0.067001, "n": 0.0494353, "d": 0.0460431, "c": 0.0136588, "q": 0.0672326, "e": 0.0222422, "g": 0.118976, "h": 0.0145145, "i": 0.044284, "l": 0.061901, "k": 0.0577187, "m": 0.0132758, "f": 0.0223448, "s": 0.146529, "t": 0.0424581, "w": 0.0089766, "y": 0.0117373, "v": 0.0280027 },
  "s": { "a": 0.336047, "r": 0.0590556, "n": 0.159711, "d": 0.0624247, "c": 0.0255082, "q": 0.0490767, "e": 0.0296178, "g": 0.149832, "h": 0.0342025, "i": 0.0155587, "l": 0.0218332, "k": 0.0554585, "m": 0.0100348, "f": 0.014383, "p": 0.115946, "t": 0.342313, "w": 0.00666599, "y": 0.0208573, "v": 0.0111915 },
  "t": { "a": 0.351069, "r": 0.0251951, "n": 0.151493, "d": 0.0496653, "c": 0.0147588, "q": 0.0292625, "e": 0.0564822, "g": 0.0299996, "h": 0.0302824, "i": 0.0423588, "l": 0.0356322, "k": 0.0574763, "m": 0.0424582, "f": 0.0125499, "p": 0.0630776, "s": 0.490111, "w": 0.00949634, "y": 0.0141706, "v": 0.097188 },
  "w": { "a": 0.0501722, "r": 0.0482929, "n": 0.050534, "d": 0.050011, "c": 0.042963, "q": 0.0498418, "e": 0.0532593, "g": 0.0476599, "h": 0.0505397, "i": 0.0477191, "l": 0.0483253, "k": 0.0527073, "m": 0.0459247, "f": 0.0466136, "p": 0.0481792, "s": 0.0864964, "t": 0.0926178, "y": 0.11287, "v": 0.0461867 },
  "y": { "a": 0.0433127, "r": 0.0168728, "n": 0.0605622, "d": 0.0284083, "c": 0.0429332, "q": 0.0187862, "e": 0.0195295, "g": 0.0166762, "h": 0.111182, "i": 0.0222739, "l": 0.0221776, "k": 0.0183009, "m": 0.0177701, "f": 0.233961, "p": 0.0170924, "s": 0.0196656, "t": 0.0295541, "w": 0.0262633, "v": 0.0515383 },
  "v": { "a": 0.151214, "r": 0.012768, "n": 0.0205864, "d": 0.0119319, "c": 0.0197247, "q": 0.0120241, "e": 0.0178803, "g": 0.0176854, "h": 0.0162926, "i": 0.421194, "l": 0.132397, "k": 0.022457, "m": 0.0652362, "f": 0.00995502, "p": 0.0266363, "s": 0.0135445, "t": 0.0943483, "w": 0.00746488, "y": 0.0111077 }
 }
}
