{
 "alphabet": "arndcqeghilkmfpstwyv",
 "insrate": 0.00302379,
 "insextprob": 0.608696,
 "delrate": 0.00470178,
 "delextprob": 0.575758,
 "rootprob":
 {
  "a": 0.0788716,
  "r": 0.0371813,
  "n": 0.038248,
  "d": 0.0381843,
  "c": 0.0425613,
  "q": 0.0329219,
  "e": 0.0530531,
  "g": 0.0860186,
  "h": 0.0245251,
  "i": 0.0398733,
  "l": 0.0802181,
  "k": 0.0874141,
  "m": 0.00903262,
  "f": 0.0300333,
  "p": 0.0592638,
  "s": 0.0746688,
  "t": 0.0620755,
  "w": 0.00931697,
  "y": 0.0385103,
  "v": 0.078028
 },
 "subrate":
 {
  "a": { "r": 0.0150362, "n": 0.0340161, "d": 0.0519902, "c": 0.01143, "q": 0.0219709, "e": 0.087167, "g": 0.222248, "h": 0.018898, "i": 0.0171525, "l": 0.0280399, "k": 0.0294926, "m": 0.0315254, "f": 0.0122673, "p": 0.0829679, "s": 0.350701, "t": 0.170409, "w": 0.00654681, "y": 0.0102381, "v": 0.0813539 },
  "r": { "a": 0.0148918, "n": 0.0261269, "d": 0.01393, "c": 0.017654, "q": 0.0697111, "e": 0.0136975, "g": 0.0145054, "h": 0.0795519, "i": 0.0131647, "l": 0.024384, "k": 0.297182, "m": 0.0242095, "f": 0.0108044, "p": 0.0273074, "s": 0.0561051, "t": 0.0343124, "w": 0.0339849, "y": 0.010355, "v": 0.0196127 },
  "n": { "a": 0.0488501, "r": 0.0355914, "d": 0.289303, "c": 0.0233031, "q": 0.074718, "e": 0.0731245, "g": 0.113091, "h": 0.119269, "i": 0.0580627, "l": 0.0344412, "k": 0.223129, "m": 0.0311101, "f": 0.0381972, "p": 0.040308, "s": 0.364875, "t": 0.179837, "w": 0.0151181, "y": 0.0499212, "v": 0.0376783 },
  "d": { "a": 0.0695948, "r": 0.0206389, "n": 0.264054, "c": 0.0109846, "q": 0.0302649, "e": 0.457352, "g": 0.175541, "h": 0.0453418, "i": 0.0299645, "l": 0.0163887, "k": 0.0613278, "m": 0.0219671, "f": 0.0146046, "p": 0.0379341, "s": 0.0745257, "t": 0.0412746, "w": 0.0127128, "y": 0.0134634, "v": 0.0195784 },
  "c": { "a": 0.0546701, "r": 0.0224238, "n": 0.0195118, "d": 0.0152449, "q": 0.0145743, "e": 0.0160627, "g": 0.0216455, "h": 0.0271602, "i": 0.0557417, "l": 0.0235215, "k": 0.0146913, "m": 0.0230856, "f": 0.0168868, "p": 0.0160478, "s": 0.13917, "t": 0.0209605, "w": 0.0134707, "y": 0.0282162, "v": 0.0637669 },
  "q": { "a": 0.0819838, "r": 0.0595688, "n": 0.0607674, "d": 0.0336965, "c": 0.0156326, "e": 0.356847, "g": 0.0483415, "h": 0.163877, "i": 0.0223363, "l": 0.0993044, "k": 0.178837, "m": 0.0351153, "f": 0.0233251, "p": 0.057315, "s": 0.0896913, "t": 0.0442956, "w": 0.0236609, "y": 0.0203966, "v": 0.0240903 },
  "e": { "a": 0.220743, "r": 0.0202576, "n": 0.0396398, "d": 0.496185, "c": 0.00946638, "q": 0.130979, "g": 0.046619, "h": 0.0459941, "i": 0.0164232, "l": 0.0331878, "k": 0.0677852, "m": 0.0203926, "f": 0.0182188, "p": 0.0471546, "s": 0.0611331, "t": 0.0342051, "w": 0.0147693, "y": 0.0272774, "v": 0.0318549 },
  "g": { "a": 0.186382, "r": 0.0137426, "n": 0.0745628, "d": 0.0553492, "c": 0.0120447, "q": 0.0144333, "e": 0.0509315, "h": 0.011613, "i": 0.0109973, "l": 0.0237938, "k": 0.0339372, "m": 0.00913473, "f": 0.0100141, "p": 0.0178818, "s": 0.129188, "t": 0.0318449, "w": 0.00564918, "y": 0.00703156, "v": 0.024777 },
  "h": { "a": 0.0620881, "r": 0.137057, "n": 0.197168, "d": 0.03065, "c": 0.0162392, "q": 0.157698, "e": 0.0317851, "g": 0.036382, "i": 0.0274215, "l": 0.049093, "k": 0.034526, "m": 0.0261645, "f": 0.0322455, "p": 0.0334664, "s": 0.0617927, "t": 0.0836641, "w": 0.0181236, "y": 0.0461475, "v": 0.0350476 },
  "i": { "a": 0.0485897, "r": 0.0409988, "n": 0.0271726, "d": 0.0185265, "c": 0.0206321, "q": 0.0206192, "e": 0.0500776, "g": 0.0207404, "h": 0.0325918, "l": 0.307523, "k": 0.0746125, "m": 0.123473, "f": 0.107381, "p": 0.0207471, "s": 0.0414487, "t": 0.0738395, "w": 0.0128952, "y": 0.0327205, "v": 0.628217 },
  "l": { "a": 0.0444069, "r": 0.0191843, "n": 0.00975433, "d": 0.00834306, "c": 0.00637092, "q": 0.0127862, "e": 0.00718772, "g": 0.0212745, "h": 0.0124061, "i": 0.10909, "k": 0.0246959, "m": 0.13166, "f": 0.056485, "p": 0.00738518, "s": 0.00947799, "t": 0.0203415, "w": 0.00580941, "y": 0.0177418, "v": 0.102606 },
  "k": { "a": 0.034576, "r": 0.160609, "n": 0.156118, "d": 0.0440817, "c": 0.00550781, "q": 0.0545933, "e": 0.0436094, "g": 0.0355087, "h": 0.0352388, "i": 0.0155644, "l": 0.00947062, "m": 0.016888, "f": 0.00921719, "p": 0.038298, "s": 0.0529723, "t": 0.0812119, "w": 0.00789062, "y": 0.0116859, "v": 0.0278089 },
  "m": { "a": 0.10067, "r": 0.0678149, "n": 0.0780058, "d": 0.0560903, "c": 0.0407974, "q": 0.135915, "e": 0.0583826, "g": 0.0584485, "h": 0.0532445, "i": 0.307044, "l": 0.477595, "k": 0.132917, "f": 0.104132, "p": 0.0497226, "s": 0.0693792, "t": 0.133544, "w": 0.0360506, "y": 0.050137, "v": 0.340413 },
  "f": { "a": 0.0186421, "r": 0.0145299, "n": 0.0234021, "d": 0.014093, "c": 0.0130394, "q": 0.0143498, "e": 0.0149101, "g": 0.0156398, "h": 0.0189459, "i": 0.0524814, "l": 0.139521, "k": 0.0174102, "m": 0.0264809, "p": 0.0230937, "s": 0.0617667, "t": 0.0311262, "w": 0.012366, "y": 0.275817, "v": 0.0263144 },
  "p": { "a": 0.230586, "r": 0.0474529, "n": 0.0172303, "d": 0.0179693, "c": 0.00953355, "q": 0.0453224, "e": 0.0171362, "g": 0.0151085, "h": 0.0896144, "i": 0.0218824, "l": 0.0254952, "k": 0.0334796, "m": 0.0287742, "f": 0.0153159, "s": 0.105167, "t": 0.0311901, "w": 0.00987934, "y": 0.0107578, "v": 0.0225938 },
  "s": { "a": 0.383215, "r": 0.0556046, "n": 0.209971, "d": 0.0726346, "c": 0.0317093, "q": 0.0532441, "e": 0.0298473, "g": 0.226416, "h": 0.0395484, "i": 0.023606, "l": 0.0164506, "k": 0.050791, "m": 0.0203766, "f": 0.0221125, "p": 0.0989683, "t": 0.362831, "w": 0.0079544, "y": 0.0120181, "v": 0.0254701 },
  "t": { "a": 0.296362, "r": 0.0342207, "n": 0.087652, "d": 0.0456326, "c": 0.0192755, "q": 0.0542457, "e": 0.0744069, "g": 0.0510539, "h": 0.0175014, "i": 0.0857545, "l": 0.0290252, "k": 0.0883892, "m": 0.0354445, "f": 0.0258975, "p": 0.0776698, "s": 0.321073, "w": 0.00982589, "y": 0.0113575, "v": 0.10991 },
  "w": { "a": 0.0586859, "r": 0.20152, "n": 0.0623019, "d": 0.0568249, "c": 0.0494325, "q": 0.0591282, "e": 0.0598828, "g": 0.0588169, "h": 0.0621418, "i": 0.0570009, "l": 0.0574815, "k": 0.066095, "m": 0.0615406, "f": 0.0538663, "p": 0.0582391, "s": 0.0640844, "t": 0.0689885, "y": 0.0524567, "v": 0.0567848 },
  "y": { "a": 0.0482502, "r": 0.0148506, "n": 0.0631631, "d": 0.0177826, "c": 0.0450763, "q": 0.0154, "e": 0.0187817, "g": 0.0161691, "h": 0.0293884, "i": 0.0243262, "l": 0.027253, "k": 0.0218501, "m": 0.0202969, "f": 0.337241, "p": 0.0153214, "s": 0.0295638, "t": 0.0480377, "w": 0.0134037, "v": 0.0171024 },
  "v": { "a": 0.164469, "r": 0.0252962, "n": 0.0199418, "d": 0.0103394, "c": 0.0106406, "q": 0.0101638, "e": 0.0131027, "g": 0.027349, "h": 0.0130349, "i": 0.44322, "l": 0.132685, "k": 0.0174039, "m": 0.0579294, "f": 0.0152513, "p": 0.0160162, "s": 0.0158261, "t": 0.120145, "w": 0.00696297, "y": 0.00845655 }
 }
}
