{
 "alphabet": "arndcqeghilkmfpstwyv",
 "insrate": 0.00417559,
 "insextprob": 0.684211,
 "delrate": 0.00626039,
 "delextprob": 0.709677,
 "rootprob":
 {
  "a": 0.0947869,
  "r": 0.0498538,
  "n": 0.0478592,
  "d": 0.0372009,
  "c": 0.0234737,
  "q": 0.0312777,
  "e": 0.0619295,
  "g": 0.0919269,
  "h": 0.0284872,
  "i": 0.0410667,
  "l": 0.0875969,
  "k": 0.0800504,
  "m": 0.0111917,
  "f": 0.0462545,
  "p": 0.0391672,
  "s": 0.0591161,
  "t": 0.0627319,
  "w": 0.0126439,
  "y": 0.0344994,
  "v": 0.0588854
 },
 "subrate":
 {
  "a": { "r": 0.0194849, "n": 0.0271314, "d": 0.0375736, "c": 0.011039, "q": 0.0594358, "e": 0.0791094, "g": 0.166951, "h": 0.0199635, "i": 0.0198979, "l": 0.0358526, "k": 0.0326316, "m": 0.016306, "f": 0.0130859, "p": 0.0851353, "s": 0.307259, "t": 0.187568, "w": 0.00637462, "y": 0.0109624, "v": 0.175665 },
  "r": { "a": 0.0438284, "n": 0.0382567, "d": 0.0157254, "c": 0.0108633, "q": 0.0624546, "e": 0.0258994, "g": 0.0150999, "h": 0.179929, "i": 0.0272281, "l": 0.0181232, "k": 0.332717, "m": 0.0153733, "f": 0.00989874, "p": 0.0568864, "s": 0.0751511, "t": 0.036967, "w": 0.0146581, "y": 0.0100719, "v": 0.0456661 },
  "n": { "a": 0.0527677, "r": 0.0265367, "d": 0.286, "c": 0.0269538, "q": 0.115254, "e": 0.0809936, "g": 0.105225, "h": 0.131447, "i": 0.0338691, "l": 0.0250636, "k": 0.281898, "m": 0.0196656, "f": 0.0301674, "p": 0.0336677, "s": 0.312139, "t": 0.144786, "w": 0.0138867, "y": 0.0122547, "v": 0.018296 },
  "d": { "a": 0.154551, "r": 0.0246253, "n": 0.27884, "c": 0.016246, "q": 0.0774196, "e": 0.485005, "g": 0.111927, "h": 0.0366334, "i": 0.0205342, "l": 0.0283892, "k": 0.0691573, "m": 0.017212, "f": 0.0142688, "p": 0.0324209, "s": 0.0906299, "t": 0.0305891, "w": 0.0114784, "y": 0.0110327, "v": 0.0286546 },
  "c": { "a": 0.0593289, "r": 0.0454969, "n": 0.032327, "d": 0.0305386, "q": 0.0286557, "e": 0.0253467, "g": 0.0255734, "h": 0.0264266, "i": 0.0247877, "l": 0.0305476, "k": 0.024645, "m": 0.0253758, "f": 0.0231735, "p": 0.0346724, "s": 0.112703, "t": 0.0613963, "w": 0.0216948, "y": 0.0335478, "v": 0.0600411 },
  "q": { "a": 0.109116, "r": 0.0647306, "n": 0.0918803, "d": 0.0373718, "c": 0.015101, "e": 0.32455, "g": 0.0194459, "h": 0.162363, "i": 0.0236347, "l": 0.0535332, "k": 0.110037, "m": 0.0358138, "f": 0.0137682, "p": 0.0249954, "s": 0.0763463, "t": 0.0565194, "w": 0.0128891, "y": 0.0126917, "v": 0.0359142 },
  "e": { "a": 0.189597, "r": 0.019355, "n": 0.0570721, "d": 0.480917, "c": 0.0125436, "q": 0.287747, "g": 0.07069, "h": 0.0247438, "i": 0.033498, "l": 0.0143628, "k": 0.0889056, "m": 0.0143137, "f": 0.0128811, "p": 0.0343361, "s": 0.0794284, "t": 0.0656293, "w": 0.00918364, "y": 0.00908634, "v": 0.0412001 },
  "g": { "a": 0.16269, "r": 0.011018, "n": 0.0300302, "d": 0.0556814, "c": 0.0112348, "q": 0.0190442, "e": 0.0553376, "h": 0.00701252, "i": 0.0110749, "l": 0.0142057, "k": 0.0279961, "m": 0.0113462, "f": 0.0101009, "p": 0.0402321, "s": 0.136262, "t": 0.0359052, "w": 0.00577114, "y": 0.00939039, "v": 0.030195 },
  "h": { "a": 0.0432122, "r": 0.107741, "n": 0.223571, "d": 0.0560208, "c": 0.0180974, "q": 0.111243, "e": 0.0447524, "g": 0.0213763, "i": 0.0338841, "l": 0.0610745, "k": 0.0463737, "m": 0.0307602, "f": 0.0176685, "p": 0.0886181, "s": 0.0604809, "t": 0.0297405, "w": 0.0146653, "y": 0.015835, "v": 0.0337063 },
  "i": { "a": 0.0322423, "r": 0.0182176, "n": 0.0218004, "d": 0.0211508, "c": 0.0321764, "q": 0.0360392, "e": 0.0494562, "g": 0.0202614, "h": 0.0228615, "l": 0.285937, "k": 0.0889568, "m": 0.0721571, "f": 0.0225256, "p": 0.0237903, "s": 0.0248794, "t": 0.0991317, "w": 0.0152783, "y": 0.0148189, "v": 0.659983 },
  "l": { "a": 0.0327687, "r": 0.00953861, "n": 0.0260674, "d": 0.00853965, "c": 0.00846979, "q": 0.0336474, "e": 0.00756014, "g": 0.00685901, "h": 0.0231402, "i": 0.114893, "k": 0.0211079, "m": 0.10307, "f": 0.0501867, "p": 0.010808, "s": 0.0288781, "t": 0.0400914, "w": 0.00993179, "y": 0.00901417, "v": 0.0719535 },
  "k": { "a": 0.0543735, "r": 0.160231, "n": 0.117002, "d": 0.0346482, "c": 0.00599991, "q": 0.0535901, "e": 0.0671793, "g": 0.0144002, "h": 0.0224374, "i": 0.0176027, "l": 0.0223342, "m": 0.0351213, "f": 0.00549908, "p": 0.0242987, "s": 0.0703151, "t": 0.0689118, "w": 0.00579875, "y": 0.00681463, "v": 0.0168132 },
  "m": { "a": 0.200743, "r": 0.132115, "n": 0.0907253, "d": 0.0788439, "c": 0.0599835, "q": 0.112976, "e": 0.0760439, "g": 0.0949494, "h": 0.0781619, "i": 0.20794, "l": 0.759609, "k": 0.445657, "f": 0.0682716, "p": 0.0856297, "s": 0.103498, "t": 0.16508, "w": 0.0555246, "y": 0.058432, "v": 0.244042 },
  "f": { "a": 0.0231916, "r": 0.0285714, "n": 0.0128439, "d": 0.0170818, "c": 0.0136997, "q": 0.0145698, "e": 0.0153398, "g": 0.0207532, "h": 0.0253327, "i": 0.0917507, "l": 0.10496, "k": 0.012846, "m": 0.0157755, "p": 0.0155355, "s": 0.0211915, "t": 0.0219265, "w": 0.0209842, "y": 0.317373, "v": 0.0223229 },
  "p": { "a": 0.234763, "r": 0.0984478, "n": 0.0210985, "d": 0.0391274, "c": 0.0165541, "q": 0.0695432, "e": 0.056525, "g": 0.0554351, "h": 0.0344204, "i": 0.0262275, "l": 0.0688714, "k": 0.070393, "m": 0.0190159, "f": 0.0229686, "s": 0.0998226, "t": 0.0433801, "w": 0.0123419, "y": 0.0147191, "v": 0.0454338 },
  "s": { "a": 0.432957, "r": 0.0599452, "n": 0.131475, "d": 0.0629722, "c": 0.0648901, "q": 0.0495619, "e": 0.0390165, "g": 0.228888, "h": 0.0259958, "i": 0.0175676, "l": 0.0241068, "k": 0.0923991, "m": 0.0328958, "f": 0.0290558, "p": 0.0876432, "t": 0.317185, "w": 0.0133016, "y": 0.0129482, "v": 0.0179482 },
  "t": { "a": 0.214136, "r": 0.0182176, "n": 0.126208, "d": 0.0349325, "c": 0.0101378, "q": 0.0256819, "e": 0.0524789, "g": 0.0280162, "h": 0.0165522, "i": 0.0689985, "l": 0.0395393, "k": 0.132868, "m": 0.0442332, "f": 0.0166917, "p": 0.0443441, "s": 0.310228, "w": 0.0139399, "y": 0.0130061, "v": 0.173366 },
  "w": { "a": 0.0390243, "r": 0.0845419, "n": 0.0384574, "d": 0.0366331, "c": 0.0384791, "q": 0.03568, "e": 0.0351915, "g": 0.0331691, "h": 0.0355014, "i": 0.0374773, "l": 0.0406762, "k": 0.035821, "m": 0.0376245, "f": 0.0372887, "p": 0.0354373, "s": 0.138407, "t": 0.0366703, "y": 0.0624334, "v": 0.0445777 },
  "y": { "a": 0.0164133, "r": 0.0240315, "n": 0.0161019, "d": 0.0181714, "c": 0.0326892, "q": 0.0160066, "e": 0.0198324, "g": 0.013396, "h": 0.0364906, "i": 0.020926, "l": 0.0249479, "k": 0.014941, "m": 0.0163671, "f": 0.418802, "p": 0.0152201, "s": 0.0377331, "t": 0.0151159, "w": 0.0217799, "v": 0.0368651 },
  "v": { "a": 0.192912, "r": 0.0111027, "n": 0.0148156, "d": 0.0167667, "c": 0.0117456, "q": 0.0445471, "e": 0.0375277, "g": 0.0410703, "h": 0.0273881, "i": 0.295305, "l": 0.119188, "k": 0.0306171, "m": 0.0382255, "f": 0.011613, "p": 0.0682488, "s": 0.0282792, "t": 0.141648, "w": 0.00838078, "y": 0.0147602 }
 }
}
