{
 "alphabet": "arndcqeghilkmfpstwyv",
 "insrate": 0.00719914,
 "insextprob": 0.65,
 "delrate": 0.0048037,
 "delextprob": 0.631579,
 "rootprob":
 {
  "a": 0.103451,
  "r": 0.0391971,
  "n": 0.0377228,
  "d": 0.0455834,
  "c": 0.0436144,
  "q": 0.0243123,
  "e": 0.0534189,
  "g": 0.096833,
  "h": 0.0244779,
  "i": 0.0378285,
  "l": 0.0745003,
  "k": 0.0785455,
  "m": 0.0164467,
  "f": 0.0397814,
  "p": 0.0430198,
  "s": 0.0848108,
  "t": 0.0527317,
  "w": 0.012216,
  "y": 0.0251843,
  "v": 0.0663245
 },
 "subrate":
 {
  "a": { "r": 0.0178093, "n": 0.0405458, "d": 0.0382242, "c": 0.013123, "q": 0.0287088, "e": 0.107161, "g": 0.268868, "h": 0.0215379, "i": 0.0175016, "l": 0.0306176, "k": 0.0377199, "m": 0.0151668, "f": 0.00663718, "p": 0.112396, "s": 0.262614, "t": 0.145263, "w": 0.00767251, "y": 0.0117911, "v": 0.181038 },
  "r": { "a": 0.0381754, "n": 0.0322965, "d": 0.0275208, "c": 0.0125545, "q": 0.0665725, "e": 0.0189406, "g": 0.0333224, "h": 0.0928142, "i": 0.0235467, "l": 0.024919, "k": 0.43658, "m": 0.0292752, "f": 0.0111407, "p": 0.0260412, "s": 0.103789, "t": 0.0432423, "w": 0.0303761, "y": 0.012656, "v": 0.0372403 },
  "n": { "a": 0.0412811, "r": 0.0307734, "d": 0.277793, "c": 0.0148262, "q": 0.0503531, "e": 0.0434672, "g": 0.1724, "h": 0.0887978, "i": 0.0203763, "l": 0.0629475, "k": 0.292985, "m": 0.0196721, "f": 0.0129693, "p": 0.0710501, "s": 0.269474, "t": 0.138033, "w": 0.0149265, "y": 0.0434443, "v": 0.0189626 },
  "d": { "a": 0.134064, "r": 0.0190784, "n": 0.225601, "c": 0.0144297, "q": 0.0514083, "e": 0.516583, "g": 0.0916193, "h": 0.0486528, "i": 0.0155542, "l": 0.0223162, "k": 0.0651604, "m": 0.0176527, "f": 0.0133945, "p": 0.0304584, "s": 0.114901, "t": 0.0574382, "w": 0.0135917, "y": 0.0136791, "v": 0.0267234 },
  "c": { "a": 0.0408624, "r": 0.0220575, "n": 0.0350557, "d": 0.0137708, "q": 0.0138929, "e": 0.0122862, "g": 0.018865, "h": 0.0293712, "i": 0.0187152, "l": 0.0302495, "k": 0.0193336, "m": 0.0145646, "f": 0.0111315, "p": 0.0239475, "s": 0.134775, "t": 0.0464313, "w": 0.0123556, "y": 0.0391118, "v": 0.0331015 },
  "q": { "a": 0.110236, "r": 0.14134, "n": 0.0697183, "d": 0.0926593, "c": 0.0133285, "e": 0.178051, "g": 0.0463387, "h": 0.211107, "i": 0.0200397, "l": 0.0577201, "k": 0.204858, "m": 0.0259739, "f": 0.0149996, "p": 0.0425243, "s": 0.0717595, "t": 0.0421515, "w": 0.0260712, "y": 0.0209751, "v": 0.048435 },
  "e": { "a": 0.155261, "r": 0.015505, "n": 0.0444513, "d": 0.41074, "c": 0.0100429, "q": 0.329112, "g": 0.0703955, "h": 0.0284087, "i": 0.0153675, "l": 0.0171428, "k": 0.0985729, "m": 0.0233288, "f": 0.0104981, "p": 0.0490267, "s": 0.0576267, "t": 0.0246132, "w": 0.0112051, "y": 0.0113758, "v": 0.0221931 },
  "g": { "a": 0.191999, "r": 0.0145348, "n": 0.0757308, "d": 0.0616794, "c": 0.0138231, "q": 0.0117987, "e": 0.0278442, "h": 0.0116735, "i": 0.0067565, "l": 0.00838829, "k": 0.0121922, "m": 0.00761887, "f": 0.00492271, "p": 0.0264048, "s": 0.186058, "t": 0.0196375, "w": 0.00844892, "y": 0.00483711, "v": 0.0293358 },
  "h": { "a": 0.0320898, "r": 0.124282, "n": 0.196325, "d": 0.0803548, "c": 0.0343649, "q": 0.388809, "e": 0.0558245, "g": 0.0258887, "i": 0.027253, "l": 0.0407492, "k": 0.0719056, "m": 0.0288619, "f": 0.0330532, "p": 0.0881177, "s": 0.0420154, "t": 0.0313123, "w": 0.0225844, "y": 0.0322734, "v": 0.0265741 },
  "i": { "a": 0.0263448, "r": 0.0164078, "n": 0.048485, "d": 0.0199314, "c": 0.0248821, "q": 0.0218446, "e": 0.044324, "g": 0.0193753, "h": 0.0203257, "l": 0.198268, "k": 0.0248815, "m": 0.0802056, "f": 0.0391323, "p": 0.0227618, "s": 0.0263264, "t": 0.0824799, "w": 0.0169268, "y": 0.0154787, "v": 0.669535 },
  "l": { "a": 0.0382172, "r": 0.0154952, "n": 0.0151854, "d": 0.00765835, "c": 0.00967416, "q": 0.0264527, "e": 0.00799781, "g": 0.0124757, "h": 0.0198885, "i": 0.125742, "k": 0.0250541, "m": 0.0739684, "f": 0.0931307, "p": 0.00922178, "s": 0.0154799, "t": 0.0212287, "w": 0.0127458, "y": 0.0137007, "v": 0.0763188 },
  "k": { "a": 0.0436222, "r": 0.169829, "n": 0.120712, "d": 0.0353528, "c": 0.00563948, "q": 0.0875137, "e": 0.0440608, "g": 0.022481, "h": 0.0193718, "i": 0.0409042, "l": 0.0170512, "m": 0.0202804, "f": 0.00552732, "p": 0.0166674, "s": 0.0601895, "t": 0.0670555, "w": 0.00675518, "y": 0.00577751, "v": 0.00860395 },
  "m": { "a": 0.102654, "r": 0.047867, "n": 0.0593463, "d": 0.0486181, "c": 0.0393398, "q": 0.128602, "e": 0.0592141, "g": 0.0864121, "h": 0.0526294, "i": 0.298461, "l": 0.419123, "k": 0.220057, "f": 0.0929331, "p": 0.0534994, "s": 0.0640705, "t": 0.160376, "w": 0.0432503, "y": 0.0406035, "v": 0.0824438 },
  "f": { "a": 0.0308908, "r": 0.0107131, "n": 0.0217162, "d": 0.0114108, "c": 0.0150119, "q": 0.0117059, "e": 0.0107293, "g": 0.0231196, "h": 0.0157463, "i": 0.0650067, "l": 0.105702, "k": 0.0121722, "m": 0.0161227, "p": 0.0287539, "s": 0.026717, "t": 0.0129312, "w": 0.0177584, "y": 0.177879, "v": 0.0427066 },
  "p": { "a": 0.268788, "r": 0.0185337, "n": 0.0199265, "d": 0.0456842, "c": 0.0159292, "q": 0.0883754, "e": 0.0213262, "g": 0.0623651, "h": 0.0446137, "i": 0.0187142, "l": 0.0582079, "k": 0.0361545, "m": 0.0375067, "f": 0.0193986, "s": 0.169364, "t": 0.0261757, "w": 0.0147725, "y": 0.0109763, "v": 0.0282899 },
  "s": { "a": 0.309106, "r": 0.0636576, "n": 0.228986, "d": 0.0792011, "c": 0.0411352, "q": 0.051334, "e": 0.03126, "g": 0.123358, "h": 0.0236956, "i": 0.012546, "l": 0.0245444, "k": 0.11518, "m": 0.0109665, "f": 0.0103839, "p": 0.137274, "t": 0.34594, "w": 0.00951713, "y": 0.0155015, "v": 0.0215896 },
  "t": { "a": 0.225125, "r": 0.0190716, "n": 0.0648911, "d": 0.0321804, "c": 0.0415693, "q": 0.0359192, "e": 0.0348637, "g": 0.0261603, "h": 0.0277872, "i": 0.0420296, "l": 0.0410156, "k": 0.137819, "m": 0.0322854, "f": 0.0207201, "p": 0.0654168, "s": 0.439032, "w": 0.0114434, "y": 0.0104431, "v": 0.0870773 },
  "w": { "a": 0.0438227, "r": 0.0437825, "n": 0.0773741, "d": 0.0422933, "c": 0.0360158, "q": 0.0436325, "e": 0.0393416, "g": 0.0559401, "h": 0.0600873, "i": 0.0722979, "l": 0.112195, "k": 0.0672037, "m": 0.0458481, "f": 0.0813943, "p": 0.0584699, "s": 0.0818748, "t": 0.0426846, "y": 0.0444397, "v": 0.0533419 },
  "y": { "a": 0.0273799, "r": 0.0330353, "n": 0.0657481, "d": 0.0279899, "c": 0.0224778, "q": 0.0361362, "e": 0.0228416, "g": 0.0242214, "h": 0.13318, "i": 0.0288966, "l": 0.0448722, "k": 0.0446742, "m": 0.0254896, "f": 0.281675, "p": 0.0272592, "s": 0.0327438, "t": 0.0279591, "w": 0.024289, "v": 0.0555041 },
  "v": { "a": 0.166852, "r": 0.0109557, "n": 0.039445, "d": 0.0135406, "c": 0.0128588, "q": 0.0232079, "e": 0.0229044, "g": 0.0297385, "h": 0.0313998, "i": 0.489342, "l": 0.116464, "k": 0.0216596, "m": 0.0689814, "f": 0.0153258, "p": 0.0386718, "s": 0.0386259, "t": 0.116565, "w": 0.0107237, "y": 0.00922893 }
 }
}
