{
 "alphabet": "arndcqeghilkmfpstwyv",
 "insrate": 0.00505986,
 "insextprob": 0.673913,
 "delrate": 0.00540131,
 "delextprob": 0.737705,
 "rootprob":
 {
  "a": 0.074494,
  "r": 0.041844,
  "n": 0.0480897,
  "d": 0.0226541,
  "c": 0.0343512,
  "q": 0.0363059,
  "e": 0.0560018,
  "g": 0.0985301,
  "h": 0.0455308,
  "i": 0.0303009,
  "l": 0.105503,
  "k": 0.0767887,
  "m": 0.0199098,
  "f": 0.0570446,
  "p": 0.0432335,
  "s": 0.0546428,
  "t": 0.0612873,
  "w": 0.0160803,
  "y": 0.0248814,
  "v": 0.0525258
 },
 "subrate":
 {
  "a": { "r": 0.0175348, "n": 0.02235, "d": 0.0651137, "c": 0.016892, "q": 0.0475833, "e": 0.102294, "g": 0.226331, "h": 0.0145663, "i": 0.0329305, "l": 0.0274233, "k": 0.0390541, "m": 0.0244798, "f": 0.0121095, "p": 0.072564, "s": 0.266805, "t": 0.186444, "w": 0.00608523, "y": 0.0179326, "v": 0.0960678 },
  "r": { "a": 0.0583784, "n": 0.0373812, "d": 0.0189341, "c": 0.015202, "q": 0.0561507, "e": 0.0214908, "g": 0.0221336, "h": 0.0531891, "i": 0.0335038, "l": 0.0241056, "k": 0.435177, "m": 0.022226, "f": 0.0196437, "p": 0.0202106, "s": 0.0584131, "t": 0.0344081, "w": 0.0104812, "y": 0.0126468, "v": 0.0224103 },
  "n": { "a": 0.10941, "r": 0.0313722, "d": 0.326396, "c": 0.0190787, "q": 0.0368111, "e": 0.070395, "g": 0.141262, "h": 0.167664, "i": 0.0207559, "l": 0.0212158, "k": 0.214307, "m": 0.0213784, "f": 0.0277276, "p": 0.0384014, "s": 0.459103, "t": 0.117898, "w": 0.0119394, "y": 0.0371783, "v": 0.0208474 },
  "d": { "a": 0.160441, "r": 0.0207635, "n": 0.220112, "c": 0.0144875, "q": 0.0548431, "e": 0.498922, "g": 0.136581, "h": 0.0584606, "i": 0.0196322, "l": 0.019295, "k": 0.0475719, "m": 0.0189055, "f": 0.0130406, "p": 0.0297682, "s": 0.0891946, "t": 0.0540325, "w": 0.0109586, "y": 0.0149347, "v": 0.0190397 },
  "c": { "a": 0.0656468, "r": 0.0341464, "n": 0.0154515, "d": 0.0157489, "q": 0.0132539, "e": 0.0135984, "g": 0.0267683, "h": 0.0300482, "i": 0.0384776, "l": 0.0169886, "k": 0.0130578, "m": 0.0145558, "f": 0.0148724, "p": 0.0369207, "s": 0.121996, "t": 0.0190003, "w": 0.0112928, "y": 0.0464424, "v": 0.0317582 },
  "q": { "a": 0.0892326, "r": 0.0721613, "n": 0.0986306, "d": 0.0541548, "c": 0.0150617, "e": 0.390545, "g": 0.0260502, "h": 0.243101, "i": 0.0259074, "l": 0.0452981, "k": 0.204152, "m": 0.0287223, "f": 0.0157475, "p": 0.0530648, "s": 0.0826401, "t": 0.0789466, "w": 0.0131754, "y": 0.0174817, "v": 0.0224827 },
  "e": { "a": 0.132442, "r": 0.0222946, "n": 0.0803205, "d": 0.431995, "c": 0.0118064, "q": 0.274053, "g": 0.0620946, "h": 0.0520887, "i": 0.0177766, "l": 0.0335081, "k": 0.139357, "m": 0.0154188, "f": 0.01071, "p": 0.0330582, "s": 0.0932159, "t": 0.0379029, "w": 0.00911581, "y": 0.0163587, "v": 0.0430313 },
  "g": { "a": 0.18143, "r": 0.013955, "n": 0.0511231, "d": 0.0598982, "c": 0.0126847, "q": 0.00891008, "e": 0.0412137, "h": 0.0115088, "i": 0.00905241, "l": 0.0148358, "k": 0.043736, "m": 0.00836674, "f": 0.0160535, "p": 0.0255664, "s": 0.153341, "t": 0.0197812, "w": 0.00477239, "y": 0.00663567, "v": 0.0258698 },
  "h": { "a": 0.0570773, "r": 0.100304, "n": 0.205468, "d": 0.150836, "c": 0.0137171, "q": 0.236203, "e": 0.11356, "g": 0.0348355, "i": 0.0174716, "l": 0.0828181, "k": 0.063813, "m": 0.0330259, "f": 0.0227802, "p": 0.0372212, "s": 0.0367056, "t": 0.0241184, "w": 0.0120548, "y": 0.0875658, "v": 0.0163527 },
  "i": { "a": 0.0282556, "r": 0.0349231, "n": 0.0335338, "d": 0.0226372, "c": 0.0177111, "q": 0.0339404, "e": 0.0304029, "g": 0.0320634, "h": 0.0194325, "l": 0.276252, "k": 0.0567204, "m": 0.065883, "f": 0.0491516, "p": 0.0261396, "s": 0.0320263, "t": 0.215258, "w": 0.0168804, "y": 0.0377798, "v": 0.736888 },
  "l": { "a": 0.0451435, "r": 0.0128161, "n": 0.00850991, "d": 0.0101267, "c": 0.00733563, "q": 0.0123534, "e": 0.021751, "g": 0.0169353, "h": 0.0199121, "i": 0.126113, "k": 0.0266782, "m": 0.0949791, "f": 0.129364, "p": 0.0273267, "s": 0.0158419, "t": 0.0347611, "w": 0.00726209, "y": 0.0148848, "v": 0.102709 },
  "k": { "a": 0.0398256, "r": 0.170479, "n": 0.10618, "d": 0.0423016, "c": 0.00573502, "q": 0.0856824, "e": 0.0406693, "g": 0.0109293, "h": 0.0172605, "i": 0.0349565, "l": 0.0413311, "m": 0.0234063, "f": 0.0136637, "p": 0.0116613, "s": 0.095688, "t": 0.0648628, "w": 0.00506115, "y": 0.00880524, "v": 0.0135924 },
  "m": { "a": 0.10128, "r": 0.0508437, "n": 0.0470914, "d": 0.0387546, "c": 0.0375013, "q": 0.0465508, "e": 0.069951, "g": 0.0453131, "h": 0.0382511, "i": 0.238372, "l": 0.439878, "k": 0.304687, "f": 0.0426225, "p": 0.0365893, "s": 0.0814931, "t": 0.0854091, "w": 0.0281375, "y": 0.0346627, "v": 0.18123 },
  "f": { "a": 0.0201755, "r": 0.0202267, "n": 0.0167861, "d": 0.0109537, "c": 0.0224463, "q": 0.0115648, "e": 0.0123129, "g": 0.0184528, "h": 0.0177096, "i": 0.0510418, "l": 0.15256, "k": 0.0239879, "m": 0.0335111, "p": 0.0224402, "s": 0.0288336, "t": 0.0167824, "w": 0.0179018, "y": 0.3117, "v": 0.0165782 },
  "p": { "a": 0.146915, "r": 0.0678237, "n": 0.0251242, "d": 0.0508091, "c": 0.0133064, "q": 0.0299569, "e": 0.0314935, "g": 0.0603661, "h": 0.0252651, "i": 0.0197224, "l": 0.0307913, "k": 0.0441715, "m": 0.0142443, "f": 0.0383101, "s": 0.105252, "t": 0.0560855, "w": 0.00950903, "y": 0.0112168, "v": 0.0416708 },
  "s": { "a": 0.388605, "r": 0.0574764, "n": 0.19874, "d": 0.0766553, "c": 0.0349993, "q": 0.0313566, "e": 0.0644291, "g": 0.171157, "h": 0.0204417, "i": 0.0168214, "l": 0.0154941, "k": 0.0567389, "m": 0.0178446, "f": 0.0125233, "p": 0.0640828, "t": 0.270173, "w": 0.0149598, "y": 0.0114636, "v": 0.0326967 },
  "t": { "a": 0.220485, "r": 0.0150674, "n": 0.0953773, "d": 0.089155, "c": 0.0194791, "q": 0.0186509, "e": 0.037033, "g": 0.0397564, "h": 0.0189078, "i": 0.0428148, "l": 0.0257854, "k": 0.109945, "m": 0.0296101, "f": 0.0135747, "p": 0.0682811, "s": 0.443069, "w": 0.00875791, "y": 0.0109703, "v": 0.110301 },
  "w": { "a": 0.0309064, "r": 0.10067, "n": 0.0318972, "d": 0.0290532, "c": 0.032171, "q": 0.0298926, "e": 0.0296011, "g": 0.0292936, "h": 0.0297065, "i": 0.0307808, "l": 0.0301919, "k": 0.0580568, "m": 0.0495452, "f": 0.028325, "p": 0.0292983, "s": 0.0406389, "t": 0.0317409, "y": 0.0282575, "v": 0.0309616 },
  "y": { "a": 0.0269482, "r": 0.0160131, "n": 0.0455188, "d": 0.0159645, "c": 0.0623834, "q": 0.0169278, "e": 0.0282719, "g": 0.01461, "h": 0.0805785, "i": 0.0438667, "l": 0.0524527, "k": 0.0263299, "m": 0.017733, "f": 0.179146, "p": 0.0137357, "s": 0.027393, "t": 0.0297618, "w": 0.0117495, "v": 0.0264365 },
  "v": { "a": 0.121472, "r": 0.0145376, "n": 0.0219286, "d": 0.0228731, "c": 0.0194401, "q": 0.0146047, "e": 0.0361956, "g": 0.0320267, "h": 0.012058, "i": 0.496906, "l": 0.129886, "k": 0.0230093, "m": 0.0362821, "f": 0.0185657, "p": 0.0567147, "s": 0.0545285, "t": 0.112432, "w": 0.013137, "y": 0.0256922 }
 }
}
