{
 "alphabet": "arndcqeghilkmfpstwyv",
 "insrate": 0.00802897,
 "insextprob": 0.689189,
 "delrate": 0.00384475,
 "delextprob": 0.710526,
 "rootprob":
 {
  "a": 0.0809111,
  "r": 0.035557,
  "n": 0.0417868,
  "d": 0.0641344,
  "c": 0.028754,
  "q": 0.047906,
  "e": 0.0396786,
  "g": 0.0969695,
  "h": 0.0308502,
  "i": 0.0401172,
  "l": 0.0743414,
  "k": 0.071992,
  "m": 0.0171276,
  "f": 0.0421045,
  "p": 0.0536914,
  "s": 0.0790157,
  "t": 0.061213,
  "w": 0.00343842,
  "y": 0.0337523,
  "v": 0.0566587
 },
 "subrate":
 {
  "a": { "r": 0.0191104, "n": 0.0590365, "d": 0.0754317, "c": 0.0238181, "q": 0.0363055, "e": 0.11305, "g": 0.216593, "h": 0.0134186, "i": 0.0102104, "l": 0.0451551, "k": 0.0337843, "m": 0.0208264, "f": 0.00960939, "p": 0.11671, "s": 0.211101, "t": 0.180696, "w": 0.00957275, "y": 0.0160427, "v": 0.119685 },
  "r": { "a": 0.0296145, "n": 0.0302988, "d": 0.0199241, "c": 0.0138371, "q": 0.0919693, "e": 0.0453004, "g": 0.0230759, "h": 0.107151, "i": 0.0192832, "l": 0.0454461, "k": 0.384685, "m": 0.0345228, "f": 0.020968, "p": 0.0960473, "s": 0.0992613, "t": 0.0244946, "w": 0.018521, "y": 0.0152959, "v": 0.0341292 },
  "n": { "a": 0.150886, "r": 0.0418241, "d": 0.172473, "c": 0.01617, "q": 0.055157, "e": 0.103696, "g": 0.109074, "h": 0.164261, "i": 0.0194956, "l": 0.0188923, "k": 0.244409, "m": 0.0189683, "f": 0.0261752, "p": 0.0216864, "s": 0.306798, "t": 0.129753, "w": 0.0351106, "y": 0.0159954, "v": 0.034941 },
  "d": { "a": 0.07672, "r": 0.017186, "n": 0.260505, "c": 0.0120155, "q": 0.0224144, "e": 0.578098, "g": 0.206556, "h": 0.0216433, "i": 0.0200334, "l": 0.0195658, "k": 0.0325361, "m": 0.015357, "f": 0.0139925, "p": 0.020301, "s": 0.115467, "t": 0.0578453, "w": 0.014547, "y": 0.0152629, "v": 0.0366538 },
  "c": { "a": 0.0860534, "r": 0.0169878, "n": 0.0499799, "d": 0.0202922, "q": 0.017513, "e": 0.0189229, "g": 0.0390681, "h": 0.0207456, "i": 0.0199705, "l": 0.0179377, "k": 0.0173512, "m": 0.0203071, "f": 0.0175058, "p": 0.0183318, "s": 0.0755606, "t": 0.0378394, "w": 0.019434, "y": 0.0328435, "v": 0.041845 },
  "q": { "a": 0.0693964, "r": 0.0646289, "n": 0.037575, "d": 0.0607163, "c": 0.0120304, "e": 0.237859, "g": 0.026918, "h": 0.230998, "i": 0.0151203, "l": 0.0465411, "k": 0.139327, "m": 0.0296309, "f": 0.0142952, "p": 0.0639939, "s": 0.0251063, "t": 0.0272015, "w": 0.0160581, "y": 0.0157735, "v": 0.0318508 },
  "e": { "a": 0.12944, "r": 0.0208841, "n": 0.0508555, "d": 0.478862, "c": 0.0169164, "q": 0.18617, "g": 0.0786789, "h": 0.0540555, "i": 0.033781, "l": 0.0324166, "k": 0.128043, "m": 0.0164375, "f": 0.015093, "p": 0.110897, "s": 0.0332853, "t": 0.0344893, "w": 0.0156478, "y": 0.0382159, "v": 0.0482629 },
  "g": { "a": 0.296896, "r": 0.0147331, "n": 0.067534, "d": 0.0488927, "c": 0.00920084, "q": 0.0083567, "e": 0.0310156, "h": 0.0130101, "i": 0.00658836, "l": 0.0127964, "k": 0.0173933, "m": 0.00955913, "f": 0.0115909, "p": 0.00910858, "s": 0.175223, "t": 0.0409209, "w": 0.00748744, "y": 0.00656807, "v": 0.0181401 },
  "h": { "a": 0.0381757, "r": 0.0826163, "n": 0.247715, "d": 0.0337997, "c": 0.016224, "q": 0.136362, "e": 0.0359098, "g": 0.0227319, "i": 0.0375865, "l": 0.158194, "k": 0.0449168, "m": 0.0207951, "f": 0.0271253, "p": 0.053162, "s": 0.0635714, "t": 0.0288438, "w": 0.0190057, "y": 0.0320388, "v": 0.0620793 },
  "i": { "a": 0.035043, "r": 0.0493974, "n": 0.026302, "d": 0.0156842, "c": 0.0218425, "q": 0.0203159, "e": 0.0194838, "g": 0.0151641, "h": 0.0428028, "l": 0.242714, "k": 0.0264714, "m": 0.0833419, "f": 0.0576364, "p": 0.0163147, "s": 0.0458675, "t": 0.0967054, "w": 0.018946, "y": 0.0216834, "v": 0.443342 },
  "l": { "a": 0.0242224, "r": 0.0116427, "n": 0.0100235, "d": 0.00765054, "c": 0.00653628, "q": 0.0264006, "e": 0.0104386, "g": 0.0160975, "h": 0.0510099, "i": 0.0686687, "k": 0.0153176, "m": 0.10037, "f": 0.0437548, "p": 0.0185891, "s": 0.0104716, "t": 0.022049, "w": 0.0194126, "y": 0.0166289, "v": 0.117442 },
  "k": { "a": 0.0204974, "r": 0.122142, "n": 0.109208, "d": 0.0381003, "c": 0.00632338, "q": 0.0784844, "e": 0.0427537, "g": 0.0239959, "h": 0.0359683, "i": 0.0237444, "l": 0.0292854, "m": 0.0243467, "f": 0.00816578, "p": 0.0235485, "s": 0.0690643, "t": 0.0612962, "w": 0.0166252, "y": 0.00890315, "v": 0.0154358 },
  "m": { "a": 0.187275, "r": 0.0457985, "n": 0.0530511, "d": 0.0414073, "c": 0.0362091, "q": 0.0487581, "e": 0.0439323, "g": 0.0443473, "h": 0.0552651, "i": 0.143716, "l": 0.593984, "k": 0.21436, "f": 0.0852543, "p": 0.0399957, "s": 0.0484781, "t": 0.0732134, "w": 0.0483629, "y": 0.0425848, "v": 0.24787 },
  "f": { "a": 0.0260526, "r": 0.0161404, "n": 0.0227289, "d": 0.0226584, "c": 0.015543, "q": 0.0298257, "e": 0.0209292, "g": 0.0152547, "h": 0.0311861, "i": 0.071596, "l": 0.210414, "k": 0.0199131, "m": 0.0203959, "p": 0.0261217, "s": 0.0247846, "t": 0.0180475, "w": 0.0365991, "y": 0.23251, "v": 0.024027 },
  "p": { "a": 0.183696, "r": 0.0429854, "n": 0.0383668, "d": 0.0451984, "c": 0.0163018, "q": 0.0579995, "e": 0.113267, "g": 0.0342005, "h": 0.0276693, "i": 0.0116337, "l": 0.0200394, "k": 0.0907496, "m": 0.0139229, "f": 0.0114776, "s": 0.122694, "t": 0.0550239, "w": 0.0129715, "y": 0.0101495, "v": 0.0280968 },
  "s": { "a": 0.35757, "r": 0.0761175, "n": 0.107356, "d": 0.0854238, "c": 0.0297248, "q": 0.026371, "e": 0.0419121, "g": 0.224375, "h": 0.0381624, "i": 0.0158714, "l": 0.0323693, "k": 0.0809269, "m": 0.0152217, "f": 0.0156502, "p": 0.0936322, "t": 0.272686, "w": 0.0200226, "y": 0.0093977, "v": 0.018787 },
  "t": { "a": 0.26744, "r": 0.0348922, "n": 0.114345, "d": 0.0561418, "c": 0.0216168, "q": 0.0224111, "e": 0.0246214, "g": 0.0435107, "h": 0.0320929, "i": 0.0898493, "l": 0.0532908, "k": 0.10555, "m": 0.022716, "f": 0.0205893, "p": 0.0345941, "s": 0.259289, "w": 0.0133495, "y": 0.0282152, "v": 0.104522 },
  "w": { "a": 0.182865, "r": 0.155932, "n": 0.18198, "d": 0.173843, "c": 0.134096, "q": 0.16286, "e": 0.166935, "g": 0.165091, "h": 0.19839, "i": 0.174642, "l": 0.195319, "k": 0.17408, "m": 0.163004, "f": 0.351175, "p": 0.151348, "s": 0.186851, "t": 0.181572, "y": 0.159001, "v": 0.19379 },
  "y": { "a": 0.0168633, "r": 0.0141126, "n": 0.0356054, "d": 0.0318027, "c": 0.0354681, "q": 0.0174835, "e": 0.023175, "g": 0.0172477, "h": 0.0448067, "i": 0.0234928, "l": 0.0502043, "k": 0.0264987, "m": 0.0192706, "f": 0.243727, "p": 0.0142501, "s": 0.0263572, "t": 0.0241403, "w": 0.0357487, "v": 0.0622022 },
  "v": { "a": 0.172714, "r": 0.0139817, "n": 0.0171003, "d": 0.0239539, "c": 0.0213319, "q": 0.024544, "e": 0.0331319, "g": 0.0220174, "h": 0.0202451, "i": 0.277377, "l": 0.076759, "k": 0.0200199, "m": 0.0508787, "f": 0.0325304, "p": 0.0512131, "s": 0.0453009, "t": 0.0880082, "w": 0.0130599, "y": 0.0166426 }
 }
}
