{
 "alphabet": "arndcqeghilkmfpstwyv",
 "insrate": 0.00511817,
 "insextprob": 0.555556,
 "delrate": 0.00416528,
 "delextprob": 0.657895,
 "rootprob":
 {
  "a": 0.0812727,
  "r": 0.0416162,
  "n": 0.0409162,
  "d": 0.0546274,
  "c": 0.0286014,
  "q": 0.0374863,
  "e": 0.0455284,
  "g": 0.0850912,
  "h": 0.0273669,
  "i": 0.0359418,
  "l": 0.107078,
  "k": 0.0716298,
  "m": 0.0107222,
  "f": 0.0463876,
  "p": 0.0512275,
  "s": 0.0682901,
  "t": 0.0544238,
  "w": 0.00906679,
  "y": 0.0252558,
  "v": 0.0774699
 },
 "subrate":
 {
  "a": { "r": 0.0170469, "n": 0.0294852, "d": 0.0827219, "c": 0.017747, "q": 0.0405091, "e": 0.0932841, "g": 0.275, "h": 0.00984287, "i": 0.0155223, "l": 0.0321638, "k": 0.0439879, "m": 0.0148688, "f": 0.0143032, "p": 0.119128, "s": 0.380227, "t": 0.138949, "w": 0.00868724, "y": 0.0189518, "v": 0.154648 },
  "r": { "a": 0.0881171, "n": 0.0353809, "d": 0.0227389, "c": 0.0393822, "q": 0.0895991, "e": 0.0352225, "g": 0.0229099, "h": 0.116935, "i": 0.0213434, "l": 0.0247237, "k": 0.389695, "m": 0.026936, "f": 0.0179075, "p": 0.0472095, "s": 0.129752, "t": 0.0382536, "w": 0.0511862, "y": 0.0152511, "v": 0.0255418 },
  "n": { "a": 0.0324552, "r": 0.0591175, "d": 0.35802, "c": 0.0168952, "q": 0.0579831, "e": 0.10302, "g": 0.137338, "h": 0.194688, "i": 0.0316847, "l": 0.0344912, "k": 0.164989, "m": 0.0204364, "f": 0.0337575, "p": 0.0679254, "s": 0.341374, "t": 0.0747151, "w": 0.0192444, "y": 0.0200244, "v": 0.020046 },
  "d": { "a": 0.151978, "r": 0.0245852, "n": 0.233576, "c": 0.0132084, "q": 0.0887446, "e": 0.50056, "g": 0.168712, "h": 0.0305635, "i": 0.0291772, "l": 0.0171314, "k": 0.069568, "m": 0.0172601, "f": 0.0200096, "p": 0.0673903, "s": 0.126494, "t": 0.078933, "w": 0.015755, "y": 0.0138822, "v": 0.0274879 },
  "c": { "a": 0.0850592, "r": 0.0202569, "n": 0.03957, "d": 0.020913, "q": 0.0232625, "e": 0.0275669, "g": 0.0615167, "h": 0.0346689, "i": 0.0335293, "l": 0.0181174, "k": 0.0249852, "m": 0.0218837, "f": 0.0165698, "p": 0.0369865, "s": 0.131214, "t": 0.026038, "w": 0.020662, "y": 0.0408289, "v": 0.0332754 },
  "q": { "a": 0.093848, "r": 0.134406, "n": 0.0628489, "d": 0.0730035, "c": 0.0272633, "e": 0.317674, "g": 0.0266937, "h": 0.23661, "i": 0.0175145, "l": 0.043422, "k": 0.0778971, "m": 0.020828, "f": 0.0141348, "p": 0.0687012, "s": 0.0943637, "t": 0.0344035, "w": 0.0192285, "y": 0.0144446, "v": 0.0321946 },
  "e": { "a": 0.157015, "r": 0.0182722, "n": 0.0721262, "d": 0.474622, "c": 0.0127747, "q": 0.243782, "g": 0.0879023, "h": 0.023025, "i": 0.0383995, "l": 0.0171724, "k": 0.071565, "m": 0.016154, "f": 0.0145203, "p": 0.033242, "s": 0.0521962, "t": 0.0346434, "w": 0.0144604, "y": 0.0136035, "v": 0.042044 },
  "g": { "a": 0.216865, "r": 0.00768309, "n": 0.0726674, "d": 0.0545908, "c": 0.011332, "q": 0.0124917, "e": 0.0307171, "h": 0.00742161, "i": 0.0106911, "l": 0.0149062, "k": 0.0382124, "m": 0.0122481, "f": 0.0147311, "p": 0.0128952, "s": 0.130728, "t": 0.0361372, "w": 0.00695796, "y": 0.00790116, "v": 0.017206 },
  "h": { "a": 0.023244, "r": 0.0757851, "n": 0.13717, "d": 0.044837, "c": 0.0158913, "q": 0.195413, "e": 0.0319361, "g": 0.0297438, "i": 0.0227986, "l": 0.0187806, "k": 0.0540956, "m": 0.0224382, "f": 0.0355652, "p": 0.0472491, "s": 0.0564498, "t": 0.0480744, "w": 0.0285831, "y": 0.0258633, "v": 0.0171933 },
  "i": { "a": 0.0522342, "r": 0.0369329, "n": 0.0372917, "d": 0.0213418, "c": 0.0270855, "q": 0.0182625, "e": 0.0180809, "g": 0.0197391, "h": 0.0312073, "l": 0.130852, "k": 0.0193949, "m": 0.134337, "f": 0.0480255, "p": 0.0262388, "s": 0.0216771, "t": 0.0523979, "w": 0.0176516, "y": 0.0570482, "v": 0.694403 },
  "l": { "a": 0.0508754, "r": 0.0119206, "n": 0.0180844, "d": 0.00608355, "c": 0.00752202, "q": 0.0245724, "e": 0.0106469, "g": 0.0115949, "h": 0.0208983, "i": 0.0869984, "k": 0.0138754, "m": 0.0784616, "f": 0.0541018, "p": 0.0136821, "s": 0.017719, "t": 0.0146277, "w": 0.00802805, "y": 0.00788357, "v": 0.063668 },
  "k": { "a": 0.0613235, "r": 0.216322, "n": 0.0865916, "d": 0.0226221, "c": 0.0104535, "q": 0.0677117, "e": 0.0792726, "g": 0.0328027, "h": 0.0349748, "i": 0.00896598, "l": 0.0253749, "m": 0.0122822, "f": 0.00883137, "p": 0.0284345, "s": 0.0485719, "t": 0.0419615, "w": 0.00909783, "y": 0.00862953, "v": 0.0195933 },
  "m": { "a": 0.287379, "r": 0.170718, "n": 0.111501, "d": 0.0809748, "c": 0.0670707, "q": 0.18111, "e": 0.157178, "g": 0.101346, "h": 0.101757, "i": 0.274999, "l": 0.628192, "k": 0.19963, "f": 0.0819968, "p": 0.172767, "s": 0.130707, "t": 0.152014, "w": 0.0759622, "y": 0.0750346, "v": 0.211004 },
  "f": { "a": 0.0187424, "r": 0.0120199, "n": 0.0239582, "d": 0.0122507, "c": 0.0161619, "q": 0.0120243, "e": 0.011683, "g": 0.011619, "h": 0.0357438, "i": 0.0654563, "l": 0.159508, "k": 0.0111078, "m": 0.0281216, "p": 0.013763, "s": 0.0305188, "t": 0.0309587, "w": 0.0148861, "y": 0.164873, "v": 0.0259215 },
  "p": { "a": 0.137349, "r": 0.0795956, "n": 0.0247578, "d": 0.0303498, "c": 0.0100546, "q": 0.0844056, "e": 0.0566207, "g": 0.0299864, "h": 0.0204331, "i": 0.0179993, "l": 0.0222726, "k": 0.0172718, "m": 0.0136798, "f": 0.0094702, "s": 0.158067, "t": 0.0555856, "w": 0.0132664, "y": 0.00885382, "v": 0.0579806 },
  "s": { "a": 0.269011, "r": 0.0247935, "n": 0.152899, "d": 0.0810028, "c": 0.046804, "q": 0.0291185, "e": 0.0516478, "g": 0.167183, "h": 0.0403416, "i": 0.0117981, "l": 0.0262568, "k": 0.0295444, "m": 0.012563, "f": 0.0283862, "p": 0.168096, "t": 0.40151, "w": 0.0203372, "y": 0.0207499, "v": 0.0218424 },
  "t": { "a": 0.365349, "r": 0.0317204, "n": 0.0959248, "d": 0.0356047, "c": 0.0210658, "q": 0.0301828, "e": 0.0358582, "g": 0.0319882, "h": 0.0611618, "i": 0.0380902, "l": 0.0269058, "k": 0.0683201, "m": 0.0333107, "f": 0.0140168, "p": 0.069983, "s": 0.471515, "w": 0.0139275, "y": 0.018527, "v": 0.152091 },
  "w": { "a": 0.141734, "r": 0.125972, "n": 0.235044, "d": 0.137371, "c": 0.10023, "q": 0.141405, "e": 0.133212, "g": 0.124707, "h": 0.137538, "i": 0.117989, "l": 0.114582, "k": 0.121371, "m": 0.120521, "f": 0.111866, "p": 0.193906, "s": 0.280151, "t": 0.218819, "y": 0.107691, "v": 0.114827 },
  "y": { "a": 0.0280265, "r": 0.0196077, "n": 0.0698906, "d": 0.0207477, "c": 0.0432573, "q": 0.0199334, "e": 0.0218293, "g": 0.0207072, "h": 0.0708185, "i": 0.0283134, "l": 0.0258896, "k": 0.0187271, "m": 0.0448631, "f": 0.18809, "p": 0.0208726, "s": 0.0388098, "t": 0.0372459, "w": 0.0410892, "v": 0.0262687 },
  "v": { "a": 0.165777, "r": 0.0111135, "n": 0.0146755, "d": 0.0148632, "c": 0.0107766, "q": 0.0104671, "e": 0.0159236, "g": 0.0572537, "h": 0.00895442, "i": 0.350358, "l": 0.0817591, "k": 0.0230852, "m": 0.0785792, "f": 0.0119105, "p": 0.0221613, "s": 0.0130592, "t": 0.111571, "w": 0.00874342, "y": 0.015006 }
 }
}
