{
 "alphabet": "arndcqeghilkmfpstwyv",
 "insrate": 0.00529362,
 "insextprob": 0.659091,
 "delrate": 0.00599845,
 "delextprob": 0.685185,
 "rootprob":
 {
  "a": 0.0970787,
  "r": 0.0389798,
  "n": 0.0419434,
  "d": 0.0538616,
  "c": 0.0380167,
  "q": 0.0370599,
  "e": 0.0495419,
  "g": 0.0859272,
  "h": 0.0390899,
  "i": 0.0372608,
  "l": 0.0779086,
  "k": 0.0751717,
  "m": 0.01565,
  "f": 0.0548481,
  "p": 0.0689482,
  "s": 0.0563717,
  "t": 0.0567196,
  "w": 0.0089282,
  "y": 0.0236308,
  "v": 0.0430632
 },
 "subrate":
 {
  "a": { "r": 0.0262161, "n": 0.0320574, "d": 0.022185, "c": 0.0307324, "q": 0.0335068, "e": 0.063848, "g": 0.150868, "h": 0.0165799, "i": 0.0100339, "l": 0.0421527, "k": 0.0327401, "m": 0.0214045, "f": 0.0106872, "p": 0.120953, "s": 0.22778, "t": 0.245558, "w": 0.0060338, "y": 0.0137041, "v": 0.179704 },
  "r": { "a": 0.0786094, "n": 0.0337841, "d": 0.0196445, "c": 0.012663, "q": 0.0546245, "e": 0.0331678, "g": 0.0204122, "h": 0.0894387, "i": 0.021952, "l": 0.0484191, "k": 0.28834, "m": 0.029919, "f": 0.0136012, "p": 0.0561748, "s": 0.0557696, "t": 0.0436117, "w": 0.0384981, "y": 0.0270999, "v": 0.0567093 },
  "n": { "a": 0.0704376, "r": 0.0546271, "d": 0.341662, "c": 0.0137519, "q": 0.0625373, "e": 0.0497033, "g": 0.13578, "h": 0.15316, "i": 0.0157939, "l": 0.0248567, "k": 0.187191, "m": 0.0269798, "f": 0.0121851, "p": 0.0693762, "s": 0.335399, "t": 0.138426, "w": 0.0250277, "y": 0.0478869, "v": 0.0179464 },
  "d": { "a": 0.0601657, "r": 0.0496624, "n": 0.293093, "c": 0.0102138, "q": 0.0480897, "e": 0.51851, "g": 0.0742404, "h": 0.0425499, "i": 0.0126253, "l": 0.0129941, "k": 0.0350457, "m": 0.0143431, "f": 0.00992647, "p": 0.0194417, "s": 0.120816, "t": 0.0933553, "w": 0.0127687, "y": 0.0120177, "v": 0.0256531 },
  "c": { "a": 0.0367081, "r": 0.0133896, "n": 0.0162044, "d": 0.0133576, "q": 0.0154026, "e": 0.0196988, "g": 0.0307992, "h": 0.012829, "i": 0.0408982, "l": 0.0130839, "k": 0.0254622, "m": 0.0150319, "f": 0.011766, "p": 0.018001, "s": 0.0975427, "t": 0.0478209, "w": 0.012015, "y": 0.0300707, "v": 0.0205504 },
  "q": { "a": 0.068418, "r": 0.102077, "n": 0.159731, "d": 0.0758795, "c": 0.0155296, "e": 0.241563, "g": 0.0291663, "h": 0.200328, "i": 0.0185496, "l": 0.0382761, "k": 0.188828, "m": 0.0411027, "f": 0.0136953, "p": 0.119544, "s": 0.050446, "t": 0.0307143, "w": 0.0142199, "y": 0.0152336, "v": 0.0241543 },
  "e": { "a": 0.168442, "r": 0.0194934, "n": 0.0725667, "d": 0.300092, "c": 0.00937958, "q": 0.212503, "g": 0.107838, "h": 0.0209972, "i": 0.0251569, "l": 0.0459952, "k": 0.0655751, "m": 0.0154491, "f": 0.00920575, "p": 0.0274906, "s": 0.0355367, "t": 0.0417196, "w": 0.00990402, "y": 0.0104451, "v": 0.027494 },
  "g": { "a": 0.205339, "r": 0.0224462, "n": 0.0353912, "d": 0.0507, "c": 0.0117777, "q": 0.0110152, "e": 0.0498072, "h": 0.00871282, "i": 0.00701785, "l": 0.0121817, "k": 0.0410833, "m": 0.0123246, "f": 0.0122118, "p": 0.0415768, "s": 0.166694, "t": 0.0467101, "w": 0.00602353, "y": 0.00665099, "v": 0.0157957 },
  "h": { "a": 0.0308641, "r": 0.0816004, "n": 0.251235, "d": 0.0544014, "c": 0.0330241, "q": 0.330079, "e": 0.0329832, "g": 0.0363338, "i": 0.0178682, "l": 0.0487776, "k": 0.0389946, "m": 0.0189895, "f": 0.029636, "p": 0.0365686, "s": 0.0636461, "t": 0.0723538, "w": 0.0161364, "y": 0.0678552, "v": 0.0351284 },
  "i": { "a": 0.0272741, "r": 0.0435603, "n": 0.0349062, "d": 0.0167583, "c": 0.0169782, "q": 0.0474874, "e": 0.0342888, "g": 0.034855, "h": 0.017289, "l": 0.28875, "k": 0.0309556, "m": 0.0970341, "f": 0.104155, "p": 0.0297164, "s": 0.0366317, "t": 0.0529619, "w": 0.0144064, "y": 0.0301032, "v": 0.624328 },
  "l": { "a": 0.0253226, "r": 0.0139245, "n": 0.0100745, "d": 0.00743557, "c": 0.0101561, "q": 0.0375124, "e": 0.0164386, "g": 0.0093093, "h": 0.0139614, "i": 0.110078, "k": 0.0166448, "m": 0.0984174, "f": 0.0705873, "p": 0.0161257, "s": 0.0307955, "t": 0.0121898, "w": 0.00763623, "y": 0.008254, "v": 0.10336 },
  "k": { "a": 0.0219498, "r": 0.165504, "n": 0.115421, "d": 0.0474071, "c": 0.00612761, "q": 0.0607443, "e": 0.0901242, "g": 0.0206594, "h": 0.0487106, "i": 0.0321658, "l": 0.00994385, "m": 0.0204288, "f": 0.00646837, "p": 0.0205344, "s": 0.0552331, "t": 0.0394206, "w": 0.0068068, "y": 0.0133081, "v": 0.0135614 },
  "m": { "a": 0.150768, "r": 0.0858122, "n": 0.0642895, "d": 0.0520314, "c": 0.0429617, "q": 0.191256, "e": 0.0548795, "g": 0.0534694, "h": 0.0507161, "i": 0.353741, "l": 0.597989, "k": 0.15107, "f": 0.0832274, "p": 0.0585509, "s": 0.10538, "t": 0.0991144, "w": 0.0399071, "y": 0.0455292, "v": 0.269398 },
  "f": { "a": 0.0421312, "r": 0.0300673, "n": 0.0122172, "d": 0.00979431, "c": 0.00923903, "q": 0.0138877, "e": 0.0101558, "g": 0.025189, "h": 0.0183171, "i": 0.0555439, "l": 0.239006, "k": 0.0129452, "m": 0.0247971, "p": 0.0174519, "s": 0.0272425, "t": 0.0264934, "w": 0.0234249, "y": 0.180301, "v": 0.0162439 },
  "p": { "a": 0.188249, "r": 0.0288597, "n": 0.0286727, "d": 0.0206289, "c": 0.010153, "q": 0.0200613, "e": 0.0587944, "g": 0.0190857, "h": 0.0563458, "i": 0.0198071, "l": 0.0193039, "k": 0.0275135, "m": 0.0133378, "f": 0.0100523, "s": 0.137319, "t": 0.0381566, "w": 0.00822386, "y": 0.011366, "v": 0.0426877 },
  "s": { "a": 0.344505, "r": 0.0626666, "n": 0.166955, "d": 0.0434856, "c": 0.0560753, "q": 0.0424417, "e": 0.0251236, "g": 0.14874, "h": 0.0232403, "i": 0.0107557, "l": 0.0409002, "k": 0.0674271, "m": 0.0148757, "f": 0.00882215, "p": 0.0818282, "t": 0.277359, "w": 0.00954403, "y": 0.0119478, "v": 0.0153886 },
  "t": { "a": 0.27888, "r": 0.0361717, "n": 0.0936267, "d": 0.0280944, "c": 0.0236792, "q": 0.0296064, "e": 0.0709256, "g": 0.0727624, "h": 0.0192567, "i": 0.0430779, "l": 0.0482879, "k": 0.110195, "m": 0.0295478, "f": 0.0130972, "p": 0.0575272, "s": 0.429483, "w": 0.00959416, "y": 0.0386782, "v": 0.0718297 },
  "w": { "a": 0.0558827, "r": 0.0766395, "n": 0.0560296, "d": 0.0511605, "c": 0.0453599, "q": 0.05569, "e": 0.0516229, "g": 0.0531926, "h": 0.0806778, "i": 0.0536374, "l": 0.0649846, "k": 0.0548038, "m": 0.0566882, "f": 0.116878, "p": 0.0529562, "s": 0.101871, "t": 0.0551448, "y": 0.0627259, "v": 0.0541137 },
  "y": { "a": 0.034308, "r": 0.038011, "n": 0.0391227, "d": 0.0204913, "c": 0.0182951, "q": 0.0235389, "e": 0.0208163, "g": 0.0282706, "h": 0.109941, "i": 0.0403223, "l": 0.0741179, "k": 0.0215457, "m": 0.0276843, "f": 0.302535, "p": 0.02115, "s": 0.0464368, "t": 0.0355241, "w": 0.0210168, "v": 0.0279192 },
  "v": { "a": 0.184228, "r": 0.0190516, "n": 0.0198061, "d": 0.0125261, "c": 0.0136618, "q": 0.022898, "e": 0.0333716, "g": 0.0529463, "h": 0.0214301, "i": 0.423875, "l": 0.151725, "k": 0.0223302, "m": 0.055199, "f": 0.0269947, "p": 0.0208623, "s": 0.0314341, "t": 0.131747, "w": 0.0099423, "y": 0.0145881 }
 }
}
