{
 "alphabet": "arndcqeghilkmfpstwyv",
 "insrate": 0.00447986,
 "insextprob": 0.657143,
 "delrate": 0.00707983,
 "delextprob": 0.683333,
 "rootprob":
 {
  "a": 0.072825,
  "r": 0.0395291,
  "n": 0.0365174,
  "d": 0.0344464,
  "c": 0.0417591,
  "q": 0.0379556,
  "e": 0.0455656,
  "g": 0.0795159,
  "h": 0.0327286,
  "i": 0.0321621,
  "l": 0.0983557,
  "k": 0.0904573,
  "m": 0.0162507,
  "f": 0.0344649,
  "p": 0.0481507,
  "s": 0.0785668,
  "t": 0.0548163,
  "w": 0.0144776,
  "y": 0.0579316,
  "v": 0.0535237
 },
 "subrate":
 {
  "a": { "r": 0.0330451, "n": 0.0315603, "d": 0.0301722, "c": 0.0162503, "q": 0.0380309, "e": 0.0545817, "g": 0.212737, "h": 0.0162265, "i": 0.0293086, "l": 0.0500309, "k": 0.0401916, "m": 0.0313787, "f": 0.00906701, "p": 0.133647, "s": 0.332278, "t": 0.196608, "w": 0.00905125, "y": 0.00959595, "v": 0.156607 },
  "r": { "a": 0.03415, "n": 0.0197506, "d": 0.0159912, "c": 0.0170604, "q": 0.117049, "e": 0.0351803, "g": 0.0291622, "h": 0.128178, "i": 0.0285099, "l": 0.0300595, "k": 0.324998, "m": 0.0339885, "f": 0.0137607, "p": 0.0832782, "s": 0.119613, "t": 0.0362022, "w": 0.0159277, "y": 0.0123037, "v": 0.0258941 },
  "n": { "a": 0.11461, "r": 0.0304747, "d": 0.280341, "c": 0.0311392, "q": 0.0819097, "e": 0.131218, "g": 0.229744, "h": 0.137934, "i": 0.0660267, "l": 0.0295347, "k": 0.240936, "m": 0.0271633, "f": 0.0221373, "p": 0.0566009, "s": 0.313179, "t": 0.117417, "w": 0.0152528, "y": 0.035087, "v": 0.0340224 },
  "d": { "a": 0.0431638, "r": 0.0193162, "n": 0.314266, "c": 0.0149324, "q": 0.0884895, "e": 0.472555, "g": 0.145471, "h": 0.0475514, "i": 0.0218817, "l": 0.0171607, "k": 0.0329082, "m": 0.0190076, "f": 0.0209814, "p": 0.0263051, "s": 0.102651, "t": 0.0744846, "w": 0.0134641, "y": 0.0175504, "v": 0.0228279 },
  "c": { "a": 0.034498, "r": 0.0148173, "n": 0.0281838, "d": 0.0126156, "q": 0.0171169, "e": 0.0115265, "g": 0.0251252, "h": 0.0425522, "i": 0.0144206, "l": 0.0189481, "k": 0.0109573, "m": 0.0126309, "f": 0.0115851, "p": 0.0137241, "s": 0.0981232, "t": 0.018843, "w": 0.011295, "y": 0.0293282, "v": 0.0376027 },
  "q": { "a": 0.0632164, "r": 0.123405, "n": 0.0515279, "d": 0.0606039, "c": 0.0138544, "e": 0.230233, "g": 0.0236644, "h": 0.12908, "i": 0.0343465, "l": 0.145176, "k": 0.126153, "m": 0.0267088, "f": 0.0192338, "p": 0.0783528, "s": 0.0771932, "t": 0.0447511, "w": 0.0224958, "y": 0.0157339, "v": 0.0353372 },
  "e": { "a": 0.129144, "r": 0.0259335, "n": 0.0720108, "d": 0.408181, "c": 0.0115746, "q": 0.255375, "g": 0.0739659, "h": 0.0295064, "i": 0.044795, "l": 0.0444597, "k": 0.0992146, "m": 0.0264436, "f": 0.013785, "p": 0.0221051, "s": 0.0571384, "t": 0.0432846, "w": 0.0116376, "y": 0.017333, "v": 0.0430895 },
  "g": { "a": 0.224894, "r": 0.0174796, "n": 0.0392727, "d": 0.0430515, "c": 0.00951904, "q": 0.0226995, "e": 0.0402669, "h": 0.0128646, "i": 0.0123808, "l": 0.00943453, "k": 0.0512344, "m": 0.0115386, "f": 0.00812205, "p": 0.0631857, "s": 0.141935, "t": 0.022445, "w": 0.00672334, "y": 0.00725139, "v": 0.0318429 },
  "h": { "a": 0.0356421, "r": 0.0904728, "n": 0.225523, "d": 0.0430456, "c": 0.0231057, "q": 0.284454, "e": 0.0614417, "g": 0.0465237, "i": 0.0275134, "l": 0.0483205, "k": 0.0394607, "m": 0.0228981, "f": 0.0435922, "p": 0.0261764, "s": 0.0585392, "t": 0.0475537, "w": 0.0154228, "y": 0.0870663, "v": 0.0429174 },
  "i": { "a": 0.0714572, "r": 0.0624852, "n": 0.0445768, "d": 0.0283284, "c": 0.0434499, "q": 0.039958, "e": 0.0285237, "g": 0.0317091, "h": 0.0395234, "l": 0.250864, "k": 0.0730763, "m": 0.0992201, "f": 0.043713, "p": 0.0583887, "s": 0.0415005, "t": 0.110372, "w": 0.0168302, "y": 0.0188502, "v": 0.81337 },
  "l": { "a": 0.056158, "r": 0.021559, "n": 0.0203496, "d": 0.00827711, "c": 0.00532567, "q": 0.0325093, "e": 0.00891814, "g": 0.0174902, "h": 0.0284795, "i": 0.128533, "k": 0.0274736, "m": 0.089485, "f": 0.0763602, "p": 0.0134491, "s": 0.0103318, "t": 0.0412828, "w": 0.0126658, "y": 0.00751729, "v": 0.107351 },
  "k": { "a": 0.0415113, "r": 0.218633, "n": 0.0976769, "d": 0.0389624, "c": 0.00571157, "q": 0.0465656, "e": 0.0547669, "g": 0.0242973, "h": 0.0198276, "i": 0.0226319, "l": 0.010789, "m": 0.0276131, "f": 0.00667866, "p": 0.0307947, "s": 0.0142103, "t": 0.0618247, "w": 0.00663011, "y": 0.0121402, "v": 0.0261918 },
  "m": { "a": 0.141047, "r": 0.0843906, "n": 0.0974935, "d": 0.0444659, "c": 0.033626, "q": 0.102988, "e": 0.0441677, "g": 0.0462651, "h": 0.0524399, "i": 0.225381, "l": 0.371109, "k": 0.206718, "f": 0.104162, "p": 0.0450364, "s": 0.0836449, "t": 0.219329, "w": 0.0323939, "y": 0.0421302, "v": 0.245732 },
  "f": { "a": 0.0146718, "r": 0.0135625, "n": 0.0163496, "d": 0.0137989, "c": 0.016355, "q": 0.0141785, "e": 0.0130399, "g": 0.0143447, "h": 0.0239651, "i": 0.0996079, "l": 0.158368, "k": 0.0143557, "m": 0.0337006, "p": 0.016817, "s": 0.0235763, "t": 0.0253594, "w": 0.0131922, "y": 0.2478, "v": 0.0264034 },
  "p": { "a": 0.252573, "r": 0.030081, "n": 0.023059, "d": 0.0207398, "c": 0.0141953, "q": 0.0484093, "e": 0.0300997, "g": 0.0179303, "h": 0.0470345, "i": 0.0192893, "l": 0.0148839, "k": 0.048228, "m": 0.0138359, "f": 0.0136063, "s": 0.203411, "t": 0.0917244, "w": 0.00931335, "y": 0.016232, "v": 0.058622 },
  "s": { "a": 0.320696, "r": 0.0255085, "n": 0.151636, "d": 0.0456803, "c": 0.0670158, "q": 0.0448695, "e": 0.0543454, "g": 0.308678, "h": 0.035338, "i": 0.0223477, "l": 0.0168289, "k": 0.0632301, "m": 0.0280181, "f": 0.015908, "p": 0.0905614, "t": 0.340752, "w": 0.0126378, "y": 0.0158741, "v": 0.0136908 },
  "t": { "a": 0.262047, "r": 0.0206254, "n": 0.071148, "d": 0.0387461, "c": 0.0266052, "q": 0.0487499, "e": 0.0240469, "g": 0.0211114, "h": 0.0212521, "i": 0.0442955, "l": 0.0271483, "k": 0.0744098, "m": 0.0430311, "f": 0.0129904, "p": 0.0659555, "s": 0.357, "w": 0.00832736, "y": 0.0371494, "v": 0.120334 },
  "w": { "a": 0.0335374, "r": 0.038472, "n": 0.033679, "d": 0.0318584, "c": 0.0291163, "q": 0.0340853, "e": 0.0313535, "g": 0.043867, "h": 0.0496331, "i": 0.0335945, "l": 0.0686627, "k": 0.030712, "m": 0.0343973, "f": 0.0311691, "p": 0.0313767, "s": 0.035469, "t": 0.0427383, "y": 0.0294983, "v": 0.0331167 },
  "y": { "a": 0.0125263, "r": 0.0324959, "n": 0.0596923, "d": 0.0129667, "c": 0.0637404, "q": 0.0128511, "e": 0.011957, "g": 0.0108952, "h": 0.0273883, "i": 0.0374917, "l": 0.0659448, "k": 0.0158664, "m": 0.0159711, "f": 0.320037, "p": 0.0173977, "s": 0.0352234, "t": 0.0416993, "w": 0.015212, "v": 0.0205706 },
  "v": { "a": 0.121157, "r": 0.0129864, "n": 0.0296589, "d": 0.0294756, "c": 0.0414711, "q": 0.0157449, "e": 0.0160966, "g": 0.0181317, "h": 0.0220471, "i": 0.413209, "l": 0.20898, "k": 0.0193831, "m": 0.0769818, "f": 0.0154333, "p": 0.0295318, "s": 0.0176345, "t": 0.152214, "w": 0.00918593, "y": 0.0102109 }
 }
}
