{
 "alphabet": "arndcqeghilkmfpstwyv",
 "insrate": 0.00416823,
 "insextprob": 0.666667,
 "delrate": 0.00448459,
 "delextprob": 0.631579,
 "rootprob":
 {
  "a": 0.0731577,
  "r": 0.0283941,
  "n": 0.0316549,
  "d": 0.0434185,
  "c": 0.0341833,
  "q": 0.0347029,
  "e": 0.052121,
  "g": 0.0618889,
  "h": 0.0463073,
  "i": 0.0384477,
  "l": 0.105551,
  "k": 0.0976671,
  "m": 0.0257598,
  "f": 0.0390026,
  "p": 0.049959,
  "s": 0.0743709,
  "t": 0.0516995,
  "w": 0.0161908,
  "y": 0.0320352,
  "v": 0.0634881
 },
 "subrate":
 {
  "a": { "r": 0.0118119, "n": 0.0367273, "d": 0.0449831, "c": 0.0138423, "q": 0.0460379, "e": 0.0840896, "g": 0.199289, "h": 0.0170497, "i": 0.0227538, "l": 0.0425864, "k": 0.0612053, "m": 0.0178375, "f": 0.00928604, "p": 0.113674, "s": 0.281816, "t": 0.189705, "w": 0.00578218, "y": 0.00683119, "v": 0.123402 },
  "r": { "a": 0.0335677, "n": 0.0505803, "d": 0.0202163, "c": 0.0252407, "q": 0.14442, "e": 0.0413798, "g": 0.0222561, "h": 0.0706101, "i": 0.0358952, "l": 0.0435905, "k": 0.299343, "m": 0.0301212, "f": 0.0211415, "p": 0.0300158, "s": 0.0835672, "t": 0.0402675, "w": 0.0184918, "y": 0.0190231, "v": 0.0295375 },
  "n": { "a": 0.0388967, "r": 0.0499297, "d": 0.316645, "c": 0.0153687, "q": 0.0593365, "e": 0.065756, "g": 0.12731, "h": 0.160101, "i": 0.0309801, "l": 0.0251023, "k": 0.280924, "m": 0.0227913, "f": 0.0156351, "p": 0.0238708, "s": 0.243677, "t": 0.141367, "w": 0.0128466, "y": 0.0163128, "v": 0.0453347 },
  "d": { "a": 0.0791992, "r": 0.0173733, "n": 0.246969, "c": 0.0122074, "q": 0.0419841, "e": 0.527921, "g": 0.0877108, "h": 0.0498548, "i": 0.0239662, "l": 0.0181563, "k": 0.0386388, "m": 0.0174927, "f": 0.0112713, "p": 0.0201703, "s": 0.0779123, "t": 0.0236668, "w": 0.00988185, "y": 0.011458, "v": 0.0163179 },
  "c": { "a": 0.102606, "r": 0.0164258, "n": 0.0239742, "d": 0.0158349, "q": 0.0157427, "e": 0.0160725, "g": 0.0231272, "h": 0.0161041, "i": 0.0168052, "l": 0.0166968, "k": 0.019731, "m": 0.0166458, "f": 0.0232525, "p": 0.0151767, "s": 0.148679, "t": 0.0300053, "w": 0.0248211, "y": 0.0340503, "v": 0.0354354 },
  "q": { "a": 0.119895, "r": 0.0781584, "n": 0.0955585, "d": 0.0569575, "c": 0.0115067, "e": 0.237632, "g": 0.0259575, "h": 0.21685, "i": 0.0273328, "l": 0.0706418, "k": 0.137849, "m": 0.0446103, "f": 0.0134604, "p": 0.0916274, "s": 0.0621659, "t": 0.0399543, "w": 0.0109592, "y": 0.0127962, "v": 0.0456641 },
  "e": { "a": 0.177923, "r": 0.016572, "n": 0.0509209, "d": 0.44094, "c": 0.00998477, "q": 0.321612, "g": 0.115169, "h": 0.0455245, "i": 0.0183969, "l": 0.0179662, "k": 0.0744467, "m": 0.0150488, "f": 0.0104651, "p": 0.0677588, "s": 0.0334356, "t": 0.0540561, "w": 0.00903541, "y": 0.0111795, "v": 0.0203941 },
  "g": { "a": 0.214952, "r": 0.0111683, "n": 0.0460153, "d": 0.0899617, "c": 0.0125434, "q": 0.0272426, "e": 0.0594054, "h": 0.0275933, "i": 0.00913383, "l": 0.0111766, "k": 0.0320303, "m": 0.0113383, "f": 0.00785078, "p": 0.0403074, "s": 0.0965785, "t": 0.0419809, "w": 0.00645366, "y": 0.00708395, "v": 0.0243379 },
  "h": { "a": 0.0450307, "r": 0.0986608, "n": 0.224239, "d": 0.0644818, "c": 0.0117028, "q": 0.26302, "e": 0.0265266, "g": 0.0296556, "i": 0.0215468, "l": 0.0540119, "k": 0.0441031, "m": 0.0173342, "f": 0.0377746, "p": 0.0545894, "s": 0.0577383, "t": 0.0462778, "w": 0.0114489, "y": 0.0519175, "v": 0.0486665 },
  "i": { "a": 0.026043, "r": 0.0308703, "n": 0.0210042, "d": 0.033444, "c": 0.0490954, "q": 0.0346818, "e": 0.0353271, "g": 0.0196349, "h": 0.0197741, "l": 0.30381, "k": 0.0394697, "m": 0.0791496, "f": 0.0267263, "p": 0.024396, "s": 0.0295624, "t": 0.168404, "w": 0.0119594, "y": 0.0252539, "v": 0.694314 },
  "l": { "a": 0.0295621, "r": 0.0209941, "n": 0.0125882, "d": 0.0129176, "c": 0.00500079, "q": 0.044943, "e": 0.0130116, "g": 0.00956588, "h": 0.0106075, "i": 0.172152, "k": 0.0143571, "m": 0.0801563, "f": 0.0353063, "p": 0.00867848, "s": 0.0127942, "t": 0.0320373, "w": 0.00486087, "y": 0.0120147, "v": 0.115082 },
  "k": { "a": 0.0351351, "r": 0.23037, "n": 0.14217, "d": 0.041891, "c": 0.0066448, "q": 0.0670866, "e": 0.052734, "g": 0.0325326, "h": 0.0135358, "i": 0.0263979, "l": 0.0396076, "m": 0.0360561, "f": 0.00679705, "p": 0.0101979, "s": 0.0842974, "t": 0.0533217, "w": 0.00992958, "y": 0.00911008, "v": 0.0120004 },
  "m": { "a": 0.081659, "r": 0.0587078, "n": 0.032989, "d": 0.0319674, "c": 0.0217453, "q": 0.0406718, "e": 0.0327644, "g": 0.0277865, "h": 0.0340118, "i": 0.129877, "l": 0.560758, "k": 0.113494, "f": 0.0360518, "p": 0.036361, "s": 0.0445346, "t": 0.119106, "w": 0.0256709, "y": 0.0324662, "v": 0.239601 },
  "f": { "a": 0.0162821, "r": 0.0147962, "n": 0.0139488, "d": 0.0124984, "c": 0.0155762, "q": 0.0137345, "e": 0.0131116, "g": 0.0183024, "h": 0.0144387, "i": 0.0737752, "l": 0.0834385, "k": 0.0194721, "m": 0.0316342, "p": 0.0177818, "s": 0.0288147, "t": 0.0179793, "w": 0.0177993, "y": 0.280112, "v": 0.0281534 },
  "p": { "a": 0.173225, "r": 0.0335955, "n": 0.0141934, "d": 0.0268244, "c": 0.0098497, "q": 0.0616814, "e": 0.0571554, "g": 0.0295199, "h": 0.0886495, "i": 0.0201821, "l": 0.02243, "k": 0.0451509, "m": 0.0151719, "f": 0.0153819, "s": 0.103933, "t": 0.0477343, "w": 0.0120955, "y": 0.00968171, "v": 0.0352864 },
  "s": { "a": 0.362831, "r": 0.0463728, "n": 0.124114, "d": 0.0557318, "c": 0.0572075, "q": 0.0281359, "e": 0.0366693, "g": 0.206674, "h": 0.0296128, "i": 0.0121489, "l": 0.0199266, "k": 0.0811893, "m": 0.025101, "f": 0.0130496, "p": 0.092758, "t": 0.349844, "w": 0.0139964, "y": 0.00984746, "v": 0.0345262 },
  "t": { "a": 0.330053, "r": 0.0269856, "n": 0.10306, "d": 0.0508898, "c": 0.0280753, "q": 0.0428142, "e": 0.0544557, "g": 0.023249, "h": 0.0246702, "i": 0.0461452, "l": 0.0479697, "k": 0.0652387, "m": 0.0333559, "f": 0.019333, "p": 0.0887168, "s": 0.375509, "w": 0.0129088, "y": 0.02771, "v": 0.0961752 },
  "w": { "a": 0.0289764, "r": 0.110283, "n": 0.0285241, "d": 0.02723, "c": 0.0256624, "q": 0.0304544, "e": 0.0285961, "g": 0.0275907, "h": 0.0296469, "i": 0.027662, "l": 0.0290006, "k": 0.0327155, "m": 0.0291385, "f": 0.0541538, "p": 0.0274247, "s": 0.0299864, "t": 0.0345345, "y": 0.083964, "v": 0.0284792 },
  "y": { "a": 0.0211112, "r": 0.0434701, "n": 0.0290644, "d": 0.0204698, "c": 0.031027, "q": 0.0199617, "e": 0.0329653, "g": 0.0192897, "h": 0.051923, "i": 0.0214819, "l": 0.0305757, "k": 0.0176431, "m": 0.0204062, "f": 0.292252, "p": 0.0289082, "s": 0.0208766, "t": 0.0322295, "w": 0.0224273, "v": 0.0246975 },
  "v": { "a": 0.170829, "r": 0.0161432, "n": 0.0163646, "d": 0.0211269, "c": 0.0207627, "q": 0.0153663, "e": 0.0485039, "g": 0.0490104, "h": 0.0279575, "i": 0.462296, "l": 0.163703, "k": 0.0239378, "m": 0.0625358, "f": 0.0146718, "p": 0.0132594, "s": 0.0264885, "t": 0.127069, "w": 0.00790466, "y": 0.0184623 }
 }
}
