{
 "alphabet": "arndcqeghilkmfpstwyv",
 "insrate": 0.00542318,
 "insextprob": 0.746269,
 "delrate": 0.00541878,
 "delextprob": 0.604651,
 "rootprob":
 {
  "a": 0.101034,
  "r": 0.0444965,
  "n": 0.0330205,
  "d": 0.0571026,
  "c": 0.0283468,
  "q": 0.0313945,
  "e": 0.0443613,
  "g": 0.0802685,
  "h": 0.0291839,
  "i": 0.0477479,
  "l": 0.0756581,
  "k": 0.0866768,
  "m": 0.0161588,
  "f": 0.0480153,
  "p": 0.0695697,
  "s": 0.0697555,
  "t": 0.0476618,
  "w": 0.00872457,
  "y": 0.0283414,
  "v": 0.0524814
 },
 "subrate":
 {
  "a": { "r": 0.0197389, "n": 0.0189869, "d": 0.0419562, "c": 0.0248044, "q": 0.0327947, "e": 0.0542281, "g": 0.211719, "h": 0.014959, "i": 0.0202817, "l": 0.0289829, "k": 0.0220264, "m": 0.022129, "f": 0.0136394, "p": 0.12239, "s": 0.208669, "t": 0.271754, "w": 0.00641622, "y": 0.0141637, "v": 0.132408 },
  "r": { "a": 0.0572249, "n": 0.0376069, "d": 0.0213497, "c": 0.0152572, "q": 0.120643, "e": 0.0180321, "g": 0.0325389, "h": 0.122255, "i": 0.0149489, "l": 0.0156631, "k": 0.272182, "m": 0.0302597, "f": 0.0103973, "p": 0.0394855, "s": 0.0907062, "t": 0.0305427, "w": 0.0160019, "y": 0.0107028, "v": 0.0310245 },
  "n": { "a": 0.0593025, "r": 0.0461691, "d": 0.394761, "c": 0.0203053, "q": 0.0540183, "e": 0.178947, "g": 0.155256, "h": 0.141085, "i": 0.021075, "l": 0.0368134, "k": 0.241511, "m": 0.0393507, "f": 0.0151264, "p": 0.0335422, "s": 0.293903, "t": 0.128265, "w": 0.0189422, "y": 0.0251349, "v": 0.0211736 },
  "d": { "a": 0.0993398, "r": 0.0131238, "n": 0.30502, "c": 0.0114246, "q": 0.0622545, "e": 0.514377, "g": 0.15131, "h": 0.0506531, "i": 0.014296, "l": 0.0168044, "k": 0.0396248, "m": 0.0173628, "f": 0.0126765, "p": 0.0474434, "s": 0.111713, "t": 0.0635143, "w": 0.0104296, "y": 0.0122888, "v": 0.0157633 },
  "c": { "a": 0.136206, "r": 0.0260506, "n": 0.0211794, "d": 0.0185715, "q": 0.0254057, "e": 0.0179617, "g": 0.025385, "h": 0.0596199, "i": 0.0174187, "l": 0.0160694, "k": 0.0180987, "m": 0.0200162, "f": 0.0181985, "p": 0.0190816, "s": 0.103581, "t": 0.0253781, "w": 0.017604, "y": 0.0294897, "v": 0.0187173 },
  "q": { "a": 0.0813105, "r": 0.140259, "n": 0.0713725, "d": 0.150036, "c": 0.024705, "e": 0.403801, "g": 0.0550591, "h": 0.218109, "i": 0.0302045, "l": 0.0474122, "k": 0.0740089, "m": 0.0527053, "f": 0.0333536, "p": 0.0814219, "s": 0.0878834, "t": 0.0555203, "w": 0.0198672, "y": 0.0383575, "v": 0.0427674 },
  "e": { "a": 0.116142, "r": 0.0247837, "n": 0.0518869, "d": 0.614302, "c": 0.0126137, "q": 0.319805, "g": 0.0695109, "h": 0.0393766, "i": 0.0319262, "l": 0.0229271, "k": 0.0745417, "m": 0.0216421, "f": 0.0122809, "p": 0.0292231, "s": 0.059994, "t": 0.0381558, "w": 0.0128905, "y": 0.0204286, "v": 0.022294 },
  "g": { "a": 0.190067, "r": 0.00931265, "n": 0.0530552, "d": 0.067512, "c": 0.00651375, "q": 0.0195951, "e": 0.0278298, "h": 0.00701916, "i": 0.0176019, "l": 0.00875201, "k": 0.015915, "m": 0.0109015, "f": 0.00643646, "p": 0.0322041, "s": 0.153861, "t": 0.018476, "w": 0.00610619, "y": 0.0069066, "v": 0.0153633 },
  "h": { "a": 0.0370845, "r": 0.113895, "n": 0.147614, "d": 0.0957559, "c": 0.0187716, "q": 0.265076, "e": 0.0990864, "g": 0.0352934, "i": 0.0281653, "l": 0.0280065, "k": 0.0697971, "m": 0.0335675, "f": 0.0327142, "p": 0.0492609, "s": 0.0474633, "t": 0.0515627, "w": 0.0208955, "y": 0.0291029, "v": 0.0434726 },
  "i": { "a": 0.0605543, "r": 0.0337024, "n": 0.0384457, "d": 0.0156411, "c": 0.0323692, "q": 0.0380135, "e": 0.0189011, "g": 0.0317691, "h": 0.0164089, "l": 0.304149, "k": 0.0360823, "m": 0.0646769, "f": 0.113949, "p": 0.0363499, "s": 0.0207417, "t": 0.0912882, "w": 0.0171534, "y": 0.0230593, "v": 0.673018 },
  "l": { "a": 0.027889, "r": 0.0113125, "n": 0.013294, "d": 0.00695605, "c": 0.00704842, "q": 0.0405786, "e": 0.00838064, "g": 0.0117694, "h": 0.0075019, "i": 0.0734061, "k": 0.0126812, "m": 0.0873663, "f": 0.0427754, "p": 0.0150772, "s": 0.0233651, "t": 0.0192896, "w": 0.0228334, "y": 0.00928428, "v": 0.0738389 },
  "k": { "a": 0.0357371, "r": 0.200203, "n": 0.116107, "d": 0.0426741, "c": 0.00680028, "q": 0.0468687, "e": 0.0262688, "g": 0.0200594, "h": 0.0187158, "i": 0.0109803, "l": 0.0293413, "m": 0.0514697, "f": 0.0061065, "p": 0.0263693, "s": 0.0487894, "t": 0.0759907, "w": 0.0122026, "y": 0.00703302, "v": 0.0109359 },
  "m": { "a": 0.304679, "r": 0.0580583, "n": 0.0958282, "d": 0.0636597, "c": 0.0441035, "q": 0.09131, "e": 0.0962192, "g": 0.0672415, "h": 0.069716, "i": 0.106707, "l": 0.602331, "k": 0.239991, "f": 0.0497355, "p": 0.173202, "s": 0.191686, "t": 0.236787, "w": 0.0486864, "y": 0.0515223, "v": 0.14332 },
  "f": { "a": 0.0486927, "r": 0.0288401, "n": 0.0150596, "d": 0.0129249, "c": 0.0126868, "q": 0.0140564, "e": 0.013313, "g": 0.0366847, "h": 0.0239005, "i": 0.069956, "l": 0.0968161, "k": 0.016673, "m": 0.0303549, "p": 0.0204197, "s": 0.038049, "t": 0.0196271, "w": 0.0291313, "y": 0.207144, "v": 0.0342089 },
  "p": { "a": 0.106658, "r": 0.0601807, "n": 0.0188253, "d": 0.0161887, "c": 0.028035, "q": 0.0335077, "e": 0.0211937, "g": 0.0345073, "h": 0.0256944, "i": 0.0110984, "l": 0.0394972, "k": 0.0385388, "m": 0.0149088, "f": 0.0131784, "s": 0.212766, "t": 0.0566334, "w": 0.00939797, "y": 0.010068, "v": 0.032802 },
  "s": { "a": 0.326967, "r": 0.0479654, "n": 0.123934, "d": 0.0626592, "c": 0.0502296, "q": 0.0263908, "e": 0.0335334, "g": 0.163417, "h": 0.0142703, "i": 0.0131901, "l": 0.016542, "k": 0.0576177, "m": 0.0154491, "f": 0.0139582, "p": 0.0974596, "t": 0.243375, "w": 0.0149079, "y": 0.0174644, "v": 0.0256086 },
  "t": { "a": 0.281019, "r": 0.027797, "n": 0.135045, "d": 0.0288379, "c": 0.0244631, "q": 0.0304056, "e": 0.035227, "g": 0.0582876, "h": 0.0462545, "i": 0.0624536, "l": 0.0292125, "k": 0.118505, "m": 0.0552501, "f": 0.0137313, "p": 0.0409568, "s": 0.381749, "w": 0.0123239, "y": 0.031106, "v": 0.0884259 },
  "w": { "a": 0.101983, "r": 0.264381, "n": 0.101255, "d": 0.0869153, "c": 0.0768165, "q": 0.105424, "e": 0.0905219, "g": 0.0958315, "h": 0.0968797, "i": 0.0892562, "l": 0.0933328, "k": 0.0942265, "m": 0.102197, "f": 0.0836444, "p": 0.0884493, "s": 0.0997065, "t": 0.0932994, "y": 0.144172, "v": 0.0902994 },
  "y": { "a": 0.0471559, "r": 0.024342, "n": 0.0860079, "d": 0.0234992, "c": 0.024368, "q": 0.0234633, "e": 0.0290379, "g": 0.041425, "h": 0.136924, "i": 0.0317574, "l": 0.0240276, "k": 0.036853, "m": 0.0322283, "f": 0.276373, "p": 0.0220551, "s": 0.0539584, "t": 0.0285886, "w": 0.0223101, "v": 0.0421078 },
  "v": { "a": 0.20143, "r": 0.0123401, "n": 0.0205288, "d": 0.0238255, "c": 0.0365491, "q": 0.0145517, "e": 0.017595, "g": 0.0181299, "h": 0.0165273, "i": 0.425027, "l": 0.0502274, "k": 0.0207194, "m": 0.018992, "f": 0.0191293, "p": 0.020884, "s": 0.0150349, "t": 0.103718, "w": 0.0114538, "y": 0.0175363 }
 }
}
