{
 "alphabet": "arndcqeghilkmfpstwyv",
 "insrate": 0.00732901,
 "insextprob": 0.686567,
 "delrate": 0.00593632,
 "delextprob": 0.66,
 "rootprob":
 {
  "a": 0.0888432,
  "r": 0.0386457,
  "n": 0.0145215,
  "d": 0.0486147,
  "c": 0.0459399,
  "q": 0.0377922,
  "e": 0.0358223,
  "g": 0.07765,
  "h": 0.020548,
  "i": 0.0317986,
  "l": 0.0930563,
  "k": 0.0966282,
  "m": 0.0177464,
  "f": 0.0473767,
  "p": 0.0461667,
  "s": 0.0929499,
  "t": 0.0678543,
  "w": 0.0130282,
  "y": 0.0247081,
  "v": 0.0603091
 },
 "subrate":
 {
  "a": { "r": 0.0117597, "n": 0.0320018, "d": 0.055066, "c": 0.0224846, "q": 0.0225413, "e": 0.0641058, "g": 0.170124, "h": 0.0247908, "i": 0.0193768, "l": 0.0166329, "k": 0.0392034, "m": 0.0145806, "f": 0.0118099, "p": 0.125565, "s": 0.26888, "t": 0.168973, "w": 0.00628984, "y": 0.0169143, "v": 0.223673 },
  "r": { "a": 0.0421713, "n": 0.0595245, "d": 0.0222327, "c": 0.0211007, "q": 0.0690753, "e": 0.0328852, "g": 0.0182768, "h": 0.102882, "i": 0.0358754, "l": 0.0252679, "k": 0.356438, "m": 0.020449, "f": 0.0188722, "p": 0.056815, "s": 0.107719, "t": 0.0219991, "w": 0.016142, "y": 0.0276536, "v": 0.0214841 },
  "n": { "a": 0.076509, "r": 0.0795978, "d": 0.413582, "c": 0.0278011, "q": 0.0788688, "e": 0.0840508, "g": 0.171014, "h": 0.120793, "i": 0.0735208, "l": 0.0324176, "k": 0.227145, "m": 0.0371163, "f": 0.033719, "p": 0.0349318, "s": 0.342817, "t": 0.144415, "w": 0.0202553, "y": 0.0592504, "v": 0.0387678 },
  "d": { "a": 0.0933403, "r": 0.0263581, "n": 0.505022, "c": 0.0148018, "q": 0.0557724, "e": 0.521627, "g": 0.149261, "h": 0.0643015, "i": 0.0463608, "l": 0.0196803, "k": 0.0754158, "m": 0.019051, "f": 0.0248884, "p": 0.0355186, "s": 0.141092, "t": 0.0928105, "w": 0.0136037, "y": 0.0304216, "v": 0.0230855 },
  "c": { "a": 0.0348645, "r": 0.0267777, "n": 0.0196618, "d": 0.0158806, "q": 0.0145634, "e": 0.0149164, "g": 0.0183337, "h": 0.0129314, "i": 0.0203639, "l": 0.0125016, "k": 0.0268532, "m": 0.0262781, "f": 0.0118188, "p": 0.0124776, "s": 0.106376, "t": 0.0388487, "w": 0.0110562, "y": 0.0394106, "v": 0.0630385 },
  "q": { "a": 0.0910959, "r": 0.099176, "n": 0.0688658, "d": 0.0420861, "c": 0.0167577, "e": 0.253795, "g": 0.0575234, "h": 0.162298, "i": 0.0212546, "l": 0.0862234, "k": 0.122321, "m": 0.0288863, "f": 0.0177597, "p": 0.101376, "s": 0.0442864, "t": 0.0519254, "w": 0.0142656, "y": 0.0250624, "v": 0.0311338 },
  "e": { "a": 0.0756841, "r": 0.0240142, "n": 0.0827966, "d": 0.410445, "c": 0.0142182, "q": 0.16745, "g": 0.0505711, "h": 0.0254002, "i": 0.0272681, "l": 0.0154148, "k": 0.192069, "m": 0.016536, "f": 0.0119786, "p": 0.0502246, "s": 0.0618226, "t": 0.0429061, "w": 0.0146998, "y": 0.0162411, "v": 0.0338746 },
  "g": { "a": 0.219713, "r": 0.00833509, "n": 0.0509527, "d": 0.0476166, "c": 0.0127345, "q": 0.0206149, "e": 0.0461923, "h": 0.0122461, "i": 0.0080616, "l": 0.00728533, "k": 0.0223409, "m": 0.0100965, "f": 0.0147661, "p": 0.0317049, "s": 0.147377, "t": 0.0182901, "w": 0.005587, "y": 0.0087489, "v": 0.0106459 },
  "h": { "a": 0.0502659, "r": 0.0830397, "n": 0.18102, "d": 0.0371339, "c": 0.0209654, "q": 0.181183, "e": 0.0349719, "g": 0.0566208, "i": 0.0569026, "l": 0.0366983, "k": 0.0553525, "m": 0.02869, "f": 0.0420027, "p": 0.07826, "s": 0.0696051, "t": 0.0328723, "w": 0.0236045, "y": 0.0735004, "v": 0.0303374 },
  "i": { "a": 0.0244736, "r": 0.0203629, "n": 0.0343418, "d": 0.0383693, "c": 0.0163299, "q": 0.0222014, "e": 0.0459166, "g": 0.0348483, "h": 0.0165316, "l": 0.276321, "k": 0.0344505, "m": 0.0730925, "f": 0.0709911, "p": 0.0140685, "s": 0.0217816, "t": 0.0929188, "w": 0.0117418, "y": 0.037509, "v": 0.667321 },
  "l": { "a": 0.0266999, "r": 0.01122, "n": 0.0168045, "d": 0.0165941, "c": 0.0055916, "q": 0.0385698, "e": 0.00819453, "g": 0.0203971, "h": 0.0308683, "i": 0.127077, "k": 0.0395931, "m": 0.0929476, "f": 0.0731619, "p": 0.0100305, "s": 0.0256008, "t": 0.0211934, "w": 0.00750633, "y": 0.0151008, "v": 0.0978419 },
  "k": { "a": 0.0430925, "r": 0.216932, "n": 0.121178, "d": 0.039304, "c": 0.00831152, "q": 0.059157, "e": 0.0796455, "g": 0.0251698, "h": 0.0236865, "i": 0.00963194, "l": 0.0337977, "m": 0.0279389, "f": 0.00665491, "p": 0.0282988, "s": 0.054471, "t": 0.0629384, "w": 0.0079548, "y": 0.0116821, "v": 0.0100815 },
  "m": { "a": 0.133822, "r": 0.105862, "n": 0.0650537, "d": 0.0488043, "c": 0.0439633, "q": 0.0606321, "e": 0.0485913, "g": 0.0594972, "h": 0.05766, "i": 0.224721, "l": 0.438533, "k": 0.200641, "f": 0.0884846, "p": 0.0427019, "s": 0.0652032, "t": 0.202837, "w": 0.035434, "y": 0.0531348, "v": 0.100696 },
  "f": { "a": 0.0510914, "r": 0.0136005, "n": 0.0144375, "d": 0.0118409, "c": 0.0131479, "q": 0.0147917, "e": 0.0151069, "g": 0.0164486, "h": 0.0223703, "i": 0.0828943, "l": 0.122455, "k": 0.0126634, "m": 0.0145989, "p": 0.0178155, "s": 0.0394136, "t": 0.0193057, "w": 0.0132535, "y": 0.188473, "v": 0.0356466 },
  "p": { "a": 0.139167, "r": 0.0791342, "n": 0.0228129, "d": 0.0339667, "c": 0.0147603, "q": 0.0559553, "e": 0.0559144, "g": 0.0467719, "h": 0.0279609, "i": 0.0155247, "l": 0.0370611, "k": 0.0604938, "m": 0.0223862, "f": 0.0183015, "s": 0.147723, "t": 0.0723893, "w": 0.0107775, "y": 0.0139919, "v": 0.0185518 },
  "s": { "a": 0.343223, "r": 0.0397185, "n": 0.152568, "d": 0.0602991, "c": 0.0572178, "q": 0.0159405, "e": 0.0439133, "g": 0.161233, "h": 0.0376618, "i": 0.0128078, "l": 0.0217061, "k": 0.0916186, "m": 0.0164224, "f": 0.00883663, "p": 0.109707, "t": 0.356147, "w": 0.00698704, "y": 0.0214294, "v": 0.026166 },
  "t": { "a": 0.229297, "r": 0.0300867, "n": 0.149919, "d": 0.063979, "c": 0.0115748, "q": 0.0297646, "e": 0.0449051, "g": 0.0285375, "h": 0.0215389, "i": 0.0520471, "l": 0.0496408, "k": 0.115469, "m": 0.0270958, "f": 0.0164155, "p": 0.0627963, "s": 0.404147, "w": 0.00930436, "y": 0.034939, "v": 0.138194 },
  "w": { "a": 0.0293039, "r": 0.0638191, "n": 0.0307434, "d": 0.0293824, "c": 0.0272963, "q": 0.0304281, "e": 0.0303999, "g": 0.0286869, "h": 0.0306175, "i": 0.0303081, "l": 0.0525616, "k": 0.0401402, "m": 0.031366, "f": 0.0720528, "p": 0.0286003, "s": 0.0301545, "t": 0.0302054, "y": 0.0306519, "v": 0.0294864 },
  "y": { "a": 0.0347778, "r": 0.0362237, "n": 0.0602878, "d": 0.0547953, "c": 0.0332982, "q": 0.0362254, "e": 0.0677735, "g": 0.0269792, "h": 0.107803, "i": 0.0576377, "l": 0.0482473, "k": 0.0286018, "m": 0.0299287, "f": 0.354358, "p": 0.0265791, "s": 0.0677965, "t": 0.0539208, "w": 0.0423918, "v": 0.0699612 },
  "v": { "a": 0.189464, "r": 0.02298, "n": 0.0129566, "d": 0.0133316, "c": 0.010217, "q": 0.013913, "e": 0.0241751, "g": 0.0525504, "h": 0.0110751, "i": 0.532647, "l": 0.10657, "k": 0.0153389, "m": 0.0390582, "f": 0.0252521, "p": 0.0107674, "s": 0.0137969, "t": 0.102657, "w": 0.00746954, "y": 0.0407669 }
 }
}
