{
 "alphabet": "arndcqeghilkmfpstwyv",
 "insrate": 0.00585662,
 "insextprob": 0.608696,
 "delrate": 0.00423302,
 "delextprob": 0.5,
 "rootprob":
 {
  "a": 0.0838256,
  "r": 0.0343865,
  "n": 0.0554706,
  "d": 0.0574103,
  "c": 0.0426783,
  "q": 0.0330727,
  "e": 0.052737,
  "g": 0.0611201,
  "h": 0.0234172,
  "i": 0.0407448,
  "l": 0.0995052,
  "k": 0.0731694,
  "m": 0.0239959,
  "f": 0.0460897,
  "p": 0.0339097,
  "s": 0.074724,
  "t": 0.0660494,
  "w": 0.017808,
  "y": 0.0248096,
  "v": 0.0550759
 },
 "subrate":
 {
  "a": { "r": 0.0174126, "n": 0.0260882, "d": 0.0655274, "c": 0.0116194, "q": 0.0418289, "e": 0.0775512, "g": 0.230248, "h": 0.0153854, "i": 0.00993693, "l": 0.0304656, "k": 0.0357424, "m": 0.0172641, "f": 0.0274178, "p": 0.0839666, "s": 0.302733, "t": 0.154281, "w": 0.00586024, "y": 0.0115564, "v": 0.169561 },
  "r": { "a": 0.0675045, "n": 0.0574067, "d": 0.0191379, "c": 0.0127262, "q": 0.100208, "e": 0.025065, "g": 0.0285998, "h": 0.0567295, "i": 0.0647689, "l": 0.0481417, "k": 0.316252, "m": 0.0209143, "f": 0.0144612, "p": 0.053676, "s": 0.168739, "t": 0.0367158, "w": 0.0237729, "y": 0.0146893, "v": 0.0264691 },
  "n": { "a": 0.0622977, "r": 0.0683921, "d": 0.266986, "c": 0.0167153, "q": 0.0653189, "e": 0.033935, "g": 0.0945791, "h": 0.155795, "i": 0.0418554, "l": 0.0319884, "k": 0.297326, "m": 0.0249646, "f": 0.0185082, "p": 0.0202303, "s": 0.309111, "t": 0.0994717, "w": 0.011069, "y": 0.0215308, "v": 0.0281225 },
  "d": { "a": 0.108923, "r": 0.0235503, "n": 0.228517, "c": 0.0085127, "q": 0.0564731, "e": 0.537912, "g": 0.0650317, "h": 0.0403931, "i": 0.0127779, "l": 0.0305037, "k": 0.0231383, "m": 0.0150719, "f": 0.011445, "p": 0.0138929, "s": 0.0854177, "t": 0.0607269, "w": 0.00908251, "y": 0.0106545, "v": 0.0164972 },
  "c": { "a": 0.0269107, "r": 0.0303327, "n": 0.0128797, "d": 0.0135478, "q": 0.0123608, "e": 0.0329811, "g": 0.0113692, "h": 0.0117789, "i": 0.0243805, "l": 0.0110606, "k": 0.011217, "m": 0.0119794, "f": 0.0116782, "p": 0.0112001, "s": 0.138954, "t": 0.0235512, "w": 0.0105285, "y": 0.0462497, "v": 0.0501235 },
  "q": { "a": 0.0720276, "r": 0.102448, "n": 0.123208, "d": 0.0268324, "c": 0.0231103, "e": 0.171128, "g": 0.0470796, "h": 0.157963, "i": 0.0279313, "l": 0.121176, "k": 0.134418, "m": 0.0462814, "f": 0.0283425, "p": 0.0436212, "s": 0.0720325, "t": 0.0779815, "w": 0.0214182, "y": 0.0169401, "v": 0.036375 },
  "e": { "a": 0.268746, "r": 0.027459, "n": 0.0475097, "d": 0.407669, "c": 0.00970632, "q": 0.125343, "g": 0.0623725, "h": 0.0175643, "i": 0.025912, "l": 0.0183777, "k": 0.0982284, "m": 0.0191845, "f": 0.0146184, "p": 0.0149043, "s": 0.0481652, "t": 0.0482301, "w": 0.0109787, "y": 0.0122136, "v": 0.0245709 },
  "g": { "a": 0.1545, "r": 0.0171613, "n": 0.0423067, "d": 0.073878, "c": 0.00602722, "q": 0.0318626, "e": 0.0525083, "h": 0.0154543, "i": 0.0088328, "l": 0.0122149, "k": 0.0191796, "m": 0.0148832, "f": 0.00906216, "p": 0.0241593, "s": 0.135814, "t": 0.0311274, "w": 0.00696855, "y": 0.00738656, "v": 0.0235223 },
  "h": { "a": 0.0861914, "r": 0.132417, "n": 0.161623, "d": 0.0309669, "c": 0.0506456, "q": 0.171813, "e": 0.0293061, "g": 0.0548542, "i": 0.0524223, "l": 0.0647583, "k": 0.0700034, "m": 0.0469311, "f": 0.0290633, "p": 0.03828, "s": 0.100563, "t": 0.0354771, "w": 0.0290497, "y": 0.0990984, "v": 0.042758 },
  "i": { "a": 0.0513749, "r": 0.0212094, "n": 0.0587092, "d": 0.0194866, "c": 0.0184939, "q": 0.0339044, "e": 0.0599787, "g": 0.0261409, "h": 0.0184784, "l": 0.369208, "k": 0.03518, "m": 0.0641108, "f": 0.0451784, "p": 0.0284944, "s": 0.0238826, "t": 0.0832113, "w": 0.0134313, "y": 0.0156152, "v": 0.804184 },
  "l": { "a": 0.0445966, "r": 0.0151746, "n": 0.0108075, "d": 0.00606256, "c": 0.00681517, "q": 0.0497706, "e": 0.00634619, "g": 0.0100045, "h": 0.0174023, "i": 0.134681, "k": 0.0288524, "m": 0.0493304, "f": 0.0536812, "p": 0.030123, "s": 0.0246509, "t": 0.00927807, "w": 0.00677419, "y": 0.00874772, "v": 0.106311 },
  "k": { "a": 0.0271925, "r": 0.224336, "n": 0.142563, "d": 0.0177784, "c": 0.00618837, "q": 0.0457323, "e": 0.0376341, "g": 0.0201035, "h": 0.0130169, "i": 0.0135915, "l": 0.0218639, "m": 0.0369254, "f": 0.00787958, "p": 0.0165409, "s": 0.0390748, "t": 0.0574439, "w": 0.0118226, "y": 0.00814769, "v": 0.0139824 },
  "m": { "a": 0.158982, "r": 0.0657095, "n": 0.0393682, "d": 0.0292248, "c": 0.0309655, "q": 0.0436727, "e": 0.0306228, "g": 0.0481346, "h": 0.0384246, "i": 0.120468, "l": 0.287542, "k": 0.23437, "f": 0.111817, "p": 0.0356769, "s": 0.0688975, "t": 0.203009, "w": 0.0257139, "y": 0.0288601, "v": 0.163114 },
  "f": { "a": 0.0261351, "r": 0.0116893, "n": 0.017549, "d": 0.0124628, "c": 0.0115174, "q": 0.0123672, "e": 0.0111895, "g": 0.0202382, "h": 0.0326356, "i": 0.0520049, "l": 0.125887, "k": 0.0150283, "m": 0.0178497, "p": 0.0207938, "s": 0.0574102, "t": 0.0207273, "w": 0.0199532, "y": 0.214221, "v": 0.0235529 },
  "p": { "a": 0.184587, "r": 0.0471783, "n": 0.0343746, "d": 0.0305955, "c": 0.0126854, "q": 0.0543834, "e": 0.0257678, "g": 0.0672966, "h": 0.0170051, "i": 0.0288704, "l": 0.0175988, "k": 0.0244302, "m": 0.020892, "f": 0.0169576, "s": 0.173609, "t": 0.0874567, "w": 0.0125558, "y": 0.0151288, "v": 0.0197392 },
  "s": { "a": 0.413801, "r": 0.0317578, "n": 0.181262, "d": 0.0804514, "c": 0.0214141, "q": 0.0290279, "e": 0.0472601, "g": 0.272504, "h": 0.0218015, "i": 0.0154365, "l": 0.0273938, "k": 0.0466114, "m": 0.0154674, "f": 0.0126196, "p": 0.122958, "t": 0.363763, "w": 0.0115728, "y": 0.0289714, "v": 0.0218048 },
  "t": { "a": 0.319963, "r": 0.0454078, "n": 0.126579, "d": 0.0481117, "c": 0.0135624, "q": 0.0427315, "e": 0.0711162, "g": 0.0400872, "h": 0.0160582, "i": 0.0673569, "l": 0.039002, "k": 0.140526, "m": 0.023724, "f": 0.0226268, "p": 0.0643409, "s": 0.42082, "w": 0.00949844, "y": 0.0176166, "v": 0.156328 },
  "w": { "a": 0.039219, "r": 0.0759766, "n": 0.0517935, "d": 0.0367624, "c": 0.0331635, "q": 0.0395279, "e": 0.0369727, "g": 0.0367802, "h": 0.046587, "i": 0.0579564, "l": 0.16935, "k": 0.0400173, "m": 0.0397939, "f": 0.0493911, "p": 0.0360565, "s": 0.0459792, "t": 0.0400639, "y": 0.0378108, "v": 0.053031 },
  "y": { "a": 0.0484653, "r": 0.0228245, "n": 0.0838942, "d": 0.0228104, "c": 0.0276704, "q": 0.0211199, "e": 0.0209121, "g": 0.0203005, "h": 0.0532865, "i": 0.031447, "l": 0.0441352, "k": 0.0477202, "m": 0.0255226, "f": 0.263701, "p": 0.0207176, "s": 0.0271389, "t": 0.0269288, "w": 0.0237699, "v": 0.0272498 },
  "v": { "a": 0.170217, "r": 0.0189878, "n": 0.0163875, "d": 0.0114532, "c": 0.0217192, "q": 0.0122784, "e": 0.0175952, "g": 0.0514072, "h": 0.0201534, "i": 0.459961, "l": 0.106658, "k": 0.0173951, "m": 0.0576178, "f": 0.0259856, "p": 0.0391807, "s": 0.0261293, "t": 0.103076, "w": 0.00800343, "y": 0.0112047 }
 }
}
