{
 "alphabet": "arndcqeghilkmfpstwyv",
 "insrate": 0.00460374,
 "insextprob": 0.75,
 "delrate": 0.0060225,
 "delextprob": 0.734375,
 "rootprob":
 {
  "a": 0.0833703,
  "r": 0.0397932,
  "n": 0.033183,
  "d": 0.0397651,
  "c": 0.0386641,
  "q": 0.0402169,
  "e": 0.0562159,
  "g": 0.107418,
  "h": 0.0281777,
  "i": 0.029154,
  "l": 0.069494,
  "k": 0.106666,
  "m": 0.0069939,
  "f": 0.0390958,
  "p": 0.0519684,
  "s": 0.0633715,
  "t": 0.0640334,
  "w": 0.0124423,
  "y": 0.03299,
  "v": 0.0569871
 },
 "subrate":
 {
  "a": { "r": 0.010653, "n": 0.0385822, "d": 0.0292742, "c": 0.0298159, "q": 0.0516996, "e": 0.117888, "g": 0.205294, "h": 0.00840535, "i": 0.0147216, "l": 0.0601776, "k": 0.0407147, "m": 0.0161995, "f": 0.0100037, "p": 0.190636, "s": 0.180777, "t": 0.0975098, "w": 0.00650487, "y": 0.00799651, "v": 0.136895 },
  "r": { "a": 0.0377489, "n": 0.0359536, "d": 0.0181795, "c": 0.0163456, "q": 0.0909126, "e": 0.0275446, "g": 0.0363656, "h": 0.157705, "i": 0.0435712, "l": 0.0214496, "k": 0.37538, "m": 0.0165528, "f": 0.0141917, "p": 0.0799663, "s": 0.138587, "t": 0.0329396, "w": 0.0113289, "y": 0.0135532, "v": 0.0279473 },
  "n": { "a": 0.0731452, "r": 0.0277902, "d": 0.367784, "c": 0.013809, "q": 0.0688554, "e": 0.0723737, "g": 0.0985082, "h": 0.16122, "i": 0.024076, "l": 0.0254077, "k": 0.217885, "m": 0.0282427, "f": 0.0257648, "p": 0.0297039, "s": 0.239199, "t": 0.158459, "w": 0.0246336, "y": 0.0179985, "v": 0.0278989 },
  "d": { "a": 0.0694374, "r": 0.0155727, "n": 0.295137, "c": 0.0105537, "q": 0.100004, "e": 0.457306, "g": 0.0979005, "h": 0.0389587, "i": 0.0211021, "l": 0.0199771, "k": 0.061837, "m": 0.0154769, "f": 0.014639, "p": 0.0195522, "s": 0.070151, "t": 0.0346559, "w": 0.0107587, "y": 0.0217453, "v": 0.0159649 },
  "c": { "a": 0.050946, "r": 0.0131434, "n": 0.0126773, "d": 0.0119059, "q": 0.0155121, "e": 0.012511, "g": 0.0126928, "h": 0.0195481, "i": 0.0132079, "l": 0.0119905, "k": 0.0139532, "m": 0.0127541, "f": 0.0169719, "p": 0.0219573, "s": 0.0328395, "t": 0.0144048, "w": 0.0111659, "y": 0.0473286, "v": 0.0464491 },
  "q": { "a": 0.102332, "r": 0.0934014, "n": 0.0793619, "d": 0.032872, "c": 0.0191422, "e": 0.378845, "g": 0.0698638, "h": 0.20476, "i": 0.0222, "l": 0.0220235, "k": 0.208725, "m": 0.0251143, "f": 0.0272241, "p": 0.0966142, "s": 0.101893, "t": 0.0679034, "w": 0.0136802, "y": 0.0188182, "v": 0.0645936 },
  "e": { "a": 0.231343, "r": 0.0181827, "n": 0.0945581, "d": 0.430405, "c": 0.0104708, "q": 0.194604, "g": 0.0739995, "h": 0.0322337, "i": 0.0235974, "l": 0.025657, "k": 0.144241, "m": 0.0244274, "f": 0.0140475, "p": 0.0913435, "s": 0.0614557, "t": 0.0671209, "w": 0.0100769, "y": 0.0126807, "v": 0.0263219 },
  "g": { "a": 0.217245, "r": 0.00994047, "n": 0.0736696, "d": 0.0963426, "c": 0.00659393, "q": 0.0371271, "e": 0.0398199, "h": 0.0106685, "i": 0.0084137, "l": 0.0105338, "k": 0.0192802, "m": 0.0265424, "f": 0.0103977, "p": 0.0199082, "s": 0.152136, "t": 0.0313193, "w": 0.00907167, "y": 0.00699916, "v": 0.0210412 },
  "h": { "a": 0.057405, "r": 0.177092, "n": 0.235533, "d": 0.061287, "c": 0.0168729, "q": 0.216893, "e": 0.0473853, "g": 0.0416947, "i": 0.0237965, "l": 0.025081, "k": 0.0839324, "m": 0.0230824, "f": 0.0248402, "p": 0.0518409, "s": 0.0508165, "t": 0.0503648, "w": 0.0157004, "y": 0.0252004, "v": 0.0668927 },
  "i": { "a": 0.0630459, "r": 0.0624662, "n": 0.0368509, "d": 0.0244945, "c": 0.0219201, "q": 0.0243929, "e": 0.0244425, "g": 0.0353003, "h": 0.0243068, "l": 0.292978, "k": 0.0274847, "m": 0.120275, "f": 0.0584107, "p": 0.0282689, "s": 0.0333744, "t": 0.136164, "w": 0.0187716, "y": 0.0204234, "v": 0.837187 },
  "l": { "a": 0.0400564, "r": 0.0228489, "n": 0.0259276, "d": 0.00877835, "c": 0.00897463, "q": 0.0200311, "e": 0.0166174, "g": 0.0100097, "h": 0.0159687, "i": 0.108699, "k": 0.0124975, "m": 0.065731, "f": 0.0531727, "p": 0.0270476, "s": 0.0152708, "t": 0.0420156, "w": 0.0113217, "y": 0.0183461, "v": 0.0987001 },
  "k": { "a": 0.040234, "r": 0.195004, "n": 0.100414, "d": 0.0195755, "c": 0.00615702, "q": 0.0384511, "e": 0.0994655, "g": 0.0195659, "h": 0.0191054, "i": 0.0145198, "l": 0.0154249, "m": 0.0335931, "f": 0.0096754, "p": 0.0269988, "s": 0.0648606, "t": 0.106012, "w": 0.00528684, "y": 0.00692761, "v": 0.0215235 },
  "m": { "a": 0.13614, "r": 0.0982757, "n": 0.0937028, "d": 0.0729915, "c": 0.0589849, "q": 0.0934693, "e": 0.0820739, "g": 0.077638, "h": 0.0794731, "i": 0.239894, "l": 0.629333, "k": 0.1532, "f": 0.157305, "p": 0.11033, "s": 0.0834414, "t": 0.178355, "w": 0.0534414, "y": 0.0633996, "v": 0.200328 },
  "f": { "a": 0.0170308, "r": 0.0149709, "n": 0.0133662, "d": 0.0143893, "c": 0.016235, "q": 0.0152122, "e": 0.0177395, "g": 0.012879, "h": 0.0647556, "i": 0.051284, "l": 0.154554, "k": 0.0121982, "m": 0.0291909, "p": 0.0214061, "s": 0.0237563, "t": 0.0181804, "w": 0.011499, "y": 0.184723, "v": 0.0277861 },
  "p": { "a": 0.185364, "r": 0.0751654, "n": 0.0370557, "d": 0.0328712, "c": 0.0189644, "q": 0.0610756, "e": 0.0867594, "g": 0.0466628, "h": 0.056751, "i": 0.0166181, "l": 0.0587828, "k": 0.0532534, "m": 0.0376059, "f": 0.0150981, "s": 0.134424, "t": 0.107002, "w": 0.0113028, "y": 0.0249087, "v": 0.0418987 },
  "s": { "a": 0.262339, "r": 0.0951406, "n": 0.1873, "d": 0.0598632, "c": 0.0169763, "q": 0.0352455, "e": 0.0391764, "g": 0.13788, "h": 0.0215513, "i": 0.0154075, "l": 0.0172919, "k": 0.063819, "m": 0.0138636, "f": 0.010254, "p": 0.132195, "t": 0.390389, "w": 0.00812574, "y": 0.0124841, "v": 0.0139487 },
  "t": { "a": 0.190014, "r": 0.0243808, "n": 0.0883602, "d": 0.0407691, "c": 0.011862, "q": 0.0276155, "e": 0.0321616, "g": 0.0249603, "h": 0.0222183, "i": 0.0669283, "l": 0.028236, "k": 0.0385519, "m": 0.0307613, "f": 0.0109395, "p": 0.0180813, "s": 0.330302, "w": 0.00711045, "y": 0.00858362, "v": 0.115808 },
  "w": { "a": 0.0544576, "r": 0.09982, "n": 0.0608856, "d": 0.0622384, "c": 0.0455707, "q": 0.0539307, "e": 0.0541732, "g": 0.0537766, "h": 0.0546608, "i": 0.0630116, "l": 0.150931, "k": 0.0523369, "m": 0.0629627, "f": 0.056122, "p": 0.0511874, "s": 0.0948168, "t": 0.0551079, "y": 0.0487953, "v": 0.070534 },
  "y": { "a": 0.0268083, "r": 0.0235143, "n": 0.0373435, "d": 0.0388424, "c": 0.048185, "q": 0.0259779, "e": 0.0290934, "g": 0.0223331, "h": 0.0634679, "i": 0.0252232, "l": 0.0311575, "k": 0.0273407, "m": 0.0242937, "f": 0.371998, "p": 0.0237513, "s": 0.057369, "t": 0.0530845, "w": 0.0357905, "v": 0.0592267 },
  "v": { "a": 0.158506, "r": 0.0198667, "n": 0.0263925, "d": 0.0195435, "c": 0.013056, "q": 0.0135027, "e": 0.0167646, "g": 0.031323, "h": 0.0114447, "i": 0.414162, "l": 0.146527, "k": 0.022251, "m": 0.0565388, "f": 0.0144375, "p": 0.0554625, "s": 0.0397505, "t": 0.129501, "w": 0.00901889, "y": 0.00934138 }
 }
}
