{
 "alphabet": "arndcqeghilkmfpstwyv",
 "insrate": 0.00538629,
 "insextprob": 0.645833,
 "delrate": 0.00349246,
 "delextprob": 0.47619,
 "rootprob":
 {
  "a": 0.0741523,
  "r": 0.03207,
  "n": 0.0621317,
  "d": 0.0437597,
  "c": 0.0318575,
  "q": 0.0451837,
  "e": 0.0513757,
  "g": 0.0977257,
  "h": 0.0371736,
  "i": 0.0303834,
  "l": 0.0644239,
  "k": 0.0698593,
  "m": 0.020187,
  "f": 0.0371355,
  "p": 0.0520509,
  "s": 0.0774077,
  "t": 0.0669012,
  "w": 0.0106131,
  "y": 0.0370994,
  "v": 0.0585087
 },
 "subrate":
 {
  "a": { "r": 0.02665, "n": 0.0175076, "d": 0.0775077, "c": 0.016305, "q": 0.0452067, "e": 0.0797344, "g": 0.228933, "h": 0.017454, "i": 0.0156743, "l": 0.0407102, "k": 0.0323125, "m": 0.0133107, "f": 0.0154759, "p": 0.150986, "s": 0.301823, "t": 0.128532, "w": 0.00860151, "y": 0.00696441, "v": 0.166224 },
  "r": { "a": 0.0286634, "n": 0.0416815, "d": 0.0255478, "c": 0.0237117, "q": 0.0932304, "e": 0.0246953, "g": 0.0238233, "h": 0.0627923, "i": 0.0160928, "l": 0.0196048, "k": 0.444106, "m": 0.0209326, "f": 0.0127849, "p": 0.0501576, "s": 0.111649, "t": 0.0327841, "w": 0.0211881, "y": 0.0230246, "v": 0.0175546 },
  "n": { "a": 0.146554, "r": 0.036145, "d": 0.363199, "c": 0.0184817, "q": 0.0533073, "e": 0.0442039, "g": 0.100643, "h": 0.214257, "i": 0.0181524, "l": 0.0210226, "k": 0.249551, "m": 0.0246032, "f": 0.0117929, "p": 0.0226939, "s": 0.280975, "t": 0.129821, "w": 0.0137624, "y": 0.021923, "v": 0.0489659 },
  "d": { "a": 0.0611116, "r": 0.0198427, "n": 0.3649, "c": 0.0124494, "q": 0.0491529, "e": 0.396649, "g": 0.0911925, "h": 0.0293209, "i": 0.0129301, "l": 0.0138813, "k": 0.0299917, "m": 0.0134937, "f": 0.0116638, "p": 0.0191362, "s": 0.127514, "t": 0.0500695, "w": 0.0123863, "y": 0.0124417, "v": 0.0140805 },
  "c": { "a": 0.0730545, "r": 0.05861, "n": 0.0212855, "d": 0.0197467, "q": 0.0226673, "e": 0.0196978, "g": 0.0476034, "h": 0.0175696, "i": 0.022369, "l": 0.036413, "k": 0.0226707, "m": 0.0194278, "f": 0.0261023, "p": 0.0476401, "s": 0.125072, "t": 0.0434703, "w": 0.0189586, "y": 0.0565522, "v": 0.0431497 },
  "q": { "a": 0.115516, "r": 0.125899, "n": 0.0913283, "d": 0.0741935, "c": 0.0146916, "e": 0.362096, "g": 0.0182942, "h": 0.134588, "i": 0.032989, "l": 0.0371842, "k": 0.181151, "m": 0.0230682, "f": 0.0179161, "p": 0.0958065, "s": 0.0352875, "t": 0.0352716, "w": 0.0166644, "y": 0.016962, "v": 0.0469968 },
  "e": { "a": 0.140496, "r": 0.021592, "n": 0.0619573, "d": 0.380883, "c": 0.0110931, "q": 0.22111, "g": 0.0436751, "h": 0.0471806, "i": 0.0223865, "l": 0.0267212, "k": 0.159306, "m": 0.0209782, "f": 0.0127325, "p": 0.0221432, "s": 0.037423, "t": 0.0822155, "w": 0.012198, "y": 0.0125848, "v": 0.059687 },
  "g": { "a": 0.171826, "r": 0.0172088, "n": 0.0645182, "d": 0.0669632, "c": 0.0110968, "q": 0.0167066, "e": 0.0250829, "h": 0.0062279, "i": 0.007174, "l": 0.00608096, "k": 0.0240799, "m": 0.00617026, "f": 0.0109676, "p": 0.0264741, "s": 0.15669, "t": 0.0191367, "w": 0.00630609, "y": 0.00514978, "v": 0.0152246 },
  "h": { "a": 0.0265469, "r": 0.107856, "n": 0.186188, "d": 0.0420594, "c": 0.0230825, "q": 0.111417, "e": 0.0203172, "g": 0.0173228, "i": 0.0135669, "l": 0.0135186, "k": 0.0629027, "m": 0.0154675, "f": 0.0122328, "p": 0.0922669, "s": 0.032254, "t": 0.0177419, "w": 0.0173865, "y": 0.0184243, "v": 0.0197631 },
  "i": { "a": 0.0307016, "r": 0.0341947, "n": 0.0285632, "d": 0.0211326, "c": 0.0167153, "q": 0.0269307, "e": 0.0269948, "g": 0.0224566, "h": 0.0221057, "l": 0.384011, "k": 0.0288865, "m": 0.0742161, "f": 0.0953602, "p": 0.050733, "s": 0.035088, "t": 0.105518, "w": 0.0175774, "y": 0.0334969, "v": 0.680322 },
  "l": { "a": 0.0358934, "r": 0.0171706, "n": 0.0113281, "d": 0.00853365, "c": 0.00791353, "q": 0.024887, "e": 0.0124912, "g": 0.00688695, "h": 0.0258909, "i": 0.101461, "k": 0.0152316, "m": 0.0559239, "f": 0.0429982, "p": 0.0173741, "s": 0.0108989, "t": 0.03253, "w": 0.00691312, "y": 0.00743287, "v": 0.0884151 },
  "k": { "a": 0.0326737, "r": 0.166105, "n": 0.0918328, "d": 0.043495, "c": 0.00644398, "q": 0.0456276, "e": 0.0754157, "g": 0.0315482, "h": 0.0246092, "i": 0.014763, "l": 0.0105266, "m": 0.0572684, "f": 0.00588051, "p": 0.0207389, "s": 0.0449459, "t": 0.112654, "w": 0.00859958, "y": 0.00583279, "v": 0.0168582 },
  "m": { "a": 0.0489817, "r": 0.0470441, "n": 0.0618213, "d": 0.0363682, "c": 0.0292438, "q": 0.132144, "e": 0.0473577, "g": 0.031955, "h": 0.0365588, "i": 0.131057, "l": 0.419085, "k": 0.202159, "f": 0.0632245, "p": 0.0357832, "s": 0.0556701, "t": 0.105301, "w": 0.0319777, "y": 0.0299777, "v": 0.193229 },
  "f": { "a": 0.0190517, "r": 0.0280363, "n": 0.0268241, "d": 0.0143546, "c": 0.0143517, "q": 0.0145192, "e": 0.0150653, "g": 0.0226254, "h": 0.0239633, "i": 0.112857, "l": 0.0929437, "k": 0.0183672, "m": 0.0268023, "p": 0.0199296, "s": 0.0180172, "t": 0.0266602, "w": 0.0142589, "y": 0.215194, "v": 0.0217232 },
  "p": { "a": 0.251529, "r": 0.0358125, "n": 0.0254697, "d": 0.0159959, "c": 0.012051, "q": 0.0951801, "e": 0.0565693, "g": 0.0428782, "h": 0.0350843, "i": 0.0151691, "l": 0.0174764, "k": 0.0278955, "m": 0.0126347, "f": 0.0136326, "s": 0.189367, "t": 0.0553376, "w": 0.0148631, "y": 0.0151316, "v": 0.0589347 },
  "s": { "a": 0.4468, "r": 0.030937, "n": 0.116596, "d": 0.0797057, "c": 0.0556619, "q": 0.061734, "e": 0.0372912, "g": 0.173631, "h": 0.0205001, "i": 0.0328807, "l": 0.0217503, "k": 0.0338803, "m": 0.0111383, "f": 0.0214187, "p": 0.0834811, "t": 0.360507, "w": 0.0202935, "y": 0.00773009, "v": 0.0271955 },
  "t": { "a": 0.296713, "r": 0.0176445, "n": 0.0791272, "d": 0.0275016, "c": 0.0116621, "q": 0.0399802, "e": 0.0410701, "g": 0.0326583, "h": 0.0338594, "i": 0.0752899, "l": 0.0218319, "k": 0.142699, "m": 0.0412344, "f": 0.0116823, "p": 0.0413766, "s": 0.523234, "w": 0.0152975, "y": 0.0092356, "v": 0.0867655 },
  "w": { "a": 0.120983, "r": 0.190827, "n": 0.0718138, "d": 0.0678717, "c": 0.0592472, "q": 0.0729853, "e": 0.0718937, "g": 0.0655539, "h": 0.0664598, "i": 0.0657784, "l": 0.0660846, "k": 0.0858707, "m": 0.0660811, "f": 0.104386, "p": 0.0710751, "s": 0.0912159, "t": 0.0786, "y": 0.0651828, "v": 0.0680411 },
  "y": { "a": 0.0191342, "r": 0.0183042, "n": 0.0285704, "d": 0.0251393, "c": 0.111215, "q": 0.0186679, "e": 0.0176778, "g": 0.0153588, "h": 0.0430781, "i": 0.061218, "l": 0.106764, "k": 0.0328137, "m": 0.021904, "f": 0.320931, "p": 0.016965, "s": 0.0216549, "t": 0.0261866, "w": 0.0175764, "v": 0.0262267 },
  "v": { "a": 0.236077, "r": 0.0215093, "n": 0.0147173, "d": 0.0138258, "c": 0.0114717, "q": 0.0192595, "e": 0.0263768, "g": 0.0349537, "h": 0.0139104, "i": 0.396219, "l": 0.159221, "k": 0.0212585, "m": 0.0315484, "f": 0.020097, "p": 0.0611027, "s": 0.0170088, "t": 0.0887211, "w": 0.00985063, "y": 0.0108996 }
 }
}
