{
 "alphabet": "arndcqeghilkmfpstwyv",
 "insrate": 0.00485405,
 "insextprob": 0.814815,
 "delrate": 0.00646938,
 "delextprob": 0.6875,
 "rootprob":
 {
  "a": 0.0825828,
  "r": 0.0427733,
  "n": 0.0539648,
  "d": 0.0482824,
  "c": 0.0380703,
  "q": 0.0311934,
  "e": 0.0414491,
  "g": 0.109846,
  "h": 0.0373628,
  "i": 0.0398295,
  "l": 0.0622324,
  "k": 0.0743535,
  "m": 0.0161622,
  "f": 0.0439486,
  "p": 0.0275796,
  "s": 0.0914927,
  "t": 0.0687404,
  "w": 0.00674719,
  "y": 0.0321678,
  "v": 0.0512208
 },
 "subrate":
 {
  "a": { "r": 0.0153099, "n": 0.0452416, "d": 0.0409547, "c": 0.0229977, "q": 0.0349016, "e": 0.0811487, "g": 0.18887, "h": 0.0191146, "i": 0.0210682, "l": 0.0195608, "k": 0.0322156, "m": 0.02129, "f": 0.00794348, "p": 0.138263, "s": 0.261191, "t": 0.21607, "w": 0.00734673, "y": 0.00688069, "v": 0.124791 },
  "r": { "a": 0.0361719, "n": 0.0366834, "d": 0.0180803, "c": 0.0131605, "q": 0.0746947, "e": 0.0357394, "g": 0.0378351, "h": 0.0950568, "i": 0.0195457, "l": 0.0293286, "k": 0.348449, "m": 0.0155903, "f": 0.0106279, "p": 0.0188278, "s": 0.0955708, "t": 0.0523183, "w": 0.0181899, "y": 0.0108973, "v": 0.0444581 },
  "n": { "a": 0.0643772, "r": 0.0271844, "d": 0.353125, "c": 0.0231044, "q": 0.0825552, "e": 0.0731937, "g": 0.125603, "h": 0.115985, "i": 0.0651523, "l": 0.0596842, "k": 0.214756, "m": 0.0163918, "f": 0.0114047, "p": 0.0466559, "s": 0.393828, "t": 0.156538, "w": 0.0126936, "y": 0.01685, "v": 0.0165873 },
  "d": { "a": 0.0868197, "r": 0.0158761, "n": 0.349112, "c": 0.0151028, "q": 0.0585486, "e": 0.37114, "g": 0.0905848, "h": 0.0301808, "i": 0.0190328, "l": 0.0203843, "k": 0.0446382, "m": 0.0141116, "f": 0.00997405, "p": 0.0404612, "s": 0.137665, "t": 0.0393091, "w": 0.0115251, "y": 0.0180217, "v": 0.0499094 },
  "c": { "a": 0.0292223, "r": 0.0278303, "n": 0.0214226, "d": 0.0167887, "q": 0.0160245, "e": 0.020321, "g": 0.0333626, "h": 0.0307067, "i": 0.0251027, "l": 0.0143076, "k": 0.0145845, "m": 0.0137853, "f": 0.0191512, "p": 0.0164472, "s": 0.0931461, "t": 0.0153934, "w": 0.0133351, "y": 0.0474061, "v": 0.0291736 },
  "q": { "a": 0.111603, "r": 0.120629, "n": 0.084751, "d": 0.121417, "c": 0.0152357, "e": 0.317667, "g": 0.0327011, "h": 0.209838, "i": 0.0373126, "l": 0.0267411, "k": 0.158, "m": 0.0284968, "f": 0.0151868, "p": 0.0431786, "s": 0.0930278, "t": 0.0583603, "w": 0.0179779, "y": 0.0173208, "v": 0.0227069 },
  "e": { "a": 0.16389, "r": 0.0243216, "n": 0.0818681, "d": 0.482256, "c": 0.012208, "q": 0.273451, "g": 0.0596517, "h": 0.0185259, "i": 0.0304007, "l": 0.0173505, "k": 0.0882698, "m": 0.0168765, "f": 0.0115019, "p": 0.0291615, "s": 0.105428, "t": 0.0576989, "w": 0.0251094, "y": 0.0120771, "v": 0.0389953 },
  "g": { "a": 0.159611, "r": 0.0139554, "n": 0.0773739, "d": 0.0534746, "c": 0.00576676, "q": 0.0164152, "e": 0.0247805, "h": 0.0137893, "i": 0.00740813, "l": 0.00876816, "k": 0.0161059, "m": 0.00645916, "f": 0.0112439, "p": 0.0185212, "s": 0.186806, "t": 0.0400257, "w": 0.00558541, "y": 0.00590581, "v": 0.026082 },
  "h": { "a": 0.0367422, "r": 0.0998748, "n": 0.2619, "d": 0.0620402, "c": 0.034125, "q": 0.216808, "e": 0.0393039, "g": 0.0476712, "i": 0.0213457, "l": 0.0699662, "k": 0.0748421, "m": 0.0252852, "f": 0.0234561, "p": 0.0629289, "s": 0.0556186, "t": 0.0412207, "w": 0.021222, "y": 0.0531273, "v": 0.0215975 },
  "i": { "a": 0.0510536, "r": 0.0323006, "n": 0.0249799, "d": 0.0299313, "c": 0.0152756, "q": 0.0398473, "e": 0.0242137, "g": 0.0263444, "h": 0.0195724, "l": 0.260529, "k": 0.0547188, "m": 0.124621, "f": 0.0752585, "p": 0.0218961, "s": 0.0257537, "t": 0.0791658, "w": 0.0177461, "y": 0.0218764, "v": 0.680347 },
  "l": { "a": 0.0364549, "r": 0.00971951, "n": 0.0107156, "d": 0.0162074, "c": 0.011928, "q": 0.0507583, "e": 0.0118016, "g": 0.014236, "h": 0.0232899, "i": 0.152965, "k": 0.0162228, "m": 0.0547266, "f": 0.06112, "p": 0.0333616, "s": 0.0139728, "t": 0.0194354, "w": 0.0166296, "y": 0.0097034, "v": 0.0742992 },
  "k": { "a": 0.022137, "r": 0.197399, "n": 0.113567, "d": 0.0474321, "c": 0.00754479, "q": 0.105066, "e": 0.0714695, "g": 0.0620238, "h": 0.0338806, "i": 0.0141131, "l": 0.0163295, "m": 0.0414442, "f": 0.00837092, "p": 0.0152925, "s": 0.105503, "t": 0.0869615, "w": 0.0126641, "y": 0.0086153, "v": 0.0152696 },
  "m": { "a": 0.1155, "r": 0.0580402, "n": 0.0643181, "d": 0.0643657, "c": 0.0454655, "q": 0.115493, "e": 0.0692498, "g": 0.056257, "h": 0.0603694, "i": 0.301991, "l": 0.592012, "k": 0.230011, "f": 0.0572143, "p": 0.0584966, "s": 0.0724108, "t": 0.0882007, "w": 0.0516313, "y": 0.047021, "v": 0.119508 },
  "f": { "a": 0.0207793, "r": 0.0184791, "n": 0.022191, "d": 0.0117163, "c": 0.0102802, "q": 0.0149273, "e": 0.0120717, "g": 0.0192134, "h": 0.020988, "i": 0.052034, "l": 0.141534, "k": 0.0118752, "m": 0.0293751, "p": 0.0122301, "s": 0.0161838, "t": 0.0159716, "w": 0.0123209, "y": 0.207759, "v": 0.0244819 },
  "p": { "a": 0.200133, "r": 0.0339839, "n": 0.0338504, "d": 0.0284259, "c": 0.0256847, "q": 0.130856, "e": 0.0540135, "g": 0.0545053, "h": 0.0532457, "i": 0.0381272, "l": 0.0630012, "k": 0.0780544, "m": 0.0229259, "f": 0.0209139, "s": 0.153598, "t": 0.0783093, "w": 0.018924, "y": 0.0167433, "v": 0.0463152 },
  "s": { "a": 0.375113, "r": 0.0631972, "n": 0.243358, "d": 0.0763562, "c": 0.0479648, "q": 0.0291979, "e": 0.0576633, "g": 0.152046, "h": 0.0406334, "i": 0.015846, "l": 0.0603999, "k": 0.0890964, "m": 0.0203651, "f": 0.0316747, "p": 0.0910419, "t": 0.3875, "w": 0.0102872, "y": 0.0138299, "v": 0.0170271 },
  "t": { "a": 0.269627, "r": 0.0157271, "n": 0.0843139, "d": 0.0389578, "c": 0.00958286, "q": 0.0160309, "e": 0.0698359, "g": 0.0441172, "h": 0.0133109, "i": 0.064252, "l": 0.0284862, "k": 0.0513106, "m": 0.0190643, "f": 0.0107253, "p": 0.0493278, "s": 0.37946, "w": 0.0100586, "y": 0.0154479, "v": 0.0916955 },
  "w": { "a": 0.0729831, "r": 0.156302, "n": 0.0765093, "d": 0.0733557, "c": 0.0635118, "q": 0.0847941, "e": 0.0750599, "g": 0.0716626, "h": 0.133299, "i": 0.0774642, "l": 0.100618, "k": 0.0865913, "m": 0.0770064, "f": 0.130769, "p": 0.073901, "s": 0.117818, "t": 0.0765642, "y": 0.0675245, "v": 0.0789711 },
  "y": { "a": 0.0465283, "r": 0.0158025, "n": 0.018816, "d": 0.015396, "c": 0.0153066, "q": 0.024645, "e": 0.0162515, "g": 0.0176855, "h": 0.10483, "i": 0.0383988, "l": 0.0313476, "k": 0.026284, "m": 0.0182839, "f": 0.285177, "p": 0.0157015, "s": 0.0323994, "t": 0.0228901, "w": 0.0164183, "v": 0.0180787 },
  "v": { "a": 0.204426, "r": 0.0202103, "n": 0.0219381, "d": 0.0306287, "c": 0.0145778, "q": 0.0314244, "e": 0.017934, "g": 0.0311938, "h": 0.0111523, "i": 0.312416, "l": 0.14181, "k": 0.0121941, "m": 0.0224962, "f": 0.016827, "p": 0.0312818, "s": 0.0276677, "t": 0.129539, "w": 0.00998161, "y": 0.00950679 }
 }
}
