{
 "alphabet": "arndcqeghilkmfpstwyv",
 "insrate": 0.00615978,
 "insextprob": 0.6,
 "delrate": 0.00615452,
 "delextprob": 0.689655,
 "rootprob":
 {
  "a": 0.0715489,
  "r": 0.0570226,
  "n": 0.0265166,
  "d": 0.0415605,
  "c": 0.0265059,
  "q": 0.0542497,
  "e": 0.0446908,
  "g": 0.0907645,
  "h": 0.0393588,
  "i": 0.0228194,
  "l": 0.0849139,
  "k": 0.0649156,
  "m": 0.0156804,
  "f": 0.0390956,
  "p": 0.0716097,
  "s": 0.0895807,
  "t": 0.0580681,
  "w": 0.0124723,
  "y": 0.0317376,
  "v": 0.0568885
 },
 "subrate":
 {
  "a": { "r": 0.0220294, "n": 0.0307575, "d": 0.0633808, "c": 0.0409762, "q": 0.0413659, "e": 0.0820302, "g": 0.140346, "h": 0.0226879, "i": 0.0245405, "l": 0.0267964, "k": 0.0257325, "m": 0.0169611, "f": 0.0207391, "p": 0.075027, "s": 0.218689, "t": 0.200286, "w": 0.00891656, "y": 0.00701509, "v": 0.157273 },
  "r": { "a": 0.0603162, "n": 0.0506816, "d": 0.0165196, "c": 0.0108514, "q": 0.110072, "e": 0.017823, "g": 0.0353633, "h": 0.131271, "i": 0.0317031, "l": 0.0324953, "k": 0.35639, "m": 0.0164359, "f": 0.0112497, "p": 0.0521199, "s": 0.0617241, "t": 0.0663401, "w": 0.0299427, "y": 0.0123945, "v": 0.036638 },
  "n": { "a": 0.074367, "r": 0.0379983, "d": 0.329821, "c": 0.030566, "q": 0.0517298, "e": 0.0658381, "g": 0.156926, "h": 0.180307, "i": 0.0294512, "l": 0.0338216, "k": 0.234865, "m": 0.0207688, "f": 0.0172945, "p": 0.0657884, "s": 0.229468, "t": 0.204706, "w": 0.0175257, "y": 0.016796, "v": 0.0231367 },
  "d": { "a": 0.090723, "r": 0.0193302, "n": 0.286874, "c": 0.0166141, "q": 0.0323729, "e": 0.435034, "g": 0.18155, "h": 0.0428212, "i": 0.0213205, "l": 0.0131187, "k": 0.0302452, "m": 0.0150491, "f": 0.0116218, "p": 0.0385311, "s": 0.0963242, "t": 0.0376148, "w": 0.0104338, "y": 0.0102865, "v": 0.0163201 },
  "c": { "a": 0.0359905, "r": 0.0653116, "n": 0.0206537, "d": 0.0237998, "q": 0.01792, "e": 0.0192376, "g": 0.0485859, "h": 0.017456, "i": 0.0356939, "l": 0.016136, "k": 0.0211644, "m": 0.0230355, "f": 0.0202853, "p": 0.0336693, "s": 0.15676, "t": 0.043243, "w": 0.0143984, "y": 0.0535356, "v": 0.0326919 },
  "q": { "a": 0.0561576, "r": 0.0661955, "n": 0.065119, "d": 0.0566176, "c": 0.0124597, "e": 0.381634, "g": 0.0520486, "h": 0.198824, "i": 0.0186194, "l": 0.0555196, "k": 0.102258, "m": 0.0237089, "f": 0.0141846, "p": 0.0459719, "s": 0.0751139, "t": 0.0466924, "w": 0.0198051, "y": 0.0119349, "v": 0.0193428 },
  "e": { "a": 0.149941, "r": 0.0265528, "n": 0.0590345, "d": 0.491051, "c": 0.0168815, "q": 0.188875, "g": 0.0409645, "h": 0.0344721, "i": 0.0410058, "l": 0.01503, "k": 0.0392368, "m": 0.0233486, "f": 0.0125809, "p": 0.0459099, "s": 0.0530565, "t": 0.0225574, "w": 0.010101, "y": 0.0100446, "v": 0.0243838 },
  "g": { "a": 0.242609, "r": 0.00918442, "n": 0.0418699, "d": 0.0783444, "c": 0.00948957, "q": 0.0302839, "e": 0.0404903, "h": 0.00839928, "i": 0.0116479, "l": 0.0205803, "k": 0.0374832, "m": 0.0094222, "f": 0.00857284, "p": 0.0128466, "s": 0.118582, "t": 0.0198896, "w": 0.00600241, "y": 0.00549218, "v": 0.0278777 },
  "h": { "a": 0.019875, "r": 0.115287, "n": 0.164428, "d": 0.0518801, "c": 0.0371485, "q": 0.274646, "e": 0.0376441, "g": 0.0159498, "i": 0.0206718, "l": 0.0280794, "k": 0.0238376, "m": 0.0238952, "f": 0.0173922, "p": 0.0392838, "s": 0.0656651, "t": 0.029149, "w": 0.0115385, "y": 0.0664002, "v": 0.0376898 },
  "i": { "a": 0.0585089, "r": 0.0407568, "n": 0.0373305, "d": 0.0376242, "c": 0.0286036, "q": 0.0406573, "e": 0.074003, "g": 0.0452241, "h": 0.0458395, "l": 0.469753, "k": 0.050399, "m": 0.142237, "f": 0.0519615, "p": 0.0389266, "s": 0.0634352, "t": 0.104408, "w": 0.023375, "y": 0.0356069, "v": 0.895792 },
  "l": { "a": 0.0334486, "r": 0.0197968, "n": 0.00720337, "d": 0.00696339, "c": 0.0056491, "q": 0.0181353, "e": 0.0111086, "g": 0.0161594, "h": 0.0304641, "i": 0.086609, "k": 0.0212598, "m": 0.114001, "f": 0.0903704, "p": 0.020121, "s": 0.0455656, "t": 0.0110385, "w": 0.00893423, "y": 0.00673656, "v": 0.110122 },
  "k": { "a": 0.0210498, "r": 0.171696, "n": 0.17452, "d": 0.0440013, "c": 0.00817162, "q": 0.0399111, "e": 0.057311, "g": 0.0301454, "h": 0.018317, "i": 0.0268883, "l": 0.0242692, "m": 0.0175361, "f": 0.00818375, "p": 0.0578716, "s": 0.0680188, "t": 0.0738581, "w": 0.011415, "y": 0.0079664, "v": 0.0304183 },
  "m": { "a": 0.0858856, "r": 0.0678459, "n": 0.0542329, "d": 0.0577845, "c": 0.0409435, "q": 0.105304, "e": 0.078152, "g": 0.106351, "h": 0.0729953, "i": 0.220901, "l": 0.764499, "k": 0.151017, "f": 0.0528317, "p": 0.0661983, "s": 0.0673997, "t": 0.0681991, "w": 0.0384366, "y": 0.0416978, "v": 0.204636 },
  "f": { "a": 0.0128615, "r": 0.0110711, "n": 0.0127097, "d": 0.0107316, "c": 0.0114222, "q": 0.0109733, "e": 0.0106837, "g": 0.0196103, "h": 0.0125155, "i": 0.0708933, "l": 0.114079, "k": 0.0109086, "m": 0.0364643, "p": 0.0190153, "s": 0.0375683, "t": 0.0281398, "w": 0.0106448, "y": 0.225206, "v": 0.0274784 },
  "p": { "a": 0.230482, "r": 0.0543868, "n": 0.0340996, "d": 0.0205164, "c": 0.0174107, "q": 0.0483004, "e": 0.0326865, "g": 0.0439105, "h": 0.0411872, "i": 0.0166715, "l": 0.035143, "k": 0.0586797, "m": 0.0107829, "f": 0.0078784, "s": 0.129694, "t": 0.048229, "w": 0.00796515, "y": 0.00902392, "v": 0.0424879 },
  "s": { "a": 0.316677, "r": 0.0242747, "n": 0.163162, "d": 0.0841891, "c": 0.0696543, "q": 0.038052, "e": 0.0393363, "g": 0.170034, "h": 0.0328981, "i": 0.0215073, "l": 0.0189984, "k": 0.0419816, "m": 0.0153465, "f": 0.0104584, "p": 0.135761, "t": 0.334, "w": 0.0113467, "y": 0.00822313, "v": 0.0240482 },
  "t": { "a": 0.233585, "r": 0.0483632, "n": 0.064803, "d": 0.0745196, "c": 0.0160025, "q": 0.0505148, "e": 0.0523609, "g": 0.0168415, "h": 0.0192741, "i": 0.0648157, "l": 0.0189304, "k": 0.0634478, "m": 0.0138698, "f": 0.00963929, "p": 0.0736092, "s": 0.39417, "w": 0.00854149, "y": 0.0345259, "v": 0.12664 },
  "w": { "a": 0.0490926, "r": 0.0602049, "n": 0.0493742, "d": 0.0503776, "c": 0.0434222, "q": 0.0487944, "e": 0.052535, "g": 0.0499261, "h": 0.04907, "i": 0.0485901, "l": 0.0474939, "k": 0.0485909, "m": 0.0460178, "f": 0.0440821, "p": 0.051235, "s": 0.0507086, "t": 0.0488389, "y": 0.0421692, "v": 0.0475866 },
  "y": { "a": 0.0189632, "r": 0.0138339, "n": 0.0293358, "d": 0.0138496, "c": 0.0339526, "q": 0.0173189, "e": 0.0133303, "g": 0.013084, "h": 0.046559, "i": 0.0229869, "l": 0.0211861, "k": 0.0133273, "m": 0.0172359, "f": 0.275608, "p": 0.0141198, "s": 0.0336485, "t": 0.0291118, "w": 0.0123226, "v": 0.0168307 },
  "v": { "a": 0.250089, "r": 0.0191534, "n": 0.0197827, "d": 0.018484, "c": 0.0310166, "q": 0.034423, "e": 0.0313961, "g": 0.0384679, "h": 0.0441499, "i": 0.444509, "l": 0.0906463, "k": 0.0432861, "m": 0.0668231, "f": 0.0165059, "p": 0.0306322, "s": 0.0301929, "t": 0.112449, "w": 0.0102361, "y": 0.0165488 }
 }
}
