{
 "alphabet": "arndcqeghilkmfpstwyv",
 "insrate": 0.00332984,
 "insextprob": 0.761905,
 "delrate": 0.00266399,
 "delextprob": 0.555556,
 "rootprob":
 {
  "a": 0.0792637,
  "r": 0.0514081,
  "n": 0.0350794,
  "d": 0.0422793,
  "c": 0.0196623,
  "q": 0.0470185,
  "e": 0.0411464,
  "g": 0.0860783,
  "h": 0.0376774,
  "i": 0.054716,
  "l": 0.0836766,
  "k": 0.0756318,
  "m": 0.0159749,
  "f": 0.0542337,
  "p": 0.0396175,
  "s": 0.0664156,
  "t": 0.0567108,
  "w": 0.0107514,
  "y": 0.0362443,
  "v": 0.0664139
 },
 "subrate":
 {
  "a": { "r": 0.0168506, "n": 0.0260836, "d": 0.0717538, "c": 0.0107945, "q": 0.0260739, "e": 0.071453, "g": 0.233053, "h": 0.0168701, "i": 0.0185647, "l": 0.0239986, "k": 0.0262735, "m": 0.0117313, "f": 0.00742812, "p": 0.124849, "s": 0.273374, "t": 0.198613, "w": 0.00660562, "y": 0.00660709, "v": 0.136739 },
  "r": { "a": 0.0558059, "n": 0.0518283, "d": 0.0384306, "c": 0.0197826, "q": 0.118246, "e": 0.0450128, "g": 0.0330652, "h": 0.129977, "i": 0.018638, "l": 0.0623625, "k": 0.47318, "m": 0.0341074, "f": 0.0176234, "p": 0.0980848, "s": 0.187534, "t": 0.0260874, "w": 0.0302484, "y": 0.0132748, "v": 0.0376034 },
  "n": { "a": 0.0873546, "r": 0.0297686, "d": 0.491323, "c": 0.0176384, "q": 0.107255, "e": 0.101759, "g": 0.117568, "h": 0.166991, "i": 0.0572908, "l": 0.0209741, "k": 0.160465, "m": 0.0212178, "f": 0.01843, "p": 0.0271403, "s": 0.351763, "t": 0.106586, "w": 0.0146205, "y": 0.0218077, "v": 0.0271647 },
  "d": { "a": 0.0663503, "r": 0.0203659, "n": 0.434347, "c": 0.0115598, "q": 0.040544, "e": 0.555341, "g": 0.095005, "h": 0.0667431, "i": 0.0171702, "l": 0.0147827, "k": 0.0765403, "m": 0.0147032, "f": 0.0120883, "p": 0.0479191, "s": 0.0995263, "t": 0.0501124, "w": 0.0110186, "y": 0.0119934, "v": 0.0232769 },
  "c": { "a": 0.0700997, "r": 0.0185516, "n": 0.0181765, "d": 0.0169495, "q": 0.0173698, "e": 0.0170567, "g": 0.0173005, "h": 0.0179535, "i": 0.0184119, "l": 0.0286018, "k": 0.0197644, "m": 0.0193153, "f": 0.0167789, "p": 0.0178379, "s": 0.0364631, "t": 0.025193, "w": 0.0146887, "y": 0.0339172, "v": 0.0196029 },
  "q": { "a": 0.115636, "r": 0.113257, "n": 0.0788698, "d": 0.0424504, "c": 0.0143079, "e": 0.403216, "g": 0.0790003, "h": 0.23467, "i": 0.0285393, "l": 0.0331319, "k": 0.0984523, "m": 0.0270229, "f": 0.0209539, "p": 0.0577295, "s": 0.0995869, "t": 0.0461677, "w": 0.0204486, "y": 0.0149307, "v": 0.0326241 },
  "e": { "a": 0.141516, "r": 0.0317017, "n": 0.050346, "d": 0.410957, "c": 0.0101763, "q": 0.208071, "g": 0.0763604, "h": 0.0373264, "i": 0.0346719, "l": 0.0142795, "k": 0.0761142, "m": 0.0157559, "f": 0.0141671, "p": 0.0454237, "s": 0.0729338, "t": 0.0370385, "w": 0.0101004, "y": 0.0104805, "v": 0.0364869 },
  "g": { "a": 0.20072, "r": 0.0167143, "n": 0.0337783, "d": 0.0353932, "c": 0.00961843, "q": 0.0291342, "e": 0.0660491, "h": 0.0177655, "i": 0.00811388, "l": 0.0148498, "k": 0.0320456, "m": 0.0134301, "f": 0.0101515, "p": 0.0176322, "s": 0.135518, "t": 0.0134875, "w": 0.0056434, "y": 0.00983742, "v": 0.0298498 },
  "h": { "a": 0.0511583, "r": 0.0390599, "n": 0.187458, "d": 0.0310525, "c": 0.0260838, "q": 0.22264, "e": 0.0321188, "g": 0.025722, "i": 0.0280666, "l": 0.0446872, "k": 0.0248734, "m": 0.0188043, "f": 0.0337653, "p": 0.024091, "s": 0.0568866, "t": 0.0374184, "w": 0.0140435, "y": 0.0408605, "v": 0.0348472 },
  "i": { "a": 0.0510996, "r": 0.0289803, "n": 0.0301136, "d": 0.027615, "c": 0.0317536, "q": 0.0293487, "e": 0.0388919, "g": 0.016937, "h": 0.0171618, "l": 0.305293, "k": 0.0280975, "m": 0.0575206, "f": 0.077644, "p": 0.028623, "s": 0.0340276, "t": 0.122416, "w": 0.0119979, "y": 0.0232896, "v": 0.766296 },
  "l": { "a": 0.0745462, "r": 0.00730677, "n": 0.0176985, "d": 0.0127869, "c": 0.00699279, "q": 0.0297293, "e": 0.00756349, "g": 0.00650788, "h": 0.00919244, "i": 0.07772, "k": 0.0137665, "m": 0.100387, "f": 0.0479056, "p": 0.00953642, "s": 0.0117283, "t": 0.0246045, "w": 0.0131231, "y": 0.0138636, "v": 0.0941814 },
  "k": { "a": 0.0502499, "r": 0.191325, "n": 0.0791143, "d": 0.0404538, "c": 0.00650915, "q": 0.0641791, "e": 0.0437325, "g": 0.0374411, "h": 0.0201778, "i": 0.0156696, "l": 0.0145524, "m": 0.0406053, "f": 0.0095174, "p": 0.0423542, "s": 0.0485258, "t": 0.0519418, "w": 0.00699994, "y": 0.00621369, "v": 0.00867297 },
  "m": { "a": 0.147692, "r": 0.048454, "n": 0.0530574, "d": 0.055962, "c": 0.0410199, "q": 0.0597287, "e": 0.0568831, "g": 0.0535839, "h": 0.0426822, "i": 0.135293, "l": 0.459801, "k": 0.182568, "f": 0.0427455, "p": 0.0577996, "s": 0.0548245, "t": 0.0730982, "w": 0.0313166, "y": 0.041956, "v": 0.192627 },
  "f": { "a": 0.0118864, "r": 0.0101893, "n": 0.0249639, "d": 0.0111147, "c": 0.00969717, "q": 0.0101126, "e": 0.0105244, "g": 0.0109771, "h": 0.0186102, "i": 0.0387736, "l": 0.122929, "k": 0.010815, "m": 0.0144257, "p": 0.0114555, "s": 0.0207123, "t": 0.0233206, "w": 0.0157755, "y": 0.189311, "v": 0.0519366 },
  "p": { "a": 0.288703, "r": 0.0237647, "n": 0.0294475, "d": 0.0510614, "c": 0.0123233, "q": 0.0314423, "e": 0.0256517, "g": 0.0821969, "h": 0.0458936, "i": 0.0212816, "l": 0.015416, "k": 0.0246835, "m": 0.014473, "f": 0.0136154, "s": 0.148482, "t": 0.038, "w": 0.0111561, "y": 0.0115259, "v": 0.051472 },
  "s": { "a": 0.374762, "r": 0.0369007, "n": 0.147907, "d": 0.0434994, "c": 0.0654281, "q": 0.0243668, "e": 0.0415238, "g": 0.152821, "h": 0.0340684, "i": 0.0168668, "l": 0.0251523, "k": 0.0891112, "m": 0.0125901, "f": 0.0483851, "p": 0.10127, "t": 0.273977, "w": 0.00772632, "y": 0.0114885, "v": 0.0201592 },
  "t": { "a": 0.35676, "r": 0.0506898, "n": 0.124139, "d": 0.0402541, "c": 0.0148735, "q": 0.0262536, "e": 0.052393, "g": 0.0212909, "h": 0.0199443, "i": 0.138992, "l": 0.0414506, "k": 0.101995, "m": 0.0307432, "f": 0.0146101, "p": 0.0704373, "s": 0.335134, "w": 0.0100987, "y": 0.0125261, "v": 0.163036 },
  "w": { "a": 0.0492161, "r": 0.0389342, "n": 0.0480374, "d": 0.0539853, "c": 0.0353051, "q": 0.0464064, "e": 0.04346, "g": 0.04481, "h": 0.0420598, "i": 0.0381617, "l": 0.038276, "k": 0.0391525, "m": 0.0377447, "f": 0.0769445, "p": 0.0390717, "s": 0.107781, "t": 0.0413303, "y": 0.0593251, "v": 0.0372015 },
  "y": { "a": 0.0307927, "r": 0.0187303, "n": 0.0437762, "d": 0.0218542, "c": 0.0653909, "q": 0.0242107, "e": 0.0651143, "g": 0.0157293, "h": 0.0890143, "i": 0.0301958, "l": 0.0349952, "k": 0.0333455, "m": 0.0179473, "f": 0.243488, "p": 0.0171528, "s": 0.0681276, "t": 0.0326064, "w": 0.0154828, "v": 0.0231887 },
  "v": { "a": 0.16517, "r": 0.0252173, "n": 0.0161828, "d": 0.0106274, "c": 0.0248126, "q": 0.0137111, "e": 0.0134296, "g": 0.0237842, "h": 0.0214639, "i": 0.421562, "l": 0.223748, "k": 0.0133207, "m": 0.0638504, "f": 0.0149502, "p": 0.0215345, "s": 0.0242746, "t": 0.112, "w": 0.007301, "y": 0.0256638 }
 }
}
