{
 "alphabet": "arndcqeghilkmfpstwyv",
 "insrate": 0.00359361,
 "insextprob": 0.47619,
 "delrate": 0.00294196,
 "delextprob": 0.763158,
 "rootprob":
 {
  "a": 0.0821154,
  "r": 0.0451194,
  "n": 0.04602,
  "d": 0.036567,
  "c": 0.0318428,
  "q": 0.0376557,
  "e": 0.0378252,
  "g": 0.0784527,
  "h": 0.0418968,
  "i": 0.0409743,
  "l": 0.0659423,
  "k": 0.0971201,
  "m": 0.0165745,
  "f": 0.0361715,
  "p": 0.0580267,
  "s": 0.0856133,
  "t": 0.0434469,
  "w": 0.00929141,
  "y": 0.0297766,
  "v": 0.0795675
 },
 "subrate":
 {
  "a": { "r": 0.0142023, "n": 0.0368485, "d": 0.0238142, "c": 0.0132955, "q": 0.044733, "e": 0.0696222, "g": 0.196492, "h": 0.0165911, "i": 0.0265595, "l": 0.0432667, "k": 0.0238674, "m": 0.0165225, "f": 0.0157989, "p": 0.0741578, "s": 0.339398, "t": 0.236054, "w": 0.00694178, "y": 0.00894532, "v": 0.150888 },
  "r": { "a": 0.0284989, "n": 0.109814, "d": 0.0291905, "c": 0.0213245, "q": 0.167476, "e": 0.0323635, "g": 0.0533765, "h": 0.0635687, "i": 0.0356847, "l": 0.0362556, "k": 0.415717, "m": 0.0184636, "f": 0.0137368, "p": 0.0472424, "s": 0.0558603, "t": 0.0678852, "w": 0.0143948, "y": 0.0165026, "v": 0.0435855 },
  "n": { "a": 0.034535, "r": 0.0646826, "d": 0.379446, "c": 0.0206632, "q": 0.0794336, "e": 0.0634739, "g": 0.123992, "h": 0.236464, "i": 0.0209601, "l": 0.0293844, "k": 0.207167, "m": 0.0174642, "f": 0.0138777, "p": 0.0386833, "s": 0.384267, "t": 0.166493, "w": 0.0204448, "y": 0.0183884, "v": 0.0199559 },
  "d": { "a": 0.0949437, "r": 0.0261815, "n": 0.274133, "c": 0.020103, "q": 0.0886887, "e": 0.554188, "g": 0.0816772, "h": 0.0400338, "i": 0.0191917, "l": 0.0263292, "k": 0.0369049, "m": 0.0174915, "f": 0.0140716, "p": 0.0517389, "s": 0.104186, "t": 0.0425847, "w": 0.0270424, "y": 0.0171623, "v": 0.0198109 },
  "c": { "a": 0.042877, "r": 0.0236488, "n": 0.0170844, "d": 0.0135715, "q": 0.013464, "e": 0.0148998, "g": 0.0423681, "h": 0.016892, "i": 0.0288658, "l": 0.0309378, "k": 0.0195954, "m": 0.013258, "f": 0.0123731, "p": 0.0284847, "s": 0.110558, "t": 0.0196843, "w": 0.0124866, "y": 0.0408392, "v": 0.0609218 },
  "q": { "a": 0.0845468, "r": 0.108467, "n": 0.0951096, "d": 0.0658329, "c": 0.0139008, "e": 0.245078, "g": 0.0417577, "h": 0.214725, "i": 0.0199243, "l": 0.0814515, "k": 0.1338, "m": 0.0393615, "f": 0.0141117, "p": 0.0577845, "s": 0.0589955, "t": 0.0490638, "w": 0.0144345, "y": 0.0154414, "v": 0.031768 },
  "e": { "a": 0.173299, "r": 0.0210572, "n": 0.0674218, "d": 0.402047, "c": 0.0155948, "q": 0.3072, "g": 0.070036, "h": 0.0503393, "i": 0.0173269, "l": 0.028216, "k": 0.0880733, "m": 0.0175308, "f": 0.0127261, "p": 0.0642267, "s": 0.0769156, "t": 0.0527193, "w": 0.0146159, "y": 0.0148654, "v": 0.023166 },
  "g": { "a": 0.161866, "r": 0.0103865, "n": 0.0702116, "d": 0.0494075, "c": 0.0115211, "q": 0.010931, "e": 0.0345799, "h": 0.0134805, "i": 0.00989463, "l": 0.00828292, "k": 0.0461123, "m": 0.0076364, "f": 0.0181163, "p": 0.0560391, "s": 0.209703, "t": 0.0225176, "w": 0.00686468, "y": 0.00840054, "v": 0.0370725 },
  "h": { "a": 0.0269338, "r": 0.0362452, "n": 0.217316, "d": 0.0516044, "c": 0.0176996, "q": 0.261191, "e": 0.0392382, "g": 0.0540486, "i": 0.0165367, "l": 0.0261874, "k": 0.0321543, "m": 0.0284858, "f": 0.015308, "p": 0.0334741, "s": 0.0486668, "t": 0.034477, "w": 0.0142364, "y": 0.0246575, "v": 0.0317528 },
  "i": { "a": 0.0430534, "r": 0.0397073, "n": 0.0331766, "d": 0.0239701, "c": 0.0512914, "q": 0.0254113, "e": 0.0307596, "g": 0.0287265, "h": 0.0348241, "l": 0.300369, "k": 0.0392257, "m": 0.0617869, "f": 0.0702616, "p": 0.0216591, "s": 0.0247964, "t": 0.0798694, "w": 0.0136366, "y": 0.0147465, "v": 0.711812 },
  "l": { "a": 0.0288745, "r": 0.0140195, "n": 0.00941182, "d": 0.0122174, "c": 0.0108377, "q": 0.0113114, "e": 0.0127656, "g": 0.0154173, "h": 0.0303902, "i": 0.102778, "k": 0.0174602, "m": 0.0683658, "f": 0.0511113, "p": 0.0154448, "s": 0.0234521, "t": 0.0244194, "w": 0.0125312, "y": 0.0150527, "v": 0.102163 },
  "k": { "a": 0.0330182, "r": 0.212935, "n": 0.133097, "d": 0.0300576, "c": 0.00813576, "q": 0.0796662, "e": 0.051761, "g": 0.0572459, "h": 0.0129039, "i": 0.0275947, "l": 0.0182654, "m": 0.0443736, "f": 0.00571644, "p": 0.0238788, "s": 0.0412499, "t": 0.0821539, "w": 0.00609008, "y": 0.00571673, "v": 0.0149297 },
  "m": { "a": 0.104579, "r": 0.0391965, "n": 0.0422985, "d": 0.0382498, "c": 0.0311449, "q": 0.0441391, "e": 0.0379218, "g": 0.0688784, "h": 0.0534997, "i": 0.118795, "l": 0.347408, "k": 0.172782, "f": 0.0773028, "p": 0.0372725, "s": 0.0689582, "t": 0.10551, "w": 0.0333944, "y": 0.0424147, "v": 0.0735007 },
  "f": { "a": 0.0395739, "r": 0.0124259, "n": 0.0258451, "d": 0.0128175, "c": 0.0118998, "q": 0.0146691, "e": 0.0148468, "g": 0.0147925, "h": 0.0196551, "i": 0.0364363, "l": 0.15768, "k": 0.012022, "m": 0.0155132, "p": 0.0171058, "s": 0.0410842, "t": 0.0231101, "w": 0.0338238, "y": 0.146224, "v": 0.0320713 },
  "p": { "a": 0.170133, "r": 0.046501, "n": 0.0268548, "d": 0.0196686, "c": 0.00926458, "q": 0.0475506, "e": 0.0252656, "g": 0.0732512, "h": 0.0477454, "i": 0.0223957, "l": 0.0384849, "k": 0.0584661, "m": 0.0113135, "f": 0.0187552, "s": 0.162253, "t": 0.106839, "w": 0.0103325, "y": 0.0102288, "v": 0.058493 },
  "s": { "a": 0.312464, "r": 0.0568354, "n": 0.151299, "d": 0.0463017, "c": 0.0628158, "q": 0.0263268, "e": 0.051173, "g": 0.139363, "h": 0.0191176, "i": 0.0132802, "l": 0.0153702, "k": 0.0873752, "m": 0.00773622, "f": 0.0142788, "p": 0.0757172, "t": 0.34307, "w": 0.0107101, "y": 0.00793521, "v": 0.0135394 },
  "t": { "a": 0.248454, "r": 0.0320385, "n": 0.104081, "d": 0.0262482, "c": 0.0207254, "q": 0.0513628, "e": 0.038503, "g": 0.0449376, "h": 0.0269705, "i": 0.0957008, "l": 0.026219, "k": 0.0838645, "m": 0.020253, "f": 0.0148349, "p": 0.0367508, "s": 0.348927, "w": 0.0138624, "y": 0.022189, "v": 0.194498 },
  "w": { "a": 0.0637249, "r": 0.117889, "n": 0.0857501, "d": 0.0596945, "c": 0.0491999, "q": 0.0631476, "e": 0.0663748, "g": 0.0576419, "h": 0.162409, "i": 0.0591714, "l": 0.104003, "k": 0.0729447, "m": 0.0565895, "f": 0.0878679, "p": 0.0705097, "s": 0.0700135, "t": 0.0824101, "y": 0.0616806, "v": 0.0587035 },
  "y": { "a": 0.0204239, "r": 0.0207571, "n": 0.0335789, "d": 0.0180198, "c": 0.0307547, "q": 0.0190269, "e": 0.0181588, "g": 0.0251951, "h": 0.0535775, "i": 0.0484213, "l": 0.0265645, "k": 0.0329651, "m": 0.0353921, "f": 0.242785, "p": 0.0191043, "s": 0.0371059, "t": 0.0237566, "w": 0.0301091, "v": 0.0490076 },
  "v": { "a": 0.157418, "r": 0.0220247, "n": 0.0108709, "d": 0.011048, "c": 0.0094725, "q": 0.0247542, "e": 0.0396364, "g": 0.0574027, "h": 0.0103958, "i": 0.464984, "l": 0.0914239, "k": 0.0197667, "m": 0.0228953, "f": 0.0152314, "p": 0.0186861, "s": 0.017801, "t": 0.133565, "w": 0.00715098, "y": 0.00866855 }
 }
}
