{
 "alphabet": "arndcqeghilkmfpstwyv",
 "insrate": 0.00537105,
 "insextprob": 0.733333,
 "delrate": 0.00436759,
 "delextprob": 0.697674,
 "rootprob":
 {
  "a": 0.0731549,
  "r": 0.0600677,
  "n": 0.0517082,
  "d": 0.0477104,
  "c": 0.0311605,
  "q": 0.0360375,
  "e": 0.0550335,
  "g": 0.0809632,
  "h": 0.039229,
  "i": 0.0336163,
  "l": 0.0891485,
  "k": 0.0860207,
  "m": 0.0224414,
  "f": 0.025959,
  "p": 0.0467744,
  "s": 0.0768414,
  "t": 0.0469427,
  "w": 0.0121127,
  "y": 0.029427,
  "v": 0.0556508
 },
 "subrate":
 {
  "a": { "r": 0.0193719, "n": 0.0298246, "d": 0.0586553, "c": 0.0132724, "q": 0.0317418, "e": 0.0876354, "g": 0.191229, "h": 0.0167115, "i": 0.0186965, "l": 0.041018, "k": 0.0338756, "m": 0.0132736, "f": 0.0202854, "p": 0.0776959, "s": 0.259133, "t": 0.122678, "w": 0.00660212, "y": 0.0173088, "v": 0.107676 },
  "r": { "a": 0.0487921, "n": 0.0350934, "d": 0.0212873, "c": 0.0133312, "q": 0.0916686, "e": 0.0266503, "g": 0.0271261, "h": 0.0682127, "i": 0.0216241, "l": 0.028599, "k": 0.389847, "m": 0.0241439, "f": 0.00977713, "p": 0.0696009, "s": 0.0838395, "t": 0.0495037, "w": 0.0321167, "y": 0.012019, "v": 0.0464757 },
  "n": { "a": 0.0315189, "r": 0.0380569, "d": 0.337152, "c": 0.0120275, "q": 0.0569917, "e": 0.0944846, "g": 0.150049, "h": 0.0829231, "i": 0.0528128, "l": 0.0315128, "k": 0.310263, "m": 0.014827, "f": 0.0230774, "p": 0.0262024, "s": 0.220299, "t": 0.193043, "w": 0.0102683, "y": 0.0348844, "v": 0.0263198 },
  "d": { "a": 0.0713132, "r": 0.0180581, "n": 0.302968, "c": 0.0109108, "q": 0.0633747, "e": 0.656035, "g": 0.1452, "h": 0.0276192, "i": 0.0172159, "l": 0.0128922, "k": 0.0476552, "m": 0.0136088, "f": 0.013106, "p": 0.0183605, "s": 0.0939722, "t": 0.0811266, "w": 0.0102809, "y": 0.0272389, "v": 0.0160969 },
  "c": { "a": 0.032326, "r": 0.0250638, "n": 0.0218859, "d": 0.0147542, "q": 0.017574, "e": 0.0152367, "g": 0.0137714, "h": 0.0304007, "i": 0.0256654, "l": 0.0147034, "k": 0.0140894, "m": 0.015464, "f": 0.0149804, "p": 0.0207267, "s": 0.0553851, "t": 0.026847, "w": 0.0131073, "y": 0.0207689, "v": 0.0286575 },
  "q": { "a": 0.0382084, "r": 0.0683356, "n": 0.067425, "d": 0.0985591, "c": 0.0167797, "e": 0.350259, "g": 0.0315581, "h": 0.14819, "i": 0.0214262, "l": 0.025905, "k": 0.0995479, "m": 0.0191765, "f": 0.0143272, "p": 0.0479031, "s": 0.0716965, "t": 0.03077, "w": 0.0125936, "y": 0.0169874, "v": 0.0590869 },
  "e": { "a": 0.141435, "r": 0.0140974, "n": 0.107089, "d": 0.403709, "c": 0.00990891, "q": 0.189111, "g": 0.119263, "h": 0.0189177, "i": 0.0410325, "l": 0.0156649, "k": 0.133993, "m": 0.0163119, "f": 0.00989484, "p": 0.0442954, "s": 0.090711, "t": 0.0260933, "w": 0.00865371, "y": 0.0192105, "v": 0.0333239 },
  "g": { "a": 0.184094, "r": 0.017399, "n": 0.0219165, "d": 0.0366002, "c": 0.00544333, "q": 0.0130704, "e": 0.0438693, "h": 0.0069105, "i": 0.00858849, "l": 0.00724348, "k": 0.0273333, "m": 0.0128462, "f": 0.0103548, "p": 0.0385338, "s": 0.181634, "t": 0.0265072, "w": 0.00749589, "y": 0.00586832, "v": 0.0279582 },
  "h": { "a": 0.0308333, "r": 0.111803, "n": 0.13926, "d": 0.075126, "c": 0.0296399, "q": 0.300665, "e": 0.0266409, "g": 0.0215675, "i": 0.0243945, "l": 0.0362811, "k": 0.0460022, "m": 0.0192424, "f": 0.0403758, "p": 0.0386277, "s": 0.0552441, "t": 0.0372448, "w": 0.0155242, "y": 0.0696621, "v": 0.0271659 },
  "i": { "a": 0.0333628, "r": 0.0530091, "n": 0.0406427, "d": 0.0350631, "c": 0.0211124, "q": 0.029036, "e": 0.0970239, "g": 0.0247104, "h": 0.021441, "l": 0.348368, "k": 0.0271918, "m": 0.0762833, "f": 0.114014, "p": 0.0405299, "s": 0.0314027, "t": 0.0892792, "w": 0.0195112, "y": 0.0234605, "v": 0.655066 },
  "l": { "a": 0.0340091, "r": 0.02197, "n": 0.0222955, "d": 0.0085258, "c": 0.00520611, "q": 0.0345962, "e": 0.00850126, "g": 0.00971868, "h": 0.0140081, "i": 0.117837, "k": 0.0202187, "m": 0.124935, "f": 0.0509456, "p": 0.0204111, "s": 0.0379759, "t": 0.0274026, "w": 0.00819261, "y": 0.0101324, "v": 0.113753 },
  "k": { "a": 0.0316422, "r": 0.218751, "n": 0.127218, "d": 0.0299483, "c": 0.00924263, "q": 0.0389705, "e": 0.0441249, "g": 0.0334703, "h": 0.0290896, "i": 0.0271557, "l": 0.0324305, "m": 0.0395622, "f": 0.00657547, "p": 0.0399348, "s": 0.0556731, "t": 0.0730161, "w": 0.00613824, "y": 0.00739208, "v": 0.0424814 },
  "m": { "a": 0.0888108, "r": 0.0871766, "n": 0.0605326, "d": 0.0417247, "c": 0.0344041, "q": 0.0504378, "e": 0.0460469, "g": 0.0463264, "h": 0.049167, "i": 0.29201, "l": 0.559885, "k": 0.0913316, "f": 0.12637, "p": 0.0478849, "s": 0.0956894, "t": 0.125545, "w": 0.032557, "y": 0.0366589, "v": 0.163667 },
  "f": { "a": 0.040601, "r": 0.0211596, "n": 0.0381907, "d": 0.0286439, "c": 0.0181112, "q": 0.0245558, "e": 0.0260138, "g": 0.0214862, "h": 0.0489891, "i": 0.0767976, "l": 0.161701, "k": 0.0214921, "m": 0.0273086, "p": 0.0232205, "s": 0.0295383, "t": 0.034636, "w": 0.0193948, "y": 0.230033, "v": 0.0347852 },
  "p": { "a": 0.214173, "r": 0.029715, "n": 0.0423833, "d": 0.0158705, "c": 0.0110704, "q": 0.0376334, "e": 0.0241836, "g": 0.018939, "h": 0.0470208, "i": 0.0160629, "l": 0.0210559, "k": 0.0321619, "m": 0.0127774, "f": 0.0132246, "s": 0.144797, "t": 0.0673885, "w": 0.009094, "y": 0.00956001, "v": 0.029073 },
  "s": { "a": 0.366366, "r": 0.0324496, "n": 0.22058, "d": 0.0768488, "c": 0.0281544, "q": 0.0371837, "e": 0.0362813, "g": 0.14914, "h": 0.031185, "i": 0.0119375, "l": 0.0117479, "k": 0.074744, "m": 0.0167019, "f": 0.0260069, "p": 0.100621, "t": 0.268969, "w": 0.0120237, "y": 0.0134198, "v": 0.0280973 },
  "t": { "a": 0.219094, "r": 0.0240564, "n": 0.0873932, "d": 0.0376413, "c": 0.0200372, "q": 0.0299031, "e": 0.0276333, "g": 0.0304143, "h": 0.0244227, "i": 0.0790701, "l": 0.0315409, "k": 0.148291, "m": 0.0191313, "f": 0.0270449, "p": 0.0497461, "s": 0.356869, "w": 0.0194445, "y": 0.0229316, "v": 0.0523815 },
  "w": { "a": 0.0927491, "r": 0.0957906, "n": 0.0408153, "d": 0.0382553, "c": 0.0337065, "q": 0.0378563, "e": 0.0382324, "g": 0.0375577, "h": 0.0373189, "i": 0.0433012, "l": 0.0707012, "k": 0.0403002, "m": 0.0379619, "f": 0.0380119, "p": 0.0394698, "s": 0.0417501, "t": 0.0428151, "y": 0.0691811, "v": 0.0521312 },
  "y": { "a": 0.0323816, "r": 0.0394282, "n": 0.0758862, "d": 0.0249408, "c": 0.0737825, "q": 0.0202264, "e": 0.0224621, "g": 0.0186123, "h": 0.0266751, "i": 0.0250591, "l": 0.0392726, "k": 0.0203435, "m": 0.0215114, "f": 0.191634, "p": 0.0191138, "s": 0.0280583, "t": 0.03855, "w": 0.0340636, "v": 0.025862 },
  "v": { "a": 0.210352, "r": 0.0156266, "n": 0.0168435, "d": 0.0261657, "c": 0.012654, "q": 0.0162992, "e": 0.0203635, "g": 0.0355755, "h": 0.0117604, "i": 0.408504, "l": 0.194352, "k": 0.0235128, "m": 0.0257784, "f": 0.0246562, "p": 0.0954462, "s": 0.0300915, "t": 0.0907023, "w": 0.0116155, "y": 0.0142752 }
 }
}
