{
 "alphabet": "arndcqeghilkmfpstwyv",
 "insrate": 0.006469,
 "insextprob": 0.666667,
 "delrate": 0.00582011,
 "delextprob": 0.660377,
 "rootprob":
 {
  "a": 0.0762849,
  "r": 0.0535486,
  "n": 0.0574892,
  "d": 0.0576503,
  "c": 0.0313761,
  "q": 0.0294083,
  "e": 0.0629784,
  "g": 0.0921686,
  "h": 0.0394008,
  "i": 0.0234353,
  "l": 0.0939936,
  "k": 0.0651876,
  "m": 0.0184313,
  "f": 0.0401422,
  "p": 0.0417409,
  "s": 0.0565958,
  "t": 0.0528265,
  "w": 0.00526256,
  "y": 0.0322746,
  "v": 0.0698045
 },
 "subrate":
 {
  "a": { "r": 0.01888, "n": 0.0329566, "d": 0.0296495, "c": 0.0449931, "q": 0.0378457, "e": 0.0796639, "g": 0.251175, "h": 0.012077, "i": 0.0143392, "l": 0.0332439, "k": 0.0230463, "m": 0.0248087, "f": 0.0114335, "p": 0.144322, "s": 0.36949, "t": 0.183626, "w": 0.00977819, "y": 0.00922084, "v": 0.132855 },
  "r": { "a": 0.036394, "n": 0.046695, "d": 0.0129852, "c": 0.01651, "q": 0.107205, "e": 0.0156304, "g": 0.0133079, "h": 0.0597988, "i": 0.0362943, "l": 0.034861, "k": 0.366844, "m": 0.0261128, "f": 0.0169059, "p": 0.0569173, "s": 0.0983649, "t": 0.027138, "w": 0.0113311, "y": 0.0109348, "v": 0.0147699 },
  "n": { "a": 0.100701, "r": 0.0257879, "d": 0.370838, "c": 0.0102055, "q": 0.0611939, "e": 0.10188, "g": 0.0555158, "h": 0.18099, "i": 0.0412985, "l": 0.0329776, "k": 0.135037, "m": 0.0173746, "f": 0.0128227, "p": 0.0372425, "s": 0.421854, "t": 0.0913778, "w": 0.0127, "y": 0.0202844, "v": 0.0199139 },
  "d": { "a": 0.111659, "r": 0.0185531, "n": 0.29289, "c": 0.00826234, "q": 0.0697962, "e": 0.515781, "g": 0.0829291, "h": 0.072439, "i": 0.0218033, "l": 0.012545, "k": 0.046361, "m": 0.0155686, "f": 0.0100646, "p": 0.0183115, "s": 0.0994806, "t": 0.0397588, "w": 0.0107771, "y": 0.0157223, "v": 0.0153651 },
  "c": { "a": 0.0176364, "r": 0.0119128, "n": 0.0133641, "d": 0.0126934, "q": 0.0124213, "e": 0.0144352, "g": 0.0375057, "h": 0.0222737, "i": 0.0400459, "l": 0.0158275, "k": 0.0116555, "m": 0.0248324, "f": 0.0122977, "p": 0.0121024, "s": 0.0313045, "t": 0.0145264, "w": 0.0126851, "y": 0.0534355, "v": 0.0512286 },
  "q": { "a": 0.0558496, "r": 0.100579, "n": 0.0534266, "d": 0.1319, "c": 0.0126513, "e": 0.255492, "g": 0.057249, "h": 0.198393, "i": 0.0458691, "l": 0.0534077, "k": 0.228521, "m": 0.0277091, "f": 0.0189929, "p": 0.0733421, "s": 0.0917774, "t": 0.0683665, "w": 0.0163857, "y": 0.0160513, "v": 0.0295336 },
  "e": { "a": 0.111704, "r": 0.0142761, "n": 0.0423791, "d": 0.435532, "c": 0.00788435, "q": 0.255832, "g": 0.0851543, "h": 0.0220295, "i": 0.0128213, "l": 0.0222252, "k": 0.087736, "m": 0.0172289, "f": 0.0117031, "p": 0.0182623, "s": 0.0603818, "t": 0.036521, "w": 0.0101918, "y": 0.0208669, "v": 0.0274396 },
  "g": { "a": 0.170025, "r": 0.0093612, "n": 0.0445308, "d": 0.102419, "c": 0.012121, "q": 0.00993925, "e": 0.0421259, "h": 0.0197418, "i": 0.00856961, "l": 0.00715874, "k": 0.0112968, "m": 0.00879423, "f": 0.0101861, "p": 0.0356063, "s": 0.1755, "t": 0.0333061, "w": 0.00693672, "y": 0.00662932, "v": 0.0168859 },
  "h": { "a": 0.0662454, "r": 0.1421, "n": 0.204551, "d": 0.0458897, "c": 0.0123229, "q": 0.210196, "e": 0.0584603, "g": 0.0206763, "i": 0.0285444, "l": 0.0695177, "k": 0.0661436, "m": 0.0189606, "f": 0.0249105, "p": 0.108174, "s": 0.0476775, "t": 0.0457698, "w": 0.016072, "y": 0.0438189, "v": 0.0269641 },
  "i": { "a": 0.0464185, "r": 0.0315568, "n": 0.0764966, "d": 0.0339361, "c": 0.0329287, "q": 0.0351589, "e": 0.0275132, "g": 0.0268842, "h": 0.0249558, "l": 0.274809, "k": 0.0464239, "m": 0.0786894, "f": 0.0277935, "p": 0.0234092, "s": 0.0485364, "t": 0.0945872, "w": 0.02008, "y": 0.035607, "v": 0.650456 },
  "l": { "a": 0.0267359, "r": 0.02145, "n": 0.0178825, "d": 0.008626, "c": 0.00781286, "q": 0.0165952, "e": 0.0242717, "g": 0.0153338, "h": 0.0232057, "i": 0.0957165, "k": 0.0127489, "m": 0.0846453, "f": 0.0700832, "p": 0.0189459, "s": 0.0150184, "t": 0.0387639, "w": 0.0144024, "y": 0.0132394, "v": 0.112341 },
  "k": { "a": 0.0250492, "r": 0.237992, "n": 0.130937, "d": 0.0311862, "c": 0.0068264, "q": 0.0661094, "e": 0.0681552, "g": 0.0375244, "h": 0.0111788, "i": 0.0299561, "l": 0.0172604, "m": 0.0220143, "f": 0.00661323, "p": 0.02564, "s": 0.0333435, "t": 0.0677147, "w": 0.00795745, "y": 0.009953, "v": 0.0172721 },
  "m": { "a": 0.12542, "r": 0.156695, "n": 0.0442675, "d": 0.0385384, "c": 0.0318918, "q": 0.077456, "e": 0.044679, "g": 0.0493013, "h": 0.0425572, "i": 0.233198, "l": 0.377602, "k": 0.211561, "f": 0.0387031, "p": 0.0382774, "s": 0.0429366, "t": 0.106553, "w": 0.0383647, "y": 0.0353282, "v": 0.208628 },
  "f": { "a": 0.0263461, "r": 0.0171285, "n": 0.0146103, "d": 0.0128927, "c": 0.0154596, "q": 0.0143178, "e": 0.0165693, "g": 0.0159986, "h": 0.0165977, "i": 0.0721096, "l": 0.106526, "k": 0.0144544, "m": 0.0179018, "p": 0.0132478, "s": 0.0257865, "t": 0.016686, "w": 0.0269547, "y": 0.227249, "v": 0.032992 },
  "p": { "a": 0.0937652, "r": 0.0370343, "n": 0.01823, "d": 0.0262895, "c": 0.0142705, "q": 0.112726, "e": 0.040084, "g": 0.0267665, "h": 0.0385195, "i": 0.0281511, "l": 0.0457669, "k": 0.0532088, "m": 0.0134881, "f": 0.0111807, "s": 0.108807, "t": 0.0643839, "w": 0.0122502, "y": 0.0125241, "v": 0.0437358 },
  "s": { "a": 0.414026, "r": 0.0338126, "n": 0.176291, "d": 0.0575161, "c": 0.0455099, "q": 0.0321046, "e": 0.0274307, "g": 0.199636, "h": 0.0505911, "i": 0.01324, "l": 0.0283846, "k": 0.0246218, "m": 0.0114985, "f": 0.0107253, "p": 0.124689, "t": 0.335089, "w": 0.00979727, "y": 0.0199491, "v": 0.0134836 },
  "t": { "a": 0.257007, "r": 0.0224785, "n": 0.125489, "d": 0.0234558, "c": 0.0145767, "q": 0.0276776, "e": 0.0213191, "g": 0.0364705, "h": 0.0289569, "i": 0.0671723, "l": 0.0484543, "k": 0.101104, "m": 0.0390016, "f": 0.0238247, "p": 0.0379647, "s": 0.370763, "w": 0.0130844, "y": 0.0156923, "v": 0.117055 },
  "w": { "a": 0.109495, "r": 0.212375, "n": 0.105986, "d": 0.0984048, "c": 0.0840554, "q": 0.104882, "e": 0.102787, "g": 0.102575, "h": 0.105156, "i": 0.136915, "l": 0.117265, "k": 0.104744, "m": 0.105302, "f": 0.0968498, "p": 0.0994864, "s": 0.124034, "t": 0.111326, "y": 0.0991748, "v": 0.122839 },
  "y": { "a": 0.0237192, "r": 0.0252869, "n": 0.0642543, "d": 0.017369, "c": 0.025556, "q": 0.0166832, "e": 0.0333575, "g": 0.0181737, "h": 0.0844509, "i": 0.0185406, "l": 0.0251165, "k": 0.0183431, "m": 0.020144, "f": 0.25459, "p": 0.0147472, "s": 0.03141, "t": 0.0208196, "w": 0.0166954, "v": 0.0176934 },
  "v": { "a": 0.223222, "r": 0.0148163, "n": 0.0271044, "d": 0.0147399, "c": 0.020586, "q": 0.0328687, "e": 0.0277359, "g": 0.0522321, "h": 0.0140798, "i": 0.451882, "l": 0.0601197, "k": 0.026368, "m": 0.0478521, "f": 0.0112097, "p": 0.027951, "s": 0.0330039, "t": 0.12652, "w": 0.0107008, "y": 0.0114448 }
 }
}
