{
 "alphabet": "arndcqeghilkmfpstwyv",
 "insrate": 0.00348076,
 "insextprob": 0.69697,
 "delrate": 0.00660448,
 "delextprob": 0.577778,
 "rootprob":
 {
  "a": 0.0964963,
  "r": 0.0337698,
  "n": 0.0349025,
  "d": 0.0439965,
  "c": 0.0356286,
  "q": 0.0390933,
  "e": 0.0381415,
  "g": 0.0775028,
  "h": 0.0256546,
  "i": 0.0431389,
  "l": 0.0785776,
  "k": 0.08082,
  "m": 0.0204751,
  "f": 0.0442045,
  "p": 0.0464933,
  "s": 0.0781676,
  "t": 0.0697045,
  "w": 0.0200433,
  "y": 0.0218761,
  "v": 0.0713132
 },
 "subrate":
 {
  "a": { "r": 0.0124243, "n": 0.0186162, "d": 0.0396904, "c": 0.0342017, "q": 0.0473148, "e": 0.0579267, "g": 0.207615, "h": 0.0125449, "i": 0.0182967, "l": 0.0296711, "k": 0.0203759, "m": 0.0182161, "f": 0.00565721, "p": 0.137429, "s": 0.284723, "t": 0.127525, "w": 0.00531412, "y": 0.0134839, "v": 0.16196 },
  "r": { "a": 0.0375996, "n": 0.0273189, "d": 0.0206144, "c": 0.0153942, "q": 0.073815, "e": 0.0217752, "g": 0.0225891, "h": 0.123842, "i": 0.019387, "l": 0.0279759, "k": 0.42849, "m": 0.0213772, "f": 0.0127823, "p": 0.061039, "s": 0.0926484, "t": 0.0402276, "w": 0.0309533, "y": 0.0307322, "v": 0.0173923 },
  "n": { "a": 0.0481223, "r": 0.0462622, "d": 0.407063, "c": 0.015834, "q": 0.0540868, "e": 0.0794846, "g": 0.144275, "h": 0.0805584, "i": 0.0340657, "l": 0.0483751, "k": 0.19056, "m": 0.0225456, "f": 0.0255169, "p": 0.0241201, "s": 0.185452, "t": 0.200912, "w": 0.0138076, "y": 0.0223192, "v": 0.0323227 },
  "d": { "a": 0.0874069, "r": 0.0172198, "n": 0.414657, "c": 0.0117159, "q": 0.053992, "e": 0.443219, "g": 0.19092, "h": 0.0537106, "i": 0.024081, "l": 0.0142368, "k": 0.0561078, "m": 0.0145981, "f": 0.0118928, "p": 0.0311249, "s": 0.0712661, "t": 0.0456086, "w": 0.0113419, "y": 0.0146694, "v": 0.0301114 },
  "c": { "a": 0.0505656, "r": 0.0143284, "n": 0.0159554, "d": 0.0150395, "q": 0.0151549, "e": 0.0173932, "g": 0.0202131, "h": 0.017399, "i": 0.0288835, "l": 0.0137166, "k": 0.0168112, "m": 0.0149495, "f": 0.0216811, "p": 0.020269, "s": 0.10262, "t": 0.0433919, "w": 0.0124019, "y": 0.0315536, "v": 0.10386 },
  "q": { "a": 0.214504, "r": 0.117158, "n": 0.0599514, "d": 0.0378033, "c": 0.0165448, "e": 0.275208, "g": 0.046648, "h": 0.237233, "i": 0.0253917, "l": 0.0221611, "k": 0.267005, "m": 0.0238984, "f": 0.0150847, "p": 0.0707124, "s": 0.0763467, "t": 0.0581344, "w": 0.0218009, "y": 0.0181693, "v": 0.0445878 },
  "e": { "a": 0.254013, "r": 0.0224476, "n": 0.0668663, "d": 0.399893, "c": 0.0142361, "q": 0.237026, "g": 0.0629884, "h": 0.0251306, "i": 0.023357, "l": 0.0201974, "k": 0.101928, "m": 0.0181633, "f": 0.0134493, "p": 0.0577237, "s": 0.0857105, "t": 0.0564781, "w": 0.0144785, "y": 0.0157184, "v": 0.0577778 },
  "g": { "a": 0.1959, "r": 0.00725447, "n": 0.0446555, "d": 0.0785564, "c": 0.00555332, "q": 0.0152838, "e": 0.0448942, "h": 0.00971851, "i": 0.00709964, "l": 0.012919, "k": 0.0190369, "m": 0.00873001, "f": 0.00969751, "p": 0.0206292, "s": 0.15889, "t": 0.0282952, "w": 0.0050569, "y": 0.00801486, "v": 0.023426 },
  "h": { "a": 0.0339802, "r": 0.156295, "n": 0.197367, "d": 0.0729797, "c": 0.0466654, "q": 0.246888, "e": 0.0392336, "g": 0.0297272, "i": 0.0265019, "l": 0.0227194, "k": 0.0522836, "m": 0.025156, "f": 0.0274645, "p": 0.0512121, "s": 0.0728112, "t": 0.0582177, "w": 0.02289, "y": 0.115699, "v": 0.0428903 },
  "i": { "a": 0.0284775, "r": 0.0363417, "n": 0.0767632, "d": 0.0441459, "c": 0.0398473, "q": 0.0272356, "e": 0.0697061, "g": 0.0201286, "h": 0.0214774, "l": 0.245398, "k": 0.0344077, "m": 0.114502, "f": 0.0877176, "p": 0.0256414, "s": 0.0348773, "t": 0.166465, "w": 0.0146004, "y": 0.0280796, "v": 0.574268 },
  "l": { "a": 0.101133, "r": 0.0146488, "n": 0.0076212, "d": 0.00686689, "c": 0.00847234, "q": 0.00917185, "e": 0.0132106, "g": 0.00678627, "h": 0.00672564, "i": 0.0611554, "k": 0.0134504, "m": 0.0855733, "f": 0.0816601, "p": 0.0268205, "s": 0.00835539, "t": 0.0399409, "w": 0.0201287, "y": 0.0142628, "v": 0.0590312 },
  "k": { "a": 0.0320405, "r": 0.187314, "n": 0.132428, "d": 0.026694, "c": 0.00639832, "q": 0.0770015, "e": 0.0374211, "g": 0.0470881, "h": 0.0237008, "i": 0.0242429, "l": 0.019598, "m": 0.0261664, "f": 0.00638372, "p": 0.0330745, "s": 0.0664093, "t": 0.0724411, "w": 0.00699127, "y": 0.0113463, "v": 0.0111207 },
  "m": { "a": 0.148928, "r": 0.0636418, "n": 0.0514296, "d": 0.0456718, "c": 0.0415212, "q": 0.115159, "e": 0.088877, "g": 0.0801864, "h": 0.0438847, "i": 0.271711, "l": 0.59059, "k": 0.215621, "f": 0.0887388, "p": 0.0526527, "s": 0.0873492, "t": 0.139596, "w": 0.041041, "y": 0.0463231, "v": 0.145952 },
  "f": { "a": 0.0191281, "r": 0.0132718, "n": 0.0171274, "d": 0.014877, "c": 0.0176094, "q": 0.0130772, "e": 0.0262993, "g": 0.0125194, "h": 0.0130953, "i": 0.0869373, "l": 0.0985007, "k": 0.0136047, "m": 0.019549, "p": 0.0123898, "s": 0.030749, "t": 0.0280365, "w": 0.011955, "y": 0.17229, "v": 0.0366287 },
  "p": { "a": 0.169, "r": 0.0421265, "n": 0.0510406, "d": 0.0259505, "c": 0.0232197, "q": 0.107577, "e": 0.0528812, "g": 0.0402171, "h": 0.0485967, "i": 0.0154091, "l": 0.0204118, "k": 0.055555, "m": 0.014812, "f": 0.0208221, "s": 0.188872, "t": 0.0516504, "w": 0.0140573, "y": 0.0190966, "v": 0.0351454 },
  "s": { "a": 0.447915, "r": 0.0442422, "n": 0.188093, "d": 0.0913857, "c": 0.0667732, "q": 0.0403302, "e": 0.0282779, "g": 0.155759, "h": 0.0207683, "i": 0.0168441, "l": 0.0264721, "k": 0.0751087, "m": 0.0151288, "f": 0.0128411, "p": 0.140747, "t": 0.283507, "w": 0.0132047, "y": 0.0233983, "v": 0.0263602 },
  "t": { "a": 0.215471, "r": 0.0422121, "n": 0.0915599, "d": 0.0353562, "c": 0.0131028, "q": 0.0205208, "e": 0.0289694, "g": 0.0247184, "h": 0.0212883, "i": 0.0784143, "l": 0.0295764, "k": 0.0900922, "m": 0.0195545, "f": 0.0104544, "p": 0.0309265, "s": 0.362032, "w": 0.0075841, "y": 0.0100957, "v": 0.0634329 },
  "w": { "a": 0.0308167, "r": 0.173207, "n": 0.0263167, "d": 0.0252092, "c": 0.025317, "q": 0.0679528, "e": 0.0272045, "g": 0.0244616, "h": 0.0479007, "i": 0.0272129, "l": 0.0440388, "k": 0.0388723, "m": 0.0278792, "f": 0.0236032, "p": 0.0261254, "s": 0.0448213, "t": 0.0280739, "y": 0.046485, "v": 0.0319369 },
  "y": { "a": 0.0366816, "r": 0.0248993, "n": 0.0767879, "d": 0.0288529, "c": 0.0499709, "q": 0.0261751, "e": 0.0326169, "g": 0.0342418, "h": 0.0429918, "i": 0.0804219, "l": 0.0270658, "k": 0.026348, "m": 0.0280573, "f": 0.245768, "p": 0.0235846, "s": 0.0424071, "t": 0.0540253, "w": 0.020688, "v": 0.0715573 },
  "v": { "a": 0.192956, "r": 0.0103182, "n": 0.0197015, "d": 0.0120281, "c": 0.048449, "q": 0.0151902, "e": 0.0283192, "g": 0.0445046, "h": 0.00956695, "i": 0.383186, "l": 0.0734838, "k": 0.0109701, "m": 0.0305717, "f": 0.0260395, "p": 0.0265968, "s": 0.0198295, "t": 0.11662, "w": 0.00768918, "y": 0.0121749 }
 }
}
