{
 "alphabet": "arndcqeghilkmfpstwyv",
 "insrate": 0.00534413,
 "insextprob": 0.6875,
 "delrate": 0.00427622,
 "delextprob": 0.806452,
 "rootprob":
 {
  "a": 0.0826738,
  "r": 0.0329816,
  "n": 0.0418134,
  "d": 0.0587741,
  "c": 0.0344746,
  "q": 0.0363253,
  "e": 0.0543586,
  "g": 0.0627513,
  "h": 0.029704,
  "i": 0.0336444,
  "l": 0.0939556,
  "k": 0.0730804,
  "m": 0.0191383,
  "f": 0.0482408,
  "p": 0.0581774,
  "s": 0.0668008,
  "t": 0.0615099,
  "w": 0.0125455,
  "y": 0.0351653,
  "v": 0.063885
 },
 "subrate":
 {
  "a": { "r": 0.020063, "n": 0.0234567, "d": 0.0648831, "c": 0.0187736, "q": 0.0547319, "e": 0.100134, "g": 0.163592, "h": 0.0190536, "i": 0.0144421, "l": 0.0362533, "k": 0.0309166, "m": 0.0298149, "f": 0.0108719, "p": 0.0876649, "s": 0.275887, "t": 0.174965, "w": 0.00737787, "y": 0.0104845, "v": 0.139331 },
  "r": { "a": 0.0488816, "n": 0.0525505, "d": 0.0333146, "c": 0.0162124, "q": 0.109218, "e": 0.0583947, "g": 0.0216657, "h": 0.089854, "i": 0.0280412, "l": 0.020586, "k": 0.376346, "m": 0.0249829, "f": 0.0255091, "p": 0.116015, "s": 0.0593622, "t": 0.0361299, "w": 0.0284681, "y": 0.0195489, "v": 0.034697 },
  "n": { "a": 0.0967917, "r": 0.0224976, "d": 0.330692, "c": 0.0139412, "q": 0.0750425, "e": 0.0455403, "g": 0.137309, "h": 0.12049, "i": 0.0492714, "l": 0.0223698, "k": 0.160418, "m": 0.0163835, "f": 0.0149014, "p": 0.0237659, "s": 0.350271, "t": 0.187852, "w": 0.0156476, "y": 0.0347905, "v": 0.0207526 },
  "d": { "a": 0.116526, "r": 0.0136049, "n": 0.309662, "c": 0.00895007, "q": 0.0900634, "e": 0.585756, "g": 0.110172, "h": 0.0253489, "i": 0.0140612, "l": 0.0116639, "k": 0.06045, "m": 0.0111995, "f": 0.00925199, "p": 0.0294714, "s": 0.122754, "t": 0.0197132, "w": 0.00982209, "y": 0.00974553, "v": 0.0186171 },
  "c": { "a": 0.0551565, "r": 0.0160468, "n": 0.0182281, "d": 0.0171951, "q": 0.01744, "e": 0.0162662, "g": 0.0163744, "h": 0.0163936, "i": 0.0177323, "l": 0.0168712, "k": 0.0158164, "m": 0.0167938, "f": 0.0221126, "p": 0.0171505, "s": 0.163239, "t": 0.0247353, "w": 0.0151194, "y": 0.030328, "v": 0.0372757 },
  "q": { "a": 0.0905338, "r": 0.195626, "n": 0.0708607, "d": 0.0595968, "c": 0.0148176, "e": 0.182352, "g": 0.0513757, "h": 0.217423, "i": 0.0424443, "l": 0.0656842, "k": 0.181783, "m": 0.0402649, "f": 0.0225487, "p": 0.0799436, "s": 0.0537362, "t": 0.0573046, "w": 0.0209186, "y": 0.0235407, "v": 0.0401436 },
  "e": { "a": 0.179817, "r": 0.0143906, "n": 0.0507005, "d": 0.458858, "c": 0.00858697, "q": 0.203957, "g": 0.0932588, "h": 0.0236164, "i": 0.0127001, "l": 0.0217332, "k": 0.0710426, "m": 0.0122314, "f": 0.00898623, "p": 0.0416541, "s": 0.0637552, "t": 0.0319315, "w": 0.00954985, "y": 0.00920409, "v": 0.0436818 },
  "g": { "a": 0.161705, "r": 0.0185059, "n": 0.0500576, "d": 0.0707037, "c": 0.00654435, "q": 0.0147845, "e": 0.0857966, "h": 0.0101142, "i": 0.00862566, "l": 0.0108681, "k": 0.0582156, "m": 0.00823129, "f": 0.00609379, "p": 0.0248089, "s": 0.0622755, "t": 0.021223, "w": 0.0068464, "y": 0.0064507, "v": 0.034099 },
  "h": { "a": 0.034536, "r": 0.170089, "n": 0.240775, "d": 0.0447311, "c": 0.0384264, "q": 0.231027, "e": 0.0413844, "g": 0.0338517, "i": 0.0445663, "l": 0.0714693, "k": 0.0468979, "m": 0.0286217, "f": 0.030435, "p": 0.101648, "s": 0.044925, "t": 0.0664915, "w": 0.0259552, "y": 0.0846555, "v": 0.0601813 },
  "i": { "a": 0.0616865, "r": 0.0493914, "n": 0.0377785, "d": 0.0240974, "c": 0.0320473, "q": 0.022777, "e": 0.0221237, "g": 0.0320858, "h": 0.029232, "l": 0.285355, "k": 0.0450163, "m": 0.116992, "f": 0.0653356, "p": 0.0296133, "s": 0.0557527, "t": 0.121156, "w": 0.0180868, "y": 0.0214438, "v": 0.84225 },
  "l": { "a": 0.0315124, "r": 0.0188753, "n": 0.0291004, "d": 0.0136965, "c": 0.00590318, "q": 0.040218, "e": 0.0105904, "g": 0.00873798, "h": 0.0308344, "i": 0.116746, "k": 0.014058, "m": 0.0747385, "f": 0.0640465, "p": 0.0299643, "s": 0.0273621, "t": 0.0301767, "w": 0.00749048, "y": 0.015437, "v": 0.104203 },
  "k": { "a": 0.0353097, "r": 0.159752, "n": 0.0999969, "d": 0.0475405, "c": 0.00751522, "q": 0.0509724, "e": 0.0483756, "g": 0.032438, "h": 0.0237598, "i": 0.0166685, "l": 0.0107642, "m": 0.0367561, "f": 0.00913838, "p": 0.0279687, "s": 0.0556349, "t": 0.113095, "w": 0.0117721, "y": 0.0158826, "v": 0.0165502 },
  "m": { "a": 0.0661008, "r": 0.0860082, "n": 0.0470464, "d": 0.040117, "c": 0.0380039, "q": 0.0890743, "e": 0.0569906, "g": 0.0774564, "h": 0.0455075, "i": 0.109923, "l": 0.491092, "k": 0.137493, "f": 0.074187, "p": 0.0652047, "s": 0.143609, "t": 0.0751684, "w": 0.0410049, "y": 0.0560926, "v": 0.183718 },
  "f": { "a": 0.0208706, "r": 0.0140886, "n": 0.0244566, "d": 0.0125586, "c": 0.0109947, "q": 0.0143414, "e": 0.0117349, "g": 0.0393441, "h": 0.0379714, "i": 0.0715121, "l": 0.139591, "k": 0.0121336, "m": 0.0177164, "p": 0.0325195, "s": 0.0425164, "t": 0.0159125, "w": 0.0192237, "y": 0.14758, "v": 0.0478719 },
  "p": { "a": 0.127096, "r": 0.0478505, "n": 0.033807, "d": 0.0243992, "c": 0.0120924, "q": 0.0292511, "e": 0.0391198, "g": 0.0360353, "h": 0.0663795, "i": 0.0239148, "l": 0.0294491, "k": 0.0254574, "m": 0.0114129, "f": 0.00816417, "s": 0.142975, "t": 0.0717747, "w": 0.00896103, "y": 0.00841017, "v": 0.0194147 },
  "s": { "a": 0.435651, "r": 0.0393717, "n": 0.242259, "d": 0.06063, "c": 0.0413822, "q": 0.0553249, "e": 0.0341327, "g": 0.148185, "h": 0.022854, "i": 0.0201146, "l": 0.0478009, "k": 0.0630239, "m": 0.0121993, "f": 0.0124124, "p": 0.163098, "t": 0.35691, "w": 0.0211098, "y": 0.0146786, "v": 0.0207852 },
  "t": { "a": 0.280521, "r": 0.0227051, "n": 0.0656828, "d": 0.0321266, "c": 0.0209215, "q": 0.0349514, "e": 0.0221075, "g": 0.026211, "h": 0.0223293, "i": 0.0571765, "l": 0.0514908, "k": 0.0696696, "m": 0.0175335, "f": 0.0135325, "p": 0.060841, "s": 0.372622, "w": 0.0114243, "y": 0.0109954, "v": 0.0921537 },
  "w": { "a": 0.0441778, "r": 0.150226, "n": 0.0455493, "d": 0.0410892, "c": 0.0352158, "q": 0.0438065, "e": 0.040141, "g": 0.039186, "h": 0.046539, "i": 0.0437478, "l": 0.0798114, "k": 0.0527201, "m": 0.046878, "f": 0.0387082, "p": 0.0426078, "s": 0.0824543, "t": 0.0842151, "y": 0.0392063, "v": 0.0423368 },
  "y": { "a": 0.0216558, "r": 0.0198673, "n": 0.0777783, "d": 0.0260158, "c": 0.0138605, "q": 0.0304145, "e": 0.0196793, "g": 0.0159163, "h": 0.0480236, "i": 0.0308848, "l": 0.0835176, "k": 0.0434168, "m": 0.0188116, "f": 0.217938, "p": 0.0158878, "s": 0.0212986, "t": 0.04207, "w": 0.0166733, "v": 0.0236211 },
  "v": { "a": 0.23423, "r": 0.0103664, "n": 0.0120481, "d": 0.014047, "c": 0.036017, "q": 0.0118359, "e": 0.0278881, "g": 0.0723633, "h": 0.0157642, "i": 0.344057, "l": 0.128549, "k": 0.0141948, "m": 0.0423715, "f": 0.0297434, "p": 0.0178741, "s": 0.0158951, "t": 0.095262, "w": 0.00821147, "y": 0.0101974 }
 }
}
