{
 "alphabet": "arndcqeghilkmfpstwyv",
 "insrate": 0.00335066,
 "insextprob": 0.855072,
 "delrate": 0.00569477,
 "delextprob": 0.673077,
 "rootprob":
 {
  "a": 0.0993265,
  "r": 0.0374206,
  "n": 0.0462771,
  "d": 0.0363259,
  "c": 0.0426497,
  "q": 0.0305662,
  "e": 0.0458304,
  "g": 0.0853173,
  "h": 0.0202614,
  "i": 0.0537051,
  "l": 0.0900925,
  "k": 0.0575829,
  "m": 0.0268549,
  "f": 0.050993,
  "p": 0.0643089,
  "s": 0.05839,
  "t": 0.0553709,
  "w": 0.00368067,
  "y": 0.0314909,
  "v": 0.0635551
 },
 "subrate":
 {
  "a": { "r": 0.0148198, "n": 0.0504033, "d": 0.0574684, "c": 0.0239688, "q": 0.030008, "e": 0.0803592, "g": 0.247378, "h": 0.0106326, "i": 0.0153298, "l": 0.0282339, "k": 0.0554101, "m": 0.0186932, "f": 0.00643875, "p": 0.123377, "s": 0.304167, "t": 0.159193, "w": 0.00914892, "y": 0.00653375, "v": 0.145395 },
  "r": { "a": 0.0406914, "n": 0.0592933, "d": 0.0191746, "c": 0.015618, "q": 0.107138, "e": 0.0199717, "g": 0.0339275, "h": 0.0489919, "i": 0.0531392, "l": 0.0294443, "k": 0.440304, "m": 0.0532548, "f": 0.0146389, "p": 0.0189717, "s": 0.0987947, "t": 0.084101, "w": 0.0672569, "y": 0.0178251, "v": 0.0623208 },
  "n": { "a": 0.0781573, "r": 0.0431919, "d": 0.399126, "c": 0.0146132, "q": 0.0628398, "e": 0.0860551, "g": 0.0856887, "h": 0.146421, "i": 0.0339144, "l": 0.0508106, "k": 0.243419, "m": 0.0223456, "f": 0.0254637, "p": 0.0242505, "s": 0.356714, "t": 0.135339, "w": 0.0224675, "y": 0.0215476, "v": 0.0310736 },
  "d": { "a": 0.0888652, "r": 0.0183576, "n": 0.234282, "c": 0.0121525, "q": 0.0723045, "e": 0.474543, "g": 0.192519, "h": 0.0365223, "i": 0.0176564, "l": 0.0197191, "k": 0.0646104, "m": 0.017128, "f": 0.0221969, "p": 0.0429217, "s": 0.0739224, "t": 0.0376443, "w": 0.0187364, "y": 0.0129352, "v": 0.0393006 },
  "c": { "a": 0.0512025, "r": 0.019197, "n": 0.0240185, "d": 0.0122766, "q": 0.0107572, "e": 0.0114986, "g": 0.0111558, "h": 0.0115245, "i": 0.0238322, "l": 0.0103382, "k": 0.0109698, "m": 0.0111481, "f": 0.0177247, "p": 0.0104256, "s": 0.0635543, "t": 0.0223998, "w": 0.0126805, "y": 0.0359234, "v": 0.0413649 },
  "q": { "a": 0.151236, "r": 0.105295, "n": 0.107468, "d": 0.100663, "c": 0.01539, "e": 0.292735, "g": 0.0386541, "h": 0.1657, "i": 0.0323076, "l": 0.0639032, "k": 0.171278, "m": 0.0308917, "f": 0.022457, "p": 0.0545772, "s": 0.0672681, "t": 0.0577747, "w": 0.0256363, "y": 0.0248657, "v": 0.0337865 },
  "e": { "a": 0.176243, "r": 0.0163566, "n": 0.0650399, "d": 0.422709, "c": 0.0101427, "q": 0.272839, "g": 0.0752421, "h": 0.0255298, "i": 0.0140644, "l": 0.0161807, "k": 0.0624161, "m": 0.0139423, "f": 0.0107334, "p": 0.0371135, "s": 0.0707054, "t": 0.0338046, "w": 0.0145487, "y": 0.0098559, "v": 0.05038 },
  "g": { "a": 0.237461, "r": 0.00787948, "n": 0.0498677, "d": 0.0774475, "c": 0.0112268, "q": 0.0112055, "e": 0.0572908, "h": 0.0116767, "i": 0.0199999, "l": 0.0111141, "k": 0.0156192, "m": 0.00960202, "f": 0.00653035, "p": 0.0271038, "s": 0.173644, "t": 0.0380582, "w": 0.0103521, "y": 0.00765652, "v": 0.0274087 },
  "h": { "a": 0.0427097, "r": 0.12349, "n": 0.150356, "d": 0.0551568, "c": 0.0229577, "q": 0.402926, "e": 0.0732506, "g": 0.0583596, "i": 0.0326535, "l": 0.0502851, "k": 0.0831548, "m": 0.0311497, "f": 0.0878475, "p": 0.0694933, "s": 0.0559768, "t": 0.0853243, "w": 0.0358806, "y": 0.0420182, "v": 0.0378212 },
  "i": { "a": 0.0346963, "r": 0.0249401, "n": 0.0331531, "d": 0.0161304, "c": 0.0160856, "q": 0.0187911, "e": 0.0358536, "g": 0.0202792, "h": 0.0153398, "l": 0.271355, "k": 0.0205544, "m": 0.0812031, "f": 0.0982229, "p": 0.0286658, "s": 0.0736875, "t": 0.0749293, "w": 0.017927, "y": 0.0318054, "v": 0.595061 },
  "l": { "a": 0.0448314, "r": 0.0213766, "n": 0.0163066, "d": 0.00891784, "c": 0.00756631, "q": 0.0305946, "e": 0.00704888, "g": 0.00721736, "h": 0.0145599, "i": 0.0990047, "k": 0.0264233, "m": 0.080213, "f": 0.0472062, "p": 0.0111573, "s": 0.0209794, "t": 0.0153368, "w": 0.00932152, "y": 0.0208983, "v": 0.104066 },
  "k": { "a": 0.0333263, "r": 0.175928, "n": 0.133703, "d": 0.029193, "c": 0.0064067, "q": 0.0785379, "e": 0.0418411, "g": 0.0343972, "h": 0.0242594, "i": 0.0138009, "l": 0.0202339, "m": 0.0327222, "f": 0.00827108, "p": 0.0237737, "s": 0.0631852, "t": 0.0483064, "w": 0.0115816, "y": 0.00728165, "v": 0.0140631 },
  "m": { "a": 0.130957, "r": 0.0520711, "n": 0.0356158, "d": 0.0285475, "c": 0.023185, "q": 0.118757, "e": 0.0321745, "g": 0.0300043, "h": 0.0354784, "i": 0.175885, "l": 0.448721, "k": 0.195072, "f": 0.0346745, "p": 0.0370062, "s": 0.0528949, "t": 0.156249, "w": 0.0341494, "y": 0.0258928, "v": 0.129497 },
  "f": { "a": 0.0126251, "r": 0.00947155, "n": 0.01163, "d": 0.0112199, "c": 0.0125855, "q": 0.0183778, "e": 0.0118858, "g": 0.0133336, "h": 0.0197858, "i": 0.0473503, "l": 0.132566, "k": 0.0099957, "m": 0.0129947, "p": 0.00927727, "s": 0.0399217, "t": 0.0127011, "w": 0.0126741, "y": 0.224412, "v": 0.0372158 },
  "p": { "a": 0.170567, "r": 0.0320548, "n": 0.0137509, "d": 0.0170309, "c": 0.00801923, "q": 0.0872254, "e": 0.0444388, "g": 0.0238593, "h": 0.046477, "i": 0.0102339, "l": 0.0240584, "k": 0.0498952, "m": 0.0102146, "f": 0.0133101, "s": 0.122403, "t": 0.0275793, "w": 0.0116358, "y": 0.00983888, "v": 0.0371082 },
  "s": { "a": 0.372463, "r": 0.0239296, "n": 0.175412, "d": 0.0738296, "c": 0.027008, "q": 0.0370335, "e": 0.0574489, "g": 0.127063, "h": 0.0198827, "i": 0.0159309, "l": 0.0184075, "k": 0.0732425, "m": 0.0187518, "f": 0.0283865, "p": 0.124829, "t": 0.426162, "w": 0.0152137, "y": 0.00938248, "v": 0.0385789 },
  "t": { "a": 0.282481, "r": 0.0249345, "n": 0.141786, "d": 0.0351859, "c": 0.0132275, "q": 0.0271375, "e": 0.0419627, "g": 0.0208331, "h": 0.0235856, "i": 0.091403, "l": 0.0436627, "k": 0.111639, "m": 0.0507194, "f": 0.0134998, "p": 0.0443649, "s": 0.448435, "w": 0.0155626, "y": 0.0102437, "v": 0.118198 },
  "w": { "a": 0.320352, "r": 0.32145, "n": 0.302328, "d": 0.26839, "c": 0.210284, "q": 0.288716, "e": 0.282994, "g": 0.28571, "h": 0.277312, "i": 0.303121, "l": 0.565912, "k": 0.304333, "m": 0.279486, "f": 0.247522, "p": 0.265121, "s": 0.356349, "t": 0.320992, "y": 0.230241, "v": 0.323345 },
  "y": { "a": 0.0354787, "r": 0.0135712, "n": 0.0414911, "d": 0.0165014, "c": 0.0556141, "q": 0.0158994, "e": 0.0219035, "g": 0.0137479, "h": 0.0628457, "i": 0.0414718, "l": 0.0392048, "k": 0.0514321, "m": 0.015011, "f": 0.220589, "p": 0.0123198, "s": 0.0248392, "t": 0.0332097, "w": 0.0175506, "v": 0.0178264 },
  "v": { "a": 0.153217, "r": 0.0119917, "n": 0.0197804, "d": 0.0135301, "c": 0.0119678, "q": 0.0431476, "e": 0.0336274, "g": 0.0332, "h": 0.0179535, "i": 0.357901, "l": 0.0993341, "k": 0.0253094, "m": 0.046634, "f": 0.0113444, "p": 0.042031, "s": 0.0293333, "t": 0.110573, "w": 0.0124795, "y": 0.00864646 }
 }
}
