{
 "alphabet": "arndcqeghilkmfpstwyv",
 "insrate": 0.00376797,
 "insextprob": 0.666667,
 "delrate": 0.00439337,
 "delextprob": 0.808219,
 "rootprob":
 {
  "a": 0.0895242,
  "r": 0.045654,
  "n": 0.0413749,
  "d": 0.0516356,
  "c": 0.0361354,
  "q": 0.0368853,
  "e": 0.0419747,
  "g": 0.0945478,
  "h": 0.0487693,
  "i": 0.0282754,
  "l": 0.0658765,
  "k": 0.0986493,
  "m": 0.0226837,
  "f": 0.0295303,
  "p": 0.0362935,
  "s": 0.0776076,
  "t": 0.0456576,
  "w": 0.0108616,
  "y": 0.0184562,
  "v": 0.0796069
 },
 "subrate":
 {
  "a": { "r": 0.0126755, "n": 0.0447687, "d": 0.036359, "c": 0.0161784, "q": 0.0267389, "e": 0.0822386, "g": 0.201156, "h": 0.0186477, "i": 0.0194693, "l": 0.0333408, "k": 0.0283473, "m": 0.0113802, "f": 0.00806334, "p": 0.1508, "s": 0.291011, "t": 0.153215, "w": 0.00691, "y": 0.0126234, "v": 0.174339 },
  "r": { "a": 0.0387841, "n": 0.0404897, "d": 0.048079, "c": 0.0107808, "q": 0.129502, "e": 0.0225164, "g": 0.0244263, "h": 0.0540464, "i": 0.0149804, "l": 0.0147445, "k": 0.421703, "m": 0.036735, "f": 0.0164594, "p": 0.0671944, "s": 0.0344213, "t": 0.0280328, "w": 0.0362976, "y": 0.0131491, "v": 0.0185475 },
  "n": { "a": 0.0613287, "r": 0.0495199, "d": 0.410663, "c": 0.0121808, "q": 0.0624715, "e": 0.0740808, "g": 0.165424, "h": 0.162168, "i": 0.0662757, "l": 0.0321551, "k": 0.232754, "m": 0.0166787, "f": 0.019831, "p": 0.0249893, "s": 0.241287, "t": 0.0580942, "w": 0.0114017, "y": 0.0361974, "v": 0.0246583 },
  "d": { "a": 0.0953791, "r": 0.0256237, "n": 0.362188, "c": 0.0100805, "q": 0.0421356, "e": 0.574374, "g": 0.0594205, "h": 0.0930726, "i": 0.0271343, "l": 0.0245566, "k": 0.0633595, "m": 0.0135248, "f": 0.012138, "p": 0.0176443, "s": 0.0756383, "t": 0.0574361, "w": 0.00931503, "y": 0.0238208, "v": 0.0185068 },
  "c": { "a": 0.0514421, "r": 0.0137999, "n": 0.0154801, "d": 0.0144568, "q": 0.0148179, "e": 0.0169842, "g": 0.0262626, "h": 0.0141795, "i": 0.063346, "l": 0.016602, "k": 0.0153694, "m": 0.0148023, "f": 0.0207261, "p": 0.039183, "s": 0.075624, "t": 0.0292313, "w": 0.0122173, "y": 0.035305, "v": 0.0332162 },
  "q": { "a": 0.0995898, "r": 0.113832, "n": 0.0691234, "d": 0.0865375, "c": 0.0130255, "e": 0.230465, "g": 0.0772447, "h": 0.176834, "i": 0.0305124, "l": 0.0940778, "k": 0.133716, "m": 0.0300043, "f": 0.0212774, "p": 0.120982, "s": 0.0635821, "t": 0.0311281, "w": 0.0128131, "y": 0.0167554, "v": 0.0660575 },
  "e": { "a": 0.116673, "r": 0.0265926, "n": 0.0880593, "d": 0.414829, "c": 0.00999064, "q": 0.241357, "g": 0.0683697, "h": 0.0534081, "i": 0.0162498, "l": 0.0193402, "k": 0.0868611, "m": 0.0156036, "f": 0.0115726, "p": 0.0380046, "s": 0.0472683, "t": 0.0492788, "w": 0.00938471, "y": 0.0135637, "v": 0.0655149 },
  "g": { "a": 0.190951, "r": 0.013518, "n": 0.0312583, "d": 0.0923059, "c": 0.00793502, "q": 0.0149151, "e": 0.0678833, "h": 0.0119203, "i": 0.0170302, "l": 0.00710239, "k": 0.048418, "m": 0.00755017, "f": 0.0105362, "p": 0.0127237, "s": 0.154896, "t": 0.0348707, "w": 0.00474177, "y": 0.00636003, "v": 0.0375128 },
  "h": { "a": 0.0482127, "r": 0.113532, "n": 0.22328, "d": 0.0819702, "c": 0.0225829, "q": 0.197332, "e": 0.0531246, "g": 0.0443843, "i": 0.0190146, "l": 0.0440657, "k": 0.047496, "m": 0.0167202, "f": 0.0282416, "p": 0.0867616, "s": 0.0987882, "t": 0.0340552, "w": 0.0116907, "y": 0.0469341, "v": 0.0210445 },
  "i": { "a": 0.0827985, "r": 0.0621573, "n": 0.0501301, "d": 0.0303779, "c": 0.0417196, "q": 0.027688, "e": 0.0519542, "g": 0.0355521, "h": 0.0275323, "l": 0.182117, "k": 0.0441128, "m": 0.0458733, "f": 0.0730105, "p": 0.0560076, "s": 0.0301799, "t": 0.0842154, "w": 0.0145797, "y": 0.0409306, "v": 0.625983 },
  "l": { "a": 0.0183215, "r": 0.00974177, "n": 0.0114402, "d": 0.00971581, "c": 0.00979592, "q": 0.0202071, "e": 0.00752447, "g": 0.014673, "h": 0.0203294, "i": 0.0712283, "k": 0.0107857, "m": 0.066792, "f": 0.0319337, "p": 0.0146628, "s": 0.0276236, "t": 0.0164083, "w": 0.0141757, "y": 0.0262931, "v": 0.129516 },
  "k": { "a": 0.0416865, "r": 0.244555, "n": 0.100736, "d": 0.0347245, "c": 0.00640742, "q": 0.0564417, "e": 0.0657952, "g": 0.0354334, "h": 0.02413, "i": 0.0151242, "l": 0.0272358, "m": 0.0333239, "f": 0.00972189, "p": 0.0257098, "s": 0.0489479, "t": 0.0761845, "w": 0.00638298, "y": 0.0109094, "v": 0.013531 },
  "m": { "a": 0.0552101, "r": 0.0448821, "n": 0.0391048, "d": 0.0477535, "c": 0.0466693, "q": 0.17908, "e": 0.0454615, "g": 0.0497328, "h": 0.0389632, "i": 0.102427, "l": 0.44543, "k": 0.125442, "f": 0.0494252, "p": 0.0399023, "s": 0.0635876, "t": 0.0854804, "w": 0.0291615, "y": 0.0348125, "v": 0.116769 },
  "f": { "a": 0.0344703, "r": 0.0182485, "n": 0.0270174, "d": 0.0202068, "c": 0.0169753, "q": 0.0193169, "e": 0.0202032, "g": 0.0533905, "h": 0.0188725, "i": 0.108778, "l": 0.112902, "k": 0.0204262, "m": 0.0210422, "p": 0.0191797, "s": 0.0462057, "t": 0.047696, "w": 0.0142502, "y": 0.113176, "v": 0.0307147 },
  "p": { "a": 0.161064, "r": 0.097729, "n": 0.0200504, "d": 0.0451343, "c": 0.0118475, "q": 0.0657374, "e": 0.0789137, "g": 0.0341673, "h": 0.0657824, "i": 0.0187187, "l": 0.0403108, "k": 0.0490527, "m": 0.0159299, "f": 0.0183484, "s": 0.242511, "t": 0.0406367, "w": 0.0112236, "y": 0.0167435, "v": 0.0235567 },
  "s": { "a": 0.381628, "r": 0.049045, "n": 0.178927, "d": 0.0285639, "c": 0.012728, "q": 0.0289965, "e": 0.0292835, "g": 0.171508, "h": 0.05726, "i": 0.0113812, "l": 0.0218002, "k": 0.0513505, "m": 0.0161347, "f": 0.0209217, "p": 0.110625, "t": 0.337973, "w": 0.00744173, "y": 0.0197942, "v": 0.0212792 },
  "t": { "a": 0.252041, "r": 0.0480634, "n": 0.0898351, "d": 0.0630492, "c": 0.0132376, "q": 0.0494457, "e": 0.0390429, "g": 0.0316299, "h": 0.0361143, "i": 0.0304359, "l": 0.0671149, "k": 0.181524, "m": 0.0371242, "f": 0.0238921, "p": 0.0877892, "s": 0.303058, "w": 0.0103559, "y": 0.0189581, "v": 0.099043 },
  "w": { "a": 0.0378588, "r": 0.0576948, "n": 0.0388069, "d": 0.0371437, "c": 0.0354336, "q": 0.0387871, "e": 0.0367426, "g": 0.0382577, "h": 0.0389644, "i": 0.0370185, "l": 0.0371569, "k": 0.0444152, "m": 0.0364474, "f": 0.0532473, "p": 0.0383701, "s": 0.0507579, "t": 0.0386663, "y": 0.0407025, "v": 0.0380484 },
  "y": { "a": 0.0223178, "r": 0.0202627, "n": 0.0353245, "d": 0.0239157, "c": 0.0270587, "q": 0.0226865, "e": 0.0218405, "g": 0.0252051, "h": 0.0316973, "i": 0.0305479, "l": 0.0276001, "k": 0.020785, "m": 0.0210001, "f": 0.34264, "p": 0.0215462, "s": 0.0737044, "t": 0.0271722, "w": 0.0171162, "v": 0.023215 },
  "v": { "a": 0.18003, "r": 0.0308914, "n": 0.011169, "d": 0.0183415, "c": 0.0252327, "q": 0.0195303, "e": 0.016133, "g": 0.0632633, "h": 0.00880055, "i": 0.34018, "l": 0.104908, "k": 0.0234741, "m": 0.0275173, "f": 0.0124517, "p": 0.0280093, "s": 0.0112239, "t": 0.0699888, "w": 0.00606513, "y": 0.0169905 }
 }
}
