{
 "alphabet": "arndcqeghilkmfpstwyv",
 "insrate": 0.00631684,
 "insextprob": 0.694915,
 "delrate": 0.00631973,
 "delextprob": 0.560976,
 "rootprob":
 {
  "a": 0.0868645,
  "r": 0.0392617,
  "n": 0.0529705,
  "d": 0.0333465,
  "c": 0.0387298,
  "q": 0.0505635,
  "e": 0.0479843,
  "g": 0.10747,
  "h": 0.0336736,
  "i": 0.0404913,
  "l": 0.0880828,
  "k": 0.0945449,
  "m": 0.0185868,
  "f": 0.0375106,
  "p": 0.028019,
  "s": 0.0579575,
  "t": 0.0458721,
  "w": 0.012485,
  "y": 0.0164053,
  "v": 0.06918
 },
 "subrate":
 {
  "a": { "r": 0.0146897, "n": 0.0498719, "d": 0.0370412, "c": 0.01217, "q": 0.030842, "e": 0.107446, "g": 0.218309, "h": 0.0158383, "i": 0.0224377, "l": 0.0433104, "k": 0.0261409, "m": 0.0175336, "f": 0.00909806, "p": 0.12899, "s": 0.384739, "t": 0.219297, "w": 0.00787324, "y": 0.00875296, "v": 0.145992 },
  "r": { "a": 0.0356595, "n": 0.0468998, "d": 0.0407469, "c": 0.0147665, "q": 0.0852659, "e": 0.0274118, "g": 0.0443727, "h": 0.0628531, "i": 0.0157691, "l": 0.0253525, "k": 0.271884, "m": 0.0254594, "f": 0.0133511, "p": 0.0841456, "s": 0.0560634, "t": 0.0404942, "w": 0.0207328, "y": 0.0159004, "v": 0.0198024 },
  "n": { "a": 0.0667252, "r": 0.0300749, "d": 0.416599, "c": 0.0197474, "q": 0.047019, "e": 0.0381156, "g": 0.12929, "h": 0.117737, "i": 0.0558874, "l": 0.0407923, "k": 0.222903, "m": 0.0263236, "f": 0.0190664, "p": 0.0255425, "s": 0.269613, "t": 0.21814, "w": 0.0117923, "y": 0.0436722, "v": 0.0671264 },
  "d": { "a": 0.0824608, "r": 0.0189421, "n": 0.266632, "c": 0.0136517, "q": 0.0323113, "e": 0.447511, "g": 0.102468, "h": 0.0702068, "i": 0.0157094, "l": 0.0150321, "k": 0.0417765, "m": 0.0137539, "f": 0.0132228, "p": 0.0455533, "s": 0.0970392, "t": 0.0351297, "w": 0.010362, "y": 0.0156497, "v": 0.0229514 },
  "c": { "a": 0.0438211, "r": 0.0120826, "n": 0.0220808, "d": 0.0309715, "q": 0.0126554, "e": 0.0147589, "g": 0.0644755, "h": 0.0128224, "i": 0.0151244, "l": 0.0150128, "k": 0.0129867, "m": 0.0135009, "f": 0.0119294, "p": 0.0288521, "s": 0.106735, "t": 0.0226637, "w": 0.0111812, "y": 0.0778497, "v": 0.0493853 },
  "q": { "a": 0.0848793, "r": 0.0719232, "n": 0.0404167, "d": 0.0317614, "c": 0.0119036, "e": 0.325161, "g": 0.0382758, "h": 0.225784, "i": 0.02796, "l": 0.0843726, "k": 0.146426, "m": 0.0170708, "f": 0.0193307, "p": 0.0375745, "s": 0.0651632, "t": 0.0323532, "w": 0.0111233, "y": 0.0136302, "v": 0.0177215 },
  "e": { "a": 0.160354, "r": 0.027199, "n": 0.030876, "d": 0.598649, "c": 0.0120684, "q": 0.22012, "g": 0.0707163, "h": 0.0461421, "i": 0.02002, "l": 0.0150052, "k": 0.0853482, "m": 0.0146223, "f": 0.0128615, "p": 0.0850232, "s": 0.0527744, "t": 0.0407692, "w": 0.0106533, "y": 0.0137789, "v": 0.0366888 },
  "g": { "a": 0.175276, "r": 0.0281854, "n": 0.0647185, "d": 0.0472672, "c": 0.00689109, "q": 0.0212003, "e": 0.0275129, "h": 0.0139213, "i": 0.0180317, "l": 0.0160565, "k": 0.0236612, "m": 0.00739302, "f": 0.0129209, "p": 0.0103383, "s": 0.125228, "t": 0.0232224, "w": 0.00478051, "y": 0.00536491, "v": 0.0179014 },
  "h": { "a": 0.0304519, "r": 0.0878029, "n": 0.21928, "d": 0.0687772, "c": 0.0330043, "q": 0.2104, "e": 0.0454049, "g": 0.0300139, "i": 0.0221134, "l": 0.0224348, "k": 0.0741628, "m": 0.0155478, "f": 0.0255971, "p": 0.031063, "s": 0.0827627, "t": 0.0205218, "w": 0.0123962, "y": 0.0359874, "v": 0.0181553 },
  "i": { "a": 0.0306481, "r": 0.0346241, "n": 0.0244383, "d": 0.0348654, "c": 0.0307764, "q": 0.0265889, "e": 0.0293416, "g": 0.0287735, "h": 0.0214047, "l": 0.324013, "k": 0.0276866, "m": 0.122747, "f": 0.113178, "p": 0.0181861, "s": 0.0240383, "t": 0.120871, "w": 0.0148307, "y": 0.019596, "v": 0.597576 },
  "l": { "a": 0.0340506, "r": 0.0113648, "n": 0.0100879, "d": 0.0078516, "c": 0.00869324, "q": 0.0163017, "e": 0.00937239, "g": 0.0147089, "h": 0.0236613, "i": 0.169989, "k": 0.0186639, "m": 0.11462, "f": 0.0418399, "p": 0.00879017, "s": 0.0250079, "t": 0.0199532, "w": 0.0189375, "y": 0.0236738, "v": 0.123622 },
  "k": { "a": 0.0310747, "r": 0.18524, "n": 0.122007, "d": 0.0604425, "c": 0.00598949, "q": 0.0763743, "e": 0.095286, "g": 0.0385381, "h": 0.0288501, "i": 0.0328615, "l": 0.0180988, "m": 0.0199133, "f": 0.00931286, "p": 0.0247395, "s": 0.0383188, "t": 0.117169, "w": 0.00578059, "y": 0.00937606, "v": 0.0309353 },
  "m": { "a": 0.16818, "r": 0.0497699, "n": 0.0597106, "d": 0.0649779, "c": 0.0392322, "q": 0.0621457, "e": 0.0631388, "g": 0.0583628, "h": 0.0524204, "i": 0.256964, "l": 0.647634, "k": 0.222186, "f": 0.0633461, "p": 0.0433457, "s": 0.0567523, "t": 0.0851587, "w": 0.0392594, "y": 0.0482327, "v": 0.209442 },
  "f": { "a": 0.0189132, "r": 0.0195434, "n": 0.0164828, "d": 0.0148838, "c": 0.0198243, "q": 0.0161777, "e": 0.0161787, "g": 0.0262271, "h": 0.0435454, "i": 0.0801918, "l": 0.135653, "k": 0.0157656, "m": 0.0260244, "p": 0.0141793, "s": 0.0397752, "t": 0.0208411, "w": 0.0410889, "y": 0.27303, "v": 0.047049 },
  "p": { "a": 0.199043, "r": 0.0499297, "n": 0.0395239, "d": 0.0249781, "c": 0.0194579, "q": 0.056449, "e": 0.0347547, "g": 0.0317559, "h": 0.0547161, "i": 0.022774, "l": 0.058558, "k": 0.0466018, "m": 0.0216653, "f": 0.0165027, "s": 0.164033, "t": 0.0670603, "w": 0.0140869, "y": 0.0216148, "v": 0.0967438 },
  "s": { "a": 0.301536, "r": 0.0365378, "n": 0.160044, "d": 0.0590448, "c": 0.0221885, "q": 0.0271412, "e": 0.0511383, "g": 0.178739, "h": 0.0189173, "i": 0.0143641, "l": 0.0277063, "k": 0.079975, "m": 0.0232418, "f": 0.0374749, "p": 0.0867559, "t": 0.352254, "w": 0.011145, "y": 0.0207377, "v": 0.0207455 },
  "t": { "a": 0.258195, "r": 0.023835, "n": 0.129017, "d": 0.0330101, "c": 0.0355042, "q": 0.0360218, "e": 0.0301572, "g": 0.0446138, "h": 0.0261666, "i": 0.0474277, "l": 0.0220679, "k": 0.140107, "m": 0.0360037, "f": 0.0204163, "p": 0.0946702, "s": 0.332237, "w": 0.0113497, "y": 0.0172584, "v": 0.143878 },
  "w": { "a": 0.0382267, "r": 0.0733617, "n": 0.0719426, "d": 0.0372363, "c": 0.0342686, "q": 0.0367567, "e": 0.0368092, "g": 0.0401543, "h": 0.0381774, "i": 0.0473166, "l": 0.0414561, "k": 0.0374376, "m": 0.0386285, "f": 0.0839992, "p": 0.0353844, "s": 0.0741763, "t": 0.0450318, "y": 0.0389457, "v": 0.0477305 },
  "y": { "a": 0.0362026, "r": 0.0378739, "n": 0.0322644, "d": 0.0312124, "c": 0.0372309, "q": 0.0614313, "e": 0.0614511, "g": 0.0457653, "h": 0.108798, "i": 0.0520246, "l": 0.0505662, "k": 0.0325174, "m": 0.0494872, "f": 0.364742, "p": 0.0269754, "s": 0.0342148, "t": 0.0494489, "w": 0.025509, "v": 0.110548 },
  "v": { "a": 0.215161, "r": 0.0239121, "n": 0.0142792, "d": 0.0212158, "c": 0.0328535, "q": 0.0209945, "e": 0.0207495, "g": 0.0385193, "h": 0.0215791, "i": 0.280788, "l": 0.0861848, "k": 0.0202049, "m": 0.0361804, "f": 0.0152481, "p": 0.0313676, "s": 0.05763, "t": 0.119439, "w": 0.00773308, "y": 0.011874 }
 }
}
