{
 "alphabet": "arndcqeghilkmfpstwyv",
 "insrate": 0.00479662,
 "insextprob": 0.695652,
 "delrate": 0.00718951,
 "delextprob": 0.676923,
 "rootprob":
 {
  "a": 0.0644739,
  "r": 0.0572188,
  "n": 0.0521702,
  "d": 0.0537554,
  "c": 0.0390213,
  "q": 0.0460983,
  "e": 0.0485546,
  "g": 0.0832125,
  "h": 0.035815,
  "i": 0.0361257,
  "l": 0.087367,
  "k": 0.0796315,
  "m": 0.0223773,
  "f": 0.0266343,
  "p": 0.0408444,
  "s": 0.0642927,
  "t": 0.0702821,
  "w": 0.0195076,
  "y": 0.0248275,
  "v": 0.0477899
 },
 "subrate":
 {
  "a": { "r": 0.0203048, "n": 0.0303519, "d": 0.0467123, "c": 0.0208466, "q": 0.0197677, "e": 0.0821987, "g": 0.184699, "h": 0.0143973, "i": 0.0179146, "l": 0.0364636, "k": 0.0228229, "m": 0.0116237, "f": 0.0153779, "p": 0.138523, "s": 0.332024, "t": 0.11325, "w": 0.00609508, "y": 0.00794505, "v": 0.193507 },
  "r": { "a": 0.0338073, "n": 0.0255563, "d": 0.0113499, "c": 0.0200487, "q": 0.0628465, "e": 0.0179343, "g": 0.0178129, "h": 0.12093, "i": 0.0201458, "l": 0.0258892, "k": 0.459587, "m": 0.0204113, "f": 0.0192862, "p": 0.052466, "s": 0.093034, "t": 0.0573998, "w": 0.0351625, "y": 0.015106, "v": 0.0153353 },
  "n": { "a": 0.106045, "r": 0.0345655, "d": 0.341961, "c": 0.0150667, "q": 0.0833518, "e": 0.0942816, "g": 0.112914, "h": 0.119466, "i": 0.0315733, "l": 0.0155986, "k": 0.192416, "m": 0.0144438, "f": 0.0153691, "p": 0.0380234, "s": 0.308503, "t": 0.126752, "w": 0.0106238, "y": 0.0150135, "v": 0.0328592 },
  "d": { "a": 0.0892365, "r": 0.016023, "n": 0.254751, "c": 0.0130479, "q": 0.0403092, "e": 0.489792, "g": 0.129963, "h": 0.024602, "i": 0.0289068, "l": 0.0143102, "k": 0.0664172, "m": 0.0119177, "f": 0.0100626, "p": 0.0176584, "s": 0.0506967, "t": 0.0210934, "w": 0.00950452, "y": 0.00954397, "v": 0.0156883 },
  "c": { "a": 0.0449606, "r": 0.0158709, "n": 0.0157286, "d": 0.0183337, "q": 0.0138639, "e": 0.0148207, "g": 0.0167376, "h": 0.0296397, "i": 0.0267905, "l": 0.0133098, "k": 0.0234972, "m": 0.0138552, "f": 0.0182671, "p": 0.0241105, "s": 0.115133, "t": 0.0370956, "w": 0.0118869, "y": 0.0424746, "v": 0.0602888 },
  "q": { "a": 0.0815599, "r": 0.147221, "n": 0.097491, "d": 0.0514441, "c": 0.0155657, "e": 0.304293, "g": 0.0749138, "h": 0.185889, "i": 0.0214966, "l": 0.0739198, "k": 0.142611, "m": 0.0324984, "f": 0.0166722, "p": 0.0586631, "s": 0.114978, "t": 0.0569407, "w": 0.0117483, "y": 0.0171974, "v": 0.024396 },
  "e": { "a": 0.15481, "r": 0.0204052, "n": 0.067247, "d": 0.481285, "c": 0.0129703, "q": 0.262343, "g": 0.036566, "h": 0.0442205, "i": 0.0532915, "l": 0.0144564, "k": 0.1602, "m": 0.0127372, "f": 0.010926, "p": 0.0631864, "s": 0.0445834, "t": 0.0417038, "w": 0.00960268, "y": 0.0195143, "v": 0.0348933 },
  "g": { "a": 0.25408, "r": 0.0169894, "n": 0.0472465, "d": 0.0441388, "c": 0.0199651, "q": 0.0210061, "e": 0.0591574, "h": 0.0175917, "i": 0.0140505, "l": 0.0163238, "k": 0.0316698, "m": 0.0170469, "f": 0.010948, "p": 0.032341, "s": 0.197301, "t": 0.0226104, "w": 0.00691977, "y": 0.0113604, "v": 0.0277227 },
  "h": { "a": 0.0211941, "r": 0.0816827, "n": 0.117975, "d": 0.0574501, "c": 0.0167862, "q": 0.139397, "e": 0.0497104, "g": 0.0489092, "i": 0.0277426, "l": 0.112342, "k": 0.0440584, "m": 0.030669, "f": 0.0159521, "p": 0.0379142, "s": 0.0306053, "t": 0.05645, "w": 0.0143122, "y": 0.0885356, "v": 0.0439007 },
  "i": { "a": 0.0463247, "r": 0.0252463, "n": 0.0299165, "d": 0.0307783, "c": 0.012663, "q": 0.0188586, "e": 0.0197611, "g": 0.0181449, "h": 0.0224628, "l": 0.236747, "k": 0.0270972, "m": 0.0761209, "f": 0.0566248, "p": 0.0202136, "s": 0.0596842, "t": 0.143111, "w": 0.0126145, "y": 0.0288468, "v": 0.566481 },
  "l": { "a": 0.0474422, "r": 0.0228805, "n": 0.0221759, "d": 0.00665045, "c": 0.00556589, "q": 0.0124353, "e": 0.00909827, "g": 0.015822, "h": 0.00754094, "i": 0.124102, "k": 0.0158741, "m": 0.112277, "f": 0.075736, "p": 0.0200891, "s": 0.0165854, "t": 0.0189561, "w": 0.0113401, "y": 0.00614758, "v": 0.0691032 },
  "k": { "a": 0.0472159, "r": 0.20669, "n": 0.126942, "d": 0.0139193, "c": 0.0108932, "q": 0.103361, "e": 0.0366233, "g": 0.0297063, "h": 0.0152162, "i": 0.0470096, "l": 0.0266117, "m": 0.056745, "f": 0.00744695, "p": 0.0495072, "s": 0.0471196, "t": 0.103902, "w": 0.00759223, "y": 0.0088036, "v": 0.0234374 },
  "m": { "a": 0.0962251, "r": 0.0921775, "n": 0.0564277, "d": 0.0390683, "c": 0.0309921, "q": 0.0893975, "e": 0.0435055, "g": 0.0491213, "h": 0.0515008, "i": 0.138064, "l": 0.559651, "k": 0.364219, "f": 0.0907224, "p": 0.0433109, "s": 0.0851079, "t": 0.0839299, "w": 0.0328684, "y": 0.035084, "v": 0.0757357 },
  "f": { "a": 0.0210368, "r": 0.0202299, "n": 0.0277966, "d": 0.0212032, "c": 0.0383763, "q": 0.026392, "e": 0.0207246, "g": 0.0181965, "h": 0.0226212, "i": 0.17996, "l": 0.0992115, "k": 0.0242966, "m": 0.0274585, "p": 0.0419963, "s": 0.0218705, "t": 0.0209236, "w": 0.0305027, "y": 0.157851, "v": 0.0459415 },
  "p": { "a": 0.207106, "r": 0.0245675, "n": 0.0292506, "d": 0.0207041, "c": 0.0107482, "q": 0.0843869, "e": 0.0492518, "g": 0.0667021, "h": 0.0287571, "i": 0.0132539, "l": 0.0299614, "k": 0.0342708, "m": 0.0117386, "f": 0.0102539, "s": 0.144854, "t": 0.034881, "w": 0.00905844, "y": 0.0238791, "v": 0.0235714 },
  "s": { "a": 0.397344, "r": 0.0644003, "n": 0.130389, "d": 0.0657985, "c": 0.0435918, "q": 0.0279276, "e": 0.0732273, "g": 0.175258, "h": 0.0178188, "i": 0.0154357, "l": 0.0137669, "k": 0.0626077, "m": 0.00960933, "f": 0.0139923, "p": 0.116092, "t": 0.256458, "w": 0.010727, "y": 0.0122504, "v": 0.0220752 },
  "t": { "a": 0.27737, "r": 0.0405228, "n": 0.112894, "d": 0.0279467, "c": 0.00854973, "q": 0.0357363, "e": 0.0482246, "g": 0.024138, "h": 0.0155444, "i": 0.0490458, "l": 0.045165, "k": 0.107699, "m": 0.0250672, "f": 0.00965878, "p": 0.0356574, "s": 0.317805, "w": 0.00703077, "y": 0.0249151, "v": 0.0629894 },
  "w": { "a": 0.0328269, "r": 0.0870573, "n": 0.0271836, "d": 0.0282027, "c": 0.0240846, "q": 0.0322585, "e": 0.0337286, "g": 0.0289528, "h": 0.0278566, "i": 0.0282331, "l": 0.0500504, "k": 0.0285662, "m": 0.0271501, "f": 0.0274962, "p": 0.0273269, "s": 0.0276763, "t": 0.027666, "y": 0.0439421, "v": 0.0283693 },
  "y": { "a": 0.0373083, "r": 0.0198359, "n": 0.0783322, "d": 0.0239084, "c": 0.034663, "q": 0.0224744, "e": 0.0235358, "g": 0.0198467, "h": 0.0572962, "i": 0.0302432, "l": 0.0529616, "k": 0.0232173, "m": 0.0210071, "f": 0.225986, "p": 0.028419, "s": 0.0282881, "t": 0.0257525, "w": 0.0249627, "v": 0.0326335 },
  "v": { "a": 0.225022, "r": 0.0329139, "n": 0.0158347, "d": 0.0218064, "c": 0.0196813, "q": 0.0142742, "e": 0.0186048, "g": 0.0228789, "h": 0.015633, "i": 0.465844, "l": 0.156174, "k": 0.0227083, "m": 0.0388611, "f": 0.0228349, "p": 0.0196903, "s": 0.0204937, "t": 0.128625, "w": 0.00916175, "y": 0.0200774 }
 }
}
