{
 "alphabet": "arndcqeghilkmfpstwyv",
 "insrate": 0.007708,
 "insextprob": 0.69863,
 "delrate": 0.00455828,
 "delextprob": 0.617647,
 "rootprob":
 {
  "a": 0.0893217,
  "r": 0.0413574,
  "n": 0.0436876,
  "d": 0.05387,
  "c": 0.0395029,
  "q": 0.0313178,
  "e": 0.0354959,
  "g": 0.0724333,
  "h": 0.0481739,
  "i": 0.0374976,
  "l": 0.0723669,
  "k": 0.0987604,
  "m": 0.0164413,
  "f": 0.0449029,
  "p": 0.0455889,
  "s": 0.0789472,
  "t": 0.0463139,
  "w": 0.00344258,
  "y": 0.0434551,
  "v": 0.0571226
 },
 "subrate":
 {
  "a": { "r": 0.0246183, "n": 0.0687601, "d": 0.0477833, "c": 0.0227485, "q": 0.0427743, "e": 0.102391, "g": 0.203118, "h": 0.0105234, "i": 0.0158325, "l": 0.0208661, "k": 0.021264, "m": 0.0173726, "f": 0.0127518, "p": 0.152178, "s": 0.324527, "t": 0.155728, "w": 0.00731071, "y": 0.00880136, "v": 0.178515 },
  "r": { "a": 0.0592523, "n": 0.0476623, "d": 0.0237491, "c": 0.0187162, "q": 0.154058, "e": 0.0413555, "g": 0.0560866, "h": 0.053372, "i": 0.0177921, "l": 0.0325623, "k": 0.338894, "m": 0.0305967, "f": 0.0126719, "p": 0.0781278, "s": 0.0746415, "t": 0.0334463, "w": 0.0240889, "y": 0.0146745, "v": 0.0341062 },
  "n": { "a": 0.0911033, "r": 0.024672, "d": 0.334382, "c": 0.0221054, "q": 0.0660333, "e": 0.0587733, "g": 0.143274, "h": 0.174267, "i": 0.0217046, "l": 0.0342254, "k": 0.200013, "m": 0.0194198, "f": 0.0222602, "p": 0.0347167, "s": 0.322053, "t": 0.130351, "w": 0.0135494, "y": 0.0219381, "v": 0.0228358 },
  "d": { "a": 0.151926, "r": 0.0190302, "n": 0.399738, "c": 0.0117424, "q": 0.0699966, "e": 0.578189, "g": 0.139565, "h": 0.0237523, "i": 0.0458042, "l": 0.0185599, "k": 0.0313498, "m": 0.0172728, "f": 0.0117605, "p": 0.0203374, "s": 0.102595, "t": 0.0443847, "w": 0.0130849, "y": 0.0146086, "v": 0.0171518 },
  "c": { "a": 0.0394187, "r": 0.011884, "n": 0.0148416, "d": 0.0116598, "q": 0.011711, "e": 0.0111314, "g": 0.013818, "h": 0.0107981, "i": 0.0139885, "l": 0.0119055, "k": 0.0108872, "m": 0.0126348, "f": 0.0106962, "p": 0.0147047, "s": 0.194183, "t": 0.0205849, "w": 0.0110245, "y": 0.0197012, "v": 0.0508816 },
  "q": { "a": 0.0555761, "r": 0.149942, "n": 0.0619513, "d": 0.0415728, "c": 0.0312927, "e": 0.25376, "g": 0.0575316, "h": 0.109464, "i": 0.0191149, "l": 0.028246, "k": 0.144082, "m": 0.02233, "f": 0.0133352, "p": 0.0368457, "s": 0.0822206, "t": 0.0666339, "w": 0.0151189, "y": 0.0147437, "v": 0.0207829 },
  "e": { "a": 0.158026, "r": 0.0273557, "n": 0.091933, "d": 0.367021, "c": 0.0115345, "q": 0.307744, "g": 0.105764, "h": 0.0315373, "i": 0.0207444, "l": 0.0185331, "k": 0.0862486, "m": 0.0169901, "f": 0.0113485, "p": 0.0333484, "s": 0.0886029, "t": 0.032013, "w": 0.0128265, "y": 0.0130472, "v": 0.019614 },
  "g": { "a": 0.169321, "r": 0.0291592, "n": 0.0918335, "d": 0.0591937, "c": 0.0179344, "q": 0.0174408, "e": 0.0272784, "h": 0.017504, "i": 0.0120774, "l": 0.0145342, "k": 0.0317213, "m": 0.0250585, "f": 0.0165662, "p": 0.0360931, "s": 0.114431, "t": 0.0253794, "w": 0.00673844, "y": 0.0123347, "v": 0.0268449 },
  "h": { "a": 0.0312138, "r": 0.0777098, "n": 0.230178, "d": 0.0698712, "c": 0.0208468, "q": 0.168624, "e": 0.0359097, "g": 0.0407372, "i": 0.0173303, "l": 0.023345, "k": 0.0288139, "m": 0.015406, "f": 0.0139956, "p": 0.014046, "s": 0.0544082, "t": 0.0315682, "w": 0.0130189, "y": 0.0342952, "v": 0.0207917 },
  "i": { "a": 0.0454392, "r": 0.0644632, "n": 0.0352218, "d": 0.0349295, "c": 0.0269395, "q": 0.0263021, "e": 0.0417681, "g": 0.0399517, "h": 0.0308897, "l": 0.310685, "k": 0.0815036, "m": 0.0866166, "f": 0.0598712, "p": 0.0315043, "s": 0.030435, "t": 0.0987703, "w": 0.0199512, "y": 0.0202306, "v": 0.787542 },
  "l": { "a": 0.0285289, "r": 0.00895009, "n": 0.0367292, "d": 0.010864, "c": 0.00694722, "q": 0.0301338, "e": 0.0178107, "g": 0.0172675, "h": 0.0169168, "i": 0.184261, "k": 0.0372885, "m": 0.080311, "f": 0.075606, "p": 0.0147056, "s": 0.0235106, "t": 0.0198522, "w": 0.0106755, "y": 0.0132917, "v": 0.160406 },
  "k": { "a": 0.0281285, "r": 0.232623, "n": 0.0875469, "d": 0.0321595, "c": 0.00598134, "q": 0.0554746, "e": 0.0418681, "g": 0.00929391, "h": 0.0178401, "i": 0.013105, "l": 0.0240795, "m": 0.0649442, "f": 0.0063476, "p": 0.0199134, "s": 0.082259, "t": 0.082363, "w": 0.00668225, "y": 0.0066512, "v": 0.0206097 },
  "m": { "a": 0.212808, "r": 0.0550116, "n": 0.0544518, "d": 0.0463426, "c": 0.034424, "q": 0.0994589, "e": 0.0545926, "g": 0.0518593, "h": 0.0403487, "i": 0.174446, "l": 0.360157, "k": 0.141837, "f": 0.0734843, "p": 0.0430265, "s": 0.0511432, "t": 0.117888, "w": 0.0368482, "y": 0.0358879, "v": 0.220985 },
  "f": { "a": 0.0234375, "r": 0.0119606, "n": 0.0443137, "d": 0.0140328, "c": 0.0210375, "q": 0.0121863, "e": 0.013278, "g": 0.0230775, "h": 0.015347, "i": 0.0246733, "l": 0.164773, "k": 0.0137746, "m": 0.0162561, "p": 0.0159619, "s": 0.0494575, "t": 0.0154351, "w": 0.0720634, "y": 0.248531, "v": 0.0280272 },
  "p": { "a": 0.210223, "r": 0.0715473, "n": 0.0355039, "d": 0.0167804, "c": 0.0135936, "q": 0.0634682, "e": 0.0176217, "g": 0.0696431, "h": 0.0161412, "i": 0.0183816, "l": 0.080285, "k": 0.0246559, "m": 0.0165473, "f": 0.01378, "s": 0.199476, "t": 0.0556165, "w": 0.0122474, "y": 0.0200858, "v": 0.0376209 },
  "s": { "a": 0.312861, "r": 0.0680584, "n": 0.140404, "d": 0.0511787, "c": 0.0595386, "q": 0.0192576, "e": 0.0358455, "g": 0.200756, "h": 0.0262267, "i": 0.0139332, "l": 0.0211106, "k": 0.0443741, "m": 0.0185879, "f": 0.0115924, "p": 0.106872, "t": 0.40956, "w": 0.0136485, "y": 0.0211461, "v": 0.0268277 },
  "t": { "a": 0.332455, "r": 0.0322645, "n": 0.076471, "d": 0.0654847, "c": 0.015129, "q": 0.0351569, "e": 0.0423008, "g": 0.0398237, "h": 0.0366384, "i": 0.0854128, "l": 0.029722, "k": 0.123741, "m": 0.0240721, "f": 0.0115122, "p": 0.0485997, "s": 0.382579, "w": 0.0180929, "y": 0.013979, "v": 0.115043 },
  "w": { "a": 0.096918, "r": 0.156961, "n": 0.0946212, "d": 0.0849041, "c": 0.0736198, "q": 0.0810501, "e": 0.0862353, "g": 0.0888435, "h": 0.08484, "i": 0.0940108, "l": 0.0987254, "k": 0.0844674, "m": 0.0866203, "f": 0.0939479, "p": 0.0851281, "s": 0.103999, "t": 0.106719, "y": 0.0866939, "v": 0.103459 },
  "y": { "a": 0.0447119, "r": 0.0124682, "n": 0.0518279, "d": 0.0178985, "c": 0.0552783, "q": 0.0130458, "e": 0.0168271, "g": 0.0197765, "h": 0.0265113, "i": 0.0166196, "l": 0.0316231, "k": 0.0125738, "m": 0.0144195, "f": 0.262358, "p": 0.0143108, "s": 0.0357041, "t": 0.022456, "w": 0.0254998, "v": 0.0431147 },
  "v": { "a": 0.171202, "r": 0.0202325, "n": 0.012559, "d": 0.0108913, "c": 0.00838828, "q": 0.0122887, "e": 0.0201653, "g": 0.051194, "h": 0.0283738, "i": 0.321179, "l": 0.142965, "k": 0.033404, "m": 0.0442499, "f": 0.017208, "p": 0.0357617, "s": 0.0330242, "t": 0.103726, "w": 0.00894086, "y": 0.0169029 }
 }
}
