{
 "alphabet": "arndcqeghilkmfpstwyv",
 "insrate": 0.00529481,
 "insextprob": 0.634146,
 "delrate": 0.00424028,
 "delextprob": 0.657143,
 "rootprob":
 {
  "a": 0.103375,
  "r": 0.0415035,
  "n": 0.0373525,
  "d": 0.0380615,
  "c": 0.0307161,
  "q": 0.0451443,
  "e": 0.066153,
  "g": 0.0704779,
  "h": 0.0364178,
  "i": 0.0512727,
  "l": 0.101742,
  "k": 0.0744309,
  "m": 0.0129041,
  "f": 0.055336,
  "p": 0.0369552,
  "s": 0.0631437,
  "t": 0.0425279,
  "w": 0.0107405,
  "y": 0.0286439,
  "v": 0.0531012
 },
 "subrate":
 {
  "a": { "r": 0.0188764, "n": 0.0161695, "d": 0.025558, "c": 0.0239229, "q": 0.0351205, "e": 0.0772506, "g": 0.212576, "h": 0.0272085, "i": 0.0117259, "l": 0.0216176, "k": 0.0234922, "m": 0.0133119, "f": 0.0116347, "p": 0.0789581, "s": 0.315065, "t": 0.168439, "w": 0.00566025, "y": 0.00824234, "v": 0.122557 },
  "r": { "a": 0.0317683, "n": 0.0447283, "d": 0.016057, "c": 0.0107267, "q": 0.103472, "e": 0.0249123, "g": 0.0279078, "h": 0.0762955, "i": 0.0297611, "l": 0.0243219, "k": 0.349486, "m": 0.0205186, "f": 0.0130899, "p": 0.0745792, "s": 0.0595331, "t": 0.0359355, "w": 0.01225, "y": 0.0121594, "v": 0.0220362 },
  "n": { "a": 0.0986424, "r": 0.0313609, "d": 0.34067, "c": 0.0157958, "q": 0.0412954, "e": 0.0614481, "g": 0.14382, "h": 0.0997475, "i": 0.0254669, "l": 0.0198271, "k": 0.255407, "m": 0.0209237, "f": 0.0389642, "p": 0.0462093, "s": 0.402269, "t": 0.134026, "w": 0.0142944, "y": 0.0316759, "v": 0.0234681 },
  "d": { "a": 0.0915292, "r": 0.0183831, "n": 0.239491, "c": 0.015088, "q": 0.0944333, "e": 0.444075, "g": 0.110108, "h": 0.0413659, "i": 0.0166124, "l": 0.0177117, "k": 0.0767939, "m": 0.0171046, "f": 0.0191105, "p": 0.0233897, "s": 0.0725964, "t": 0.0961915, "w": 0.0132671, "y": 0.014153, "v": 0.0202171 },
  "c": { "a": 0.0586745, "r": 0.0191696, "n": 0.0206284, "d": 0.0198106, "q": 0.0175823, "e": 0.0214842, "g": 0.0219037, "h": 0.016789, "i": 0.0217341, "l": 0.0162732, "k": 0.0223055, "m": 0.0181664, "f": 0.0208775, "p": 0.0320786, "s": 0.139858, "t": 0.0394078, "w": 0.0158107, "y": 0.0733658, "v": 0.0483219 },
  "q": { "a": 0.144452, "r": 0.0868786, "n": 0.103982, "d": 0.0822809, "c": 0.0145058, "e": 0.324795, "g": 0.0410237, "h": 0.220687, "i": 0.0384365, "l": 0.111357, "k": 0.116543, "m": 0.0295578, "f": 0.0179692, "p": 0.0911444, "s": 0.046466, "t": 0.0866206, "w": 0.0152954, "y": 0.0171595, "v": 0.0443978 },
  "e": { "a": 0.177483, "r": 0.0345467, "n": 0.0748746, "d": 0.398384, "c": 0.0104259, "q": 0.225341, "g": 0.109794, "h": 0.0419166, "i": 0.0159826, "l": 0.0200901, "k": 0.0700215, "m": 0.0140171, "f": 0.0114549, "p": 0.0317912, "s": 0.0697053, "t": 0.0724874, "w": 0.0105605, "y": 0.0190003, "v": 0.0553873 },
  "g": { "a": 0.165862, "r": 0.0121771, "n": 0.0458523, "d": 0.0622252, "c": 0.00846373, "q": 0.0256253, "e": 0.0324908, "h": 0.0223979, "i": 0.010128, "l": 0.0165671, "k": 0.0312487, "m": 0.00933267, "f": 0.0122232, "p": 0.0218896, "s": 0.172567, "t": 0.0213623, "w": 0.00664761, "y": 0.00647128, "v": 0.0532944 },
  "h": { "a": 0.0776924, "r": 0.0751905, "n": 0.182003, "d": 0.0734148, "c": 0.0142624, "q": 0.273351, "e": 0.0431239, "g": 0.020374, "i": 0.0243156, "l": 0.0830721, "k": 0.0702821, "m": 0.0365529, "f": 0.0319377, "p": 0.0396097, "s": 0.0448642, "t": 0.0414393, "w": 0.0151699, "y": 0.0245756, "v": 0.0369386 },
  "i": { "a": 0.0480027, "r": 0.0442988, "n": 0.037469, "d": 0.0252, "c": 0.0402602, "q": 0.0199138, "e": 0.015019, "g": 0.0206146, "h": 0.0197866, "l": 0.322885, "k": 0.0744098, "m": 0.130686, "f": 0.0432159, "p": 0.0216218, "s": 0.0512814, "t": 0.107939, "w": 0.0124301, "y": 0.0148901, "v": 0.626595 },
  "l": { "a": 0.0222596, "r": 0.0103293, "n": 0.0167087, "d": 0.00670945, "c": 0.010414, "q": 0.0294928, "e": 0.00709323, "g": 0.00852411, "h": 0.0134524, "i": 0.129974, "k": 0.0208988, "m": 0.0616598, "f": 0.0472029, "p": 0.0475595, "s": 0.0153022, "t": 0.0375479, "w": 0.0107537, "y": 0.0180092, "v": 0.138959 },
  "k": { "a": 0.0255463, "r": 0.191947, "n": 0.137588, "d": 0.0433988, "c": 0.00745043, "q": 0.0665497, "e": 0.036696, "g": 0.0467767, "h": 0.0366614, "i": 0.033681, "l": 0.01477, "m": 0.0488912, "f": 0.0175113, "p": 0.0286419, "s": 0.0384562, "t": 0.0555705, "w": 0.0097145, "y": 0.0138278, "v": 0.0316626 },
  "m": { "a": 0.112293, "r": 0.0818374, "n": 0.0865774, "d": 0.0582025, "c": 0.0739317, "q": 0.126337, "e": 0.0563709, "g": 0.0619221, "h": 0.0616239, "i": 0.32771, "l": 0.560949, "k": 0.1656, "f": 0.0909476, "p": 0.0839988, "s": 0.163892, "t": 0.123729, "w": 0.0465588, "y": 0.05253, "v": 0.198448 },
  "f": { "a": 0.0337987, "r": 0.0124046, "n": 0.0183755, "d": 0.00925216, "c": 0.0102999, "q": 0.0193182, "e": 0.00937097, "g": 0.0219555, "h": 0.0236378, "i": 0.0690858, "l": 0.135499, "k": 0.0117117, "m": 0.0271293, "p": 0.0327737, "s": 0.0152551, "t": 0.0268839, "w": 0.0095212, "y": 0.162328, "v": 0.0175262 },
  "p": { "a": 0.147105, "r": 0.0678155, "n": 0.0572653, "d": 0.0341637, "c": 0.0130606, "q": 0.0655827, "e": 0.0285811, "g": 0.0185346, "h": 0.0716396, "i": 0.0207731, "l": 0.0192188, "k": 0.0460406, "m": 0.03835, "f": 0.0260461, "s": 0.188735, "t": 0.028161, "w": 0.0132331, "y": 0.0130408, "v": 0.0476678 },
  "s": { "a": 0.386082, "r": 0.0713102, "n": 0.246695, "d": 0.106132, "c": 0.0267148, "q": 0.0290548, "e": 0.0301935, "g": 0.186374, "h": 0.0246954, "i": 0.0356972, "l": 0.0341265, "k": 0.0487764, "m": 0.0196038, "f": 0.017831, "p": 0.0490659, "t": 0.348785, "w": 0.00827265, "y": 0.0126749, "v": 0.0381161 },
  "t": { "a": 0.240666, "r": 0.0290242, "n": 0.0796712, "d": 0.0424059, "c": 0.0226407, "q": 0.0356712, "e": 0.0222716, "g": 0.0391868, "h": 0.0149199, "i": 0.0675846, "l": 0.0162928, "k": 0.0641535, "m": 0.0448334, "f": 0.0216064, "p": 0.0358632, "s": 0.440964, "w": 0.00963577, "y": 0.0207929, "v": 0.114416 },
  "w": { "a": 0.0651562, "r": 0.113118, "n": 0.0866063, "d": 0.0638572, "c": 0.0553092, "q": 0.0651749, "e": 0.0626903, "g": 0.0609962, "h": 0.0657778, "i": 0.0646723, "l": 0.110223, "k": 0.107983, "m": 0.0651537, "f": 0.184652, "p": 0.0641958, "s": 0.0693217, "t": 0.0665402, "y": 0.057646, "v": 0.0631398 },
  "y": { "a": 0.0388028, "r": 0.0174204, "n": 0.0239884, "d": 0.0188811, "c": 0.0259616, "q": 0.016411, "e": 0.0285626, "g": 0.0171444, "h": 0.0731434, "i": 0.0185848, "l": 0.0286542, "k": 0.0278013, "m": 0.0175776, "f": 0.129067, "p": 0.0154598, "s": 0.0235284, "t": 0.0523569, "w": 0.0146878, "v": 0.0165869 },
  "v": { "a": 0.246457, "r": 0.0229211, "n": 0.0188592, "d": 0.0188194, "c": 0.0244409, "q": 0.0268696, "e": 0.0154301, "g": 0.0258197, "h": 0.0263372, "i": 0.467967, "l": 0.0871145, "k": 0.0413964, "m": 0.0454184, "f": 0.0278525, "p": 0.0209788, "s": 0.0413063, "t": 0.216781, "w": 0.00999516, "y": 0.0112548 }
 }
}
