{
 "alphabet": "arndcqeghilkmfpstwyv",
 "insrate": 0.00514462,
 "insextprob": 0.666667,
 "delrate": 0.00617581,
 "delextprob": 0.678571,
 "rootprob":
 {
  "a": 0.0748817,
  "r": 0.0415546,
  "n": 0.039096,
  "d": 0.050833,
  "c": 0.0444799,
  "q": 0.0285019,
  "e": 0.0581807,
  "g": 0.08516,
  "h": 0.0294501,
  "i": 0.032257,
  "l": 0.0883151,
  "k": 0.0825667,
  "m": 0.0131497,
  "f": 0.0314996,
  "p": 0.04287,
  "s": 0.0578991,
  "t": 0.0749098,
  "w": 0.0177823,
  "y": 0.0373172,
  "v": 0.0692955
 },
 "subrate":
 {
  "a": { "r": 0.0318924, "n": 0.0209767, "d": 0.0468257, "c": 0.0143415, "q": 0.0407568, "e": 0.0616387, "g": 0.147545, "h": 0.0114938, "i": 0.0129286, "l": 0.0234475, "k": 0.0541531, "m": 0.0379101, "f": 0.0103772, "p": 0.154278, "s": 0.368917, "t": 0.233456, "w": 0.00565973, "y": 0.0142728, "v": 0.138714 },
  "r": { "a": 0.0794444, "n": 0.0383254, "d": 0.0204266, "c": 0.0160895, "q": 0.10322, "e": 0.0260373, "g": 0.0256223, "h": 0.112172, "i": 0.0194011, "l": 0.0324243, "k": 0.300585, "m": 0.0243033, "f": 0.0191518, "p": 0.0525473, "s": 0.12094, "t": 0.0552626, "w": 0.0230245, "y": 0.0186216, "v": 0.0333987 },
  "n": { "a": 0.063661, "r": 0.0440969, "d": 0.325608, "c": 0.0172165, "q": 0.0542519, "e": 0.0701802, "g": 0.122462, "h": 0.160167, "i": 0.0309011, "l": 0.025343, "k": 0.24301, "m": 0.0174162, "f": 0.0133491, "p": 0.0241111, "s": 0.310774, "t": 0.0916431, "w": 0.0101148, "y": 0.0277872, "v": 0.0281833 },
  "d": { "a": 0.0684885, "r": 0.021629, "n": 0.369838, "c": 0.0119963, "q": 0.0633867, "e": 0.545217, "g": 0.183154, "h": 0.0553682, "i": 0.02188, "l": 0.020515, "k": 0.0482873, "m": 0.0155375, "f": 0.0117473, "p": 0.0772799, "s": 0.104175, "t": 0.0471088, "w": 0.00982319, "y": 0.0136607, "v": 0.0164778 },
  "c": { "a": 0.0719585, "r": 0.022577, "n": 0.0174717, "d": 0.0134335, "q": 0.0140998, "e": 0.0130871, "g": 0.0311814, "h": 0.0324817, "i": 0.0233679, "l": 0.0187083, "k": 0.0134943, "m": 0.0157997, "f": 0.0281145, "p": 0.0176978, "s": 0.0468858, "t": 0.0268324, "w": 0.0109405, "y": 0.0350222, "v": 0.0777591 },
  "q": { "a": 0.127792, "r": 0.0801803, "n": 0.110536, "d": 0.0639618, "c": 0.0307253, "e": 0.16145, "g": 0.0407765, "h": 0.203716, "i": 0.0516048, "l": 0.0599299, "k": 0.152497, "m": 0.0283818, "f": 0.015746, "p": 0.173533, "s": 0.0617865, "t": 0.046106, "w": 0.0130435, "y": 0.0180025, "v": 0.0269324 },
  "e": { "a": 0.138327, "r": 0.025385, "n": 0.0624707, "d": 0.4415, "c": 0.0105387, "q": 0.292591, "g": 0.064306, "h": 0.0432451, "i": 0.0268318, "l": 0.0354893, "k": 0.101202, "m": 0.0152815, "f": 0.010273, "p": 0.066023, "s": 0.0678265, "t": 0.0877782, "w": 0.00890819, "y": 0.0112037, "v": 0.0335603 },
  "g": { "a": 0.162182, "r": 0.0158518, "n": 0.0699291, "d": 0.0711242, "c": 0.0146729, "q": 0.0134557, "e": 0.0279719, "h": 0.00809465, "i": 0.00745976, "l": 0.0181073, "k": 0.0209589, "m": 0.00771708, "f": 0.00576338, "p": 0.0272362, "s": 0.145723, "t": 0.0177932, "w": 0.00507818, "y": 0.00691936, "v": 0.0215254 },
  "h": { "a": 0.0520482, "r": 0.0736538, "n": 0.255313, "d": 0.0571225, "c": 0.0172937, "q": 0.178683, "e": 0.0305085, "g": 0.0283973, "i": 0.0182821, "l": 0.0328454, "k": 0.0418796, "m": 0.0198945, "f": 0.0416507, "p": 0.0481055, "s": 0.0400766, "t": 0.0414301, "w": 0.0244451, "y": 0.0976401, "v": 0.0207019 },
  "i": { "a": 0.0426964, "r": 0.0396303, "n": 0.0605993, "d": 0.0330173, "c": 0.040892, "q": 0.0222583, "e": 0.0349311, "g": 0.0254375, "h": 0.0199223, "l": 0.319758, "k": 0.0290518, "m": 0.118269, "f": 0.0587082, "p": 0.0228396, "s": 0.0531594, "t": 0.061541, "w": 0.014633, "y": 0.0408906, "v": 0.8361 },
  "l": { "a": 0.051533, "r": 0.0167195, "n": 0.015757, "d": 0.00728036, "c": 0.00541763, "q": 0.00756839, "e": 0.0185112, "g": 0.00923696, "h": 0.0135939, "i": 0.0888768, "k": 0.0119691, "m": 0.0734976, "f": 0.0796066, "p": 0.0128007, "s": 0.00998647, "t": 0.0168857, "w": 0.00857239, "y": 0.00999667, "v": 0.109591 },
  "k": { "a": 0.0321127, "r": 0.216456, "n": 0.0841847, "d": 0.0362698, "c": 0.00797124, "q": 0.0973603, "e": 0.0700352, "g": 0.0219786, "h": 0.021694, "i": 0.0256904, "l": 0.0222192, "m": 0.041589, "f": 0.00876631, "p": 0.0475968, "s": 0.0635339, "t": 0.100933, "w": 0.00603387, "y": 0.00840829, "v": 0.0233959 },
  "m": { "a": 0.136375, "r": 0.133899, "n": 0.0817393, "d": 0.0620181, "c": 0.0533732, "q": 0.0800984, "e": 0.0700249, "g": 0.0676656, "h": 0.069399, "i": 0.130954, "l": 0.893498, "k": 0.238575, "f": 0.0783022, "p": 0.0657719, "s": 0.080022, "t": 0.244153, "w": 0.0428172, "y": 0.0665497, "v": 0.14091 },
  "f": { "a": 0.0240335, "r": 0.0462132, "n": 0.0163, "d": 0.0147902, "c": 0.0188535, "q": 0.0350314, "e": 0.0162111, "g": 0.0147379, "h": 0.0211049, "i": 0.0446585, "l": 0.116463, "k": 0.0164467, "m": 0.0266875, "p": 0.0409958, "s": 0.0197417, "t": 0.0296729, "w": 0.0128057, "y": 0.297418, "v": 0.0465073 },
  "p": { "a": 0.201626, "r": 0.0331798, "n": 0.0203069, "d": 0.0319539, "c": 0.0124079, "q": 0.033185, "e": 0.0514266, "g": 0.0338948, "h": 0.0586244, "i": 0.0175097, "l": 0.0633068, "k": 0.0349804, "m": 0.0141773, "f": 0.0180584, "s": 0.231711, "t": 0.0483683, "w": 0.00822928, "y": 0.0109694, "v": 0.0395908 },
  "s": { "a": 0.317464, "r": 0.0319436, "n": 0.207325, "d": 0.0613305, "c": 0.0816918, "q": 0.0642261, "e": 0.037677, "g": 0.114759, "h": 0.0232553, "i": 0.0121361, "l": 0.0245643, "k": 0.0714922, "m": 0.0210749, "f": 0.0125006, "p": 0.115991, "t": 0.374847, "w": 0.011977, "y": 0.0145523, "v": 0.0175348 },
  "t": { "a": 0.348644, "r": 0.0216834, "n": 0.140709, "d": 0.0357825, "c": 0.0119626, "q": 0.0290261, "e": 0.0450532, "g": 0.0385364, "h": 0.0140618, "i": 0.0544999, "l": 0.0132912, "k": 0.112138, "m": 0.0208911, "f": 0.0161944, "p": 0.031984, "s": 0.400813, "w": 0.00680178, "y": 0.0113226, "v": 0.138775 },
  "w": { "a": 0.0254681, "r": 0.0904698, "n": 0.047395, "d": 0.0249977, "c": 0.0225536, "q": 0.0314056, "e": 0.0245229, "g": 0.0233991, "h": 0.0268772, "i": 0.0280017, "l": 0.0247298, "k": 0.0359224, "m": 0.0257548, "f": 0.0341104, "p": 0.0239247, "s": 0.0496787, "t": 0.0258187, "y": 0.0512215, "v": 0.0490991 },
  "y": { "a": 0.0250172, "r": 0.0221495, "n": 0.0427625, "d": 0.0189289, "c": 0.0308007, "q": 0.0224961, "e": 0.0347398, "g": 0.0157706, "h": 0.0682952, "i": 0.026555, "l": 0.0645009, "k": 0.0482686, "m": 0.0227053, "f": 0.310582, "p": 0.0188235, "s": 0.0427182, "t": 0.0266182, "w": 0.0274723, "v": 0.0698724 },
  "v": { "a": 0.180725, "r": 0.0177495, "n": 0.0132668, "d": 0.0278637, "c": 0.0102581, "q": 0.0298262, "e": 0.0205308, "g": 0.0518726, "h": 0.00891465, "i": 0.370524, "l": 0.157246, "k": 0.0268451, "m": 0.0516893, "f": 0.0182813, "p": 0.0254423, "s": 0.0254616, "t": 0.0590027, "w": 0.00639715, "y": 0.0137103 }
 }
}
