{
 "alphabet": "arndcqeghilkmfpstwyv",
 "insrate": 0.00579168,
 "insextprob": 0.514286,
 "delrate": 0.00647483,
 "delextprob": 0.712121,
 "rootprob":
 {
  "a": 0.0936572,
  "r": 0.0447121,
  "n": 0.026032,
  "d": 0.0650132,
  "c": 0.025364,
  "q": 0.025469,
  "e": 0.0397102,
  "g": 0.0836291,
  "h": 0.037296,
  "i": 0.0453691,
  "l": 0.11081,
  "k": 0.0871229,
  "m": 0.00852574,
  "f": 0.0400414,
  "p": 0.0512468,
  "s": 0.0764182,
  "t": 0.0414662,
  "w": 0.0108906,
  "y": 0.0351128,
  "v": 0.052113
 },
 "subrate":
 {
  "a": { "r": 0.0234616, "n": 0.0199907, "d": 0.0449239, "c": 0.0344047, "q": 0.0412983, "e": 0.0695522, "g": 0.265813, "h": 0.0161976, "i": 0.011925, "l": 0.0444546, "k": 0.0336258, "m": 0.0139482, "f": 0.0104049, "p": 0.0353398, "s": 0.331334, "t": 0.15104, "w": 0.0053753, "y": 0.00580574, "v": 0.158078 },
  "r": { "a": 0.0368545, "n": 0.0566103, "d": 0.0295836, "c": 0.0323547, "q": 0.117674, "e": 0.0296402, "g": 0.0260851, "h": 0.0922966, "i": 0.0309933, "l": 0.0312541, "k": 0.396902, "m": 0.0450422, "f": 0.014913, "p": 0.0336122, "s": 0.0622468, "t": 0.0272464, "w": 0.0467911, "y": 0.0244623, "v": 0.0403468 },
  "n": { "a": 0.0612389, "r": 0.0287828, "d": 0.341797, "c": 0.0177652, "q": 0.0439094, "e": 0.0769605, "g": 0.109267, "h": 0.155124, "i": 0.0452705, "l": 0.0240384, "k": 0.235977, "m": 0.0265753, "f": 0.0290202, "p": 0.027727, "s": 0.32512, "t": 0.137119, "w": 0.0146377, "y": 0.0302648, "v": 0.0420732 },
  "d": { "a": 0.100262, "r": 0.0123747, "n": 0.262746, "c": 0.00993013, "q": 0.0533055, "e": 0.543264, "g": 0.113799, "h": 0.0537366, "i": 0.0292837, "l": 0.011752, "k": 0.0342336, "m": 0.0140736, "f": 0.0113455, "p": 0.0147796, "s": 0.0574536, "t": 0.0521049, "w": 0.00915371, "y": 0.00987307, "v": 0.0311137 },
  "c": { "a": 0.0474661, "r": 0.0152292, "n": 0.0177636, "d": 0.0220582, "q": 0.0161033, "e": 0.0217965, "g": 0.0206686, "h": 0.0165993, "i": 0.0171926, "l": 0.0197787, "k": 0.015535, "m": 0.0178878, "f": 0.0161501, "p": 0.0153114, "s": 0.0463905, "t": 0.0224076, "w": 0.0138506, "y": 0.0645691, "v": 0.023293 },
  "q": { "a": 0.0804002, "r": 0.0809133, "n": 0.0688099, "d": 0.115591, "c": 0.0188021, "e": 0.298301, "g": 0.0471324, "h": 0.152704, "i": 0.0285826, "l": 0.0678582, "k": 0.142687, "m": 0.0489098, "f": 0.0204237, "p": 0.038254, "s": 0.0926191, "t": 0.0751175, "w": 0.0159021, "y": 0.0166323, "v": 0.0375998 },
  "e": { "a": 0.205145, "r": 0.0177903, "n": 0.026568, "d": 0.380239, "c": 0.0108761, "q": 0.265953, "g": 0.103037, "h": 0.0492213, "i": 0.0302425, "l": 0.0146403, "k": 0.12998, "m": 0.0171645, "f": 0.0114549, "p": 0.0334203, "s": 0.0581776, "t": 0.0265552, "w": 0.0100344, "y": 0.0103059, "v": 0.0249699 },
  "g": { "a": 0.171286, "r": 0.0163207, "n": 0.0640761, "d": 0.102105, "c": 0.0152165, "q": 0.0132663, "e": 0.0359107, "h": 0.0156007, "i": 0.014602, "l": 0.0123827, "k": 0.0314426, "m": 0.0111868, "f": 0.00913436, "p": 0.027173, "s": 0.162219, "t": 0.0202081, "w": 0.00609018, "y": 0.00732496, "v": 0.067669 },
  "h": { "a": 0.0420339, "r": 0.103854, "n": 0.277281, "d": 0.0336418, "c": 0.0204509, "q": 0.256564, "e": 0.0299875, "g": 0.045431, "i": 0.025948, "l": 0.0529994, "k": 0.0804782, "m": 0.0457009, "f": 0.0383849, "p": 0.0529498, "s": 0.127786, "t": 0.0515118, "w": 0.0166836, "y": 0.0481371, "v": 0.0554086 },
  "i": { "a": 0.0746708, "r": 0.0369545, "n": 0.0243386, "d": 0.0219797, "c": 0.0133909, "q": 0.0189632, "e": 0.0318344, "g": 0.0174628, "h": 0.0178906, "l": 0.279668, "k": 0.0635793, "m": 0.0735211, "f": 0.0296957, "p": 0.0237099, "s": 0.020745, "t": 0.0733594, "w": 0.0136243, "y": 0.0168009, "v": 0.878949 },
  "l": { "a": 0.0328973, "r": 0.0223271, "n": 0.00732082, "d": 0.00702331, "c": 0.00767585, "q": 0.0305242, "e": 0.0102016, "g": 0.0170736, "h": 0.0307232, "i": 0.143429, "k": 0.016768, "m": 0.0982275, "f": 0.0904622, "p": 0.014624, "s": 0.0211384, "t": 0.0170547, "w": 0.0143359, "y": 0.0295746, "v": 0.101111 },
  "k": { "a": 0.0372323, "r": 0.182394, "n": 0.0875714, "d": 0.046241, "c": 0.00855311, "q": 0.081389, "e": 0.0746212, "g": 0.0155199, "h": 0.0131663, "i": 0.0299345, "l": 0.0313806, "m": 0.0289168, "f": 0.00774825, "p": 0.020997, "s": 0.0855628, "t": 0.0407071, "w": 0.0059572, "y": 0.0100123, "v": 0.0239867 },
  "m": { "a": 0.172623, "r": 0.0972879, "n": 0.0780935, "d": 0.0696104, "c": 0.0602264, "q": 0.0856311, "e": 0.0689009, "g": 0.0693689, "h": 0.0739714, "i": 0.23995, "l": 0.497303, "k": 0.373437, "f": 0.0810788, "p": 0.0635394, "s": 0.12634, "t": 0.103007, "w": 0.0504693, "y": 0.0560205, "v": 0.393927 },
  "f": { "a": 0.0276895, "r": 0.0243006, "n": 0.0146921, "d": 0.0232011, "c": 0.0116951, "q": 0.0144414, "e": 0.0140997, "g": 0.0127238, "h": 0.0348812, "i": 0.0532971, "l": 0.143279, "k": 0.019344, "m": 0.0415816, "p": 0.0135404, "s": 0.0318605, "t": 0.0175792, "w": 0.0197013, "y": 0.282432, "v": 0.0371895 },
  "p": { "a": 0.164492, "r": 0.0584444, "n": 0.0424892, "d": 0.0314949, "c": 0.00983988, "q": 0.0291688, "e": 0.0151708, "g": 0.01571, "h": 0.046624, "i": 0.017507, "l": 0.014775, "k": 0.0224526, "m": 0.0288167, "f": 0.0199223, "s": 0.115474, "t": 0.0446608, "w": 0.00994613, "y": 0.0100079, "v": 0.0475933 },
  "s": { "a": 0.356305, "r": 0.051078, "n": 0.225889, "d": 0.0833013, "c": 0.0389581, "q": 0.0316106, "e": 0.0322512, "g": 0.1739, "h": 0.0272866, "i": 0.011578, "l": 0.0143203, "k": 0.0734683, "m": 0.0135831, "f": 0.0167601, "p": 0.08965, "t": 0.311147, "w": 0.00683877, "y": 0.00881071, "v": 0.0199034 },
  "t": { "a": 0.252187, "r": 0.033018, "n": 0.0967077, "d": 0.0257051, "c": 0.0387076, "q": 0.0326606, "e": 0.0263012, "g": 0.0186255, "h": 0.0243714, "i": 0.101916, "l": 0.0256167, "k": 0.106874, "m": 0.0321553, "f": 0.0118977, "p": 0.0268882, "s": 0.390184, "w": 0.0096467, "y": 0.0172165, "v": 0.144793 },
  "w": { "a": 0.0443669, "r": 0.0783089, "n": 0.0431207, "d": 0.0433556, "c": 0.037285, "q": 0.0547865, "e": 0.0426905, "g": 0.039738, "h": 0.06465, "i": 0.0574612, "l": 0.0507446, "k": 0.0441416, "m": 0.0484472, "f": 0.0621113, "p": 0.0402481, "s": 0.042638, "t": 0.0423609, "y": 0.0822707, "v": 0.0477083 },
  "y": { "a": 0.0835538, "r": 0.0309056, "n": 0.0350997, "d": 0.0191016, "c": 0.0266492, "q": 0.0192238, "e": 0.0228533, "g": 0.0163479, "h": 0.0735844, "i": 0.027983, "l": 0.0328781, "k": 0.0175462, "m": 0.0298908, "f": 0.213004, "p": 0.0240837, "s": 0.039348, "t": 0.078608, "w": 0.0277237, "v": 0.0423096 },
  "v": { "a": 0.252188, "r": 0.0157486, "n": 0.0342745, "d": 0.0222935, "c": 0.0100473, "q": 0.0212656, "e": 0.0463209, "g": 0.0141456, "h": 0.012433, "i": 0.404495, "l": 0.113078, "k": 0.0377596, "m": 0.0437378, "f": 0.0246007, "p": 0.015194, "s": 0.0292673, "t": 0.130206, "w": 0.00808321, "y": 0.0115087 }
 }
}
