{
 "alphabet": "arndcqeghilkmfpstwyv",
 "insrate": 0.00367941,
 "insextprob": 0.56,
 "delrate": 0.00434241,
 "delextprob": 0.717391,
 "rootprob":
 {
  "a": 0.0642723,
  "r": 0.0336972,
  "n": 0.0343845,
  "d": 0.0620458,
  "c": 0.0239588,
  "q": 0.0233193,
  "e": 0.0568187,
  "g": 0.0787971,
  "h": 0.0402637,
  "i": 0.025024,
  "l": 0.0797308,
  "k": 0.0926248,
  "m": 0.0186279,
  "f": 0.052208,
  "p": 0.0494441,
  "s": 0.0827456,
  "t": 0.0692015,
  "w": 0.0129298,
  "y": 0.0304493,
  "v": 0.0694568
 },
 "subrate":
 {
  "a": { "r": 0.0132715, "n": 0.0253341, "d": 0.064097, "c": 0.0166259, "q": 0.0473659, "e": 0.0816791, "g": 0.145412, "h": 0.0160192, "i": 0.0302226, "l": 0.0327521, "k": 0.0305111, "m": 0.0125955, "f": 0.00715888, "p": 0.107717, "s": 0.278565, "t": 0.146714, "w": 0.00697612, "y": 0.0154205, "v": 0.130687 },
  "r": { "a": 0.0671338, "n": 0.0390224, "d": 0.0215623, "c": 0.015051, "q": 0.0630962, "e": 0.0260286, "g": 0.0301053, "h": 0.0539915, "i": 0.0297951, "l": 0.0252722, "k": 0.320112, "m": 0.042656, "f": 0.0295311, "p": 0.051022, "s": 0.056992, "t": 0.0833744, "w": 0.0572267, "y": 0.0253249, "v": 0.0457868 },
  "n": { "a": 0.031862, "r": 0.0421664, "d": 0.360888, "c": 0.0129575, "q": 0.0509634, "e": 0.0654821, "g": 0.107546, "h": 0.166106, "i": 0.0345609, "l": 0.0154475, "k": 0.204141, "m": 0.0168306, "f": 0.012936, "p": 0.0584215, "s": 0.284902, "t": 0.115126, "w": 0.0117516, "y": 0.0295869, "v": 0.0213134 },
  "d": { "a": 0.0566136, "r": 0.0239043, "n": 0.335208, "c": 0.00980393, "q": 0.0245359, "e": 0.557609, "g": 0.0996287, "h": 0.0488016, "i": 0.0184978, "l": 0.0201803, "k": 0.0496863, "m": 0.019264, "f": 0.0117411, "p": 0.0318708, "s": 0.0999879, "t": 0.0295815, "w": 0.0102419, "y": 0.0151425, "v": 0.0316094 },
  "c": { "a": 0.046527, "r": 0.0206228, "n": 0.0281438, "d": 0.0222101, "q": 0.0272443, "e": 0.0241445, "g": 0.0306191, "h": 0.0259879, "i": 0.0347463, "l": 0.020225, "k": 0.0204537, "m": 0.0220235, "f": 0.0191418, "p": 0.0228008, "s": 0.0789492, "t": 0.0723104, "w": 0.0188225, "y": 0.0365433, "v": 0.0681391 },
  "q": { "a": 0.175071, "r": 0.173267, "n": 0.126901, "d": 0.0896065, "c": 0.0288816, "e": 0.284793, "g": 0.0415849, "h": 0.323245, "i": 0.0301634, "l": 0.0656707, "k": 0.143863, "m": 0.0372749, "f": 0.0207161, "p": 0.0703537, "s": 0.0834372, "t": 0.0837177, "w": 0.0205038, "y": 0.0236976, "v": 0.0433106 },
  "e": { "a": 0.237998, "r": 0.0267128, "n": 0.0537362, "d": 0.490051, "c": 0.0104545, "q": 0.264954, "g": 0.0657795, "h": 0.0203587, "i": 0.0149879, "l": 0.0183127, "k": 0.0857118, "m": 0.0164556, "f": 0.0113401, "p": 0.0261807, "s": 0.0444448, "t": 0.0617833, "w": 0.0109812, "y": 0.0121074, "v": 0.0377183 },
  "g": { "a": 0.181428, "r": 0.00987658, "n": 0.0741745, "d": 0.0698435, "c": 0.00652774, "q": 0.0117635, "e": 0.021532, "h": 0.0255127, "i": 0.0101429, "l": 0.00833993, "k": 0.0474532, "m": 0.0073828, "f": 0.0120995, "p": 0.0336358, "s": 0.143123, "t": 0.022683, "w": 0.0058346, "y": 0.00572292, "v": 0.0100416 },
  "h": { "a": 0.0692525, "r": 0.0691946, "n": 0.144228, "d": 0.037806, "c": 0.0122257, "q": 0.218027, "e": 0.0208016, "g": 0.0422732, "i": 0.0168017, "l": 0.0280426, "k": 0.0292154, "m": 0.0159278, "f": 0.0330117, "p": 0.0673823, "s": 0.0482838, "t": 0.075604, "w": 0.0123899, "y": 0.0142347, "v": 0.027275 },
  "i": { "a": 0.0439625, "r": 0.0322281, "n": 0.0511845, "d": 0.0270799, "c": 0.0180972, "q": 0.0252666, "e": 0.0215941, "g": 0.0239695, "h": 0.032446, "l": 0.32498, "k": 0.0420633, "m": 0.0877074, "f": 0.0704125, "p": 0.0283958, "s": 0.0315945, "t": 0.167571, "w": 0.0185372, "y": 0.020853, "v": 0.804784 },
  "l": { "a": 0.0695035, "r": 0.0103353, "n": 0.014981, "d": 0.00899005, "c": 0.00542037, "q": 0.0216215, "e": 0.0105438, "g": 0.0139134, "h": 0.021646, "i": 0.0885956, "k": 0.00793759, "m": 0.0625956, "f": 0.0662628, "p": 0.0197838, "s": 0.0117352, "t": 0.0296723, "w": 0.00603024, "y": 0.0146424, "v": 0.0710101 },
  "k": { "a": 0.0473472, "r": 0.152653, "n": 0.134453, "d": 0.0188778, "c": 0.00771543, "q": 0.0943793, "e": 0.0723829, "g": 0.0219792, "h": 0.0179013, "i": 0.0264713, "l": 0.0367215, "m": 0.0357552, "f": 0.0067853, "p": 0.0259856, "s": 0.0965302, "t": 0.0718269, "w": 0.00631307, "y": 0.00591654, "v": 0.0203697 },
  "m": { "a": 0.123184, "r": 0.0600436, "n": 0.064024, "d": 0.0509885, "c": 0.0404139, "q": 0.0619327, "e": 0.0488863, "g": 0.0885566, "h": 0.0600356, "i": 0.201811, "l": 0.642486, "k": 0.26018, "f": 0.118491, "p": 0.0572844, "s": 0.062403, "t": 0.178464, "w": 0.0420415, "y": 0.055497, "v": 0.173763 },
  "f": { "a": 0.017248, "r": 0.00944942, "n": 0.0104963, "d": 0.0107128, "c": 0.00859945, "q": 0.0148763, "e": 0.00990791, "g": 0.0141852, "h": 0.0177233, "i": 0.0870892, "l": 0.146468, "k": 0.00909869, "m": 0.0231838, "p": 0.0111191, "s": 0.0322358, "t": 0.0124781, "w": 0.0265788, "y": 0.242002, "v": 0.0170792 },
  "p": { "a": 0.189026, "r": 0.0500443, "n": 0.0153483, "d": 0.0220926, "c": 0.0187808, "q": 0.0754457, "e": 0.0150085, "g": 0.0411412, "h": 0.0260652, "i": 0.0133403, "l": 0.0241102, "k": 0.0452838, "m": 0.0119267, "f": 0.00901105, "s": 0.137655, "t": 0.0345287, "w": 0.00939401, "y": 0.013719, "v": 0.0196369 },
  "s": { "a": 0.329259, "r": 0.0611451, "n": 0.248947, "d": 0.0438828, "c": 0.0321962, "q": 0.0525884, "e": 0.0283848, "g": 0.171972, "h": 0.0251007, "i": 0.019286, "l": 0.016549, "k": 0.0584533, "m": 0.00955606, "f": 0.00820358, "p": 0.103376, "t": 0.32991, "w": 0.00726709, "y": 0.0173267, "v": 0.0214256 },
  "t": { "a": 0.252965, "r": 0.0315466, "n": 0.105147, "d": 0.0283692, "c": 0.00938867, "q": 0.0219242, "e": 0.02177, "g": 0.0171458, "h": 0.0137822, "i": 0.0678671, "l": 0.0350789, "k": 0.119331, "m": 0.0151031, "f": 0.00872569, "p": 0.0491659, "s": 0.318416, "w": 0.00811282, "y": 0.0190905, "v": 0.131112 },
  "w": { "a": 0.0980032, "r": 0.2498, "n": 0.0536458, "d": 0.0496985, "c": 0.0435365, "q": 0.0533655, "e": 0.0490001, "g": 0.0516067, "h": 0.0525925, "i": 0.0557651, "l": 0.0768575, "k": 0.0748406, "m": 0.058422, "f": 0.0993163, "p": 0.053719, "s": 0.0621529, "t": 0.0565815, "y": 0.102466, "v": 0.0557385 },
  "y": { "a": 0.0243578, "r": 0.0166165, "n": 0.031663, "d": 0.0173841, "c": 0.0424654, "q": 0.0217231, "e": 0.0183947, "g": 0.0171332, "h": 0.0444729, "i": 0.0244254, "l": 0.0648231, "k": 0.0158568, "m": 0.0206707, "f": 0.302456, "p": 0.0209354, "s": 0.0205049, "t": 0.0223876, "w": 0.0169829, "v": 0.018849 },
  "v": { "a": 0.283129, "r": 0.0345703, "n": 0.0265432, "d": 0.0175137, "c": 0.03112, "q": 0.0390467, "e": 0.020038, "g": 0.0181796, "h": 0.029454, "i": 0.474659, "l": 0.155228, "k": 0.0248752, "m": 0.07102, "f": 0.0131349, "p": 0.0550697, "s": 0.0286311, "t": 0.0620344, "w": 0.00961799, "y": 0.00932477 }
 }
}
