{
 "alphabet": "arndcqeghilkmfpstwyv",
 "insrate": 0.00674013,
 "insextprob": 0.661017,
 "delrate": 0.00337782,
 "delextprob": 0.655172,
 "rootprob":
 {
  "a": 0.0668832,
  "r": 0.0418937,
  "n": 0.0370813,
  "d": 0.0705302,
  "c": 0.0325412,
  "q": 0.0437672,
  "e": 0.038569,
  "g": 0.0966216,
  "h": 0.0274126,
  "i": 0.0440805,
  "l": 0.0890985,
  "k": 0.0638439,
  "m": 0.00787925,
  "f": 0.0328565,
  "p": 0.0566996,
  "s": 0.0790381,
  "t": 0.0669595,
  "w": 0.00871381,
  "y": 0.0244892,
  "v": 0.0710412
 },
 "subrate":
 {
  "a": { "r": 0.0238514, "n": 0.0261728, "d": 0.042626, "c": 0.0235144, "q": 0.0337298, "e": 0.0746302, "g": 0.159414, "h": 0.0248003, "i": 0.0255202, "l": 0.0367223, "k": 0.0442561, "m": 0.0233141, "f": 0.00974559, "p": 0.100893, "s": 0.341653, "t": 0.145005, "w": 0.00715175, "y": 0.00979861, "v": 0.121958 },
  "r": { "a": 0.0282088, "n": 0.0412877, "d": 0.0264512, "c": 0.0221943, "q": 0.0775935, "e": 0.0209835, "g": 0.0289787, "h": 0.0873527, "i": 0.0427644, "l": 0.0189376, "k": 0.44403, "m": 0.0306773, "f": 0.0151112, "p": 0.0587381, "s": 0.187809, "t": 0.0430863, "w": 0.0550911, "y": 0.0172992, "v": 0.0192532 },
  "n": { "a": 0.0632891, "r": 0.0527836, "d": 0.326946, "c": 0.0172931, "q": 0.103553, "e": 0.0534071, "g": 0.251, "h": 0.15084, "i": 0.0437672, "l": 0.0426258, "k": 0.149805, "m": 0.0221535, "f": 0.0185532, "p": 0.0447241, "s": 0.202386, "t": 0.0898797, "w": 0.0169153, "y": 0.0339799, "v": 0.0298758 },
  "d": { "a": 0.049986, "r": 0.0133574, "n": 0.232924, "c": 0.0104994, "q": 0.0745472, "e": 0.611956, "g": 0.0924123, "h": 0.0253536, "i": 0.0292587, "l": 0.0106638, "k": 0.0717678, "m": 0.0111115, "f": 0.0093, "p": 0.0284365, "s": 0.0735168, "t": 0.0553087, "w": 0.0100825, "y": 0.0101674, "v": 0.0168113 },
  "c": { "a": 0.060586, "r": 0.0166182, "n": 0.0156466, "d": 0.0185242, "q": 0.0216728, "e": 0.0147494, "g": 0.0378313, "h": 0.0143634, "i": 0.0193952, "l": 0.0168631, "k": 0.0340314, "m": 0.0184907, "f": 0.0139164, "p": 0.0272605, "s": 0.0665508, "t": 0.0166293, "w": 0.0134268, "y": 0.0255716, "v": 0.0845203 },
  "q": { "a": 0.0792115, "r": 0.0965037, "n": 0.0493174, "d": 0.065964, "c": 0.013239, "e": 0.215898, "g": 0.0305022, "h": 0.238022, "i": 0.0211951, "l": 0.0704308, "k": 0.135352, "m": 0.0251998, "f": 0.0154498, "p": 0.10603, "s": 0.0692914, "t": 0.104813, "w": 0.0140195, "y": 0.0140454, "v": 0.0448013 },
  "e": { "a": 0.170205, "r": 0.0177838, "n": 0.0607723, "d": 0.421841, "c": 0.0106695, "q": 0.151667, "g": 0.0503726, "h": 0.0308962, "i": 0.0349467, "l": 0.032604, "k": 0.0801692, "m": 0.0141089, "f": 0.0109097, "p": 0.0353796, "s": 0.0589987, "t": 0.0510108, "w": 0.0111501, "y": 0.0121723, "v": 0.0582596 },
  "g": { "a": 0.192001, "r": 0.0173762, "n": 0.0643903, "d": 0.0996136, "c": 0.00752665, "q": 0.0235636, "e": 0.066888, "h": 0.0064494, "i": 0.00696794, "l": 0.0119969, "k": 0.0306679, "m": 0.00660413, "f": 0.00831827, "p": 0.00977538, "s": 0.106158, "t": 0.012392, "w": 0.00537562, "y": 0.00696934, "v": 0.00776474 },
  "h": { "a": 0.0606667, "r": 0.0502512, "n": 0.173855, "d": 0.0453593, "c": 0.0257561, "q": 0.234191, "e": 0.0264345, "g": 0.027633, "i": 0.0229274, "l": 0.0415409, "k": 0.0404759, "m": 0.0238204, "f": 0.0718098, "p": 0.0350603, "s": 0.0364618, "t": 0.0534758, "w": 0.0189476, "y": 0.0704996, "v": 0.0352981 },
  "i": { "a": 0.0528299, "r": 0.0337015, "n": 0.0628504, "d": 0.0274742, "c": 0.0265148, "q": 0.0246657, "e": 0.0392325, "g": 0.0201941, "h": 0.0178421, "l": 0.223403, "k": 0.0848817, "m": 0.0934842, "f": 0.0328495, "p": 0.0249142, "s": 0.0321429, "t": 0.0985936, "w": 0.0134208, "y": 0.0367366, "v": 0.675956 },
  "l": { "a": 0.0334514, "r": 0.0123239, "n": 0.00640466, "d": 0.00621122, "c": 0.006665, "q": 0.0156577, "e": 0.0121732, "g": 0.0188848, "h": 0.0135622, "i": 0.109848, "k": 0.00889533, "m": 0.132134, "f": 0.073427, "p": 0.011129, "s": 0.0159588, "t": 0.0068036, "w": 0.00913639, "y": 0.0249146, "v": 0.0864203 },
  "k": { "a": 0.029923, "r": 0.23474, "n": 0.12844, "d": 0.0349578, "c": 0.00877758, "q": 0.0868611, "e": 0.0664315, "g": 0.0166166, "h": 0.0216777, "i": 0.019844, "l": 0.019194, "m": 0.0120675, "f": 0.0120052, "p": 0.0158013, "s": 0.0699507, "t": 0.0713993, "w": 0.0113989, "y": 0.0256871, "v": 0.0133498 },
  "m": { "a": 0.128053, "r": 0.0673571, "n": 0.06602, "d": 0.0580843, "c": 0.0507952, "q": 0.0934681, "e": 0.0615961, "g": 0.0674711, "h": 0.0599029, "i": 0.315728, "l": 0.602012, "k": 0.150513, "f": 0.107532, "p": 0.0659204, "s": 0.121816, "t": 0.140747, "w": 0.0494381, "y": 0.0740206, "v": 0.294353 },
  "f": { "a": 0.063187, "r": 0.0208981, "n": 0.0298181, "d": 0.0199098, "c": 0.0227622, "q": 0.0281856, "e": 0.0195097, "g": 0.0164325, "h": 0.0231514, "i": 0.0296494, "l": 0.144779, "k": 0.0191919, "m": 0.0284831, "p": 0.0243318, "s": 0.0474455, "t": 0.0188689, "w": 0.0166438, "y": 0.265334, "v": 0.0332957 },
  "p": { "a": 0.156773, "r": 0.0441125, "n": 0.0170203, "d": 0.0221486, "c": 0.0150692, "q": 0.0494065, "e": 0.0548661, "g": 0.0402999, "h": 0.0242731, "i": 0.0210178, "l": 0.0378512, "k": 0.0420938, "m": 0.0283951, "f": 0.0241471, "s": 0.207705, "t": 0.0622084, "w": 0.0118385, "y": 0.0136803, "v": 0.0414986 },
  "s": { "a": 0.379781, "r": 0.0306153, "n": 0.17929, "d": 0.110608, "c": 0.0192265, "q": 0.0588149, "e": 0.0392681, "g": 0.170858, "h": 0.0149296, "i": 0.0264826, "l": 0.0183818, "k": 0.0721, "m": 0.0164642, "f": 0.0117567, "p": 0.124622, "t": 0.332702, "w": 0.0148895, "y": 0.0190221, "v": 0.0413764 },
  "t": { "a": 0.211249, "r": 0.0424908, "n": 0.106256, "d": 0.0243108, "c": 0.00970454, "q": 0.014913, "e": 0.017799, "g": 0.0413583, "h": 0.0142457, "i": 0.045889, "l": 0.0257647, "k": 0.0819844, "m": 0.0355969, "f": 0.012736, "p": 0.0568317, "s": 0.357062, "w": 0.0082294, "y": 0.00945124, "v": 0.110258 },
  "w": { "a": 0.0588788, "r": 0.0629634, "n": 0.0574703, "d": 0.0569583, "c": 0.0504214, "q": 0.0588619, "e": 0.0543296, "g": 0.0533079, "h": 0.0579119, "i": 0.0623004, "l": 0.0637047, "k": 0.0573216, "m": 0.0583619, "f": 0.0891281, "p": 0.0819745, "s": 0.0587108, "t": 0.0591671, "y": 0.14828, "v": 0.111113 },
  "y": { "a": 0.0486982, "r": 0.0219636, "n": 0.0379686, "d": 0.0192826, "c": 0.0346295, "q": 0.032458, "e": 0.0194608, "g": 0.0175597, "h": 0.0382739, "i": 0.0312972, "l": 0.0435132, "k": 0.0250778, "m": 0.0267163, "f": 0.231701, "p": 0.0212345, "s": 0.0582789, "t": 0.0364433, "w": 0.0186406, "v": 0.0314433 },
  "v": { "a": 0.189585, "r": 0.0184804, "n": 0.011035, "d": 0.0105614, "c": 0.0194071, "q": 0.0120473, "e": 0.0170687, "g": 0.0758663, "h": 0.0148078, "i": 0.357354, "l": 0.157546, "k": 0.0138022, "m": 0.0440007, "f": 0.0130234, "p": 0.0163237, "s": 0.0138975, "t": 0.105872, "w": 0.00743071, "y": 0.0257402 }
 }
}
