{
 "alphabet": "arndcqeghilkmfpstwyv",
 "insrate": 0.00521944,
 "insextprob": 0.583333,
 "delrate": 0.00661609,
 "delextprob": 0.512821,
 "rootprob":
 {
  "a": 0.0909952,
  "r": 0.03538,
  "n": 0.0497953,
  "d": 0.0559926,
  "c": 0.0326539,
  "q": 0.0400405,
  "e": 0.0553695,
  "g": 0.0961283,
  "h": 0.0326285,
  "i": 0.0409826,
  "l": 0.0908913,
  "k": 0.0653441,
  "m": 0.0190265,
  "f": 0.0397511,
  "p": 0.0550355,
  "s": 0.0633185,
  "t": 0.0372645,
  "w": 0.0108361,
  "y": 0.025275,
  "v": 0.0632911
 },
 "subrate":
 {
  "a": { "r": 0.0142729, "n": 0.0162957, "d": 0.0369163, "c": 0.00890237, "q": 0.0177349, "e": 0.0553812, "g": 0.141316, "h": 0.0151604, "i": 0.0258689, "l": 0.042608, "k": 0.0339904, "m": 0.0134125, "f": 0.00835058, "p": 0.149409, "s": 0.309652, "t": 0.165257, "w": 0.00521877, "y": 0.00562567, "v": 0.0970309 },
  "r": { "a": 0.0646577, "n": 0.034548, "d": 0.0212186, "c": 0.0157476, "q": 0.115596, "e": 0.0231867, "g": 0.0299949, "h": 0.0526251, "i": 0.0424994, "l": 0.0202545, "k": 0.433804, "m": 0.0420794, "f": 0.0172021, "p": 0.0341132, "s": 0.0821032, "t": 0.0665966, "w": 0.0188612, "y": 0.020483, "v": 0.0241369 },
  "n": { "a": 0.0686253, "r": 0.0339581, "d": 0.297576, "c": 0.0118505, "q": 0.0625534, "e": 0.057651, "g": 0.185746, "h": 0.159496, "i": 0.0347358, "l": 0.0222717, "k": 0.218669, "m": 0.0172631, "f": 0.030947, "p": 0.0199816, "s": 0.353664, "t": 0.0780841, "w": 0.0268413, "y": 0.0538615, "v": 0.0266442 },
  "d": { "a": 0.0382815, "r": 0.0138631, "n": 0.45688, "c": 0.0107321, "q": 0.0683737, "e": 0.421008, "g": 0.122833, "h": 0.0716918, "i": 0.0137066, "l": 0.0146353, "k": 0.0442166, "m": 0.0126505, "f": 0.0122438, "p": 0.018449, "s": 0.0866758, "t": 0.0535371, "w": 0.00938679, "y": 0.0275995, "v": 0.0279826 },
  "c": { "a": 0.0282079, "r": 0.0239212, "n": 0.0185553, "d": 0.016225, "q": 0.0163814, "e": 0.0305676, "g": 0.0522014, "h": 0.0191167, "i": 0.0274526, "l": 0.0145374, "k": 0.0210905, "m": 0.0210382, "f": 0.0140947, "p": 0.023511, "s": 0.111921, "t": 0.0300144, "w": 0.0138651, "y": 0.0306848, "v": 0.0404966 },
  "q": { "a": 0.123418, "r": 0.162751, "n": 0.0541225, "d": 0.0891834, "c": 0.0134166, "e": 0.290801, "g": 0.0201302, "h": 0.116302, "i": 0.0201032, "l": 0.0335312, "k": 0.162334, "m": 0.0247338, "f": 0.0266975, "p": 0.0968032, "s": 0.0644711, "t": 0.0407883, "w": 0.0188642, "y": 0.0154212, "v": 0.021357 },
  "e": { "a": 0.14899, "r": 0.0161902, "n": 0.0803298, "d": 0.600958, "c": 0.0111764, "q": 0.215109, "g": 0.0940057, "h": 0.0173745, "i": 0.0268562, "l": 0.0362152, "k": 0.0891833, "m": 0.0150974, "f": 0.0243941, "p": 0.0399862, "s": 0.0628201, "t": 0.0527535, "w": 0.0104566, "y": 0.0147118, "v": 0.0251226 },
  "g": { "a": 0.273208, "r": 0.0184183, "n": 0.0654045, "d": 0.0850878, "c": 0.0117621, "q": 0.0199047, "e": 0.0302226, "h": 0.0181734, "i": 0.0084293, "l": 0.0148348, "k": 0.0259962, "m": 0.00794911, "f": 0.0122196, "p": 0.0110251, "s": 0.143709, "t": 0.0164764, "w": 0.00546117, "y": 0.00544668, "v": 0.0346133 },
  "h": { "a": 0.0413774, "r": 0.0691044, "n": 0.149958, "d": 0.102703, "c": 0.021093, "q": 0.155027, "e": 0.028974, "g": 0.0250218, "i": 0.0203584, "l": 0.0196321, "k": 0.0565514, "m": 0.0174843, "f": 0.0189709, "p": 0.0703396, "s": 0.0432165, "t": 0.0383204, "w": 0.0143087, "y": 0.0523712, "v": 0.0468368 },
  "i": { "a": 0.03954, "r": 0.0396807, "n": 0.0243582, "d": 0.0183125, "c": 0.0158516, "q": 0.0201748, "e": 0.0282628, "g": 0.0201131, "h": 0.0287021, "l": 0.330616, "k": 0.0193883, "m": 0.0780427, "f": 0.0465748, "p": 0.0207527, "s": 0.0219922, "t": 0.139297, "w": 0.0134132, "y": 0.0251137, "v": 0.894685 },
  "l": { "a": 0.0463026, "r": 0.00677864, "n": 0.00823812, "d": 0.00670812, "c": 0.00590146, "q": 0.0131408, "e": 0.00663318, "g": 0.0105782, "h": 0.0297848, "i": 0.13409, "k": 0.0114804, "m": 0.0642718, "f": 0.0758648, "p": 0.0267471, "s": 0.0158436, "t": 0.0202295, "w": 0.00872201, "y": 0.0126727, "v": 0.11888 },
  "k": { "a": 0.0419449, "r": 0.161222, "n": 0.133547, "d": 0.0226083, "c": 0.00721065, "q": 0.0697374, "e": 0.0961922, "g": 0.0499072, "h": 0.0448873, "i": 0.0345293, "l": 0.0108204, "m": 0.0388795, "f": 0.0103239, "p": 0.0169458, "s": 0.0615345, "t": 0.0955007, "w": 0.00764881, "y": 0.014875, "v": 0.0195087 },
  "m": { "a": 0.0920601, "r": 0.047619, "n": 0.0473192, "d": 0.0438718, "c": 0.0333456, "q": 0.0635758, "e": 0.0703423, "g": 0.0822603, "h": 0.0513974, "i": 0.174044, "l": 0.430926, "k": 0.185408, "f": 0.0465906, "p": 0.059286, "s": 0.0516441, "t": 0.182456, "w": 0.0332899, "y": 0.0409644, "v": 0.137508 },
  "f": { "a": 0.0641228, "r": 0.0178541, "n": 0.0170522, "d": 0.0167414, "c": 0.0131668, "q": 0.0229648, "e": 0.0157846, "g": 0.0159663, "h": 0.0188694, "i": 0.05513, "l": 0.172707, "k": 0.0170793, "m": 0.0326773, "p": 0.0145143, "s": 0.0260281, "t": 0.0340316, "w": 0.0269517, "y": 0.196255, "v": 0.0343857 },
  "p": { "a": 0.151084, "r": 0.0143155, "n": 0.0171316, "d": 0.0374033, "c": 0.0156459, "q": 0.0768287, "e": 0.0309763, "g": 0.046104, "h": 0.0532742, "i": 0.0175123, "l": 0.0216272, "k": 0.0184424, "m": 0.0161952, "f": 0.00960997, "s": 0.133764, "t": 0.057796, "w": 0.0148734, "y": 0.0150311, "v": 0.0277046 },
  "s": { "a": 0.357088, "r": 0.026513, "n": 0.196066, "d": 0.0778179, "c": 0.0571149, "q": 0.0373572, "e": 0.0388845, "g": 0.147649, "h": 0.0206063, "i": 0.013812, "l": 0.0148087, "k": 0.0282104, "m": 0.0355295, "f": 0.0107349, "p": 0.11558, "t": 0.267305, "w": 0.00744128, "y": 0.00744668, "v": 0.0248806 },
  "t": { "a": 0.184566, "r": 0.0180821, "n": 0.100529, "d": 0.0376508, "c": 0.0130557, "q": 0.0494565, "e": 0.0427279, "g": 0.0384314, "h": 0.0267277, "i": 0.0919986, "l": 0.0300388, "k": 0.0926979, "m": 0.0364083, "f": 0.0135282, "p": 0.0731311, "s": 0.359165, "w": 0.0102963, "y": 0.0108324, "v": 0.0981916 },
  "w": { "a": 0.0430616, "r": 0.216844, "n": 0.047716, "d": 0.0409016, "c": 0.0360962, "q": 0.0431415, "e": 0.0397529, "g": 0.0408853, "h": 0.0430989, "i": 0.0470128, "l": 0.0418166, "k": 0.0421346, "m": 0.0416373, "f": 0.0415798, "p": 0.0407714, "s": 0.0530898, "t": 0.0437183, "y": 0.0618752, "v": 0.0432358 },
  "y": { "a": 0.0415203, "r": 0.0191407, "n": 0.0815807, "d": 0.0197886, "c": 0.0429999, "q": 0.0291799, "e": 0.018268, "g": 0.0246309, "h": 0.0364688, "i": 0.0225307, "l": 0.0306255, "k": 0.0327827, "m": 0.0187904, "f": 0.176328, "p": 0.0170752, "s": 0.055887, "t": 0.0199081, "w": 0.0156207, "v": 0.0526409 },
  "v": { "a": 0.192111, "r": 0.0132055, "n": 0.0189906, "d": 0.0123859, "c": 0.0258879, "q": 0.0188526, "e": 0.0147848, "g": 0.0455386, "h": 0.0237798, "i": 0.402859, "l": 0.189435, "k": 0.0115423, "m": 0.0407096, "f": 0.015729, "p": 0.0202673, "s": 0.0253818, "t": 0.113131, "w": 0.0072996, "y": 0.00898268 }
 }
}
