{
 "alphabet": "arndcqeghilkmfpstwyv",
 "insrate": 0.00793996,
 "insextprob": 0.759615,
 "delrate": 0.00413896,
 "delextprob": 0.628571,
 "rootprob":
 {
  "a": 0.0839469,
  "r": 0.0380735,
  "n": 0.0274731,
  "d": 0.0544256,
  "c": 0.0322737,
  "q": 0.0265453,
  "e": 0.0570966,
  "g": 0.0703267,
  "h": 0.0418454,
  "i": 0.0389712,
  "l": 0.0953535,
  "k": 0.100211,
  "m": 0.0154415,
  "f": 0.0384216,
  "p": 0.0540591,
  "s": 0.0661997,
  "t": 0.0519731,
  "w": 0.00965918,
  "y": 0.0196641,
  "v": 0.0780393
 },
 "subrate":
 {
  "a": { "r": 0.0225759, "n": 0.0386498, "d": 0.082614, "c": 0.0113689, "q": 0.0308983, "e": 0.0496858, "g": 0.199578, "h": 0.0112607, "i": 0.0388494, "l": 0.0293718, "k": 0.0323466, "m": 0.0196948, "f": 0.0279453, "p": 0.113135, "s": 0.281632, "t": 0.213682, "w": 0.00671575, "y": 0.00872383, "v": 0.175731 },
  "r": { "a": 0.0303371, "n": 0.0180963, "d": 0.0166141, "c": 0.0161631, "q": 0.105346, "e": 0.018379, "g": 0.0213791, "h": 0.0804497, "i": 0.0423404, "l": 0.0313268, "k": 0.346389, "m": 0.0224447, "f": 0.0194973, "p": 0.0185938, "s": 0.0705784, "t": 0.0193419, "w": 0.0335385, "y": 0.0247565, "v": 0.0121009 },
  "n": { "a": 0.121506, "r": 0.0627732, "d": 0.362031, "c": 0.0196112, "q": 0.0583633, "e": 0.0767268, "g": 0.141218, "h": 0.169647, "i": 0.038662, "l": 0.0603847, "k": 0.30191, "m": 0.0410743, "f": 0.0232773, "p": 0.0383574, "s": 0.314701, "t": 0.243893, "w": 0.0179391, "y": 0.0420164, "v": 0.0567243 },
  "d": { "a": 0.0857725, "r": 0.0166451, "n": 0.167918, "c": 0.0132565, "q": 0.0399377, "e": 0.595141, "g": 0.116783, "h": 0.026932, "i": 0.0343482, "l": 0.0142348, "k": 0.0446413, "m": 0.0150073, "f": 0.0107459, "p": 0.0206984, "s": 0.0497088, "t": 0.0321278, "w": 0.00950844, "y": 0.0155083, "v": 0.0188404 },
  "c": { "a": 0.0226222, "r": 0.0213852, "n": 0.0249836, "d": 0.0167478, "q": 0.0174882, "e": 0.0163154, "g": 0.0585948, "h": 0.017402, "i": 0.0313784, "l": 0.0300054, "k": 0.018796, "m": 0.0190541, "f": 0.0183266, "p": 0.0174, "s": 0.126676, "t": 0.0438664, "w": 0.015401, "y": 0.0685887, "v": 0.0187242 },
  "q": { "a": 0.0753288, "r": 0.0825716, "n": 0.0493874, "d": 0.0895435, "c": 0.015633, "e": 0.216584, "g": 0.0245991, "h": 0.190066, "i": 0.0313662, "l": 0.0518067, "k": 0.164405, "m": 0.0229827, "f": 0.027334, "p": 0.096068, "s": 0.0475446, "t": 0.0479792, "w": 0.0141145, "y": 0.0151249, "v": 0.0314057 },
  "e": { "a": 0.125548, "r": 0.0172138, "n": 0.0698846, "d": 0.382741, "c": 0.00995997, "q": 0.249854, "g": 0.0308182, "h": 0.0554775, "i": 0.01613, "l": 0.0248398, "k": 0.0985424, "m": 0.0139673, "f": 0.0101587, "p": 0.0762135, "s": 0.0741903, "t": 0.0325892, "w": 0.00921173, "y": 0.0108865, "v": 0.0638736 },
  "g": { "a": 0.21338, "r": 0.0240392, "n": 0.0413084, "d": 0.0366732, "c": 0.00704924, "q": 0.0216856, "e": 0.05269, "h": 0.00995882, "i": 0.0132496, "l": 0.0106132, "k": 0.0645398, "m": 0.00904472, "f": 0.0140422, "p": 0.0307078, "s": 0.134831, "t": 0.0255833, "w": 0.00637008, "y": 0.0079354, "v": 0.0208879 },
  "h": { "a": 0.0484604, "r": 0.242786, "n": 0.164328, "d": 0.0247017, "c": 0.0325182, "q": 0.214027, "e": 0.06226, "g": 0.0402431, "i": 0.0218711, "l": 0.0527942, "k": 0.053879, "m": 0.0192475, "f": 0.0178063, "p": 0.0782486, "s": 0.0246244, "t": 0.0673688, "w": 0.0152069, "y": 0.0582335, "v": 0.0577579 },
  "i": { "a": 0.0425333, "r": 0.0394231, "n": 0.0279762, "d": 0.0578267, "c": 0.0271904, "q": 0.0238634, "e": 0.0260627, "g": 0.0350689, "h": 0.0260096, "l": 0.224631, "k": 0.052729, "m": 0.113071, "f": 0.0866001, "p": 0.0336267, "s": 0.0242093, "t": 0.157607, "w": 0.0157053, "y": 0.0236202, "v": 0.674872 },
  "l": { "a": 0.038508, "r": 0.0153708, "n": 0.0103864, "d": 0.00694437, "c": 0.00637811, "q": 0.0209684, "e": 0.0165455, "g": 0.012323, "h": 0.0306669, "i": 0.0909294, "k": 0.0228772, "m": 0.0931641, "f": 0.0460562, "p": 0.0153681, "s": 0.0203942, "t": 0.0272406, "w": 0.0135041, "y": 0.00912738, "v": 0.114503 },
  "k": { "a": 0.0289281, "r": 0.153939, "n": 0.209818, "d": 0.0387658, "c": 0.0080722, "q": 0.0459941, "e": 0.049039, "g": 0.0202451, "h": 0.0132728, "i": 0.0273188, "l": 0.0156729, "m": 0.0308087, "f": 0.00791235, "p": 0.0351275, "s": 0.0551351, "t": 0.0807127, "w": 0.00778224, "y": 0.0095403, "v": 0.00959861 },
  "m": { "a": 0.0767926, "r": 0.0481883, "n": 0.117796, "d": 0.041744, "c": 0.0289287, "q": 0.0447323, "e": 0.0401091, "g": 0.040202, "h": 0.0645663, "i": 0.218902, "l": 0.436326, "k": 0.325142, "f": 0.0760393, "p": 0.0394813, "s": 0.0463385, "t": 0.0729866, "w": 0.0377982, "y": 0.0352929, "v": 0.101041 },
  "f": { "a": 0.0274684, "r": 0.0119448, "n": 0.032473, "d": 0.0121339, "c": 0.0181589, "q": 0.0120372, "e": 0.0122668, "g": 0.0193292, "h": 0.0133432, "i": 0.091726, "l": 0.138988, "k": 0.0132396, "m": 0.017874, "p": 0.0182912, "s": 0.0223155, "t": 0.018046, "w": 0.011941, "y": 0.204753, "v": 0.0434735 },
  "p": { "a": 0.173662, "r": 0.0255898, "n": 0.0252498, "d": 0.0194047, "c": 0.0183815, "q": 0.078268, "e": 0.0266159, "g": 0.0495643, "h": 0.0333837, "i": 0.0227016, "l": 0.0348459, "k": 0.0522857, "m": 0.0129851, "f": 0.0101972, "s": 0.200825, "t": 0.0927046, "w": 0.00920654, "y": 0.0150774, "v": 0.0361658 },
  "s": { "a": 0.306386, "r": 0.0193444, "n": 0.204582, "d": 0.0382124, "c": 0.0291088, "q": 0.04825, "e": 0.0284944, "g": 0.210348, "h": 0.0146187, "i": 0.0186151, "l": 0.0407916, "k": 0.0737058, "m": 0.0204727, "f": 0.0417953, "p": 0.102048, "t": 0.296246, "w": 0.0136895, "y": 0.0133205, "v": 0.0271509 },
  "t": { "a": 0.244384, "r": 0.021159, "n": 0.153933, "d": 0.0492042, "c": 0.0100618, "q": 0.0252495, "e": 0.0335948, "g": 0.0408557, "h": 0.0176792, "i": 0.0688069, "l": 0.0413274, "k": 0.10179, "m": 0.0181722, "f": 0.0180752, "p": 0.0309388, "s": 0.233828, "w": 0.00790068, "y": 0.0178496, "v": 0.0691335 },
  "w": { "a": 0.0388198, "r": 0.074955, "n": 0.0387904, "d": 0.0357307, "c": 0.0336107, "q": 0.0359384, "e": 0.035873, "g": 0.0492433, "h": 0.0365899, "i": 0.0362069, "l": 0.0352913, "k": 0.066448, "m": 0.0371971, "f": 0.0352092, "p": 0.0682621, "s": 0.0481917, "t": 0.0382032, "y": 0.0789565, "v": 0.0351761 },
  "y": { "a": 0.0512233, "r": 0.0211718, "n": 0.0255658, "d": 0.0248734, "c": 0.0232508, "q": 0.0214998, "e": 0.0446945, "g": 0.0293038, "h": 0.0398812, "i": 0.0272839, "l": 0.0503372, "k": 0.0249695, "m": 0.0380236, "f": 0.357301, "p": 0.0208201, "s": 0.0258183, "t": 0.0507446, "w": 0.0356569, "v": 0.0290437 },
  "v": { "a": 0.159624, "r": 0.0188776, "n": 0.0101198, "d": 0.020633, "c": 0.00667252, "q": 0.0111767, "e": 0.0328418, "g": 0.0422971, "h": 0.0180234, "i": 0.326113, "l": 0.107338, "k": 0.0122842, "m": 0.0625033, "f": 0.0215015, "p": 0.0416173, "s": 0.0106827, "t": 0.0785989, "w": 0.00618144, "y": 0.0148906 }
 }
}
