{
 "alphabet": "arndcqeghilkmfpstwyv",
 "insrate": 0.00313164,
 "insextprob": 0.727273,
 "delrate": 0.00347885,
 "delextprob": 0.705882,
 "rootprob":
 {
  "a": 0.0793069,
  "r": 0.0445836,
  "n": 0.047148,
  "d": 0.0383237,
  "c": 0.0261193,
  "q": 0.0301409,
  "e": 0.0547935,
  "g": 0.0834378,
  "h": 0.0456729,
  "i": 0.0279761,
  "l": 0.0874481,
  "k": 0.0831459,
  "m": 0.016399,
  "f": 0.0453101,
  "p": 0.0528265,
  "s": 0.0749877,
  "t": 0.0660752,
  "w": 0.00512133,
  "y": 0.0345641,
  "v": 0.0566194
 },
 "subrate":
 {
  "a": { "r": 0.0119367, "n": 0.0262311, "d": 0.0526012, "c": 0.0120819, "q": 0.0449942, "e": 0.111893, "g": 0.143584, "h": 0.0124642, "i": 0.0294022, "l": 0.0394363, "k": 0.0225894, "m": 0.0206457, "f": 0.0314821, "p": 0.117065, "s": 0.253028, "t": 0.122365, "w": 0.00947765, "y": 0.00882596, "v": 0.153601 },
  "r": { "a": 0.0302754, "n": 0.0271971, "d": 0.018932, "c": 0.0199373, "q": 0.102645, "e": 0.0215363, "g": 0.076562, "h": 0.0594147, "i": 0.0185239, "l": 0.0603809, "k": 0.493437, "m": 0.0522064, "f": 0.0192011, "p": 0.0718392, "s": 0.1264, "t": 0.0269142, "w": 0.0279844, "y": 0.0139378, "v": 0.0182717 },
  "n": { "a": 0.0745927, "r": 0.0365642, "d": 0.473295, "c": 0.0155629, "q": 0.0847794, "e": 0.0997434, "g": 0.126888, "h": 0.124702, "i": 0.0205471, "l": 0.018663, "k": 0.213361, "m": 0.0221166, "f": 0.0260969, "p": 0.0510517, "s": 0.264206, "t": 0.152877, "w": 0.0198719, "y": 0.044979, "v": 0.0230664 },
  "d": { "a": 0.138792, "r": 0.0194292, "n": 0.296345, "c": 0.0152563, "q": 0.112309, "e": 0.524206, "g": 0.119563, "h": 0.05333, "i": 0.0234477, "l": 0.0183954, "k": 0.0800783, "m": 0.020285, "f": 0.0138685, "p": 0.0536234, "s": 0.0762467, "t": 0.0303756, "w": 0.0195982, "y": 0.0161391, "v": 0.0210644 },
  "c": { "a": 0.0785206, "r": 0.0182584, "n": 0.0255945, "d": 0.0186929, "q": 0.0239872, "e": 0.0180514, "g": 0.0186971, "h": 0.04023, "i": 0.0378063, "l": 0.0235265, "k": 0.0201713, "m": 0.0235582, "f": 0.0175783, "p": 0.0215725, "s": 0.0751067, "t": 0.0338825, "w": 0.0218751, "y": 0.0450158, "v": 0.0592995 },
  "q": { "a": 0.0757455, "r": 0.130807, "n": 0.0597743, "d": 0.0520252, "c": 0.0194662, "e": 0.243941, "g": 0.0604872, "h": 0.200903, "i": 0.0238826, "l": 0.0649652, "k": 0.205712, "m": 0.0543673, "f": 0.0165455, "p": 0.108089, "s": 0.0539132, "t": 0.0613579, "w": 0.0249008, "y": 0.0175933, "v": 0.0274698 },
  "e": { "a": 0.218375, "r": 0.0133348, "n": 0.0593698, "d": 0.365993, "c": 0.0118542, "q": 0.248187, "g": 0.0638401, "h": 0.0233416, "i": 0.0166212, "l": 0.0158822, "k": 0.0942892, "m": 0.015645, "f": 0.0100338, "p": 0.0247357, "s": 0.047297, "t": 0.0200277, "w": 0.0141259, "y": 0.0232246, "v": 0.0200256 },
  "g": { "a": 0.160456, "r": 0.0129508, "n": 0.0641538, "d": 0.0633077, "c": 0.0224013, "q": 0.00764637, "e": 0.0322772, "h": 0.0147112, "i": 0.00735818, "l": 0.0100491, "k": 0.01547, "m": 0.0141668, "f": 0.0151002, "p": 0.0266128, "s": 0.128969, "t": 0.0297449, "w": 0.00856405, "y": 0.008234, "v": 0.0238942 },
  "h": { "a": 0.0291108, "r": 0.0579105, "n": 0.186857, "d": 0.0773969, "c": 0.0278291, "q": 0.232456, "e": 0.0444296, "g": 0.0415691, "i": 0.0263925, "l": 0.059845, "k": 0.100681, "m": 0.0341027, "f": 0.0184699, "p": 0.0325001, "s": 0.0435867, "t": 0.0478329, "w": 0.0496515, "y": 0.0280897, "v": 0.0296669 },
  "i": { "a": 0.0557162, "r": 0.0408326, "n": 0.0235628, "d": 0.0228582, "c": 0.0286739, "q": 0.027504, "e": 0.0208946, "g": 0.0245633, "h": 0.025467, "l": 0.387905, "k": 0.0300726, "m": 0.0894909, "f": 0.0921924, "p": 0.0350615, "s": 0.0511731, "t": 0.087421, "w": 0.0247329, "y": 0.0388308, "v": 0.536913 },
  "l": { "a": 0.0510826, "r": 0.0266137, "n": 0.015714, "d": 0.00764113, "c": 0.00608896, "q": 0.0231305, "e": 0.0111684, "g": 0.00827195, "h": 0.0266739, "i": 0.140005, "k": 0.0269847, "m": 0.0624939, "f": 0.0673838, "p": 0.0251223, "s": 0.0214149, "t": 0.0253603, "w": 0.0260074, "y": 0.0179008, "v": 0.0907418 },
  "k": { "a": 0.0384088, "r": 0.196431, "n": 0.128533, "d": 0.022812, "c": 0.00922547, "q": 0.0846342, "e": 0.065349, "g": 0.0359456, "h": 0.0206415, "i": 0.0346175, "l": 0.0252864, "m": 0.0348005, "f": 0.0070996, "p": 0.0302552, "s": 0.053124, "t": 0.0572468, "w": 0.0109539, "y": 0.0185263, "v": 0.0236766 },
  "m": { "a": 0.197321, "r": 0.037071, "n": 0.0608489, "d": 0.0369987, "c": 0.0314174, "q": 0.0394027, "e": 0.0350288, "g": 0.0646657, "h": 0.0376834, "i": 0.223019, "l": 0.346308, "k": 0.0600444, "f": 0.137555, "p": 0.0527202, "s": 0.0461953, "t": 0.0918206, "w": 0.0408439, "y": 0.0340835, "v": 0.223092 },
  "f": { "a": 0.0209196, "r": 0.0225573, "n": 0.0123338, "d": 0.0129414, "c": 0.02523, "q": 0.0130316, "e": 0.01297, "g": 0.0201621, "h": 0.0343092, "i": 0.0340095, "l": 0.100311, "k": 0.015109, "m": 0.0238162, "p": 0.0111882, "s": 0.0496938, "t": 0.0143211, "w": 0.0354554, "y": 0.205413, "v": 0.033586 },
  "p": { "a": 0.0968176, "r": 0.0755785, "n": 0.0161664, "d": 0.0283117, "c": 0.0184573, "q": 0.0363797, "e": 0.0236219, "g": 0.024839, "h": 0.0637009, "i": 0.0165549, "l": 0.0245485, "k": 0.0264324, "m": 0.0170445, "f": 0.017736, "s": 0.161602, "t": 0.117413, "w": 0.0138307, "y": 0.0109018, "v": 0.0235693 },
  "s": { "a": 0.39275, "r": 0.0580233, "n": 0.167159, "d": 0.0316775, "c": 0.0441163, "q": 0.0298638, "e": 0.0299371, "g": 0.151479, "h": 0.0268276, "i": 0.016073, "l": 0.0228414, "k": 0.0947246, "m": 0.0148569, "f": 0.0208165, "p": 0.170223, "t": 0.425943, "w": 0.0126281, "y": 0.0148339, "v": 0.0364039 },
  "t": { "a": 0.23438, "r": 0.0271183, "n": 0.104904, "d": 0.023403, "c": 0.0174096, "q": 0.0166912, "e": 0.0324273, "g": 0.0323871, "h": 0.0155698, "i": 0.0752677, "l": 0.0364721, "k": 0.140415, "m": 0.0424633, "f": 0.0111479, "p": 0.0562631, "s": 0.399352, "w": 0.0131687, "y": 0.0128358, "v": 0.113915 },
  "w": { "a": 0.270382, "r": 0.225572, "n": 0.233344, "d": 0.224077, "c": 0.192789, "q": 0.230264, "e": 0.215236, "g": 0.237743, "h": 0.417728, "i": 0.243172, "l": 0.480759, "k": 0.246707, "m": 0.264014, "f": 0.214728, "p": 0.30424, "s": 0.482023, "t": 0.291344, "y": 0.222064, "v": 0.251828 },
  "y": { "a": 0.0270172, "r": 0.0293487, "n": 0.013926, "d": 0.0194319, "c": 0.0311903, "q": 0.0140055, "e": 0.0140877, "g": 0.0142674, "h": 0.036439, "i": 0.0263776, "l": 0.0237992, "k": 0.0150582, "m": 0.0205059, "f": 0.317836, "p": 0.0192925, "s": 0.0159929, "t": 0.0140342, "w": 0.0185799, "v": 0.02452 },
  "v": { "a": 0.190592, "r": 0.0189895, "n": 0.0182812, "d": 0.0181919, "c": 0.0309319, "q": 0.0144716, "e": 0.0287232, "g": 0.037697, "h": 0.0234714, "i": 0.341212, "l": 0.136407, "k": 0.0201002, "m": 0.0268715, "f": 0.013333, "p": 0.0319335, "s": 0.0347239, "t": 0.103171, "w": 0.0132587, "y": 0.013944 }
 }
}
