{
 "alphabet": "arndcqeghilkmfpstwyv",
 "insrate": 0.00541695,
 "insextprob": 0.753846,
 "delrate": 0.00406677,
 "delextprob": 0.625,
 "rootprob":
 {
  "a": 0.0896102,
  "r": 0.0306934,
  "n": 0.0503331,
  "d": 0.0518553,
  "c": 0.0228079,
  "q": 0.0461427,
  "e": 0.0442431,
  "g": 0.11242,
  "h": 0.0240952,
  "i": 0.0354916,
  "l": 0.07215,
  "k": 0.077853,
  "m": 0.0183395,
  "f": 0.0464034,
  "p": 0.0311866,
  "s": 0.0785178,
  "t": 0.0476977,
  "w": 0.0172095,
  "y": 0.034376,
  "v": 0.0685741
 },
 "subrate":
 {
  "a": { "r": 0.0558466, "n": 0.0461245, "d": 0.0379059, "c": 0.0102454, "q": 0.0213311, "e": 0.102243, "g": 0.214865, "h": 0.0161751, "i": 0.0169605, "l": 0.0264933, "k": 0.0283771, "m": 0.0200503, "f": 0.00869081, "p": 0.0973836, "s": 0.264943, "t": 0.197361, "w": 0.00524177, "y": 0.00726012, "v": 0.139116 },
  "r": { "a": 0.0443764, "n": 0.0379235, "d": 0.0248083, "c": 0.0139661, "q": 0.102229, "e": 0.0245786, "g": 0.0436766, "h": 0.0533018, "i": 0.0199562, "l": 0.0358295, "k": 0.392742, "m": 0.0180741, "f": 0.0270837, "p": 0.0718008, "s": 0.0684306, "t": 0.0268357, "w": 0.0212585, "y": 0.0140944, "v": 0.0387448 },
  "n": { "a": 0.0711372, "r": 0.0457151, "d": 0.411575, "c": 0.0179916, "q": 0.0413816, "e": 0.0597662, "g": 0.105246, "h": 0.122463, "i": 0.0171681, "l": 0.0234538, "k": 0.220264, "m": 0.0148233, "f": 0.0131463, "p": 0.0256021, "s": 0.325634, "t": 0.154137, "w": 0.00912932, "y": 0.0222333, "v": 0.0221555 },
  "d": { "a": 0.167086, "r": 0.0170467, "n": 0.260141, "c": 0.0153267, "q": 0.0530625, "e": 0.566484, "g": 0.164626, "h": 0.0413095, "i": 0.0250093, "l": 0.0118772, "k": 0.0303106, "m": 0.0144723, "f": 0.00994905, "p": 0.045662, "s": 0.100756, "t": 0.0526961, "w": 0.00851146, "y": 0.0157793, "v": 0.021414 },
  "c": { "a": 0.100775, "r": 0.0348781, "n": 0.025345, "d": 0.0216923, "q": 0.0221471, "e": 0.0211985, "g": 0.0534782, "h": 0.0226214, "i": 0.0291618, "l": 0.0258179, "k": 0.0456927, "m": 0.0263726, "f": 0.0418813, "p": 0.0222672, "s": 0.176172, "t": 0.0433421, "w": 0.0169554, "y": 0.0509441, "v": 0.0445125 },
  "q": { "a": 0.0722246, "r": 0.0781346, "n": 0.0404571, "d": 0.0623468, "c": 0.011078, "e": 0.312458, "g": 0.0271954, "h": 0.173444, "i": 0.0141793, "l": 0.0976011, "k": 0.110072, "m": 0.0288256, "f": 0.0117223, "p": 0.0579897, "s": 0.0352074, "t": 0.0558064, "w": 0.00931882, "y": 0.0105801, "v": 0.0196277 },
  "e": { "a": 0.10702, "r": 0.0185072, "n": 0.0477953, "d": 0.408371, "c": 0.0110354, "q": 0.25195, "g": 0.0406876, "h": 0.0402506, "i": 0.0275639, "l": 0.0116932, "k": 0.092447, "m": 0.0172294, "f": 0.00926531, "p": 0.0462288, "s": 0.0684123, "t": 0.0613008, "w": 0.0081365, "y": 0.0105494, "v": 0.0346338 },
  "g": { "a": 0.162697, "r": 0.030931, "n": 0.0363694, "d": 0.0852142, "c": 0.0168517, "q": 0.0132732, "e": 0.0226996, "h": 0.00805141, "i": 0.00646665, "l": 0.00966951, "k": 0.0195441, "m": 0.0061727, "f": 0.00913157, "p": 0.0324794, "s": 0.147538, "t": 0.0174516, "w": 0.00401713, "y": 0.0048447, "v": 0.0235087 },
  "h": { "a": 0.0569132, "r": 0.14996, "n": 0.153117, "d": 0.0631642, "c": 0.0222408, "q": 0.166776, "e": 0.0838828, "g": 0.0507091, "i": 0.0319157, "l": 0.0384162, "k": 0.0429258, "m": 0.0509406, "f": 0.0265531, "p": 0.106747, "s": 0.089414, "t": 0.0412484, "w": 0.031675, "y": 0.0368888, "v": 0.0387007 },
  "i": { "a": 0.032813, "r": 0.046621, "n": 0.0231032, "d": 0.0185357, "c": 0.0182146, "q": 0.0258581, "e": 0.0430075, "g": 0.019622, "h": 0.0218704, "l": 0.307913, "k": 0.0397955, "m": 0.0639222, "f": 0.0539813, "p": 0.0438908, "s": 0.0294571, "t": 0.100152, "w": 0.013024, "y": 0.0647055, "v": 0.690378 },
  "l": { "a": 0.036639, "r": 0.021139, "n": 0.0105901, "d": 0.00843844, "c": 0.00975266, "q": 0.0443405, "e": 0.0128015, "g": 0.0204192, "h": 0.021474, "i": 0.0822269, "k": 0.0320547, "m": 0.180121, "f": 0.0927242, "p": 0.027095, "s": 0.0175507, "t": 0.027221, "w": 0.00593684, "y": 0.0163173, "v": 0.124438 },
  "k": { "a": 0.0302039, "r": 0.209149, "n": 0.17349, "d": 0.0340487, "c": 0.00747313, "q": 0.0386554, "e": 0.0574219, "g": 0.0133335, "h": 0.0390977, "i": 0.0107764, "l": 0.0154308, "m": 0.010917, "f": 0.0113682, "p": 0.0202807, "s": 0.0584974, "t": 0.0733702, "w": 0.00584448, "y": 0.0135282, "v": 0.0168689 },
  "m": { "a": 0.0626377, "r": 0.122338, "n": 0.0432613, "d": 0.0364646, "c": 0.0342223, "q": 0.135222, "e": 0.0444577, "g": 0.0360003, "h": 0.0442147, "i": 0.0966252, "l": 0.467301, "k": 0.131172, "f": 0.0759058, "p": 0.060581, "s": 0.0481027, "t": 0.332573, "w": 0.0255458, "y": 0.0390853, "v": 0.171735 },
  "f": { "a": 0.0225162, "r": 0.0125679, "n": 0.0275979, "d": 0.0117651, "c": 0.0247896, "q": 0.0131986, "e": 0.0117658, "g": 0.0179865, "h": 0.0218331, "i": 0.0430351, "l": 0.11222, "k": 0.015578, "m": 0.019355, "p": 0.0152563, "s": 0.0503995, "t": 0.0198992, "w": 0.00923588, "y": 0.227194, "v": 0.0202824 },
  "p": { "a": 0.11706, "r": 0.0480995, "n": 0.0203823, "d": 0.0203496, "c": 0.0199152, "q": 0.0353594, "e": 0.0271993, "g": 0.0622659, "h": 0.078, "i": 0.0155079, "l": 0.0252414, "k": 0.0568592, "m": 0.0148068, "f": 0.0209023, "s": 0.111581, "t": 0.0598381, "w": 0.0100123, "y": 0.0118066, "v": 0.0245364 },
  "s": { "a": 0.280378, "r": 0.0694089, "n": 0.211137, "d": 0.0807737, "c": 0.0387645, "q": 0.0628678, "e": 0.0297786, "g": 0.170172, "h": 0.018699, "i": 0.0112152, "l": 0.0151315, "k": 0.0632907, "m": 0.0224623, "f": 0.020919, "p": 0.0884953, "t": 0.416938, "w": 0.00609517, "y": 0.00860324, "v": 0.0179378 },
  "t": { "a": 0.32783, "r": 0.023402, "n": 0.176258, "d": 0.0713283, "c": 0.0278753, "q": 0.0525822, "e": 0.0409603, "g": 0.0284839, "h": 0.0184282, "i": 0.0718232, "l": 0.0322081, "k": 0.0863992, "m": 0.0277925, "f": 0.0125398, "p": 0.0343321, "s": 0.380519, "w": 0.00811847, "y": 0.0210989, "v": 0.163188 },
  "w": { "a": 0.0300887, "r": 0.0859316, "n": 0.0285828, "d": 0.0276556, "c": 0.0268907, "q": 0.0293962, "e": 0.027715, "g": 0.0274515, "h": 0.0585616, "i": 0.0291263, "l": 0.0835031, "k": 0.0299508, "m": 0.0289486, "f": 0.026509, "p": 0.0287868, "s": 0.0321981, "t": 0.029365, "y": 0.0265702, "v": 0.0305125 },
  "y": { "a": 0.0173784, "r": 0.0155771, "n": 0.0388992, "d": 0.0155787, "c": 0.0275586, "q": 0.0174565, "e": 0.0311277, "g": 0.0133191, "h": 0.0336918, "i": 0.0173204, "l": 0.032603, "k": 0.014346, "m": 0.0154481, "f": 0.389348, "p": 0.0191224, "s": 0.0214971, "t": 0.0169723, "w": 0.0114303, "v": 0.0301102 },
  "v": { "a": 0.155821, "r": 0.0146598, "n": 0.0139015, "d": 0.0129692, "c": 0.0255434, "q": 0.0208321, "e": 0.0192134, "g": 0.0188293, "h": 0.0263936, "i": 0.360561, "l": 0.151641, "k": 0.0236185, "m": 0.0458038, "f": 0.0249201, "p": 0.0383359, "s": 0.0313822, "t": 0.0889859, "w": 0.00626244, "y": 0.0117919 }
 }
}
