{
 "alphabet": "arndcqeghilkmfpstwyv",
 "insrate": 0.00428077,
 "insextprob": 0.74,
 "delrate": 0.00526558,
 "delextprob": 0.666667,
 "rootprob":
 {
  "a": 0.0607864,
  "r": 0.0381296,
  "n": 0.0391958,
  "d": 0.0648029,
  "c": 0.0277892,
  "q": 0.0511387,
  "e": 0.0519311,
  "g": 0.0771774,
  "h": 0.0407718,
  "i": 0.0366981,
  "l": 0.0813431,
  "k": 0.0802771,
  "m": 0.0110758,
  "f": 0.0529972,
  "p": 0.0520069,
  "s": 0.0683504,
  "t": 0.0505371,
  "w": 0.0176576,
  "y": 0.0365479,
  "v": 0.0607859
 },
 "subrate":
 {
  "a": { "r": 0.0147969, "n": 0.0263851, "d": 0.0518861, "c": 0.0219738, "q": 0.0360812, "e": 0.0884789, "g": 0.270734, "h": 0.0193022, "i": 0.0250522, "l": 0.0246738, "k": 0.0343438, "m": 0.0210143, "f": 0.0171547, "p": 0.0820794, "s": 0.378642, "t": 0.221918, "w": 0.00743492, "y": 0.00954636, "v": 0.157622 },
  "r": { "a": 0.035616, "n": 0.041151, "d": 0.0301365, "c": 0.0121794, "q": 0.0631036, "e": 0.0206437, "g": 0.0172013, "h": 0.0799303, "i": 0.0152521, "l": 0.0209552, "k": 0.413927, "m": 0.0231482, "f": 0.0124051, "p": 0.100615, "s": 0.0983015, "t": 0.0230567, "w": 0.0163479, "y": 0.0125908, "v": 0.0192698 },
  "n": { "a": 0.0972273, "r": 0.0677359, "d": 0.450146, "c": 0.0312493, "q": 0.100593, "e": 0.0694001, "g": 0.110402, "h": 0.0769034, "i": 0.047448, "l": 0.0230221, "k": 0.172889, "m": 0.0174634, "f": 0.0126564, "p": 0.0449038, "s": 0.196769, "t": 0.125196, "w": 0.0202783, "y": 0.0157446, "v": 0.0254455 },
  "d": { "a": 0.169677, "r": 0.0128228, "n": 0.325138, "c": 0.0121256, "q": 0.0330519, "e": 0.517668, "g": 0.139721, "h": 0.018488, "i": 0.0115822, "l": 0.0113422, "k": 0.0534201, "m": 0.0105359, "f": 0.0166292, "p": 0.0206788, "s": 0.0619944, "t": 0.0390524, "w": 0.00964204, "y": 0.0114174, "v": 0.0136852 },
  "c": { "a": 0.106087, "r": 0.0150816, "n": 0.0369561, "d": 0.0165859, "q": 0.0197294, "e": 0.0168208, "g": 0.0210064, "h": 0.0167778, "i": 0.0301797, "l": 0.015216, "k": 0.0156873, "m": 0.0161893, "f": 0.022651, "p": 0.0158602, "s": 0.108962, "t": 0.0208027, "w": 0.0143773, "y": 0.0274415, "v": 0.0644647 },
  "q": { "a": 0.0660615, "r": 0.178028, "n": 0.050404, "d": 0.0918386, "c": 0.016332, "e": 0.288591, "g": 0.0265134, "h": 0.247505, "i": 0.0253319, "l": 0.0327977, "k": 0.192977, "m": 0.0190583, "f": 0.0113616, "p": 0.0471975, "s": 0.0553477, "t": 0.0666924, "w": 0.0110381, "y": 0.012533, "v": 0.0408984 },
  "e": { "a": 0.176225, "r": 0.0145134, "n": 0.0652882, "d": 0.520172, "c": 0.0143659, "q": 0.307023, "g": 0.0619793, "h": 0.0155699, "i": 0.0435378, "l": 0.0121207, "k": 0.0789529, "m": 0.0123873, "f": 0.0110707, "p": 0.016196, "s": 0.054038, "t": 0.0321659, "w": 0.00985551, "y": 0.0149601, "v": 0.0268282 },
  "g": { "a": 0.149815, "r": 0.00982155, "n": 0.0638775, "d": 0.0381877, "c": 0.0138656, "q": 0.0380532, "e": 0.0399378, "h": 0.0122722, "i": 0.00846559, "l": 0.0169545, "k": 0.0532729, "m": 0.00826515, "f": 0.0140482, "p": 0.0240046, "s": 0.139609, "t": 0.0265138, "w": 0.00568681, "y": 0.00610045, "v": 0.0230275 },
  "h": { "a": 0.0237477, "r": 0.0675126, "n": 0.179582, "d": 0.0547123, "c": 0.0174096, "q": 0.159523, "e": 0.0486228, "g": 0.0289459, "i": 0.0187063, "l": 0.0783756, "k": 0.0242654, "m": 0.0165795, "f": 0.0127541, "p": 0.0278331, "s": 0.0318644, "t": 0.0182628, "w": 0.0129341, "y": 0.041012, "v": 0.03314 },
  "i": { "a": 0.0499076, "r": 0.0303154, "n": 0.0214469, "d": 0.0169809, "c": 0.0435276, "q": 0.0185974, "e": 0.0335108, "g": 0.0218439, "h": 0.0182125, "l": 0.304879, "k": 0.0209642, "m": 0.0995833, "f": 0.0859897, "p": 0.04817, "s": 0.0300793, "t": 0.0890122, "w": 0.0138148, "y": 0.0427718, "v": 0.704974 },
  "l": { "a": 0.0511536, "r": 0.0185995, "n": 0.0135828, "d": 0.00838488, "c": 0.00834083, "q": 0.0195361, "e": 0.00952367, "g": 0.0135248, "h": 0.00814425, "i": 0.111969, "k": 0.0256828, "m": 0.101693, "f": 0.0842556, "p": 0.0201845, "s": 0.0342298, "t": 0.028414, "w": 0.0104684, "y": 0.0193252, "v": 0.102881 },
  "k": { "a": 0.0416705, "r": 0.17942, "n": 0.120095, "d": 0.0392196, "c": 0.00657918, "q": 0.098532, "e": 0.0357555, "g": 0.0311584, "h": 0.0109093, "i": 0.0132337, "l": 0.0168924, "m": 0.0512544, "f": 0.00632521, "p": 0.0247469, "s": 0.0838598, "t": 0.0469671, "w": 0.00687407, "y": 0.011899, "v": 0.0147486 },
  "m": { "a": 0.116385, "r": 0.0822061, "n": 0.0615966, "d": 0.0559114, "c": 0.0513797, "q": 0.112339, "e": 0.0618156, "g": 0.0701527, "h": 0.057268, "i": 0.327783, "l": 0.596294, "k": 0.0950754, "f": 0.109432, "p": 0.0687254, "s": 0.0723681, "t": 0.190563, "w": 0.0454245, "y": 0.0595646, "v": 0.335021 },
  "f": { "a": 0.0339408, "r": 0.0315039, "n": 0.0171345, "d": 0.00885576, "c": 0.0183748, "q": 0.0135676, "e": 0.00983059, "g": 0.014531, "h": 0.0118444, "i": 0.0438315, "l": 0.177156, "k": 0.0171755, "m": 0.0243961, "p": 0.00944111, "s": 0.0112601, "t": 0.00945691, "w": 0.01992, "y": 0.168798, "v": 0.0356115 },
  "p": { "a": 0.218911, "r": 0.0566767, "n": 0.085834, "d": 0.0381643, "c": 0.0138851, "q": 0.0690076, "e": 0.0388908, "g": 0.0342994, "h": 0.0545182, "i": 0.0224663, "l": 0.0482436, "k": 0.0669398, "m": 0.0156185, "f": 0.0199724, "s": 0.133169, "t": 0.0344608, "w": 0.011068, "y": 0.0115417, "v": 0.0209741 },
  "s": { "a": 0.358272, "r": 0.048511, "n": 0.131143, "d": 0.0550437, "c": 0.0121303, "q": 0.0233673, "e": 0.0511805, "g": 0.1845, "h": 0.062249, "i": 0.0211492, "l": 0.0117842, "k": 0.0525644, "m": 0.0171777, "f": 0.00861782, "p": 0.0867857, "t": 0.29623, "w": 0.00723405, "y": 0.0262345, "v": 0.0194796 },
  "t": { "a": 0.169643, "r": 0.0190897, "n": 0.0638897, "d": 0.0423983, "c": 0.0108878, "q": 0.0321696, "e": 0.0318914, "g": 0.0389593, "h": 0.0276316, "i": 0.0901994, "l": 0.0285496, "k": 0.0735528, "m": 0.017996, "f": 0.00987316, "p": 0.0367556, "s": 0.349753, "w": 0.00872624, "y": 0.0128614, "v": 0.0991031 },
  "w": { "a": 0.0382995, "r": 0.111044, "n": 0.0376568, "d": 0.0353461, "c": 0.0575122, "q": 0.0400601, "e": 0.0361385, "g": 0.0361442, "h": 0.0509399, "i": 0.0376029, "l": 0.100553, "k": 0.0450225, "m": 0.0385904, "f": 0.107291, "p": 0.0355433, "s": 0.0702503, "t": 0.0371891, "y": 0.0426952, "v": 0.036501 },
  "y": { "a": 0.0331836, "r": 0.017901, "n": 0.100133, "d": 0.0179206, "c": 0.0280823, "q": 0.0352394, "e": 0.024727, "g": 0.025422, "h": 0.0577713, "i": 0.0440554, "l": 0.0289495, "k": 0.0292669, "m": 0.0191931, "f": 0.326409, "p": 0.0168973, "s": 0.0187819, "t": 0.0391926, "w": 0.0194102, "v": 0.0347504 },
  "v": { "a": 0.130942, "r": 0.0102198, "n": 0.0102976, "d": 0.00940427, "c": 0.0160255, "q": 0.0110052, "e": 0.0184883, "g": 0.0351906, "h": 0.0168964, "i": 0.472311, "l": 0.169379, "k": 0.0185084, "m": 0.0377817, "f": 0.0343003, "p": 0.0220772, "s": 0.0186018, "t": 0.0966804, "w": 0.00751844, "y": 0.0148145 }
 }
}
