{
 "alphabet": "arndcqeghilkmfpstwyv",
 "insrate": 0.00443364,
 "insextprob": 0.566667,
 "delrate": 0.00408994,
 "delextprob": 0.647059,
 "rootprob":
 {
  "a": 0.0875058,
  "r": 0.0423994,
  "n": 0.047887,
  "d": 0.0466941,
  "c": 0.034714,
  "q": 0.0372093,
  "e": 0.0448054,
  "g": 0.0866011,
  "h": 0.0206194,
  "i": 0.0383689,
  "l": 0.0782493,
  "k": 0.0741162,
  "m": 0.0169779,
  "f": 0.0266727,
  "p": 0.0569691,
  "s": 0.080373,
  "t": 0.068793,
  "w": 0.0160206,
  "y": 0.0301365,
  "v": 0.0648872
 },
 "subrate":
 {
  "a": { "r": 0.0122416, "n": 0.0344541, "d": 0.102575, "c": 0.0203022, "q": 0.0430847, "e": 0.0622365, "g": 0.129679, "h": 0.01693, "i": 0.0221359, "l": 0.0337511, "k": 0.0545647, "m": 0.00967357, "f": 0.0159097, "p": 0.0578126, "s": 0.331724, "t": 0.169668, "w": 0.00506297, "y": 0.0112335, "v": 0.119695 },
  "r": { "a": 0.030727, "n": 0.0221886, "d": 0.0311091, "c": 0.0119774, "q": 0.0877037, "e": 0.0295353, "g": 0.0478241, "h": 0.0934578, "i": 0.0167996, "l": 0.0161174, "k": 0.406926, "m": 0.0165999, "f": 0.0176029, "p": 0.0563218, "s": 0.0857284, "t": 0.0237479, "w": 0.0261788, "y": 0.0148174, "v": 0.0292094 },
  "n": { "a": 0.0453824, "r": 0.0574467, "d": 0.270364, "c": 0.0143022, "q": 0.0680135, "e": 0.0702442, "g": 0.125286, "h": 0.214146, "i": 0.0407593, "l": 0.0259919, "k": 0.410581, "m": 0.0308458, "f": 0.0156191, "p": 0.0339359, "s": 0.300905, "t": 0.0975934, "w": 0.0218577, "y": 0.0403983, "v": 0.0310573 },
  "d": { "a": 0.117634, "r": 0.0181718, "n": 0.27249, "c": 0.0128686, "q": 0.0702927, "e": 0.491879, "g": 0.101279, "h": 0.0490052, "i": 0.0150707, "l": 0.0134594, "k": 0.0760124, "m": 0.014686, "f": 0.0133033, "p": 0.0164893, "s": 0.123553, "t": 0.0506227, "w": 0.0109211, "y": 0.0125045, "v": 0.0181164 },
  "c": { "a": 0.0450861, "r": 0.0326818, "n": 0.0156337, "d": 0.0174725, "q": 0.0145206, "e": 0.0152571, "g": 0.0230347, "h": 0.0195988, "i": 0.0202754, "l": 0.0232374, "k": 0.0142267, "m": 0.0168101, "f": 0.0153305, "p": 0.0298979, "s": 0.0975122, "t": 0.0175633, "w": 0.0125327, "y": 0.0250726, "v": 0.0636368 },
  "q": { "a": 0.0560459, "r": 0.0665537, "n": 0.109732, "d": 0.0607945, "c": 0.0139097, "e": 0.23991, "g": 0.0467445, "h": 0.172548, "i": 0.0249645, "l": 0.0374708, "k": 0.181971, "m": 0.018784, "f": 0.0230336, "p": 0.119327, "s": 0.144641, "t": 0.0553608, "w": 0.0128985, "y": 0.0151992, "v": 0.0218983 },
  "e": { "a": 0.194573, "r": 0.0218226, "n": 0.0365979, "d": 0.375309, "c": 0.0150748, "q": 0.331068, "g": 0.0500805, "h": 0.0184443, "i": 0.0158162, "l": 0.0283748, "k": 0.116923, "m": 0.0141602, "f": 0.0143039, "p": 0.0340696, "s": 0.0386504, "t": 0.0469607, "w": 0.0103118, "y": 0.0121859, "v": 0.0321866 },
  "g": { "a": 0.223037, "r": 0.00982956, "n": 0.0426972, "d": 0.0283211, "c": 0.016233, "q": 0.0174944, "e": 0.0406569, "h": 0.00616176, "i": 0.00938631, "l": 0.0279815, "k": 0.0272905, "m": 0.00703149, "f": 0.0112217, "p": 0.0310265, "s": 0.118882, "t": 0.0140875, "w": 0.00486168, "y": 0.00968196, "v": 0.0229624 },
  "h": { "a": 0.0821228, "r": 0.085025, "n": 0.134092, "d": 0.075898, "c": 0.0183609, "q": 0.370434, "e": 0.0392009, "g": 0.0299517, "i": 0.025606, "l": 0.0294246, "k": 0.0361198, "m": 0.023069, "f": 0.0276492, "p": 0.0775695, "s": 0.0442949, "t": 0.0572908, "w": 0.0197171, "y": 0.0249322, "v": 0.0406932 },
  "i": { "a": 0.0633503, "r": 0.0217292, "n": 0.0243258, "d": 0.0203896, "c": 0.0290603, "q": 0.0230346, "e": 0.0487978, "g": 0.0181759, "h": 0.0290476, "l": 0.270152, "k": 0.0466259, "m": 0.108715, "f": 0.0739785, "p": 0.0420651, "s": 0.0369296, "t": 0.0641559, "w": 0.0149288, "y": 0.0307384, "v": 0.599391 },
  "l": { "a": 0.0280968, "r": 0.0133336, "n": 0.0217454, "d": 0.00967479, "c": 0.00851648, "q": 0.0319019, "e": 0.0174838, "g": 0.0126143, "h": 0.0176289, "i": 0.145427, "k": 0.0205642, "m": 0.0912289, "f": 0.0531851, "p": 0.019026, "s": 0.0128613, "t": 0.030243, "w": 0.00919434, "y": 0.0142619, "v": 0.101223 },
  "k": { "a": 0.0413983, "r": 0.153916, "n": 0.0705931, "d": 0.0435964, "c": 0.00631713, "q": 0.08097, "e": 0.0850137, "g": 0.0109455, "h": 0.0204521, "i": 0.0223447, "l": 0.0286321, "m": 0.0286056, "f": 0.00834057, "p": 0.0389109, "s": 0.0695206, "t": 0.072673, "w": 0.00790196, "y": 0.0105338, "v": 0.0213619 },
  "m": { "a": 0.128319, "r": 0.111329, "n": 0.066931, "d": 0.0528216, "c": 0.0452359, "q": 0.0649638, "e": 0.0595002, "g": 0.0521099, "h": 0.0530917, "i": 0.260892, "l": 0.378709, "k": 0.282973, "f": 0.0691098, "p": 0.0546149, "s": 0.0960805, "t": 0.145478, "w": 0.0409893, "y": 0.0478365, "v": 0.113221 },
  "f": { "a": 0.0265944, "r": 0.0155695, "n": 0.0209813, "d": 0.0165961, "c": 0.0181399, "q": 0.0184089, "e": 0.0173052, "g": 0.0328145, "h": 0.0204382, "i": 0.0397453, "l": 0.194329, "k": 0.0174304, "m": 0.033062, "p": 0.0370373, "s": 0.0204665, "t": 0.0210661, "w": 0.0147133, "y": 0.351932, "v": 0.0304607 },
  "p": { "a": 0.254276, "r": 0.0416939, "n": 0.0222427, "d": 0.0224206, "c": 0.0158338, "q": 0.0561273, "e": 0.0405183, "g": 0.0415415, "h": 0.0318474, "i": 0.0363558, "l": 0.0406325, "k": 0.0243704, "m": 0.0148188, "f": 0.0106528, "s": 0.125925, "t": 0.0487721, "w": 0.00930569, "y": 0.00981768, "v": 0.064106 },
  "s": { "a": 0.342667, "r": 0.0431109, "n": 0.177963, "d": 0.0616733, "c": 0.0317837, "q": 0.0347045, "e": 0.0601387, "g": 0.18142, "h": 0.014216, "i": 0.019057, "l": 0.0211491, "k": 0.0733706, "m": 0.0174132, "f": 0.0100644, "p": 0.107559, "t": 0.34492, "w": 0.0117705, "y": 0.00869843, "v": 0.0160672 },
  "t": { "a": 0.270186, "r": 0.0183415, "n": 0.107803, "d": 0.0433446, "c": 0.0242301, "q": 0.0312356, "e": 0.0307231, "g": 0.0220194, "h": 0.019364, "i": 0.0917228, "l": 0.0396728, "k": 0.116854, "m": 0.0229738, "f": 0.0118329, "p": 0.0635749, "s": 0.429718, "w": 0.00946784, "y": 0.0165486, "v": 0.140247 },
  "w": { "a": 0.0332146, "r": 0.0956785, "n": 0.0400645, "d": 0.0319351, "c": 0.0292842, "q": 0.033049, "e": 0.031234, "g": 0.0527177, "h": 0.042994, "i": 0.0329914, "l": 0.0458883, "k": 0.032206, "m": 0.0329093, "f": 0.0553511, "p": 0.0337024, "s": 0.0630829, "t": 0.0354556, "y": 0.0351685, "v": 0.0322628 },
  "y": { "a": 0.0173679, "r": 0.0156202, "n": 0.0516297, "d": 0.0172282, "c": 0.0231237, "q": 0.0214489, "e": 0.0168972, "g": 0.0162156, "h": 0.108987, "i": 0.0558738, "l": 0.0434817, "k": 0.0160694, "m": 0.0195638, "f": 0.432321, "p": 0.0179996, "s": 0.0553613, "t": 0.0188759, "w": 0.014842, "v": 0.0367114 },
  "v": { "a": 0.218337, "r": 0.0186903, "n": 0.0168687, "d": 0.0189945, "c": 0.0217714, "q": 0.0166964, "e": 0.0223578, "g": 0.0502758, "h": 0.0109716, "i": 0.287013, "l": 0.0862647, "k": 0.0457504, "m": 0.029748, "f": 0.0228775, "p": 0.01384, "s": 0.0408972, "t": 0.0603667, "w": 0.010025, "y": 0.0309162 }
 }
}
