{
 "alphabet": "arndcqeghilkmfpstwyv",
 "insrate": 0.00717021,
 "insextprob": 0.553191,
 "delrate": 0.00307908,
 "delextprob": 0.735294,
 "rootprob":
 {
  "a": 0.0663029,
  "r": 0.0439747,
  "n": 0.0417654,
  "d": 0.0560323,
  "c": 0.0350625,
  "q": 0.041141,
  "e": 0.0510808,
  "g": 0.069676,
  "h": 0.0286328,
  "i": 0.047124,
  "l": 0.0694584,
  "k": 0.0753239,
  "m": 0.0266092,
  "f": 0.0408177,
  "p": 0.0526018,
  "s": 0.0773881,
  "t": 0.0592338,
  "w": 0.0155463,
  "y": 0.0403394,
  "v": 0.0618891
 },
 "subrate":
 {
  "a": { "r": 0.0133435, "n": 0.0323508, "d": 0.0704446, "c": 0.0265927, "q": 0.0335739, "e": 0.137144, "g": 0.17951, "h": 0.0123536, "i": 0.0405002, "l": 0.0272412, "k": 0.0295225, "m": 0.0164847, "f": 0.0100577, "p": 0.105419, "s": 0.293234, "t": 0.16907, "w": 0.00768076, "y": 0.0126172, "v": 0.206066 },
  "r": { "a": 0.0263749, "n": 0.0595532, "d": 0.0172509, "c": 0.0104746, "q": 0.0754106, "e": 0.0249277, "g": 0.0183326, "h": 0.0621081, "i": 0.015807, "l": 0.0505498, "k": 0.435132, "m": 0.0308202, "f": 0.0209835, "p": 0.0773466, "s": 0.0780991, "t": 0.0334587, "w": 0.0196565, "y": 0.0136734, "v": 0.0305675 },
  "n": { "a": 0.0517247, "r": 0.0404991, "d": 0.473524, "c": 0.012987, "q": 0.0982361, "e": 0.0872099, "g": 0.102686, "h": 0.173655, "i": 0.0221143, "l": 0.016749, "k": 0.242467, "m": 0.0297944, "f": 0.013499, "p": 0.0366216, "s": 0.192692, "t": 0.16998, "w": 0.0133238, "y": 0.0263996, "v": 0.0207532 },
  "d": { "a": 0.0878398, "r": 0.0137509, "n": 0.193296, "c": 0.00922124, "q": 0.0512263, "e": 0.554529, "g": 0.0835409, "h": 0.0319918, "i": 0.0131044, "l": 0.0198789, "k": 0.066541, "m": 0.0151305, "f": 0.00946309, "p": 0.0289909, "s": 0.195975, "t": 0.0679336, "w": 0.00873557, "y": 0.00939971, "v": 0.0129428 },
  "c": { "a": 0.0658539, "r": 0.0145112, "n": 0.0188353, "d": 0.0192273, "q": 0.0156281, "e": 0.0242245, "g": 0.0222238, "h": 0.0285995, "i": 0.0195164, "l": 0.0254625, "k": 0.0147436, "m": 0.0313923, "f": 0.0142219, "p": 0.0209899, "s": 0.131306, "t": 0.0279036, "w": 0.0135836, "y": 0.0391739, "v": 0.0444559 },
  "q": { "a": 0.04879, "r": 0.109249, "n": 0.0768455, "d": 0.0709094, "c": 0.0137066, "e": 0.264986, "g": 0.0345711, "h": 0.154573, "i": 0.0369989, "l": 0.0520466, "k": 0.142954, "m": 0.0386929, "f": 0.0137467, "p": 0.0724357, "s": 0.0657556, "t": 0.0360451, "w": 0.0115179, "y": 0.0137446, "v": 0.0211975 },
  "e": { "a": 0.167886, "r": 0.0226142, "n": 0.0952094, "d": 0.467281, "c": 0.0169076, "q": 0.229208, "g": 0.0533402, "h": 0.0280766, "i": 0.0414997, "l": 0.017601, "k": 0.0962429, "m": 0.0142262, "f": 0.00943089, "p": 0.0471822, "s": 0.107401, "t": 0.0399655, "w": 0.00894562, "y": 0.0181197, "v": 0.0230012 },
  "g": { "a": 0.187147, "r": 0.0102671, "n": 0.0627297, "d": 0.0752752, "c": 0.00937839, "q": 0.0114884, "e": 0.0367178, "h": 0.0181712, "i": 0.00830299, "l": 0.00681725, "k": 0.0346616, "m": 0.0077788, "f": 0.0179296, "p": 0.0398394, "s": 0.14325, "t": 0.0358816, "w": 0.00625945, "y": 0.00613431, "v": 0.0152075 },
  "h": { "a": 0.0293543, "r": 0.127562, "n": 0.20346, "d": 0.0378915, "c": 0.0289603, "q": 0.279347, "e": 0.0650355, "g": 0.0377113, "i": 0.0406341, "l": 0.0440482, "k": 0.084511, "m": 0.0393108, "f": 0.0499884, "p": 0.0336975, "s": 0.0413722, "t": 0.0298602, "w": 0.0169655, "y": 0.0599606, "v": 0.0543305 },
  "i": { "a": 0.0323283, "r": 0.0315524, "n": 0.0189511, "d": 0.0152623, "c": 0.015707, "q": 0.016126, "e": 0.025661, "g": 0.020557, "h": 0.035478, "l": 0.303453, "k": 0.0183801, "m": 0.0649371, "f": 0.0552948, "p": 0.0199916, "s": 0.0469934, "t": 0.0579219, "w": 0.0105192, "y": 0.0214442, "v": 0.636355 },
  "l": { "a": 0.0259055, "r": 0.0135009, "n": 0.00787708, "d": 0.01638, "c": 0.0111787, "q": 0.0110662, "e": 0.0334469, "g": 0.0143417, "h": 0.0169965, "i": 0.104298, "k": 0.0137876, "m": 0.0700909, "f": 0.0404436, "p": 0.0131103, "s": 0.0200265, "t": 0.0269764, "w": 0.0109578, "y": 0.0244695, "v": 0.0784762 },
  "k": { "a": 0.0403376, "r": 0.218967, "n": 0.10309, "d": 0.0206077, "c": 0.00643469, "q": 0.0618858, "e": 0.0767719, "g": 0.0456127, "h": 0.010896, "i": 0.0227712, "l": 0.0236602, "m": 0.0496738, "f": 0.00698062, "p": 0.0179919, "s": 0.0826344, "t": 0.0385512, "w": 0.00670705, "y": 0.00712615, "v": 0.0222276 },
  "m": { "a": 0.0805484, "r": 0.0810295, "n": 0.0289072, "d": 0.0299068, "c": 0.0220048, "q": 0.108585, "e": 0.0303972, "g": 0.0319311, "h": 0.0277275, "i": 0.187609, "l": 0.333795, "k": 0.164437, "f": 0.0304284, "p": 0.0306303, "s": 0.0557154, "t": 0.148517, "w": 0.0204201, "y": 0.0262003, "v": 0.156601 },
  "f": { "a": 0.0164525, "r": 0.0150855, "n": 0.013058, "d": 0.0120063, "c": 0.0108963, "q": 0.0277391, "e": 0.0131049, "g": 0.0143575, "h": 0.0413557, "i": 0.0731918, "l": 0.158131, "k": 0.0156299, "m": 0.0162398, "p": 0.0113252, "s": 0.0229903, "t": 0.0315799, "w": 0.0105109, "y": 0.192025, "v": 0.0449653 },
  "p": { "a": 0.110053, "r": 0.0166363, "n": 0.0243305, "d": 0.0442745, "c": 0.0187392, "q": 0.0536111, "e": 0.0350321, "g": 0.0463774, "h": 0.0359622, "i": 0.0126052, "l": 0.0397184, "k": 0.0387094, "m": 0.0210617, "f": 0.0086289, "s": 0.217161, "t": 0.0602954, "w": 0.00881343, "y": 0.00854456, "v": 0.0279431 },
  "s": { "a": 0.439997, "r": 0.0390732, "n": 0.209632, "d": 0.0957698, "c": 0.0140219, "q": 0.0416207, "e": 0.0536224, "g": 0.222862, "h": 0.0205089, "i": 0.0204935, "l": 0.0135887, "k": 0.0523346, "m": 0.0157651, "f": 0.0205774, "p": 0.121582, "t": 0.281697, "w": 0.0100924, "y": 0.00790445, "v": 0.0216507 },
  "t": { "a": 0.295762, "r": 0.0305419, "n": 0.149436, "d": 0.0755719, "c": 0.0163461, "q": 0.020883, "e": 0.0635381, "g": 0.0398377, "h": 0.0185213, "i": 0.0460469, "l": 0.0422198, "k": 0.0643956, "m": 0.0248911, "f": 0.0226726, "p": 0.0692991, "s": 0.439455, "w": 0.0132579, "y": 0.0273557, "v": 0.139812 },
  "w": { "a": 0.0360142, "r": 0.0464637, "n": 0.0492727, "d": 0.038215, "c": 0.0261165, "q": 0.0411956, "e": 0.0321706, "g": 0.0301788, "h": 0.0318691, "i": 0.0298372, "l": 0.0433304, "k": 0.0314076, "m": 0.0308388, "f": 0.0276403, "p": 0.028775, "s": 0.0809394, "t": 0.031596, "y": 0.0284946, "v": 0.0296335 },
  "y": { "a": 0.0143577, "r": 0.0378372, "n": 0.0465878, "d": 0.0132509, "c": 0.0125318, "q": 0.0283984, "e": 0.0146829, "g": 0.0257468, "h": 0.0485609, "i": 0.0185458, "l": 0.0237409, "k": 0.0143538, "m": 0.0138226, "f": 0.219174, "p": 0.0118021, "s": 0.0303724, "t": 0.0372616, "w": 0.0212638, "v": 0.0305161 },
  "v": { "a": 0.18155, "r": 0.0155773, "n": 0.0116401, "d": 0.0115528, "c": 0.0185146, "q": 0.0373748, "e": 0.0183374, "g": 0.0231461, "h": 0.0196825, "i": 0.376727, "l": 0.141577, "k": 0.0153905, "m": 0.0322016, "f": 0.0144046, "p": 0.0381716, "s": 0.0269002, "t": 0.104042, "w": 0.0070503, "y": 0.0185203 }
 }
}
