{
 "alphabet": "arndcqeghilkmfpstwyv",
 "insrate": 0.00364346,
 "insextprob": 0.666667,
 "delrate": 0.00298318,
 "delextprob": 0.357143,
 "rootprob":
 {
  "a": 0.0528697,
  "r": 0.0367053,
  "n": 0.0295007,
  "d": 0.0636656,
  "c": 0.0273015,
  "q": 0.0307469,
  "e": 0.0687501,
  "g": 0.0822899,
  "h": 0.0387957,
  "i": 0.0275516,
  "l": 0.0908647,
  "k": 0.0780747,
  "m": 0.0272986,
  "f": 0.0290697,
  "p": 0.0546982,
  "s": 0.0644038,
  "t": 0.0661825,
  "w": 0.0155273,
  "y": 0.0376903,
  "v": 0.0780129
 },
 "subrate":
 {
  "a": { "r": 0.0193646, "n": 0.0242595, "d": 0.0510742, "c": 0.0197704, "q": 0.0378993, "e": 0.0670409, "g": 0.241847, "h": 0.0194414, "i": 0.0210869, "l": 0.0258333, "k": 0.0305291, "m": 0.0189026, "f": 0.00912241, "p": 0.135356, "s": 0.300353, "t": 0.19091, "w": 0.00644638, "y": 0.0165204, "v": 0.113107 },
  "r": { "a": 0.0437999, "n": 0.0330189, "d": 0.0199295, "c": 0.0152807, "q": 0.120696, "e": 0.0228547, "g": 0.0325738, "h": 0.108998, "i": 0.0401222, "l": 0.036756, "k": 0.363079, "m": 0.0251689, "f": 0.0206539, "p": 0.0876544, "s": 0.166827, "t": 0.0323137, "w": 0.0208127, "y": 0.0340251, "v": 0.0332283 },
  "n": { "a": 0.131211, "r": 0.0373397, "d": 0.265491, "c": 0.0163443, "q": 0.0501666, "e": 0.0649714, "g": 0.0922289, "h": 0.219157, "i": 0.0348878, "l": 0.0323011, "k": 0.342276, "m": 0.0190764, "f": 0.0155208, "p": 0.0465924, "s": 0.281714, "t": 0.169988, "w": 0.0123941, "y": 0.021402, "v": 0.0276496 },
  "d": { "a": 0.0967656, "r": 0.0144345, "n": 0.365472, "c": 0.0113497, "q": 0.0627863, "e": 0.414473, "g": 0.0867618, "h": 0.0338201, "i": 0.0218501, "l": 0.0110529, "k": 0.0407792, "m": 0.0103189, "f": 0.0098549, "p": 0.029566, "s": 0.0952227, "t": 0.0543659, "w": 0.0080121, "y": 0.0100576, "v": 0.0424152 },
  "c": { "a": 0.0248317, "r": 0.0239721, "n": 0.0277506, "d": 0.0233407, "q": 0.0200238, "e": 0.0225699, "g": 0.030449, "h": 0.0196996, "i": 0.0471382, "l": 0.0338597, "k": 0.0217992, "m": 0.0232601, "f": 0.0194293, "p": 0.0188605, "s": 0.135263, "t": 0.0294803, "w": 0.0171483, "y": 0.0594161, "v": 0.0264117 },
  "q": { "a": 0.100371, "r": 0.106293, "n": 0.0880146, "d": 0.0576877, "c": 0.0167403, "e": 0.289875, "g": 0.0397855, "h": 0.146879, "i": 0.026038, "l": 0.0271557, "k": 0.115105, "m": 0.0182139, "f": 0.0132029, "p": 0.0335154, "s": 0.0907478, "t": 0.0448586, "w": 0.0118092, "y": 0.0150692, "v": 0.032273 },
  "e": { "a": 0.182114, "r": 0.0165828, "n": 0.0396771, "d": 0.491911, "c": 0.0140346, "q": 0.279022, "g": 0.0416907, "h": 0.0423403, "i": 0.0357468, "l": 0.0178416, "k": 0.0704631, "m": 0.010143, "f": 0.00853347, "p": 0.0349206, "s": 0.121278, "t": 0.0426605, "w": 0.00773553, "y": 0.0100042, "v": 0.0393462 },
  "g": { "a": 0.157696, "r": 0.0163085, "n": 0.0657606, "d": 0.0608273, "c": 0.00945484, "q": 0.0218824, "e": 0.0295222, "h": 0.00919738, "i": 0.00820626, "l": 0.00777384, "k": 0.0208336, "m": 0.00681662, "f": 0.0056736, "p": 0.033908, "s": 0.176233, "t": 0.0190419, "w": 0.00504903, "y": 0.00783423, "v": 0.0209209 },
  "h": { "a": 0.0529839, "r": 0.054398, "n": 0.216756, "d": 0.0811035, "c": 0.0138425, "q": 0.310982, "e": 0.0473304, "g": 0.0218996, "i": 0.0220194, "l": 0.0491778, "k": 0.0579702, "m": 0.0166187, "f": 0.0324646, "p": 0.0354216, "s": 0.0684853, "t": 0.0407065, "w": 0.014978, "y": 0.0479525, "v": 0.0370389 },
  "i": { "a": 0.058793, "r": 0.0446852, "n": 0.0324245, "d": 0.038886, "c": 0.0218509, "q": 0.02628, "e": 0.034163, "g": 0.0262034, "h": 0.0251473, "l": 0.316093, "k": 0.0496095, "m": 0.0961645, "f": 0.0445507, "p": 0.038266, "s": 0.0311851, "t": 0.100984, "w": 0.0151672, "y": 0.0230723, "v": 0.920667 },
  "l": { "a": 0.0303514, "r": 0.0144626, "n": 0.00758212, "d": 0.0068474, "c": 0.00530511, "q": 0.041483, "e": 0.0112819, "g": 0.0143985, "h": 0.0171302, "i": 0.115096, "k": 0.0301063, "m": 0.0624564, "f": 0.0453767, "p": 0.0127143, "s": 0.0231, "t": 0.0124151, "w": 0.013116, "y": 0.00879007, "v": 0.0958384 },
  "k": { "a": 0.0411589, "r": 0.263385, "n": 0.108599, "d": 0.046882, "c": 0.00757107, "q": 0.0786699, "e": 0.0315132, "g": 0.0346625, "h": 0.0317898, "i": 0.0240169, "l": 0.0235867, "m": 0.0340709, "f": 0.00680905, "p": 0.023562, "s": 0.0540746, "t": 0.0423466, "w": 0.0063056, "y": 0.00756087, "v": 0.0118634 },
  "m": { "a": 0.140089, "r": 0.0608795, "n": 0.048971, "d": 0.0303617, "c": 0.024865, "q": 0.0351173, "e": 0.0293279, "g": 0.0414841, "h": 0.0279333, "i": 0.135352, "l": 0.348589, "k": 0.192823, "f": 0.110001, "p": 0.0299102, "s": 0.103654, "t": 0.138418, "w": 0.0224738, "y": 0.0360682, "v": 0.159237 },
  "f": { "a": 0.0171602, "r": 0.0149669, "n": 0.0161291, "d": 0.0178465, "c": 0.0232332, "q": 0.0192044, "e": 0.0247378, "g": 0.0212481, "h": 0.0217189, "i": 0.0681456, "l": 0.12354, "k": 0.0151834, "m": 0.0192403, "p": 0.0146063, "s": 0.0411395, "t": 0.0174251, "w": 0.0226113, "y": 0.184651, "v": 0.0462111 },
  "p": { "a": 0.208854, "r": 0.0325187, "n": 0.0512377, "d": 0.0200392, "c": 0.0111082, "q": 0.0476966, "e": 0.0296656, "g": 0.0578204, "h": 0.043926, "i": 0.032535, "l": 0.0456918, "k": 0.062192, "m": 0.0143217, "f": 0.0188512, "s": 0.167115, "t": 0.058003, "w": 0.00991131, "y": 0.0143394, "v": 0.0662049 },
  "s": { "a": 0.335434, "r": 0.0646769, "n": 0.12604, "d": 0.0817539, "c": 0.0331829, "q": 0.035083, "e": 0.0471634, "g": 0.180163, "h": 0.021089, "i": 0.0329878, "l": 0.0299575, "k": 0.0743845, "m": 0.010335, "f": 0.0199375, "p": 0.115004, "t": 0.36203, "w": 0.00663748, "y": 0.0185324, "v": 0.0144223 },
  "t": { "a": 0.255863, "r": 0.0419286, "n": 0.085359, "d": 0.0395155, "c": 0.0185998, "q": 0.0179753, "e": 0.0705937, "g": 0.0433772, "h": 0.0147601, "i": 0.0604582, "l": 0.029185, "k": 0.0551877, "m": 0.0139181, "f": 0.0215799, "p": 0.0685167, "s": 0.398495, "w": 0.0073543, "y": 0.0107582, "v": 0.150999 },
  "w": { "a": 0.0341128, "r": 0.0782668, "n": 0.0335872, "d": 0.0318341, "c": 0.0428929, "q": 0.0323514, "e": 0.0318822, "g": 0.0322688, "h": 0.0755906, "i": 0.0313509, "l": 0.0317311, "k": 0.0325883, "m": 0.0306094, "f": 0.0877427, "p": 0.0324292, "s": 0.0975975, "t": 0.0327518, "y": 0.0321367, "v": 0.0314093 },
  "y": { "a": 0.0299075, "r": 0.0177363, "n": 0.0201848, "d": 0.0280348, "c": 0.0354252, "q": 0.0205208, "e": 0.0442818, "g": 0.0161778, "h": 0.101093, "i": 0.0319177, "l": 0.0298491, "k": 0.0164206, "m": 0.0274581, "f": 0.201434, "p": 0.013245, "s": 0.0340528, "t": 0.015579, "w": 0.0128726, "v": 0.0246592 },
  "v": { "a": 0.198389, "r": 0.0139623, "n": 0.0132266, "d": 0.0147917, "c": 0.0217309, "q": 0.0197179, "e": 0.0157812, "g": 0.0146489, "h": 0.0152006, "i": 0.401338, "l": 0.132336, "k": 0.0167656, "m": 0.0215667, "f": 0.00878586, "p": 0.0188915, "s": 0.0248004, "t": 0.10568, "w": 0.00599358, "y": 0.0105148 }
 }
}
