{
 "alphabet": "arndcqeghilkmfpstwyv",
 "insrate": 0.00492839,
 "insextprob": 0.642857,
 "delrate": 0.0046017,
 "delextprob": 0.641026,
 "rootprob":
 {
  "a": 0.0854603,
  "r": 0.0301,
  "n": 0.0428272,
  "d": 0.0357884,
  "c": 0.0357947,
  "q": 0.0420458,
  "e": 0.0600829,
  "g": 0.0909438,
  "h": 0.0319686,
  "i": 0.0453205,
  "l": 0.0796189,
  "k": 0.0571735,
  "m": 0.018957,
  "f": 0.0386077,
  "p": 0.0524528,
  "s": 0.0725292,
  "t": 0.0584185,
  "w": 0.012552,
  "y": 0.0382652,
  "v": 0.071093
 },
 "subrate":
 {
  "a": { "r": 0.02234, "n": 0.026547, "d": 0.0628979, "c": 0.0261556, "q": 0.0410062, "e": 0.101602, "g": 0.183791, "h": 0.0174117, "i": 0.0299334, "l": 0.0260199, "k": 0.0458987, "m": 0.018643, "f": 0.0170588, "p": 0.159565, "s": 0.260159, "t": 0.127151, "w": 0.00639951, "y": 0.0115658, "v": 0.171851 },
  "r": { "a": 0.0337213, "n": 0.0367804, "d": 0.0258633, "c": 0.0302171, "q": 0.161542, "e": 0.0328186, "g": 0.0426203, "h": 0.0714289, "i": 0.0219727, "l": 0.0244669, "k": 0.513928, "m": 0.0228261, "f": 0.01571, "p": 0.0358026, "s": 0.124358, "t": 0.0627371, "w": 0.0353951, "y": 0.0158666, "v": 0.0333024 },
  "n": { "a": 0.0834385, "r": 0.0378197, "d": 0.370361, "c": 0.0157714, "q": 0.0806905, "e": 0.049663, "g": 0.167461, "h": 0.222423, "i": 0.0429266, "l": 0.0207188, "k": 0.0766478, "m": 0.0192206, "f": 0.0152698, "p": 0.0243457, "s": 0.291152, "t": 0.167542, "w": 0.0135741, "y": 0.0355884, "v": 0.0383989 },
  "d": { "a": 0.118877, "r": 0.021164, "n": 0.269776, "c": 0.0123165, "q": 0.0446188, "e": 0.4457, "g": 0.0993045, "h": 0.041179, "i": 0.0225552, "l": 0.0190165, "k": 0.0368766, "m": 0.0136528, "f": 0.010812, "p": 0.0318545, "s": 0.0811241, "t": 0.0310485, "w": 0.0111625, "y": 0.0114225, "v": 0.0396074 },
  "c": { "a": 0.0740205, "r": 0.0168179, "n": 0.0374469, "d": 0.0159156, "q": 0.0160186, "e": 0.0170605, "g": 0.0235795, "h": 0.0150263, "i": 0.0740378, "l": 0.015123, "k": 0.0279075, "m": 0.0164544, "f": 0.0136895, "p": 0.0351252, "s": 0.125262, "t": 0.0577877, "w": 0.013769, "y": 0.022029, "v": 0.0375756 },
  "q": { "a": 0.105539, "r": 0.0744208, "n": 0.0374957, "d": 0.0578571, "c": 0.0151386, "e": 0.357229, "g": 0.0512982, "h": 0.303673, "i": 0.0244822, "l": 0.0546496, "k": 0.158531, "m": 0.0279654, "f": 0.0121243, "p": 0.0761489, "s": 0.0647243, "t": 0.0274536, "w": 0.0126248, "y": 0.0125562, "v": 0.034515 },
  "e": { "a": 0.17329, "r": 0.0324364, "n": 0.0981402, "d": 0.503039, "c": 0.0149725, "q": 0.290534, "g": 0.0563509, "h": 0.0374614, "i": 0.0309559, "l": 0.0149236, "k": 0.0818153, "m": 0.0119238, "f": 0.00891043, "p": 0.0435209, "s": 0.0449495, "t": 0.0206313, "w": 0.00940041, "y": 0.00979447, "v": 0.0195837 },
  "g": { "a": 0.165026, "r": 0.017649, "n": 0.0586388, "d": 0.0501561, "c": 0.0139599, "q": 0.0300768, "e": 0.0614216, "h": 0.0122411, "i": 0.0155404, "l": 0.017515, "k": 0.0201395, "m": 0.00687653, "f": 0.00576621, "p": 0.0317545, "s": 0.10149, "t": 0.0159647, "w": 0.00538144, "y": 0.0097946, "v": 0.0126647 },
  "h": { "a": 0.0352232, "r": 0.0601259, "n": 0.137485, "d": 0.0715167, "c": 0.0150491, "q": 0.314936, "e": 0.0444606, "g": 0.0515557, "i": 0.0269281, "l": 0.0576136, "k": 0.0685637, "m": 0.022112, "f": 0.0179886, "p": 0.0789035, "s": 0.0304869, "t": 0.0266348, "w": 0.015556, "y": 0.0324851, "v": 0.0401646 },
  "i": { "a": 0.0567524, "r": 0.0291835, "n": 0.0490412, "d": 0.0349855, "c": 0.0183153, "q": 0.0242077, "e": 0.0220552, "g": 0.0211911, "h": 0.0194895, "l": 0.366303, "k": 0.0682112, "m": 0.0844876, "f": 0.0838219, "p": 0.0283625, "s": 0.0521009, "t": 0.0527791, "w": 0.0135059, "y": 0.0160693, "v": 0.815272 },
  "l": { "a": 0.0375338, "r": 0.00900498, "n": 0.00913387, "d": 0.0108731, "c": 0.00566622, "q": 0.0196653, "e": 0.0154078, "g": 0.02569, "h": 0.00690449, "i": 0.115109, "k": 0.0334643, "m": 0.109081, "f": 0.0613387, "p": 0.0102702, "s": 0.0413718, "t": 0.0125677, "w": 0.00812917, "y": 0.0143666, "v": 0.124744 },
  "k": { "a": 0.0520908, "r": 0.16304, "n": 0.0780758, "d": 0.0150772, "c": 0.00669793, "q": 0.0575284, "e": 0.0325526, "g": 0.027629, "h": 0.0240014, "i": 0.0149401, "l": 0.00981523, "m": 0.0458694, "f": 0.00819804, "p": 0.0196045, "s": 0.08419, "t": 0.0981703, "w": 0.00718985, "y": 0.00613301, "v": 0.0097335 },
  "m": { "a": 0.126873, "r": 0.0844195, "n": 0.0588699, "d": 0.0412516, "c": 0.032633, "q": 0.0535888, "e": 0.0465141, "g": 0.0480763, "h": 0.0396154, "i": 0.224302, "l": 0.690523, "k": 0.239775, "f": 0.0475214, "p": 0.0447977, "s": 0.0594272, "t": 0.148478, "w": 0.0340145, "y": 0.0346213, "v": 0.242406 },
  "f": { "a": 0.0212757, "r": 0.0113261, "n": 0.0131732, "d": 0.0111029, "c": 0.0156931, "q": 0.0121591, "e": 0.0115872, "g": 0.0699607, "h": 0.0135476, "i": 0.0437273, "l": 0.169286, "k": 0.0109451, "m": 0.0157349, "p": 0.0202313, "s": 0.0203154, "t": 0.0146626, "w": 0.0121786, "y": 0.215154, "v": 0.0203634 },
  "p": { "a": 0.155687, "r": 0.0563138, "n": 0.0427115, "d": 0.0210122, "c": 0.00925122, "q": 0.0699554, "e": 0.026504, "g": 0.0334069, "h": 0.0251962, "i": 0.0145173, "l": 0.0119275, "k": 0.0375272, "m": 0.0109557, "f": 0.00865962, "s": 0.121016, "t": 0.0761999, "w": 0.00873252, "y": 0.011945, "v": 0.0211456 },
  "s": { "a": 0.366143, "r": 0.0301439, "n": 0.182157, "d": 0.0617431, "c": 0.0532173, "q": 0.0390271, "e": 0.0660953, "g": 0.138214, "h": 0.0311973, "i": 0.0199905, "l": 0.0269965, "k": 0.0886488, "m": 0.0353827, "f": 0.0107092, "p": 0.107264, "t": 0.282317, "w": 0.00842644, "y": 0.0100012, "v": 0.016279 },
  "t": { "a": 0.248611, "r": 0.0195563, "n": 0.06417, "d": 0.0238804, "c": 0.0118321, "q": 0.0227873, "e": 0.0344399, "g": 0.0366535, "h": 0.0174798, "i": 0.0559146, "l": 0.0327641, "k": 0.083316, "m": 0.0427046, "f": 0.0133319, "p": 0.0682171, "s": 0.485715, "w": 0.00961968, "y": 0.00946322, "v": 0.119072 },
  "w": { "a": 0.0504504, "r": 0.142534, "n": 0.047516, "d": 0.0446681, "c": 0.0399548, "q": 0.0483035, "e": 0.046232, "g": 0.0684195, "h": 0.0451946, "i": 0.0548024, "l": 0.0674572, "k": 0.100467, "m": 0.0512227, "f": 0.0664392, "p": 0.0465886, "s": 0.0491549, "t": 0.0512405, "y": 0.0459935, "v": 0.0582184 },
  "y": { "a": 0.0376199, "r": 0.025968, "n": 0.0359848, "d": 0.0147827, "c": 0.0405101, "q": 0.0150623, "e": 0.0150948, "g": 0.0233859, "h": 0.0488747, "i": 0.0248893, "l": 0.0216321, "k": 0.0142484, "m": 0.0165178, "f": 0.273942, "p": 0.0156487, "s": 0.0612831, "t": 0.0340655, "w": 0.0344405, "v": 0.0217875 },
  "v": { "a": 0.149556, "r": 0.0127243, "n": 0.0122858, "d": 0.0171187, "c": 0.0271442, "q": 0.0122483, "e": 0.0217478, "g": 0.0386222, "h": 0.0130851, "i": 0.395595, "l": 0.11623, "k": 0.0244671, "m": 0.0389089, "f": 0.0232865, "p": 0.0678086, "s": 0.0180006, "t": 0.13171, "w": 0.00693184, "y": 0.00830843 }
 }
}
