{
 "alphabet": "arndcqeghilkmfpstwyv",
 "insrate": 0.00587414,
 "insextprob": 0.638298,
 "delrate": 0.00552778,
 "delextprob": 0.714286,
 "rootprob":
 {
  "a": 0.0816595,
  "r": 0.0476696,
  "n": 0.0510404,
  "d": 0.039086,
  "c": 0.0399887,
  "q": 0.0466983,
  "e": 0.0420369,
  "g": 0.087858,
  "h": 0.0336514,
  "i": 0.0276523,
  "l": 0.0730915,
  "k": 0.0875459,
  "m": 0.0172556,
  "f": 0.0443567,
  "p": 0.04648,
  "s": 0.0621864,
  "t": 0.0612553,
  "w": 0.0141958,
  "y": 0.0332817,
  "v": 0.06301
 },
 "subrate":
 {
  "a": { "r": 0.0185639, "n": 0.0407108, "d": 0.0232759, "c": 0.0133137, "q": 0.0419736, "e": 0.0769342, "g": 0.213132, "h": 0.0123777, "i": 0.0149452, "l": 0.0255923, "k": 0.0252781, "m": 0.0163098, "f": 0.00714677, "p": 0.0956541, "s": 0.305873, "t": 0.239798, "w": 0.00634205, "y": 0.0180462, "v": 0.14528 },
  "r": { "a": 0.0575814, "n": 0.0381149, "d": 0.0144919, "c": 0.0259406, "q": 0.0786307, "e": 0.0161143, "g": 0.0238875, "h": 0.0871239, "i": 0.0240101, "l": 0.0181936, "k": 0.385667, "m": 0.0230089, "f": 0.0103389, "p": 0.078697, "s": 0.134955, "t": 0.0344459, "w": 0.0252847, "y": 0.0140543, "v": 0.0185492 },
  "n": { "a": 0.108437, "r": 0.0469197, "d": 0.338196, "c": 0.0131112, "q": 0.0606423, "e": 0.0988077, "g": 0.123839, "h": 0.156096, "i": 0.0281423, "l": 0.0320177, "k": 0.225459, "m": 0.0181975, "f": 0.0125334, "p": 0.0330401, "s": 0.308253, "t": 0.107923, "w": 0.0120805, "y": 0.0359052, "v": 0.0275454 },
  "d": { "a": 0.0823729, "r": 0.0176448, "n": 0.21845, "c": 0.0111618, "q": 0.0747559, "e": 0.580579, "g": 0.0599782, "h": 0.0354757, "i": 0.0193515, "l": 0.0192098, "k": 0.0510275, "m": 0.0140106, "f": 0.0107335, "p": 0.0311479, "s": 0.0943165, "t": 0.0345407, "w": 0.0108029, "y": 0.0118058, "v": 0.0188128 },
  "c": { "a": 0.0578613, "r": 0.035424, "n": 0.0152416, "d": 0.0153309, "q": 0.01395, "e": 0.0162848, "g": 0.0285093, "h": 0.0477042, "i": 0.0261287, "l": 0.0191591, "k": 0.0126787, "m": 0.0144077, "f": 0.0220158, "p": 0.0130718, "s": 0.105312, "t": 0.0591704, "w": 0.0120256, "y": 0.0239431, "v": 0.0174566 },
  "q": { "a": 0.0779602, "r": 0.0895638, "n": 0.101666, "d": 0.0627448, "c": 0.0126667, "e": 0.321996, "g": 0.0617791, "h": 0.155696, "i": 0.0158591, "l": 0.0197736, "k": 0.158559, "m": 0.0165452, "f": 0.0111049, "p": 0.0700358, "s": 0.0431623, "t": 0.0440391, "w": 0.0116248, "y": 0.0120005, "v": 0.0281212 },
  "e": { "a": 0.154416, "r": 0.0174419, "n": 0.0454276, "d": 0.386227, "c": 0.00974494, "q": 0.256916, "g": 0.0343542, "h": 0.0429342, "i": 0.0280763, "l": 0.0216437, "k": 0.131955, "m": 0.0131858, "f": 0.00980207, "p": 0.0279581, "s": 0.0749797, "t": 0.0580639, "w": 0.00984995, "y": 0.0108145, "v": 0.0374498 },
  "g": { "a": 0.20739, "r": 0.0137752, "n": 0.0609723, "d": 0.0317083, "c": 0.00663158, "q": 0.0156628, "e": 0.0574908, "h": 0.0247869, "i": 0.00931187, "l": 0.0173506, "k": 0.0372007, "m": 0.00855297, "f": 0.00576067, "p": 0.0327675, "s": 0.177492, "t": 0.0213233, "w": 0.00600967, "y": 0.00590894, "v": 0.0346879 },
  "h": { "a": 0.042235, "r": 0.14362, "n": 0.168225, "d": 0.139592, "c": 0.0685996, "q": 0.259197, "e": 0.0780627, "g": 0.0231618, "i": 0.0371792, "l": 0.043374, "k": 0.0448767, "m": 0.0382817, "f": 0.0197708, "p": 0.0330577, "s": 0.0768675, "t": 0.0288824, "w": 0.0169441, "y": 0.0445261, "v": 0.0540242 },
  "i": { "a": 0.0847559, "r": 0.0419046, "n": 0.0386146, "d": 0.0338558, "c": 0.0327078, "q": 0.0366816, "e": 0.0373238, "g": 0.0284771, "h": 0.0271222, "l": 0.3347, "k": 0.0255891, "m": 0.0656398, "f": 0.0443629, "p": 0.0343949, "s": 0.0349367, "t": 0.0458247, "w": 0.0181678, "y": 0.0232272, "v": 0.651548 },
  "l": { "a": 0.0245342, "r": 0.0107491, "n": 0.0191937, "d": 0.00871105, "c": 0.00716917, "q": 0.0369485, "e": 0.00911475, "g": 0.012398, "h": 0.0210005, "i": 0.14435, "k": 0.0201042, "m": 0.0917038, "f": 0.0931847, "p": 0.0231588, "s": 0.0149932, "t": 0.0200902, "w": 0.0167951, "y": 0.0152206, "v": 0.105674 },
  "k": { "a": 0.0568432, "r": 0.132215, "n": 0.168693, "d": 0.0559706, "c": 0.00589797, "q": 0.0454005, "e": 0.0784588, "g": 0.0679331, "h": 0.0156091, "i": 0.0155987, "l": 0.0175508, "m": 0.0184776, "f": 0.00693669, "p": 0.011518, "s": 0.0795756, "t": 0.0680166, "w": 0.00617725, "y": 0.00589695, "v": 0.0150411 },
  "m": { "a": 0.0856678, "r": 0.0693486, "n": 0.0707042, "d": 0.0598284, "c": 0.0512195, "q": 0.281238, "e": 0.105117, "g": 0.0636095, "h": 0.0715202, "i": 0.179636, "l": 0.820027, "k": 0.183676, "f": 0.0701364, "p": 0.0640925, "s": 0.12034, "t": 0.136693, "w": 0.0548703, "y": 0.0556862, "v": 0.326639 },
  "f": { "a": 0.0242487, "r": 0.0128815, "n": 0.0236333, "d": 0.0119248, "c": 0.0147641, "q": 0.0177385, "e": 0.0121207, "g": 0.0307497, "h": 0.0132072, "i": 0.0689761, "l": 0.0727716, "k": 0.0245996, "m": 0.027491, "p": 0.0129027, "s": 0.0639558, "t": 0.0226845, "w": 0.0124141, "y": 0.175523, "v": 0.0178009 },
  "p": { "a": 0.157786, "r": 0.0433825, "n": 0.0284665, "d": 0.018454, "c": 0.011976, "q": 0.077242, "e": 0.0571929, "g": 0.0335127, "h": 0.0156615, "i": 0.0144386, "l": 0.0419674, "k": 0.0281682, "m": 0.014131, "f": 0.0108526, "s": 0.190373, "t": 0.0423223, "w": 0.0126635, "y": 0.0290204, "v": 0.021803 },
  "s": { "a": 0.326155, "r": 0.0752996, "n": 0.178539, "d": 0.0859935, "c": 0.0212298, "q": 0.0432962, "e": 0.0405299, "g": 0.213452, "h": 0.0279713, "i": 0.0277771, "l": 0.0354397, "k": 0.0707175, "m": 0.0117279, "f": 0.0118478, "p": 0.0849966, "t": 0.375732, "w": 0.00840485, "y": 0.0226526, "v": 0.0306116 },
  "t": { "a": 0.32627, "r": 0.049791, "n": 0.103561, "d": 0.0433445, "c": 0.0134774, "q": 0.0266054, "e": 0.0484189, "g": 0.044547, "h": 0.014888, "i": 0.0948684, "l": 0.038881, "k": 0.0501641, "m": 0.0178323, "f": 0.0103029, "p": 0.0555986, "s": 0.380751, "w": 0.00869901, "y": 0.00990971, "v": 0.128986 },
  "w": { "a": 0.0422806, "r": 0.10481, "n": 0.0409609, "d": 0.0375025, "c": 0.0348635, "q": 0.0399095, "e": 0.0384351, "g": 0.0391826, "h": 0.0403627, "i": 0.040326, "l": 0.0707825, "k": 0.0474317, "m": 0.0395905, "f": 0.0673072, "p": 0.058596, "s": 0.0907363, "t": 0.0491325, "y": 0.100791, "v": 0.0378753 },
  "y": { "a": 0.0411686, "r": 0.0184256, "n": 0.0191861, "d": 0.0168437, "c": 0.0318223, "q": 0.0170045, "e": 0.0152991, "g": 0.0139172, "h": 0.0490088, "i": 0.0362938, "l": 0.0607755, "k": 0.0149469, "m": 0.0187024, "f": 0.160549, "p": 0.0151164, "s": 0.0517993, "t": 0.0214433, "w": 0.0139912, "v": 0.0294841 },
  "v": { "a": 0.204564, "r": 0.0393889, "n": 0.0133481, "d": 0.0120122, "c": 0.0298176, "q": 0.0179723, "e": 0.0187078, "g": 0.0503606, "h": 0.0238706, "i": 0.391747, "l": 0.122786, "k": 0.0151321, "m": 0.0232987, "f": 0.0217125, "p": 0.0180349, "s": 0.0373505, "t": 0.0908554, "w": 0.00866576, "y": 0.0228342 }
 }
}
