{
 "alphabet": "arndcqeghilkmfpstwyv",
 "insrate": 0.00699927,
 "insextprob": 0.596491,
 "delrate": 0.00396503,
 "delextprob": 0.580645,
 "rootprob":
 {
  "a": 0.113837,
  "r": 0.0474927,
  "n": 0.0499853,
  "d": 0.0439227,
  "c": 0.0246721,
  "q": 0.0287256,
  "e": 0.0425605,
  "g": 0.0690105,
  "h": 0.0422564,
  "i": 0.0314949,
  "l": 0.0866338,
  "k": 0.0996628,
  "m": 0.0165888,
  "f": 0.0359634,
  "p": 0.0660024,
  "s": 0.0671971,
  "t": 0.0475107,
  "w": 0.00922138,
  "y": 0.0227643,
  "v": 0.0544976
 },
 "subrate":
 {
  "a": { "r": 0.0219279, "n": 0.0312444, "d": 0.0491188, "c": 0.0119848, "q": 0.0298419, "e": 0.0527696, "g": 0.232376, "h": 0.0163393, "i": 0.0308356, "l": 0.0491158, "k": 0.0396699, "m": 0.0121093, "f": 0.0136316, "p": 0.125211, "s": 0.255071, "t": 0.201486, "w": 0.00643138, "y": 0.00584973, "v": 0.12423 },
  "r": { "a": 0.0451798, "n": 0.0707048, "d": 0.0165363, "c": 0.0175413, "q": 0.0957249, "e": 0.024636, "g": 0.0169629, "h": 0.0479975, "i": 0.0220008, "l": 0.0309607, "k": 0.447409, "m": 0.0334864, "f": 0.0167282, "p": 0.0610544, "s": 0.0667243, "t": 0.0652702, "w": 0.0192529, "y": 0.012959, "v": 0.0406476 },
  "n": { "a": 0.105889, "r": 0.0266735, "d": 0.368538, "c": 0.0203856, "q": 0.0759976, "e": 0.0452447, "g": 0.0846672, "h": 0.154211, "i": 0.0183816, "l": 0.0349224, "k": 0.226197, "m": 0.0311739, "f": 0.0132467, "p": 0.0333691, "s": 0.392197, "t": 0.179193, "w": 0.0164063, "y": 0.0280553, "v": 0.0234584 },
  "d": { "a": 0.111944, "r": 0.0383403, "n": 0.322378, "c": 0.0166835, "q": 0.0790249, "e": 0.425521, "g": 0.0871463, "h": 0.0358352, "i": 0.0238341, "l": 0.0144843, "k": 0.0602202, "m": 0.0180141, "f": 0.0128895, "p": 0.0382501, "s": 0.0745223, "t": 0.0525892, "w": 0.0137432, "y": 0.0121318, "v": 0.0188513 },
  "c": { "a": 0.0809755, "r": 0.0192363, "n": 0.0235268, "d": 0.0187037, "q": 0.0185998, "e": 0.0188998, "g": 0.0274987, "h": 0.0377187, "i": 0.0519836, "l": 0.0169426, "k": 0.0323577, "m": 0.0193904, "f": 0.0225599, "p": 0.037788, "s": 0.0800025, "t": 0.0222435, "w": 0.0247906, "y": 0.0321952, "v": 0.0407981 },
  "q": { "a": 0.0531482, "r": 0.170913, "n": 0.0607644, "d": 0.0880369, "c": 0.0185092, "e": 0.342008, "g": 0.0783083, "h": 0.146276, "i": 0.0312453, "l": 0.0568408, "k": 0.16695, "m": 0.0300265, "f": 0.0181237, "p": 0.0911839, "s": 0.0532388, "t": 0.0438549, "w": 0.0192944, "y": 0.0171717, "v": 0.0460381 },
  "e": { "a": 0.158339, "r": 0.0177054, "n": 0.0388417, "d": 0.397888, "c": 0.0122868, "q": 0.297548, "g": 0.0612732, "h": 0.0173214, "i": 0.0271284, "l": 0.015685, "k": 0.0769493, "m": 0.0168345, "f": 0.0164368, "p": 0.0375629, "s": 0.0457037, "t": 0.0369533, "w": 0.012052, "y": 0.0328483, "v": 0.0378635 },
  "g": { "a": 0.127647, "r": 0.0138221, "n": 0.0728524, "d": 0.0669267, "c": 0.0102027, "q": 0.016672, "e": 0.0818778, "h": 0.0216338, "i": 0.00980372, "l": 0.0110073, "k": 0.0291838, "m": 0.014199, "f": 0.00987529, "p": 0.0484208, "s": 0.106898, "t": 0.0233269, "w": 0.00853905, "y": 0.00739256, "v": 0.0261732 },
  "h": { "a": 0.0432672, "r": 0.0884753, "n": 0.239116, "d": 0.0461596, "c": 0.0271777, "q": 0.190651, "e": 0.0356077, "g": 0.0426187, "i": 0.0248307, "l": 0.0301485, "k": 0.0373245, "m": 0.0174988, "f": 0.0226468, "p": 0.0392781, "s": 0.0884298, "t": 0.02363, "w": 0.0173627, "y": 0.0353566, "v": 0.0210552 },
  "i": { "a": 0.0603091, "r": 0.0192865, "n": 0.0296271, "d": 0.034926, "c": 0.0249361, "q": 0.0501171, "e": 0.0566271, "g": 0.0294628, "h": 0.0194536, "l": 0.334379, "k": 0.025689, "m": 0.0982204, "f": 0.0488498, "p": 0.0242164, "s": 0.0306948, "t": 0.133629, "w": 0.018606, "y": 0.0187399, "v": 0.655175 },
  "l": { "a": 0.0312856, "r": 0.0076412, "n": 0.0236012, "d": 0.00901908, "c": 0.00849417, "q": 0.0262623, "e": 0.00736588, "g": 0.0146693, "h": 0.0136077, "i": 0.093891, "k": 0.0134187, "m": 0.0855528, "f": 0.0397342, "p": 0.0108226, "s": 0.0138353, "t": 0.0306556, "w": 0.0165333, "y": 0.0156615, "v": 0.0812666 },
  "k": { "a": 0.0269605, "r": 0.165112, "n": 0.109884, "d": 0.0375515, "c": 0.00496499, "q": 0.0366185, "e": 0.0443941, "g": 0.0217649, "h": 0.0255467, "i": 0.0336604, "l": 0.0237985, "m": 0.0199897, "f": 0.00537087, "p": 0.0242298, "s": 0.0576891, "t": 0.0542657, "w": 0.00786823, "y": 0.00595424, "v": 0.0214179 },
  "m": { "a": 0.114825, "r": 0.0433916, "n": 0.0429755, "d": 0.0373952, "c": 0.0346283, "q": 0.0645132, "e": 0.0421373, "g": 0.058156, "h": 0.0378697, "i": 0.126866, "l": 0.611119, "k": 0.122958, "f": 0.0622743, "p": 0.0424046, "s": 0.101927, "t": 0.0701836, "w": 0.0364491, "y": 0.0328312, "v": 0.153255 },
  "f": { "a": 0.0648995, "r": 0.0424528, "n": 0.0175546, "d": 0.0150216, "c": 0.0199871, "q": 0.0186067, "e": 0.0160995, "g": 0.0140043, "h": 0.0339715, "i": 0.0444654, "l": 0.101558, "k": 0.0196857, "m": 0.0283947, "p": 0.0297112, "s": 0.0215035, "t": 0.0239618, "w": 0.0174328, "y": 0.255898, "v": 0.0346545 },
  "p": { "a": 0.177143, "r": 0.0467738, "n": 0.0168803, "d": 0.0294471, "c": 0.0246135, "q": 0.0316629, "e": 0.063874, "g": 0.0455099, "h": 0.0324166, "i": 0.0155841, "l": 0.029346, "k": 0.0252354, "m": 0.013329, "f": 0.0194836, "s": 0.185035, "t": 0.052617, "w": 0.0103907, "y": 0.0101805, "v": 0.0398675 },
  "s": { "a": 0.321959, "r": 0.0353481, "n": 0.187143, "d": 0.0891395, "c": 0.0481599, "q": 0.0371676, "e": 0.0558858, "g": 0.111347, "h": 0.0444197, "i": 0.0215806, "l": 0.0191996, "k": 0.0524416, "m": 0.0137415, "f": 0.0188947, "p": 0.122595, "t": 0.380721, "w": 0.0162304, "y": 0.0204147, "v": 0.0205873 },
  "t": { "a": 0.233105, "r": 0.0170124, "n": 0.0728706, "d": 0.0322177, "c": 0.027761, "q": 0.0245765, "e": 0.0557917, "g": 0.0521232, "h": 0.0287932, "i": 0.103473, "l": 0.0359852, "k": 0.051603, "m": 0.0275043, "f": 0.0272064, "p": 0.0410797, "s": 0.334683, "w": 0.0114598, "y": 0.0231115, "v": 0.169042 },
  "w": { "a": 0.0904898, "r": 0.225113, "n": 0.0886985, "d": 0.0709786, "c": 0.102218, "q": 0.0747466, "e": 0.0713495, "g": 0.071767, "h": 0.0728111, "i": 0.0759684, "l": 0.201907, "k": 0.0718272, "m": 0.0797686, "f": 0.0961409, "p": 0.0750671, "s": 0.217048, "t": 0.0798904, "y": 0.0749092, "v": 0.0779074 },
  "y": { "a": 0.0712435, "r": 0.0262414, "n": 0.0240376, "d": 0.0211435, "c": 0.0408683, "q": 0.0231567, "e": 0.0234665, "g": 0.0208559, "h": 0.0293477, "i": 0.0467434, "l": 0.0464324, "k": 0.0234897, "m": 0.0262297, "f": 0.377084, "p": 0.0240515, "s": 0.0468772, "t": 0.0312809, "w": 0.0231675, "v": 0.0340555 },
  "v": { "a": 0.193397, "r": 0.0111076, "n": 0.0189529, "d": 0.0112737, "c": 0.0185068, "q": 0.0235151, "e": 0.0363702, "g": 0.0363438, "h": 0.0232364, "i": 0.360288, "l": 0.150955, "k": 0.0122203, "m": 0.0577866, "f": 0.0192912, "p": 0.0286185, "s": 0.0172402, "t": 0.12744, "w": 0.00966377, "y": 0.00909476 }
 }
}
