{
 "alphabet": "arndcqeghilkmfpstwyv",
 "insrate": 0.00305575,
 "insextprob": 0.756757,
 "delrate": 0.00474633,
 "delextprob": 0.787879,
 "rootprob":
 {
  "a": 0.0863059,
  "r": 0.0414563,
  "n": 0.0593925,
  "d": 0.0435677,
  "c": 0.0399312,
  "q": 0.0351301,
  "e": 0.0691383,
  "g": 0.0695167,
  "h": 0.0407667,
  "i": 0.0364727,
  "l": 0.0791148,
  "k": 0.0675767,
  "m": 0.0122883,
  "f": 0.0468411,
  "p": 0.0492706,
  "s": 0.0622311,
  "t": 0.0521857,
  "w": 0.0127876,
  "y": 0.0312559,
  "v": 0.0647701
 },
 "subrate":
 {
  "a": { "r": 0.0229956, "n": 0.0212736, "d": 0.0410889, "c": 0.0218449, "q": 0.04151, "e": 0.096237, "g": 0.196117, "h": 0.0133106, "i": 0.0193516, "l": 0.0461531, "k": 0.0377566, "m": 0.0208516, "f": 0.00781532, "p": 0.0702905, "s": 0.285873, "t": 0.11128, "w": 0.00727926, "y": 0.0130347, "v": 0.133116 },
  "r": { "a": 0.0408101, "n": 0.0762439, "d": 0.0196753, "c": 0.0115701, "q": 0.113714, "e": 0.024708, "g": 0.0829451, "h": 0.0583918, "i": 0.0259504, "l": 0.0398845, "k": 0.363615, "m": 0.0174791, "f": 0.0121548, "p": 0.0588011, "s": 0.0673505, "t": 0.0339521, "w": 0.0275936, "y": 0.0184189, "v": 0.0285924 },
  "n": { "a": 0.0860217, "r": 0.0372952, "d": 0.34376, "c": 0.0157882, "q": 0.0506303, "e": 0.0662883, "g": 0.170979, "h": 0.115693, "i": 0.034905, "l": 0.0223557, "k": 0.252033, "m": 0.0166071, "f": 0.0367074, "p": 0.0221694, "s": 0.283405, "t": 0.174373, "w": 0.0122003, "y": 0.0331709, "v": 0.0240484 },
  "d": { "a": 0.101798, "r": 0.0159689, "n": 0.361472, "c": 0.0166969, "q": 0.0715825, "e": 0.582124, "g": 0.119477, "h": 0.0739797, "i": 0.0133434, "l": 0.0133758, "k": 0.0582908, "m": 0.0134182, "f": 0.0111921, "p": 0.0272557, "s": 0.077703, "t": 0.0431624, "w": 0.0110049, "y": 0.0162289, "v": 0.0155573 },
  "c": { "a": 0.0264895, "r": 0.0199189, "n": 0.0117184, "d": 0.0119485, "q": 0.0110353, "e": 0.0109564, "g": 0.0230172, "h": 0.019771, "i": 0.0209226, "l": 0.0120316, "k": 0.0103381, "m": 0.0117818, "f": 0.0154755, "p": 0.0138975, "s": 0.099429, "t": 0.0124825, "w": 0.0103817, "y": 0.0177224, "v": 0.0306 },
  "q": { "a": 0.0855101, "r": 0.181417, "n": 0.0654795, "d": 0.0539788, "c": 0.014163, "e": 0.233552, "g": 0.0241454, "h": 0.21803, "i": 0.0140861, "l": 0.0381571, "k": 0.125286, "m": 0.0201718, "f": 0.0151174, "p": 0.0471103, "s": 0.0403472, "t": 0.0398488, "w": 0.0122461, "y": 0.0215417, "v": 0.0270353 },
  "e": { "a": 0.177979, "r": 0.0173843, "n": 0.0770042, "d": 0.515449, "c": 0.0102682, "q": 0.319604, "g": 0.083052, "h": 0.0362619, "i": 0.0204844, "l": 0.0214073, "k": 0.0893601, "m": 0.0134588, "f": 0.00888065, "p": 0.0780697, "s": 0.0787991, "t": 0.048038, "w": 0.00948869, "y": 0.0423156, "v": 0.0735842 },
  "g": { "a": 0.16157, "r": 0.0201878, "n": 0.0594173, "d": 0.0692794, "c": 0.00846791, "q": 0.0162235, "e": 0.042307, "h": 0.014598, "i": 0.00846708, "l": 0.0149086, "k": 0.0531593, "m": 0.00855074, "f": 0.00606079, "p": 0.0442237, "s": 0.151775, "t": 0.0305655, "w": 0.00692149, "y": 0.0067665, "v": 0.0176625 },
  "h": { "a": 0.101383, "r": 0.0998306, "n": 0.11448, "d": 0.0418118, "c": 0.0136306, "q": 0.263385, "e": 0.0276654, "g": 0.0448587, "i": 0.0140781, "l": 0.0274136, "k": 0.0654372, "m": 0.0199566, "f": 0.0288036, "p": 0.0749547, "s": 0.0431102, "t": 0.0456947, "w": 0.0136878, "y": 0.0699541, "v": 0.0254153 },
  "i": { "a": 0.0427386, "r": 0.0481518, "n": 0.0518589, "d": 0.0601781, "c": 0.0427737, "q": 0.0228681, "e": 0.0389118, "g": 0.0304378, "h": 0.022856, "l": 0.32508, "k": 0.0265897, "m": 0.0826893, "f": 0.0416803, "p": 0.0225672, "s": 0.03818, "t": 0.116056, "w": 0.0178689, "y": 0.0329469, "v": 0.588693 },
  "l": { "a": 0.0329047, "r": 0.014926, "n": 0.010975, "d": 0.00714826, "c": 0.0144983, "q": 0.0389806, "e": 0.0200035, "g": 0.0154838, "h": 0.0157019, "i": 0.148768, "k": 0.00776475, "m": 0.0965863, "f": 0.0482275, "p": 0.012634, "s": 0.0241061, "t": 0.0154388, "w": 0.00876833, "y": 0.00827347, "v": 0.15175 },
  "k": { "a": 0.0347407, "r": 0.187171, "n": 0.103598, "d": 0.0216242, "c": 0.00709152, "q": 0.101361, "e": 0.0869134, "g": 0.0327804, "h": 0.0499703, "i": 0.0162914, "l": 0.0301168, "m": 0.0404805, "f": 0.00746386, "p": 0.0266825, "s": 0.0661036, "t": 0.103784, "w": 0.00772893, "y": 0.00813385, "v": 0.0197918 },
  "m": { "a": 0.0911805, "r": 0.0893836, "n": 0.0606071, "d": 0.0496221, "c": 0.0529454, "q": 0.200329, "e": 0.0588298, "g": 0.0609813, "h": 0.0745637, "i": 0.383301, "l": 0.659643, "k": 0.139314, "f": 0.0548073, "p": 0.0672376, "s": 0.066824, "t": 0.0836811, "w": 0.0461444, "y": 0.0767982, "v": 0.105945 },
  "f": { "a": 0.0175361, "r": 0.0119659, "n": 0.0278199, "d": 0.014665, "c": 0.0130825, "q": 0.0131035, "e": 0.0142806, "g": 0.0201138, "h": 0.0174776, "i": 0.0487662, "l": 0.135328, "k": 0.0117394, "m": 0.0155272, "p": 0.0164935, "s": 0.0180454, "t": 0.0130527, "w": 0.0117029, "y": 0.184563, "v": 0.0427303 },
  "p": { "a": 0.159895, "r": 0.0132865, "n": 0.0236698, "d": 0.017824, "c": 0.0115457, "q": 0.0560581, "e": 0.0771976, "g": 0.0637817, "h": 0.0269249, "i": 0.028189, "l": 0.0244325, "k": 0.021169, "m": 0.0129772, "f": 0.0081822, "s": 0.158948, "t": 0.031859, "w": 0.0126047, "y": 0.0104033, "v": 0.035306 },
  "s": { "a": 0.435965, "r": 0.0544305, "n": 0.149087, "d": 0.0682021, "c": 0.0524605, "q": 0.048715, "e": 0.0476648, "g": 0.106036, "h": 0.0268708, "i": 0.0112867, "l": 0.0143837, "k": 0.0852836, "m": 0.0111773, "f": 0.00910959, "p": 0.169295, "t": 0.381612, "w": 0.0089444, "y": 0.0155736, "v": 0.0174085 },
  "t": { "a": 0.308393, "r": 0.0211744, "n": 0.0544559, "d": 0.0383979, "c": 0.027772, "q": 0.0422825, "e": 0.0232333, "g": 0.0547542, "h": 0.0328371, "i": 0.0495197, "l": 0.0138956, "k": 0.112039, "m": 0.022467, "f": 0.0185596, "p": 0.053208, "s": 0.371423, "w": 0.0101795, "y": 0.0199147, "v": 0.1147 },
  "w": { "a": 0.0475161, "r": 0.111934, "n": 0.0450583, "d": 0.0417437, "c": 0.040229, "q": 0.0448046, "e": 0.0431357, "g": 0.0440091, "h": 0.0449856, "i": 0.0477765, "l": 0.144324, "k": 0.0443088, "m": 0.0476801, "f": 0.0392846, "p": 0.0614299, "s": 0.0861301, "t": 0.0589518, "y": 0.0408587, "v": 0.0564591 },
  "y": { "a": 0.0490481, "r": 0.0240022, "n": 0.0370579, "d": 0.0391027, "c": 0.0310697, "q": 0.0303429, "e": 0.0331509, "g": 0.0203376, "h": 0.115174, "i": 0.0256954, "l": 0.0551248, "k": 0.0322613, "m": 0.0217835, "f": 0.206134, "p": 0.0182493, "s": 0.0277979, "t": 0.0200005, "w": 0.016676, "v": 0.0494327 },
  "v": { "a": 0.213668, "r": 0.0170734, "n": 0.0227003, "d": 0.0108679, "c": 0.0146557, "q": 0.0227323, "e": 0.0154519, "g": 0.0273169, "h": 0.0156738, "i": 0.285594, "l": 0.149578, "k": 0.0455173, "m": 0.0653569, "f": 0.0135484, "p": 0.05287, "s": 0.0185832, "t": 0.0902851, "w": 0.00909344, "y": 0.012466 }
 }
}
