{
 "alphabet": "arndcqeghilkmfpstwyv",
 "insrate": 0.00519178,
 "insextprob": 0.75,
 "delrate": 0.00482121,
 "delextprob": 0.775862,
 "rootprob":
 {
  "a": 0.0687437,
  "r": 0.0381581,
  "n": 0.0367334,
  "d": 0.0545345,
  "c": 0.0265792,
  "q": 0.0386118,
  "e": 0.0450802,
  "g": 0.0944166,
  "h": 0.0405373,
  "i": 0.0198571,
  "l": 0.0733957,
  "k": 0.0789711,
  "m": 0.0250747,
  "f": 0.0428933,
  "p": 0.0581586,
  "s": 0.0791119,
  "t": 0.0720175,
  "w": 0.0140088,
  "y": 0.0215931,
  "v": 0.0715234
 },
 "subrate":
 {
  "a": { "r": 0.0264049, "n": 0.0282958, "d": 0.073395, "c": 0.0252094, "q": 0.0256037, "e": 0.0905631, "g": 0.303985, "h": 0.0135576, "i": 0.0357147, "l": 0.0430232, "k": 0.0201524, "m": 0.0126844, "f": 0.00784656, "p": 0.0903245, "s": 0.268754, "t": 0.176982, "w": 0.00896168, "y": 0.00813518, "v": 0.120003 },
  "r": { "a": 0.0239414, "n": 0.0204596, "d": 0.0181779, "c": 0.0110964, "q": 0.0849312, "e": 0.0198585, "g": 0.0137017, "h": 0.0301157, "i": 0.0164778, "l": 0.0276668, "k": 0.347255, "m": 0.0333191, "f": 0.0129773, "p": 0.064164, "s": 0.0427794, "t": 0.0432534, "w": 0.0134197, "y": 0.0197754, "v": 0.0245944 },
  "n": { "a": 0.0628123, "r": 0.0328795, "d": 0.387416, "c": 0.0226757, "q": 0.0591734, "e": 0.104473, "g": 0.148213, "h": 0.118586, "i": 0.027048, "l": 0.0221524, "k": 0.230428, "m": 0.0208745, "f": 0.017964, "p": 0.0331742, "s": 0.398732, "t": 0.141686, "w": 0.0150628, "y": 0.0320573, "v": 0.0266462 },
  "d": { "a": 0.117767, "r": 0.028083, "n": 0.294081, "c": 0.0206791, "q": 0.0406765, "e": 0.413416, "g": 0.0644976, "h": 0.0387713, "i": 0.0258876, "l": 0.0143757, "k": 0.0414484, "m": 0.0139503, "f": 0.0104189, "p": 0.0438495, "s": 0.0764599, "t": 0.0260874, "w": 0.0103711, "y": 0.0107203, "v": 0.028652 },
  "c": { "a": 0.0412591, "r": 0.0262388, "n": 0.0293766, "d": 0.0178493, "q": 0.0151134, "e": 0.015595, "g": 0.0260246, "h": 0.0164263, "i": 0.0196149, "l": 0.03861, "k": 0.0245143, "m": 0.0164944, "f": 0.0148085, "p": 0.0177125, "s": 0.177285, "t": 0.0227278, "w": 0.013677, "y": 0.0308618, "v": 0.0491616 },
  "q": { "a": 0.0860901, "r": 0.0647878, "n": 0.0879937, "d": 0.0918409, "c": 0.0169634, "e": 0.300388, "g": 0.0408806, "h": 0.206948, "i": 0.0269746, "l": 0.0540177, "k": 0.112224, "m": 0.0231042, "f": 0.01474, "p": 0.118907, "s": 0.0963421, "t": 0.0296587, "w": 0.0145111, "y": 0.018813, "v": 0.0637785 },
  "e": { "a": 0.224721, "r": 0.035909, "n": 0.0880703, "d": 0.53404, "c": 0.027017, "q": 0.315538, "g": 0.0503453, "h": 0.0510994, "i": 0.0510846, "l": 0.0250601, "k": 0.0901819, "m": 0.0185295, "f": 0.0130617, "p": 0.0383375, "s": 0.050783, "t": 0.0484184, "w": 0.0129387, "y": 0.0231226, "v": 0.0693356 },
  "g": { "a": 0.237478, "r": 0.0161882, "n": 0.0553276, "d": 0.0867776, "c": 0.0200485, "q": 0.0139844, "e": 0.0443335, "h": 0.00790105, "i": 0.0071457, "l": 0.00809825, "k": 0.0223784, "m": 0.0129122, "f": 0.00511329, "p": 0.035351, "s": 0.131337, "t": 0.0496993, "w": 0.00540542, "y": 0.00560227, "v": 0.0129009 },
  "h": { "a": 0.058588, "r": 0.0599308, "n": 0.210051, "d": 0.0641584, "c": 0.0394693, "q": 0.178948, "e": 0.0250031, "g": 0.0213499, "i": 0.0354136, "l": 0.0164298, "k": 0.0446138, "m": 0.0168768, "f": 0.0189825, "p": 0.0347312, "s": 0.0889603, "t": 0.0199584, "w": 0.0134586, "y": 0.0458987, "v": 0.0246229 },
  "i": { "a": 0.0405924, "r": 0.0382194, "n": 0.0382256, "d": 0.0382261, "c": 0.0325371, "q": 0.0215319, "e": 0.0259812, "g": 0.0244572, "h": 0.0315525, "l": 0.23726, "k": 0.0256125, "m": 0.068708, "f": 0.0593198, "p": 0.0294851, "s": 0.0329554, "t": 0.112814, "w": 0.0170774, "y": 0.020855, "v": 0.726764 },
  "l": { "a": 0.0463459, "r": 0.0175625, "n": 0.0082183, "d": 0.0114946, "c": 0.00818202, "q": 0.0145122, "e": 0.0117685, "g": 0.00872546, "h": 0.0418026, "i": 0.113824, "k": 0.017281, "m": 0.100753, "f": 0.09093, "p": 0.0261296, "s": 0.0158819, "t": 0.0196578, "w": 0.011938, "y": 0.0228007, "v": 0.0825363 },
  "k": { "a": 0.0455555, "r": 0.196807, "n": 0.0848356, "d": 0.032498, "c": 0.00694594, "q": 0.080403, "e": 0.0413376, "g": 0.0224895, "h": 0.0167866, "i": 0.0192973, "l": 0.0156935, "m": 0.0469682, "f": 0.0071662, "p": 0.0155821, "s": 0.0550517, "t": 0.0524168, "w": 0.00657251, "y": 0.00873238, "v": 0.0159697 },
  "m": { "a": 0.0551416, "r": 0.0818027, "n": 0.0717897, "d": 0.0446421, "c": 0.0383884, "q": 0.0377826, "e": 0.039768, "g": 0.0368539, "h": 0.0400745, "i": 0.38919, "l": 0.762871, "k": 0.120167, "f": 0.197974, "p": 0.043005, "s": 0.0881827, "t": 0.0535842, "w": 0.0333716, "y": 0.0405043, "v": 0.169038 },
  "f": { "a": 0.0174897, "r": 0.0105599, "n": 0.0111787, "d": 0.0131151, "c": 0.0184134, "q": 0.0100947, "e": 0.010625, "g": 0.0100236, "h": 0.0195084, "i": 0.0585734, "l": 0.133798, "k": 0.0157341, "m": 0.0223409, "p": 0.0112244, "s": 0.0368181, "t": 0.0192503, "w": 0.0153143, "y": 0.157642, "v": 0.0425524 },
  "p": { "a": 0.24349, "r": 0.0634184, "n": 0.0247798, "d": 0.0283584, "c": 0.0157213, "q": 0.0487228, "e": 0.037582, "g": 0.0216375, "h": 0.0720564, "i": 0.0345259, "l": 0.0518744, "k": 0.0225338, "m": 0.0141165, "f": 0.0098495, "s": 0.150562, "t": 0.059789, "w": 0.00971743, "y": 0.0112402, "v": 0.0682202 },
  "s": { "a": 0.3228, "r": 0.0494264, "n": 0.152772, "d": 0.0812438, "c": 0.0622399, "q": 0.0442367, "e": 0.0480965, "g": 0.262205, "h": 0.039178, "i": 0.0204184, "l": 0.0361012, "k": 0.0655877, "m": 0.0121922, "f": 0.0168033, "p": 0.150002, "t": 0.255367, "w": 0.0256601, "y": 0.0116266, "v": 0.0275289 },
  "t": { "a": 0.29462, "r": 0.0350596, "n": 0.124139, "d": 0.0904528, "c": 0.0245699, "q": 0.0231597, "e": 0.0269361, "g": 0.0349465, "h": 0.0129922, "i": 0.0765443, "l": 0.0278226, "k": 0.108812, "m": 0.0152303, "f": 0.0123523, "p": 0.0377714, "s": 0.371232, "w": 0.0101132, "y": 0.0192279, "v": 0.0938684 },
  "w": { "a": 0.0388632, "r": 0.0735544, "n": 0.0395756, "d": 0.044726, "c": 0.0368039, "q": 0.0358263, "e": 0.0376122, "g": 0.0357184, "h": 0.0372262, "i": 0.0399177, "l": 0.0564518, "k": 0.0359905, "m": 0.0615511, "f": 0.0376032, "p": 0.0374188, "s": 0.0875565, "t": 0.0406388, "y": 0.0617969, "v": 0.040001 },
  "y": { "a": 0.0346389, "r": 0.0265753, "n": 0.0280286, "d": 0.0324073, "c": 0.0346146, "q": 0.025014, "e": 0.0260311, "g": 0.0285978, "h": 0.0356638, "i": 0.0292457, "l": 0.0511793, "k": 0.0252057, "m": 0.0295689, "f": 0.379899, "p": 0.0579592, "s": 0.0673425, "t": 0.0303615, "w": 0.0247686, "v": 0.0493161 },
  "v": { "a": 0.163324, "r": 0.0134441, "n": 0.015948, "d": 0.02473, "c": 0.0205567, "q": 0.0174126, "e": 0.0412512, "g": 0.0251819, "h": 0.0306895, "i": 0.372684, "l": 0.152267, "k": 0.0145115, "m": 0.0616568, "f": 0.0211578, "p": 0.0492884, "s": 0.0227435, "t": 0.194635, "w": 0.013327, "y": 0.0109415 }
 }
}
