{
 "alphabet": "arndcqeghilkmfpstwyv",
 "insrate": 0.0044261,
 "insextprob": 0.734694,
 "delrate": 0.00916914,
 "delextprob": 0.625,
 "rootprob":
 {
  "a": 0.0912207,
  "r": 0.0328529,
  "n": 0.048882,
  "d": 0.0292928,
  "c": 0.0309838,
  "q": 0.0449096,
  "e": 0.0513494,
  "g": 0.0845308,
  "h": 0.0288202,
  "i": 0.0258883,
  "l": 0.0687277,
  "k": 0.0966099,
  "m": 0.0124175,
  "f": 0.0368392,
  "p": 0.0625823,
  "s": 0.0843793,
  "t": 0.0638898,
  "w": 0.00357003,
  "y": 0.0302639,
  "v": 0.0719898
 },
 "subrate":
 {
  "a": { "r": 0.0128491, "n": 0.0210876, "d": 0.0458125, "c": 0.0251525, "q": 0.0254638, "e": 0.132761, "g": 0.179293, "h": 0.0195578, "i": 0.0328295, "l": 0.033422, "k": 0.0228003, "m": 0.0251409, "f": 0.00625061, "p": 0.0866998, "s": 0.311972, "t": 0.15637, "w": 0.00809427, "y": 0.017547, "v": 0.126678 },
  "r": { "a": 0.0359703, "n": 0.0317744, "d": 0.0189021, "c": 0.0142591, "q": 0.0930026, "e": 0.0364686, "g": 0.0304333, "h": 0.0619314, "i": 0.0373272, "l": 0.048452, "k": 0.398853, "m": 0.0268284, "f": 0.0112533, "p": 0.0497912, "s": 0.0688932, "t": 0.0569216, "w": 0.0256003, "y": 0.0137068, "v": 0.0435859 },
  "n": { "a": 0.0676089, "r": 0.0321839, "d": 0.415242, "c": 0.015692, "q": 0.0535562, "e": 0.132908, "g": 0.158799, "h": 0.130607, "i": 0.0232207, "l": 0.0169128, "k": 0.261928, "m": 0.0168914, "f": 0.0137508, "p": 0.0370192, "s": 0.434043, "t": 0.0901534, "w": 0.0159617, "y": 0.0359831, "v": 0.0178598 },
  "d": { "a": 0.0933379, "r": 0.0197174, "n": 0.324065, "c": 0.0151577, "q": 0.0426247, "e": 0.469799, "g": 0.0974083, "h": 0.0574735, "i": 0.0211729, "l": 0.017573, "k": 0.0440823, "m": 0.0196769, "f": 0.0129338, "p": 0.040962, "s": 0.10106, "t": 0.0748856, "w": 0.0177442, "y": 0.0178075, "v": 0.0313082 },
  "c": { "a": 0.078419, "r": 0.0414979, "n": 0.0439819, "d": 0.0217049, "q": 0.0211549, "e": 0.0271169, "g": 0.020993, "h": 0.0203849, "i": 0.0341553, "l": 0.027228, "k": 0.0213363, "m": 0.0209247, "f": 0.0171917, "p": 0.0285531, "s": 0.118525, "t": 0.0486751, "w": 0.0209095, "y": 0.0649171, "v": 0.0244789 },
  "q": { "a": 0.0712871, "r": 0.114147, "n": 0.0616487, "d": 0.0569137, "c": 0.0139668, "e": 0.321507, "g": 0.0583444, "h": 0.165061, "i": 0.0259369, "l": 0.040177, "k": 0.156175, "m": 0.0250326, "f": 0.0130321, "p": 0.0638182, "s": 0.051895, "t": 0.0958981, "w": 0.0284416, "y": 0.0141532, "v": 0.0195528 },
  "e": { "a": 0.108362, "r": 0.0219411, "n": 0.038387, "d": 0.350393, "c": 0.00995559, "q": 0.232598, "g": 0.0807965, "h": 0.0594615, "i": 0.0270861, "l": 0.0168146, "k": 0.0657384, "m": 0.0132097, "f": 0.0157796, "p": 0.0435561, "s": 0.0961618, "t": 0.036111, "w": 0.0128349, "y": 0.00961788, "v": 0.0305567 },
  "g": { "a": 0.145389, "r": 0.0231981, "n": 0.0697359, "d": 0.0981514, "c": 0.012944, "q": 0.0419511, "e": 0.0384936, "h": 0.0194052, "i": 0.00866204, "l": 0.0176411, "k": 0.0283604, "m": 0.00834527, "f": 0.011145, "p": 0.0279286, "s": 0.139677, "t": 0.0283962, "w": 0.0105487, "y": 0.0107191, "v": 0.0175706 },
  "h": { "a": 0.0349555, "r": 0.140851, "n": 0.129233, "d": 0.0601535, "c": 0.0168779, "q": 0.196437, "e": 0.0631124, "g": 0.112779, "i": 0.0221497, "l": 0.0251384, "k": 0.0528152, "m": 0.0234205, "f": 0.0250545, "p": 0.0434359, "s": 0.0499229, "t": 0.028818, "w": 0.0231048, "y": 0.0654449, "v": 0.0426349 },
  "i": { "a": 0.0352517, "r": 0.0236923, "n": 0.0544727, "d": 0.0242065, "c": 0.0283886, "q": 0.0230594, "e": 0.0205241, "g": 0.0251882, "h": 0.0225448, "l": 0.356854, "k": 0.0372209, "m": 0.0673608, "f": 0.0545519, "p": 0.0223455, "s": 0.0741417, "t": 0.0954271, "w": 0.0233335, "y": 0.0236486, "v": 0.789621 },
  "l": { "a": 0.0529148, "r": 0.0218727, "n": 0.00953949, "d": 0.00862287, "c": 0.0095677, "q": 0.0250706, "e": 0.0167655, "g": 0.00760473, "h": 0.0178549, "i": 0.14598, "k": 0.0168939, "m": 0.0968521, "f": 0.0739419, "p": 0.0178512, "s": 0.0104373, "t": 0.0167415, "w": 0.0149875, "y": 0.00805096, "v": 0.118901 },
  "k": { "a": 0.0349343, "r": 0.240094, "n": 0.111279, "d": 0.020607, "c": 0.00767725, "q": 0.0402766, "e": 0.0428878, "g": 0.0393952, "h": 0.0297037, "i": 0.0174598, "l": 0.0442013, "m": 0.0305803, "f": 0.00558252, "p": 0.0331682, "s": 0.040256, "t": 0.0914125, "w": 0.00881363, "y": 0.00785818, "v": 0.0137215 },
  "m": { "a": 0.104998, "r": 0.0530588, "n": 0.0532703, "d": 0.0449, "c": 0.0426177, "q": 0.063207, "e": 0.045872, "g": 0.0591067, "h": 0.058803, "i": 0.226042, "l": 0.518585, "k": 0.183983, "f": 0.0509648, "p": 0.0516589, "s": 0.0517411, "t": 0.0717124, "w": 0.0524822, "y": 0.0551798, "v": 0.141263 },
  "f": { "a": 0.0134616, "r": 0.0133375, "n": 0.0234005, "d": 0.0145543, "c": 0.0124944, "q": 0.0181837, "e": 0.0129621, "g": 0.0307024, "h": 0.0246731, "i": 0.0632319, "l": 0.083938, "k": 0.0236563, "m": 0.03558, "p": 0.0170013, "s": 0.0250405, "t": 0.0139543, "w": 0.0383557, "y": 0.158444, "v": 0.0232777 },
  "p": { "a": 0.209852, "r": 0.0306701, "n": 0.0510685, "d": 0.0351392, "c": 0.0158686, "q": 0.0614495, "e": 0.0252477, "g": 0.0331748, "h": 0.0241348, "i": 0.0213118, "l": 0.0272374, "k": 0.0173826, "m": 0.0219725, "f": 0.0119609, "s": 0.129254, "t": 0.0571888, "w": 0.0145434, "y": 0.0101682, "v": 0.052132 },
  "s": { "a": 0.385888, "r": 0.0840526, "n": 0.186466, "d": 0.0624857, "c": 0.0425545, "q": 0.0238822, "e": 0.0475083, "g": 0.150928, "h": 0.0199863, "i": 0.0106386, "l": 0.0160908, "k": 0.0794804, "m": 0.00941936, "f": 0.011175, "p": 0.156413, "t": 0.266422, "w": 0.0168519, "y": 0.0199699, "v": 0.0254978 },
  "t": { "a": 0.221438, "r": 0.0233137, "n": 0.0955239, "d": 0.0375914, "c": 0.0167188, "q": 0.0329802, "e": 0.0223319, "g": 0.0459268, "h": 0.0158851, "i": 0.0521209, "l": 0.0310133, "k": 0.131007, "m": 0.0155465, "f": 0.00865256, "p": 0.0719175, "s": 0.388894, "w": 0.0109144, "y": 0.020311, "v": 0.113463 },
  "w": { "a": 0.130241, "r": 0.117649, "n": 0.129459, "d": 0.117816, "c": 0.102916, "q": 0.134998, "e": 0.115442, "g": 0.139782, "h": 0.129481, "i": 0.119198, "l": 0.129714, "k": 0.120443, "m": 0.11779, "f": 0.0992533, "p": 0.127503, "s": 0.142531, "t": 0.129331, "y": 0.11107, "v": 0.122682 },
  "y": { "a": 0.0224802, "r": 0.0174427, "n": 0.0218704, "d": 0.0206345, "c": 0.0402852, "q": 0.0185436, "e": 0.019464, "g": 0.0245069, "h": 0.0268828, "i": 0.0330194, "l": 0.0585805, "k": 0.0312161, "m": 0.0300717, "f": 0.176467, "p": 0.01986, "s": 0.0445619, "t": 0.06065, "w": 0.0222666, "v": 0.0479186 },
  "v": { "a": 0.258464, "r": 0.0118186, "n": 0.0164356, "d": 0.0152143, "c": 0.0358837, "q": 0.0124121, "e": 0.0110444, "g": 0.0522545, "h": 0.0112787, "i": 0.393543, "l": 0.0935876, "k": 0.0245341, "m": 0.0283692, "f": 0.0199091, "p": 0.0217632, "s": 0.0195592, "t": 0.145847, "w": 0.0107317, "y": 0.014647 }
 }
}
