{
 "alphabet": "arndcqeghilkmfpstwyv",
 "insrate": 0.00376318,
 "insextprob": 0.731707,
 "delrate": 0.00478412,
 "delextprob": 0.714286,
 "rootprob":
 {
  "a": 0.0750798,
  "r": 0.0253042,
  "n": 0.0500233,
  "d": 0.0457368,
  "c": 0.0259093,
  "q": 0.047082,
  "e": 0.0599428,
  "g": 0.0973103,
  "h": 0.0353951,
  "i": 0.0331579,
  "l": 0.084371,
  "k": 0.0768972,
  "m": 0.0180747,
  "f": 0.0461073,
  "p": 0.0574948,
  "s": 0.0726924,
  "t": 0.0510159,
  "w": 0.0143597,
  "y": 0.0259635,
  "v": 0.0580821
 },
 "subrate":
 {
  "a": { "r": 0.0154195, "n": 0.0378684, "d": 0.0467572, "c": 0.0150259, "q": 0.0573068, "e": 0.115395, "g": 0.179396, "h": 0.0255826, "i": 0.0219741, "l": 0.0373625, "k": 0.0403223, "m": 0.0151152, "f": 0.0161511, "p": 0.0999476, "s": 0.347973, "t": 0.203654, "w": 0.0070174, "y": 0.00771009, "v": 0.163726 },
  "r": { "a": 0.0305642, "n": 0.0375114, "d": 0.0241688, "c": 0.0177764, "q": 0.120748, "e": 0.0439857, "g": 0.0555322, "h": 0.137509, "i": 0.0236217, "l": 0.023179, "k": 0.377469, "m": 0.032694, "f": 0.015267, "p": 0.0650352, "s": 0.105431, "t": 0.0314433, "w": 0.0134355, "y": 0.0135421, "v": 0.0211595 },
  "n": { "a": 0.108468, "r": 0.0911776, "d": 0.38441, "c": 0.0163041, "q": 0.0407969, "e": 0.0813609, "g": 0.131068, "h": 0.122698, "i": 0.0421769, "l": 0.0344994, "k": 0.238437, "m": 0.0334578, "f": 0.0139618, "p": 0.0398859, "s": 0.407701, "t": 0.156155, "w": 0.0131669, "y": 0.0263002, "v": 0.0226839 },
  "d": { "a": 0.0676613, "r": 0.0269426, "n": 0.277647, "c": 0.0107872, "q": 0.0738594, "e": 0.557536, "g": 0.0989268, "h": 0.0399133, "i": 0.0200332, "l": 0.0167658, "k": 0.0755674, "m": 0.0142856, "f": 0.0106507, "p": 0.0215018, "s": 0.0529084, "t": 0.0403622, "w": 0.0102118, "y": 0.0130677, "v": 0.0281432 },
  "c": { "a": 0.03444, "r": 0.0487354, "n": 0.0224154, "d": 0.0190864, "q": 0.0200414, "e": 0.0203274, "g": 0.0245436, "h": 0.043482, "i": 0.0288417, "l": 0.0208461, "k": 0.0234815, "m": 0.027237, "f": 0.018767, "p": 0.0191585, "s": 0.0732197, "t": 0.0520661, "w": 0.01769, "y": 0.0460557, "v": 0.0493615 },
  "q": { "a": 0.11762, "r": 0.155142, "n": 0.0641502, "d": 0.0596209, "c": 0.0205272, "e": 0.253427, "g": 0.0221918, "h": 0.174738, "i": 0.0214931, "l": 0.0571737, "k": 0.0821714, "m": 0.022177, "f": 0.0127932, "p": 0.100268, "s": 0.0505766, "t": 0.0306852, "w": 0.0115027, "y": 0.0119094, "v": 0.0213581 },
  "e": { "a": 0.159085, "r": 0.0195485, "n": 0.0821582, "d": 0.480429, "c": 0.00967808, "q": 0.218932, "g": 0.0587496, "h": 0.0400597, "i": 0.0160058, "l": 0.0132817, "k": 0.116516, "m": 0.0176646, "f": 0.0106816, "p": 0.0136374, "s": 0.0515276, "t": 0.0331729, "w": 0.00865297, "y": 0.011532, "v": 0.0235572 },
  "g": { "a": 0.132457, "r": 0.0128677, "n": 0.0418603, "d": 0.0727227, "c": 0.00521663, "q": 0.0274975, "e": 0.0336088, "h": 0.00914828, "i": 0.0127053, "l": 0.00652893, "k": 0.0202032, "m": 0.0143098, "f": 0.00946141, "p": 0.0217442, "s": 0.16687, "t": 0.046498, "w": 0.00493883, "y": 0.00475263, "v": 0.0158441 },
  "h": { "a": 0.0316527, "r": 0.172118, "n": 0.220347, "d": 0.102784, "c": 0.017312, "q": 0.262834, "e": 0.0598529, "g": 0.0255596, "i": 0.0238761, "l": 0.0752216, "k": 0.0284306, "m": 0.0221257, "f": 0.0162088, "p": 0.047638, "s": 0.0452444, "t": 0.0274599, "w": 0.0152233, "y": 0.037417, "v": 0.0493708 },
  "i": { "a": 0.0628673, "r": 0.0200327, "n": 0.0396578, "d": 0.0184764, "c": 0.0471602, "q": 0.020082, "e": 0.0195287, "g": 0.0292892, "h": 0.0182744, "l": 0.347684, "k": 0.0211373, "m": 0.0516152, "f": 0.0820302, "p": 0.0226462, "s": 0.0357154, "t": 0.0574368, "w": 0.0143603, "y": 0.0204575, "v": 0.701373 },
  "l": { "a": 0.0644166, "r": 0.0216823, "n": 0.0111683, "d": 0.00707488, "c": 0.00632397, "q": 0.0294241, "e": 0.00933531, "g": 0.0139424, "h": 0.0522975, "i": 0.115102, "k": 0.021554, "m": 0.0718583, "f": 0.0586671, "p": 0.0222246, "s": 0.0244035, "t": 0.026733, "w": 0.0070895, "y": 0.016057, "v": 0.130884 },
  "k": { "a": 0.0571481, "r": 0.230213, "n": 0.147711, "d": 0.0204563, "c": 0.00657803, "q": 0.0389483, "e": 0.0464459, "g": 0.0210507, "h": 0.0225327, "i": 0.0132556, "l": 0.00911241, "m": 0.0244454, "f": 0.00902741, "p": 0.019046, "s": 0.0264535, "t": 0.0804673, "w": 0.00612087, "y": 0.00601028, "v": 0.0221493 },
  "m": { "a": 0.0787022, "r": 0.122755, "n": 0.0509253, "d": 0.0422243, "c": 0.0383872, "q": 0.0582432, "e": 0.0515102, "g": 0.0496935, "h": 0.0452172, "i": 0.277722, "l": 0.412543, "k": 0.171931, "f": 0.0439981, "p": 0.0477867, "s": 0.087236, "t": 0.111876, "w": 0.0447377, "y": 0.0382529, "v": 0.153103 },
  "f": { "a": 0.0447686, "r": 0.0106534, "n": 0.0111692, "d": 0.00963264, "c": 0.0116119, "q": 0.013221, "e": 0.0101444, "g": 0.0196137, "h": 0.02166, "i": 0.0452744, "l": 0.110495, "k": 0.00959554, "m": 0.0221265, "p": 0.0244464, "s": 0.0358216, "t": 0.0116585, "w": 0.0150123, "y": 0.149078, "v": 0.0204387 },
  "p": { "a": 0.267669, "r": 0.0421457, "n": 0.0127579, "d": 0.0255495, "c": 0.00935615, "q": 0.0284276, "e": 0.0399663, "g": 0.0217598, "h": 0.0681119, "i": 0.0138875, "l": 0.0596648, "k": 0.0218864, "m": 0.0118375, "f": 0.011664, "s": 0.0947898, "t": 0.0200848, "w": 0.00910327, "y": 0.0145198, "v": 0.0408035 },
  "s": { "a": 0.428285, "r": 0.0771334, "n": 0.15826, "d": 0.0498087, "c": 0.0427851, "q": 0.0550532, "e": 0.0501534, "g": 0.154138, "h": 0.0349174, "i": 0.0179365, "l": 0.0103739, "k": 0.0505416, "m": 0.0176026, "f": 0.0090292, "p": 0.122442, "t": 0.331885, "w": 0.0077502, "y": 0.0103141, "v": 0.0183844 },
  "t": { "a": 0.189832, "r": 0.0469525, "n": 0.0683396, "d": 0.0261495, "c": 0.0189247, "q": 0.0292531, "e": 0.0694861, "g": 0.0357048, "h": 0.0182433, "i": 0.0734642, "l": 0.0137142, "k": 0.132437, "m": 0.0153969, "f": 0.0103789, "p": 0.0636214, "s": 0.349276, "w": 0.00874592, "y": 0.00890969, "v": 0.120983 },
  "w": { "a": 0.0433529, "r": 0.105807, "n": 0.0401159, "d": 0.0414771, "c": 0.0360679, "q": 0.0435389, "e": 0.0545002, "g": 0.0752818, "h": 0.0397807, "i": 0.041129, "l": 0.0757525, "k": 0.0391198, "m": 0.0430619, "f": 0.0577192, "p": 0.0383689, "s": 0.050816, "t": 0.041132, "y": 0.0386836, "v": 0.040105 },
  "y": { "a": 0.0251611, "r": 0.0758206, "n": 0.0187047, "d": 0.0172346, "c": 0.0391629, "q": 0.0234656, "e": 0.0191269, "g": 0.0180993, "h": 0.0240486, "i": 0.0240483, "l": 0.0335459, "k": 0.0176716, "m": 0.0213755, "f": 0.288621, "p": 0.018931, "s": 0.0388363, "t": 0.0193808, "w": 0.0197703, "v": 0.0410684 },
  "v": { "a": 0.136061, "r": 0.0223593, "n": 0.0212663, "d": 0.0119144, "c": 0.0167441, "q": 0.0186712, "e": 0.0278915, "g": 0.0415787, "h": 0.0282676, "i": 0.41907, "l": 0.192776, "k": 0.0231744, "m": 0.0203466, "f": 0.0164308, "p": 0.0222242, "s": 0.0217336, "t": 0.0998708, "w": 0.00825227, "y": 0.0103962 }
 }
}
