{
 "alphabet": "arndcqeghilkmfpstwyv",
 "insrate": 0.00701509,
 "insextprob": 0.574468,
 "delrate": 0.00526778,
 "delextprob": 0.745763,
 "rootprob":
 {
  "a": 0.0775742,
  "r": 0.0305513,
  "n": 0.0452944,
  "d": 0.0546636,
  "c": 0.028335,
  "q": 0.0586977,
  "e": 0.0504736,
  "g": 0.0912373,
  "h": 0.0490434,
  "i": 0.0246671,
  "l": 0.0732375,
  "k": 0.0667583,
  "m": 0.0138162,
  "f": 0.0512738,
  "p": 0.0475661,
  "s": 0.0626969,
  "t": 0.0715912,
  "w": 0.0159461,
  "y": 0.0261611,
  "v": 0.0604153
 },
 "subrate":
 {
  "a": { "r": 0.0153242, "n": 0.0441471, "d": 0.0443981, "c": 0.0219766, "q": 0.0393095, "e": 0.0593371, "g": 0.257845, "h": 0.0118927, "i": 0.0205658, "l": 0.0259371, "k": 0.0533173, "m": 0.0185378, "f": 0.0103924, "p": 0.120932, "s": 0.270088, "t": 0.174994, "w": 0.00636473, "y": 0.00813467, "v": 0.18276 },
  "r": { "a": 0.04062, "n": 0.0314463, "d": 0.0287363, "c": 0.0278633, "q": 0.0822906, "e": 0.0236781, "g": 0.0403756, "h": 0.121269, "i": 0.0331121, "l": 0.034352, "k": 0.467301, "m": 0.0206043, "f": 0.0162539, "p": 0.0476618, "s": 0.0791109, "t": 0.0562274, "w": 0.0259364, "y": 0.0156556, "v": 0.0224293 },
  "n": { "a": 0.0769028, "r": 0.0455779, "d": 0.431945, "c": 0.0175747, "q": 0.0654228, "e": 0.128234, "g": 0.0693077, "h": 0.128719, "i": 0.0425968, "l": 0.0336866, "k": 0.192656, "m": 0.0215304, "f": 0.0172949, "p": 0.0215658, "s": 0.348802, "t": 0.116395, "w": 0.0119087, "y": 0.0342026, "v": 0.0288991 },
  "d": { "a": 0.122554, "r": 0.0193402, "n": 0.421067, "c": 0.0117421, "q": 0.0607751, "e": 0.400911, "g": 0.102128, "h": 0.0614717, "i": 0.0141056, "l": 0.0221776, "k": 0.0980388, "m": 0.0179963, "f": 0.010177, "p": 0.0245156, "s": 0.133692, "t": 0.0215457, "w": 0.0092259, "y": 0.0106321, "v": 0.0139043 },
  "c": { "a": 0.0231894, "r": 0.0649817, "n": 0.0270804, "d": 0.0187396, "q": 0.0165721, "e": 0.016023, "g": 0.0418401, "h": 0.02586, "i": 0.0246749, "l": 0.0155751, "k": 0.0206025, "m": 0.0164279, "f": 0.0157057, "p": 0.0278044, "s": 0.0434168, "t": 0.0213557, "w": 0.0140654, "y": 0.0273483, "v": 0.0613747 },
  "q": { "a": 0.0883488, "r": 0.12878, "n": 0.0240602, "d": 0.02992, "c": 0.0112466, "e": 0.319847, "g": 0.0229452, "h": 0.17558, "i": 0.0128353, "l": 0.0587996, "k": 0.098941, "m": 0.0392705, "f": 0.00949851, "p": 0.111626, "s": 0.0285385, "t": 0.0351835, "w": 0.00876337, "y": 0.0131725, "v": 0.0129788 },
  "e": { "a": 0.167295, "r": 0.0326559, "n": 0.072605, "d": 0.518634, "c": 0.0115501, "q": 0.276513, "g": 0.0350276, "h": 0.0299378, "i": 0.0145285, "l": 0.0191139, "k": 0.0879727, "m": 0.0196337, "f": 0.0106623, "p": 0.0480555, "s": 0.0807465, "t": 0.031649, "w": 0.00974793, "y": 0.0126088, "v": 0.025951 },
  "g": { "a": 0.233609, "r": 0.0103924, "n": 0.0511641, "d": 0.0576015, "c": 0.0137979, "q": 0.010973, "e": 0.0441118, "h": 0.0169075, "i": 0.0125178, "l": 0.011288, "k": 0.0349328, "m": 0.0159407, "f": 0.0143183, "p": 0.0392004, "s": 0.0890729, "t": 0.0171695, "w": 0.00501724, "y": 0.00554876, "v": 0.0313092 },
  "h": { "a": 0.0283554, "r": 0.105025, "n": 0.190214, "d": 0.0650099, "c": 0.0120856, "q": 0.188386, "e": 0.0595737, "g": 0.0409392, "i": 0.0158223, "l": 0.0648726, "k": 0.025956, "m": 0.0169105, "f": 0.0154611, "p": 0.0928855, "s": 0.0397363, "t": 0.0267452, "w": 0.0113741, "y": 0.0855982, "v": 0.0212002 },
  "i": { "a": 0.0529429, "r": 0.0544508, "n": 0.0366922, "d": 0.038335, "c": 0.0262618, "q": 0.0276183, "e": 0.0444827, "g": 0.0425635, "h": 0.0349221, "l": 0.467095, "k": 0.0290538, "m": 0.0550235, "f": 0.0429145, "p": 0.0354804, "s": 0.0292595, "t": 0.128895, "w": 0.0167752, "y": 0.0386913, "v": 0.609889 },
  "l": { "a": 0.0225577, "r": 0.0235237, "n": 0.0199666, "d": 0.00809485, "c": 0.00767088, "q": 0.036649, "e": 0.0111317, "g": 0.016692, "h": 0.00777346, "i": 0.10337, "k": 0.0265812, "m": 0.0701169, "f": 0.0543685, "p": 0.0205568, "s": 0.0118281, "t": 0.0314027, "w": 0.00594788, "y": 0.00696617, "v": 0.098612 },
  "k": { "a": 0.0386569, "r": 0.183729, "n": 0.129842, "d": 0.0312831, "c": 0.0167253, "q": 0.0701015, "e": 0.0626306, "g": 0.0348018, "h": 0.0130025, "i": 0.0326701, "l": 0.0145602, "m": 0.0228496, "f": 0.00816135, "p": 0.0182446, "s": 0.0566705, "t": 0.0604311, "w": 0.00686221, "y": 0.010506, "v": 0.0281417 },
  "m": { "a": 0.0696489, "r": 0.0548575, "n": 0.0530826, "d": 0.0485814, "c": 0.0418715, "q": 0.0787849, "e": 0.0501016, "g": 0.0468452, "h": 0.0444123, "i": 0.229224, "l": 0.351344, "k": 0.242614, "f": 0.0843539, "p": 0.0482944, "s": 0.0529504, "t": 0.1066, "w": 0.0328604, "y": 0.0413482, "v": 0.165158 },
  "f": { "a": 0.0241429, "r": 0.0183712, "n": 0.026036, "d": 0.0127245, "c": 0.0143414, "q": 0.0142114, "e": 0.0227712, "g": 0.0379095, "h": 0.0219276, "i": 0.106166, "l": 0.180371, "k": 0.0204935, "m": 0.0161721, "p": 0.0228793, "s": 0.0277446, "t": 0.027649, "w": 0.0182241, "y": 0.231952, "v": 0.0208001 },
  "p": { "a": 0.197297, "r": 0.0788737, "n": 0.0197148, "d": 0.0188886, "c": 0.0209876, "q": 0.0392029, "e": 0.033629, "g": 0.0501665, "h": 0.0518691, "i": 0.0162967, "l": 0.0247601, "k": 0.0382051, "m": 0.015311, "f": 0.0112232, "s": 0.118456, "t": 0.0937782, "w": 0.0100049, "y": 0.0113162, "v": 0.0222462 },
  "s": { "a": 0.279772, "r": 0.0368018, "n": 0.164644, "d": 0.0865386, "c": 0.0389861, "q": 0.0480241, "e": 0.0394918, "g": 0.192529, "h": 0.0161084, "i": 0.0236334, "l": 0.0145531, "k": 0.0527399, "m": 0.0136754, "f": 0.0230329, "p": 0.0998319, "t": 0.364601, "w": 0.00788063, "y": 0.025233, "v": 0.0185172 },
  "t": { "a": 0.297228, "r": 0.0216383, "n": 0.043208, "d": 0.060622, "c": 0.0211619, "q": 0.0249194, "e": 0.0269279, "g": 0.0452782, "h": 0.0196412, "i": 0.0590544, "l": 0.0253911, "k": 0.0589661, "m": 0.0271281, "f": 0.0198572, "p": 0.0687881, "s": 0.445331, "w": 0.00840182, "y": 0.0213899, "v": 0.146355 },
  "w": { "a": 0.0419531, "r": 0.159117, "n": 0.0487215, "d": 0.0413867, "c": 0.0410833, "q": 0.0402084, "e": 0.038718, "g": 0.0501204, "h": 0.0420159, "i": 0.0435726, "l": 0.0534142, "k": 0.0411504, "m": 0.0585713, "f": 0.0559109, "p": 0.0396046, "s": 0.128146, "t": 0.0409356, "y": 0.0790055, "v": 0.0450086 },
  "y": { "a": 0.0264705, "r": 0.0305377, "n": 0.0655806, "d": 0.0223721, "c": 0.0314464, "q": 0.0265243, "e": 0.0495578, "g": 0.0235124, "h": 0.0962002, "i": 0.0406049, "l": 0.043538, "k": 0.0347174, "m": 0.0250004, "f": 0.37683, "p": 0.024552, "s": 0.0277994, "t": 0.0389582, "w": 0.0204997, "v": 0.0258864 },
  "v": { "a": 0.153491, "r": 0.0158539, "n": 0.0314112, "d": 0.0149797, "c": 0.0331946, "q": 0.019205, "e": 0.0293285, "g": 0.0802192, "h": 0.0125251, "i": 0.379972, "l": 0.193718, "k": 0.0192639, "m": 0.0450752, "f": 0.0165258, "p": 0.0370021, "s": 0.0230003, "t": 0.136201, "w": 0.00881764, "y": 0.0108111 }
 }
}
