{
 "alphabet": "arndcqeghilkmfpstwyv",
 "insrate": 0.00365169,
 "insextprob": 0.576923,
 "delrate": 0.00298665,
 "delextprob": 0.780488,
 "rootprob":
 {
  "a": 0.0867709,
  "r": 0.0575067,
  "n": 0.0432418,
  "d": 0.0644011,
  "c": 0.0339171,
  "q": 0.0406671,
  "e": 0.0502847,
  "g": 0.0924005,
  "h": 0.0320402,
  "i": 0.0296366,
  "l": 0.0563104,
  "k": 0.0788182,
  "m": 0.0151822,
  "f": 0.0422413,
  "p": 0.0448449,
  "s": 0.0718776,
  "t": 0.0396395,
  "w": 0.0147184,
  "y": 0.0343129,
  "v": 0.071188
 },
 "subrate":
 {
  "a": { "r": 0.00844982, "n": 0.0252891, "d": 0.0588743, "c": 0.017757, "q": 0.0332969, "e": 0.122758, "g": 0.176936, "h": 0.00945139, "i": 0.0319443, "l": 0.0277453, "k": 0.0288329, "m": 0.0144411, "f": 0.0151107, "p": 0.112251, "s": 0.262688, "t": 0.170813, "w": 0.00653493, "y": 0.00652249, "v": 0.142394 },
  "r": { "a": 0.051467, "n": 0.0161817, "d": 0.0139009, "c": 0.0213925, "q": 0.0587523, "e": 0.0181236, "g": 0.0194797, "h": 0.0869072, "i": 0.0140654, "l": 0.0254097, "k": 0.392954, "m": 0.0294068, "f": 0.00956703, "p": 0.0423641, "s": 0.049344, "t": 0.0243249, "w": 0.0230755, "y": 0.0105678, "v": 0.0358494 },
  "n": { "a": 0.0884223, "r": 0.0569207, "d": 0.47566, "c": 0.014099, "q": 0.0947037, "e": 0.0780668, "g": 0.0991048, "h": 0.0893754, "i": 0.0191463, "l": 0.0187364, "k": 0.199127, "m": 0.0171849, "f": 0.0192278, "p": 0.036344, "s": 0.291596, "t": 0.17423, "w": 0.0130303, "y": 0.0302897, "v": 0.024885 },
  "d": { "a": 0.0818803, "r": 0.0138794, "n": 0.27058, "c": 0.00873097, "q": 0.0501486, "e": 0.559362, "g": 0.10335, "h": 0.0586089, "i": 0.0224025, "l": 0.0150765, "k": 0.0679111, "m": 0.0118887, "f": 0.00974504, "p": 0.0465782, "s": 0.0921701, "t": 0.0215716, "w": 0.00809959, "y": 0.0110528, "v": 0.0150646 },
  "c": { "a": 0.0263118, "r": 0.0118718, "n": 0.0161203, "d": 0.0128936, "q": 0.0127571, "e": 0.0142472, "g": 0.0203126, "h": 0.0232775, "i": 0.0173541, "l": 0.0120044, "k": 0.0145768, "m": 0.0130541, "f": 0.0183631, "p": 0.0127365, "s": 0.0954631, "t": 0.0336157, "w": 0.0108677, "y": 0.0493981, "v": 0.0666809 },
  "q": { "a": 0.0836146, "r": 0.0585402, "n": 0.111849, "d": 0.0362794, "c": 0.0132331, "e": 0.470351, "g": 0.0604887, "h": 0.111172, "i": 0.0189911, "l": 0.043476, "k": 0.110548, "m": 0.0521468, "f": 0.0153169, "p": 0.062302, "s": 0.0493124, "t": 0.0789633, "w": 0.0131912, "y": 0.0383486, "v": 0.040908 },
  "e": { "a": 0.0955604, "r": 0.0282357, "n": 0.0646143, "d": 0.439345, "c": 0.00829808, "q": 0.207613, "g": 0.0599709, "h": 0.026463, "i": 0.0135026, "l": 0.00985434, "k": 0.109257, "m": 0.0158701, "f": 0.00873309, "p": 0.044872, "s": 0.081815, "t": 0.0671968, "w": 0.0080802, "y": 0.0141628, "v": 0.0156283 },
  "g": { "a": 0.15729, "r": 0.00685999, "n": 0.0829571, "d": 0.0767963, "c": 0.00650591, "q": 0.0204451, "e": 0.0300898, "h": 0.00811088, "i": 0.00785597, "l": 0.00822061, "k": 0.0251626, "m": 0.00674459, "f": 0.0159898, "p": 0.031186, "s": 0.1041, "t": 0.0437434, "w": 0.00489343, "y": 0.00562264, "v": 0.0160432 },
  "h": { "a": 0.0285004, "r": 0.152387, "n": 0.175251, "d": 0.0589972, "c": 0.0264415, "q": 0.105595, "e": 0.0451326, "g": 0.0593225, "i": 0.0258528, "l": 0.0392329, "k": 0.0765782, "m": 0.0227892, "f": 0.0350703, "p": 0.126664, "s": 0.031579, "t": 0.0271917, "w": 0.0166813, "y": 0.0723782, "v": 0.0909954 },
  "i": { "a": 0.0291041, "r": 0.0169134, "n": 0.0403799, "d": 0.036664, "c": 0.0237739, "q": 0.0232052, "e": 0.0618015, "g": 0.0323599, "h": 0.0194473, "l": 0.281846, "k": 0.0318088, "m": 0.0420722, "f": 0.075014, "p": 0.0265542, "s": 0.0327787, "t": 0.119856, "w": 0.0136806, "y": 0.0218249, "v": 0.587091 },
  "l": { "a": 0.0264615, "r": 0.0309532, "n": 0.0169695, "d": 0.01003, "c": 0.0095145, "q": 0.0434078, "e": 0.0229749, "g": 0.0153558, "h": 0.014437, "i": 0.106251, "k": 0.0161347, "m": 0.073483, "f": 0.023431, "p": 0.0290415, "s": 0.0237076, "t": 0.0170619, "w": 0.007142, "y": 0.0114202, "v": 0.101036 },
  "k": { "a": 0.0451505, "r": 0.194285, "n": 0.091286, "d": 0.0258368, "c": 0.00565755, "q": 0.0330574, "e": 0.0644753, "g": 0.0530649, "h": 0.0229731, "i": 0.013588, "l": 0.0191153, "m": 0.0273126, "f": 0.0133012, "p": 0.0157457, "s": 0.0463976, "t": 0.0834204, "w": 0.0159698, "y": 0.0124523, "v": 0.0151785 },
  "m": { "a": 0.244521, "r": 0.0726075, "n": 0.0765686, "d": 0.0651403, "c": 0.0555949, "q": 0.144923, "e": 0.07681, "g": 0.0828155, "h": 0.0696686, "i": 0.154032, "l": 0.387105, "k": 0.495979, "f": 0.0881486, "p": 0.0793283, "s": 0.0882498, "t": 0.12271, "w": 0.0483589, "y": 0.0689919, "v": 0.331848 },
  "f": { "a": 0.0149163, "r": 0.0197487, "n": 0.0159041, "d": 0.0120373, "c": 0.0119681, "q": 0.0173003, "e": 0.0135836, "g": 0.0353309, "h": 0.0186798, "i": 0.034229, "l": 0.122432, "k": 0.0142868, "m": 0.0155817, "p": 0.0114126, "s": 0.0651872, "t": 0.0136171, "w": 0.0098596, "y": 0.226364, "v": 0.0397383 },
  "p": { "a": 0.239638, "r": 0.0457974, "n": 0.0316323, "d": 0.0326473, "c": 0.0170964, "q": 0.107859, "e": 0.036895, "g": 0.038761, "h": 0.0478698, "i": 0.0214775, "l": 0.0769812, "k": 0.0243132, "m": 0.0161032, "f": 0.012332, "s": 0.103668, "t": 0.0372018, "w": 0.0106481, "y": 0.0198289, "v": 0.0770404 },
  "s": { "a": 0.276669, "r": 0.0386127, "n": 0.203997, "d": 0.046578, "c": 0.0624902, "q": 0.0220087, "e": 0.0397165, "g": 0.150658, "h": 0.0147577, "i": 0.0281955, "l": 0.0155213, "k": 0.0565097, "m": 0.0102236, "f": 0.0278334, "p": 0.106861, "t": 0.309641, "w": 0.0119361, "y": 0.0167105, "v": 0.0240163 },
  "t": { "a": 0.19348, "r": 0.017515, "n": 0.110362, "d": 0.0344747, "c": 0.0175542, "q": 0.0204742, "e": 0.0511896, "g": 0.053546, "h": 0.0201222, "i": 0.0671504, "l": 0.0214875, "k": 0.124488, "m": 0.0215789, "f": 0.0180222, "p": 0.0258776, "s": 0.387141, "w": 0.0102093, "y": 0.0238142, "v": 0.0832457 },
  "w": { "a": 0.0512466, "r": 0.0520813, "n": 0.0681755, "d": 0.0353813, "c": 0.0324527, "q": 0.0369434, "e": 0.0374606, "g": 0.0366228, "h": 0.0373533, "i": 0.0347901, "l": 0.0335687, "k": 0.0384619, "m": 0.0351999, "f": 0.0335184, "p": 0.0369534, "s": 0.061342, "t": 0.0400672, "y": 0.063378, "v": 0.0363925 },
  "y": { "a": 0.0315133, "r": 0.0233495, "n": 0.0521589, "d": 0.0204404, "c": 0.066404, "q": 0.018668, "e": 0.0169535, "g": 0.0164443, "h": 0.072779, "i": 0.0542052, "l": 0.0320364, "k": 0.0269025, "m": 0.0193568, "f": 0.299115, "p": 0.0154632, "s": 0.021706, "t": 0.0376659, "w": 0.0140325, "v": 0.0499194 },
  "v": { "a": 0.202838, "r": 0.00895557, "n": 0.0118301, "d": 0.0184401, "c": 0.0429591, "q": 0.0201642, "e": 0.0274464, "g": 0.0310569, "h": 0.0109005, "i": 0.420639, "l": 0.130788, "k": 0.0148498, "m": 0.0710665, "f": 0.0164579, "p": 0.0422022, "s": 0.02992, "t": 0.118882, "w": 0.00736506, "y": 0.0096728 }
 }
}
