{
 "alphabet": "arndcqeghilkmfpstwyv",
 "insrate": 0.0058902,
 "insextprob": 0.689655,
 "delrate": 0.00393221,
 "delextprob": 0.755102,
 "rootprob":
 {
  "a": 0.0931931,
  "r": 0.0363011,
  "n": 0.0355163,
  "d": 0.0558931,
  "c": 0.037325,
  "q": 0.0326784,
  "e": 0.0390637,
  "g": 0.100735,
  "h": 0.0246016,
  "i": 0.0391502,
  "l": 0.108906,
  "k": 0.0771813,
  "m": 0.0107305,
  "f": 0.0533133,
  "p": 0.0405684,
  "s": 0.0594156,
  "t": 0.0481711,
  "w": 0.0139343,
  "y": 0.0314016,
  "v": 0.0619202
 },
 "subrate":
 {
  "a": { "r": 0.0165739, "n": 0.0246879, "d": 0.0373441, "c": 0.0247598, "q": 0.0362121, "e": 0.116614, "g": 0.196355, "h": 0.0254721, "i": 0.0186247, "l": 0.0264655, "k": 0.0190639, "m": 0.020718, "f": 0.0184757, "p": 0.111496, "s": 0.240115, "t": 0.154799, "w": 0.00601226, "y": 0.0120351, "v": 0.185821 },
  "r": { "a": 0.0453426, "n": 0.0618299, "d": 0.0418272, "c": 0.0206202, "q": 0.126985, "e": 0.0298351, "g": 0.0347764, "h": 0.0922068, "i": 0.0246656, "l": 0.0597775, "k": 0.359215, "m": 0.0335551, "f": 0.0146419, "p": 0.113444, "s": 0.132583, "t": 0.0400402, "w": 0.029654, "y": 0.0150621, "v": 0.036258 },
  "n": { "a": 0.0717038, "r": 0.0682111, "d": 0.357378, "c": 0.0234546, "q": 0.0553868, "e": 0.118237, "g": 0.132936, "h": 0.0812961, "i": 0.0275513, "l": 0.0225992, "k": 0.131592, "m": 0.0172386, "f": 0.0115579, "p": 0.0458491, "s": 0.350153, "t": 0.137183, "w": 0.0122233, "y": 0.01219, "v": 0.0180076 },
  "d": { "a": 0.0640637, "r": 0.0165205, "n": 0.397982, "c": 0.0109998, "q": 0.0456779, "e": 0.31164, "g": 0.0765071, "h": 0.0152588, "i": 0.0119065, "l": 0.00945188, "k": 0.0642943, "m": 0.0101933, "f": 0.007528, "p": 0.0196368, "s": 0.0578705, "t": 0.0232077, "w": 0.00866534, "y": 0.00788476, "v": 0.019551 },
  "c": { "a": 0.0727031, "r": 0.0131998, "n": 0.0395349, "d": 0.0140583, "q": 0.0161646, "e": 0.0146682, "g": 0.0165257, "h": 0.0330523, "i": 0.0314299, "l": 0.014097, "k": 0.0123475, "m": 0.0134915, "f": 0.0124707, "p": 0.0248721, "s": 0.081336, "t": 0.0269904, "w": 0.0111609, "y": 0.0604412, "v": 0.0262251 },
  "q": { "a": 0.0830247, "r": 0.0710019, "n": 0.0987694, "d": 0.093838, "c": 0.0182694, "e": 0.528461, "g": 0.0284818, "h": 0.337277, "i": 0.0238701, "l": 0.119814, "k": 0.10366, "m": 0.0283805, "f": 0.0165213, "p": 0.0866569, "s": 0.0695675, "t": 0.0587567, "w": 0.0187839, "y": 0.0174991, "v": 0.0339303 },
  "e": { "a": 0.117998, "r": 0.0221065, "n": 0.0593412, "d": 0.44582, "c": 0.0109631, "q": 0.238312, "g": 0.0727217, "h": 0.025836, "i": 0.0164414, "l": 0.0159542, "k": 0.104098, "m": 0.0142619, "f": 0.010095, "p": 0.0307612, "s": 0.0606813, "t": 0.0650131, "w": 0.0150974, "y": 0.01175, "v": 0.0380395 },
  "g": { "a": 0.120212, "r": 0.0117203, "n": 0.0686294, "d": 0.0841962, "c": 0.00946851, "q": 0.00726785, "e": 0.0284818, "h": 0.00877307, "i": 0.00741597, "l": 0.00889646, "k": 0.0101861, "m": 0.0127211, "f": 0.00651105, "p": 0.0238986, "s": 0.150427, "t": 0.0196823, "w": 0.00507406, "y": 0.0076701, "v": 0.0295522 },
  "h": { "a": 0.0735514, "r": 0.0846332, "n": 0.176522, "d": 0.0365319, "c": 0.0280334, "q": 0.220853, "e": 0.0938399, "g": 0.032233, "i": 0.0306638, "l": 0.033193, "k": 0.0414005, "m": 0.0252589, "f": 0.0497331, "p": 0.0270942, "s": 0.0853542, "t": 0.109716, "w": 0.0189884, "y": 0.0714674, "v": 0.0278234 },
  "i": { "a": 0.0357788, "r": 0.0254298, "n": 0.025133, "d": 0.0261953, "c": 0.0136196, "q": 0.0164631, "e": 0.0161666, "g": 0.0193429, "h": 0.0347432, "l": 0.224776, "k": 0.0580215, "m": 0.111921, "f": 0.072893, "p": 0.015259, "s": 0.0256313, "t": 0.127388, "w": 0.0145685, "y": 0.0252345, "v": 0.599272 },
  "l": { "a": 0.0468148, "r": 0.0156993, "n": 0.0138567, "d": 0.00571963, "c": 0.00435371, "q": 0.0259418, "e": 0.00584184, "g": 0.00751406, "h": 0.0136291, "i": 0.118609, "k": 0.0131628, "m": 0.0935705, "f": 0.0653588, "p": 0.0101611, "s": 0.0207827, "t": 0.0161914, "w": 0.00873391, "y": 0.00599238, "v": 0.114185 },
  "k": { "a": 0.0472374, "r": 0.197684, "n": 0.123158, "d": 0.0696677, "c": 0.0128063, "q": 0.0868129, "e": 0.052328, "g": 0.0539705, "h": 0.0132922, "i": 0.0357402, "l": 0.0318534, "m": 0.0307338, "f": 0.00661242, "p": 0.0147033, "s": 0.0789324, "t": 0.0895923, "w": 0.00864633, "y": 0.00712976, "v": 0.0129451 },
  "m": { "a": 0.127627, "r": 0.0844331, "n": 0.0645059, "d": 0.0483036, "c": 0.0391323, "q": 0.109525, "e": 0.0504824, "g": 0.106571, "h": 0.0637512, "i": 0.322871, "l": 0.414949, "k": 0.252817, "f": 0.0931903, "p": 0.050204, "s": 0.0675844, "t": 0.100808, "w": 0.0436618, "y": 0.0439387, "v": 0.26889 },
  "f": { "a": 0.019465, "r": 0.011184, "n": 0.0149742, "d": 0.0133412, "c": 0.0154544, "q": 0.0135298, "e": 0.0168562, "g": 0.0249162, "h": 0.0281867, "i": 0.080501, "l": 0.123128, "k": 0.0106008, "m": 0.0417172, "p": 0.0107808, "s": 0.0155144, "t": 0.0256636, "w": 0.0201509, "y": 0.186855, "v": 0.0314279 },
  "p": { "a": 0.134164, "r": 0.0508455, "n": 0.0211877, "d": 0.0197969, "c": 0.0252547, "q": 0.0527554, "e": 0.0279308, "g": 0.038538, "h": 0.0551256, "i": 0.017432, "l": 0.0265205, "k": 0.059086, "m": 0.0205067, "f": 0.0120492, "s": 0.0893941, "t": 0.0492559, "w": 0.0122379, "y": 0.0121994, "v": 0.0421869 },
  "s": { "a": 0.362649, "r": 0.0970063, "n": 0.210783, "d": 0.0706817, "c": 0.0756579, "q": 0.0484674, "e": 0.0777095, "g": 0.16527, "h": 0.0376129, "i": 0.0204427, "l": 0.0235832, "k": 0.0865162, "m": 0.0264733, "f": 0.00967659, "p": 0.103694, "t": 0.310504, "w": 0.0099846, "y": 0.0172354, "v": 0.0305047 },
  "t": { "a": 0.265958, "r": 0.0308811, "n": 0.0509675, "d": 0.0325212, "c": 0.0309786, "q": 0.0390242, "e": 0.0349536, "g": 0.0320597, "h": 0.0263561, "i": 0.0719443, "l": 0.0275074, "k": 0.0933361, "m": 0.0211681, "f": 0.0105765, "p": 0.0616121, "s": 0.383272, "w": 0.0100373, "y": 0.02508, "v": 0.158449 },
  "w": { "a": 0.0343289, "r": 0.0464294, "n": 0.0343672, "d": 0.0316514, "c": 0.030061, "q": 0.0338595, "e": 0.0326892, "g": 0.0357281, "h": 0.0627068, "i": 0.0772858, "l": 0.0733306, "k": 0.0336482, "m": 0.0368941, "f": 0.0930689, "p": 0.0315246, "s": 0.0606243, "t": 0.0347135, "y": 0.092227, "v": 0.0418454 },
  "y": { "a": 0.0260646, "r": 0.0454747, "n": 0.0699759, "d": 0.029385, "c": 0.0467528, "q": 0.0237725, "e": 0.0484863, "g": 0.021128, "h": 0.118195, "i": 0.0262409, "l": 0.0502929, "k": 0.0264798, "m": 0.0242464, "f": 0.369992, "p": 0.0206103, "s": 0.0444513, "t": 0.041055, "w": 0.0256064, "v": 0.0270009 },
  "v": { "a": 0.249664, "r": 0.0272592, "n": 0.0284645, "d": 0.0109622, "c": 0.0127981, "q": 0.0270821, "e": 0.0161108, "g": 0.0384605, "h": 0.0143281, "i": 0.426464, "l": 0.122583, "k": 0.0286788, "m": 0.0477893, "f": 0.0457928, "p": 0.0214144, "s": 0.018578, "t": 0.092648, "w": 0.00846528, "y": 0.011034 }
 }
}
