{
 "alphabet": "arndcqeghilkmfpstwyv",
 "insrate": 0.00414187,
 "insextprob": 0.666667,
 "delrate": 0.00723945,
 "delextprob": 0.727273,
 "rootprob":
 {
  "a": 0.0688061,
  "r": 0.0388873,
  "n": 0.0402098,
  "d": 0.0540768,
  "c": 0.0307295,
  "q": 0.0372593,
  "e": 0.064918,
  "g": 0.0886928,
  "h": 0.0292589,
  "i": 0.0348768,
  "l": 0.0785911,
  "k": 0.0720721,
  "m": 0.0102673,
  "f": 0.0394844,
  "p": 0.0525345,
  "s": 0.071278,
  "t": 0.0672838,
  "w": 0.00549222,
  "y": 0.0325666,
  "v": 0.0827148
 },
 "subrate":
 {
  "a": { "r": 0.0433406, "n": 0.0267875, "d": 0.0411929, "c": 0.027276, "q": 0.0481148, "e": 0.0952402, "g": 0.16016, "h": 0.0208455, "i": 0.0169657, "l": 0.0233054, "k": 0.0283074, "m": 0.0253643, "f": 0.0157664, "p": 0.120327, "s": 0.276846, "t": 0.159235, "w": 0.00818583, "y": 0.0112342, "v": 0.197475 },
  "r": { "a": 0.0276402, "n": 0.0387214, "d": 0.0199247, "c": 0.0218237, "q": 0.0769203, "e": 0.0239238, "g": 0.0257514, "h": 0.158794, "i": 0.0544181, "l": 0.0178634, "k": 0.38818, "m": 0.0518394, "f": 0.0209672, "p": 0.0621858, "s": 0.0930442, "t": 0.0252542, "w": 0.0259031, "y": 0.0125643, "v": 0.0368582 },
  "n": { "a": 0.0751919, "r": 0.0303828, "d": 0.385391, "c": 0.0140913, "q": 0.111275, "e": 0.0455515, "g": 0.122796, "h": 0.139693, "i": 0.0342833, "l": 0.0480942, "k": 0.24863, "m": 0.0217575, "f": 0.0142387, "p": 0.0613193, "s": 0.279345, "t": 0.0544484, "w": 0.0150428, "y": 0.0346512, "v": 0.0248851 },
  "d": { "a": 0.0859947, "r": 0.0155123, "n": 0.253029, "c": 0.00891653, "q": 0.0398102, "e": 0.470356, "g": 0.173874, "h": 0.0245788, "i": 0.0138879, "l": 0.0129139, "k": 0.0259275, "m": 0.0134812, "f": 0.00926926, "p": 0.0324655, "s": 0.0412415, "t": 0.0581031, "w": 0.0106141, "y": 0.0213397, "v": 0.0279568 },
  "c": { "a": 0.033358, "r": 0.0163552, "n": 0.0181028, "d": 0.0181044, "q": 0.0361856, "e": 0.0172552, "g": 0.019512, "h": 0.0302654, "i": 0.062588, "l": 0.0153159, "k": 0.0149427, "m": 0.0229427, "f": 0.0150916, "p": 0.0230491, "s": 0.0824868, "t": 0.0200014, "w": 0.0159011, "y": 0.0256475, "v": 0.0577765 },
  "q": { "a": 0.0443931, "r": 0.142862, "n": 0.0726653, "d": 0.0697313, "c": 0.0166002, "e": 0.302699, "g": 0.0244138, "h": 0.117745, "i": 0.0349534, "l": 0.0471713, "k": 0.197508, "m": 0.0249601, "f": 0.0134462, "p": 0.0705661, "s": 0.0527797, "t": 0.0255626, "w": 0.0146311, "y": 0.0137186, "v": 0.0397655 },
  "e": { "a": 0.237514, "r": 0.0239246, "n": 0.0748648, "d": 0.456717, "c": 0.00859503, "q": 0.158673, "g": 0.0321714, "h": 0.0252173, "i": 0.0169716, "l": 0.0120447, "k": 0.0970782, "m": 0.0196815, "f": 0.00861519, "p": 0.0493617, "s": 0.0730404, "t": 0.028867, "w": 0.0100957, "y": 0.0103915, "v": 0.0353483 },
  "g": { "a": 0.189502, "r": 0.00788991, "n": 0.0496525, "d": 0.0423658, "c": 0.00886114, "q": 0.0133159, "e": 0.0307696, "h": 0.0170799, "i": 0.00770809, "l": 0.0100561, "k": 0.015491, "m": 0.0106951, "f": 0.0138411, "p": 0.0317573, "s": 0.100802, "t": 0.0227308, "w": 0.00592889, "y": 0.00530782, "v": 0.0255053 },
  "h": { "a": 0.0363904, "r": 0.116045, "n": 0.0760036, "d": 0.0693208, "c": 0.0156825, "q": 0.255127, "e": 0.0739933, "g": 0.0611994, "i": 0.0225442, "l": 0.051072, "k": 0.0546282, "m": 0.0225766, "f": 0.0217979, "p": 0.0722564, "s": 0.0465517, "t": 0.024079, "w": 0.0176912, "y": 0.0182181, "v": 0.0351542 },
  "i": { "a": 0.0662793, "r": 0.036127, "n": 0.0327809, "d": 0.0197161, "c": 0.0158878, "q": 0.0202965, "e": 0.0191094, "g": 0.0341641, "h": 0.0170817, "l": 0.250042, "k": 0.0407743, "m": 0.106837, "f": 0.0257715, "p": 0.0212443, "s": 0.0413816, "t": 0.132417, "w": 0.015112, "y": 0.0250986, "v": 0.753812 },
  "l": { "a": 0.0269168, "r": 0.0222454, "n": 0.0186804, "d": 0.0104667, "c": 0.00583249, "q": 0.023513, "e": 0.00703634, "g": 0.0153668, "h": 0.0174228, "i": 0.123661, "k": 0.00681319, "m": 0.083102, "f": 0.0601299, "p": 0.00984414, "s": 0.0161833, "t": 0.0179449, "w": 0.0067974, "y": 0.0142227, "v": 0.154052 },
  "k": { "a": 0.0309592, "r": 0.214704, "n": 0.0997556, "d": 0.0232195, "c": 0.00691157, "q": 0.0683294, "e": 0.0563215, "g": 0.0255377, "h": 0.0346765, "i": 0.0506644, "l": 0.0128558, "m": 0.0413922, "f": 0.00815787, "p": 0.0288036, "s": 0.0637781, "t": 0.0665272, "w": 0.0080371, "y": 0.0133875, "v": 0.0224622 },
  "m": { "a": 0.202525, "r": 0.0953264, "n": 0.0851715, "d": 0.0843653, "c": 0.0650244, "q": 0.144104, "e": 0.0657024, "g": 0.216035, "h": 0.0672659, "i": 0.253815, "l": 0.335104, "k": 0.121253, "f": 0.0668111, "p": 0.0845058, "s": 0.236811, "t": 0.12501, "w": 0.0526859, "y": 0.0644789, "v": 0.3846 },
  "f": { "a": 0.0317052, "r": 0.0127948, "n": 0.0148589, "d": 0.0148037, "c": 0.0147935, "q": 0.0134301, "e": 0.01333, "g": 0.0405547, "h": 0.0255187, "i": 0.0626809, "l": 0.203373, "k": 0.0125347, "m": 0.0297765, "p": 0.0131185, "s": 0.0245824, "t": 0.0212586, "w": 0.0139327, "y": 0.275105, "v": 0.0212078 },
  "p": { "a": 0.155349, "r": 0.0536086, "n": 0.017824, "d": 0.0233831, "c": 0.0113025, "q": 0.0686304, "e": 0.0511812, "g": 0.0330999, "h": 0.0244217, "i": 0.0156024, "l": 0.0460692, "k": 0.0197914, "m": 0.0152906, "f": 0.0109501, "s": 0.137949, "t": 0.0199463, "w": 0.0101986, "y": 0.00917045, "v": 0.0646553 },
  "s": { "a": 0.317007, "r": 0.0622011, "n": 0.191264, "d": 0.0484668, "c": 0.0488544, "q": 0.0289965, "e": 0.0411439, "g": 0.187673, "h": 0.0211963, "i": 0.0189646, "l": 0.0261101, "k": 0.109477, "m": 0.0154014, "f": 0.0406489, "p": 0.101604, "t": 0.328833, "w": 0.00964364, "y": 0.0153854, "v": 0.0304043 },
  "t": { "a": 0.21152, "r": 0.0319649, "n": 0.15479, "d": 0.0330977, "c": 0.00916568, "q": 0.0532679, "e": 0.0277848, "g": 0.0203627, "h": 0.0172702, "i": 0.0506699, "l": 0.0318567, "k": 0.0811963, "m": 0.0199083, "f": 0.0112627, "p": 0.040153, "s": 0.403973, "w": 0.00962191, "y": 0.0168377, "v": 0.140487 },
  "w": { "a": 0.130108, "r": 0.117871, "n": 0.123662, "d": 0.114931, "c": 0.0981859, "q": 0.122665, "e": 0.113002, "g": 0.122627, "h": 0.117823, "i": 0.117814, "l": 0.10815, "k": 0.113145, "m": 0.122251, "f": 0.199433, "p": 0.121015, "s": 0.16946, "t": 0.126182, "y": 0.107856, "v": 0.121797 },
  "y": { "a": 0.0256249, "r": 0.0225072, "n": 0.0610601, "d": 0.0173295, "c": 0.0383085, "q": 0.0319045, "e": 0.0299933, "g": 0.0199955, "h": 0.0503562, "i": 0.0375059, "l": 0.0203261, "k": 0.0328251, "m": 0.0255265, "f": 0.145177, "p": 0.0244576, "s": 0.0688871, "t": 0.113542, "w": 0.0349023, "v": 0.0501884 },
  "v": { "a": 0.162299, "r": 0.01533, "n": 0.022332, "d": 0.0142184, "c": 0.0317021, "q": 0.0270022, "e": 0.0311872, "g": 0.0359797, "h": 0.014043, "i": 0.361928, "l": 0.104971, "k": 0.0103844, "m": 0.055907, "f": 0.0208709, "p": 0.0164746, "s": 0.0232294, "t": 0.138854, "w": 0.00760556, "y": 0.012582 }
 }
}
