{
 "alphabet": "arndcqeghilkmfpstwyv",
 "insrate": 0.00616328,
 "insextprob": 0.672727,
 "delrate": 0.00444974,
 "delextprob": 0.628571,
 "rootprob":
 {
  "a": 0.106396,
  "r": 0.0542125,
  "n": 0.0472734,
  "d": 0.0411592,
  "c": 0.02272,
  "q": 0.0342216,
  "e": 0.0282572,
  "g": 0.0817429,
  "h": 0.0424602,
  "i": 0.0448952,
  "l": 0.0819565,
  "k": 0.0799728,
  "m": 0.0151294,
  "f": 0.0360161,
  "p": 0.0552532,
  "s": 0.0733826,
  "t": 0.0468133,
  "w": 0.0157314,
  "y": 0.0361546,
  "v": 0.0562514
 },
 "subrate":
 {
  "a": { "r": 0.00841375, "n": 0.0373864, "d": 0.0481419, "c": 0.0237815, "q": 0.0551354, "e": 0.0890492, "g": 0.201516, "h": 0.0100183, "i": 0.0264269, "l": 0.0288145, "k": 0.0290538, "m": 0.01452, "f": 0.00688625, "p": 0.089916, "s": 0.275532, "t": 0.185727, "w": 0.0102246, "y": 0.0102499, "v": 0.181667 },
  "r": { "a": 0.0500879, "n": 0.0389068, "d": 0.0176063, "c": 0.021711, "q": 0.122225, "e": 0.0254143, "g": 0.0204446, "h": 0.0987614, "i": 0.0241305, "l": 0.0159891, "k": 0.34809, "m": 0.0239574, "f": 0.0133357, "p": 0.0541188, "s": 0.0793395, "t": 0.0350987, "w": 0.0315713, "y": 0.0130999, "v": 0.0181972 },
  "n": { "a": 0.0766995, "r": 0.045048, "d": 0.299393, "c": 0.0190229, "q": 0.0622034, "e": 0.0770931, "g": 0.0982781, "h": 0.216792, "i": 0.0354959, "l": 0.0231188, "k": 0.1571, "m": 0.0353617, "f": 0.020532, "p": 0.0374777, "s": 0.264162, "t": 0.137446, "w": 0.0116241, "y": 0.0170042, "v": 0.0292788 },
  "d": { "a": 0.0739015, "r": 0.0182111, "n": 0.308709, "c": 0.0123124, "q": 0.0921993, "e": 0.390919, "g": 0.0837256, "h": 0.0468914, "i": 0.0155277, "l": 0.0242803, "k": 0.0248365, "m": 0.0145816, "f": 0.0142036, "p": 0.0313348, "s": 0.0946209, "t": 0.0467831, "w": 0.0102805, "y": 0.0121789, "v": 0.0147023 },
  "c": { "a": 0.056345, "r": 0.0330584, "n": 0.0274669, "d": 0.021748, "q": 0.0428696, "e": 0.0236263, "g": 0.042036, "h": 0.0229888, "i": 0.0553926, "l": 0.035413, "k": 0.0220726, "m": 0.0233776, "f": 0.0220744, "p": 0.0227137, "s": 0.133722, "t": 0.0242138, "w": 0.0271545, "y": 0.0499922, "v": 0.0926996 },
  "q": { "a": 0.102227, "r": 0.207406, "n": 0.116514, "d": 0.10154, "c": 0.0198871, "e": 0.312809, "g": 0.0684544, "h": 0.16535, "i": 0.0380159, "l": 0.0968145, "k": 0.14647, "m": 0.0350811, "f": 0.0224905, "p": 0.0645469, "s": 0.0674842, "t": 0.0417937, "w": 0.0161343, "y": 0.0181358, "v": 0.0574482 },
  "e": { "a": 0.121941, "r": 0.0379594, "n": 0.0391018, "d": 0.471972, "c": 0.0149888, "q": 0.196807, "g": 0.082738, "h": 0.0433735, "i": 0.0247123, "l": 0.0173317, "k": 0.086248, "m": 0.0178897, "f": 0.0152221, "p": 0.0440215, "s": 0.070407, "t": 0.0490829, "w": 0.0123867, "y": 0.0137506, "v": 0.0450595 },
  "g": { "a": 0.17136, "r": 0.00863385, "n": 0.0536696, "d": 0.108507, "c": 0.00712277, "q": 0.0182878, "e": 0.0450308, "h": 0.0205112, "i": 0.0100362, "l": 0.00944686, "k": 0.0278314, "m": 0.00822572, "f": 0.00606128, "p": 0.0149596, "s": 0.130346, "t": 0.029765, "w": 0.0055922, "y": 0.00613092, "v": 0.0112358 },
  "h": { "a": 0.0469153, "r": 0.123974, "n": 0.252187, "d": 0.0622774, "c": 0.0338888, "q": 0.172171, "e": 0.0566296, "g": 0.0401385, "i": 0.0348778, "l": 0.0695485, "k": 0.037751, "m": 0.0221663, "f": 0.0184065, "p": 0.047112, "s": 0.0569112, "t": 0.0431643, "w": 0.0142304, "y": 0.0360749, "v": 0.0523787 },
  "i": { "a": 0.0429823, "r": 0.0143486, "n": 0.0651687, "d": 0.0141756, "c": 0.01328, "q": 0.018499, "e": 0.0278846, "g": 0.0157559, "h": 0.0158213, "l": 0.198397, "k": 0.060229, "m": 0.0640172, "f": 0.0676309, "p": 0.0162042, "s": 0.0284498, "t": 0.111869, "w": 0.0129108, "y": 0.0152511, "v": 0.78931 },
  "l": { "a": 0.0690075, "r": 0.00932135, "n": 0.015269, "d": 0.00721067, "c": 0.0103254, "q": 0.0211739, "e": 0.00988925, "g": 0.00713938, "h": 0.0200146, "i": 0.137309, "k": 0.0220183, "m": 0.0874112, "f": 0.0335898, "p": 0.0228687, "s": 0.0181853, "t": 0.0245617, "w": 0.0133812, "y": 0.0147417, "v": 0.157392 },
  "k": { "a": 0.0546271, "r": 0.241715, "n": 0.0658204, "d": 0.0293438, "c": 0.0136474, "q": 0.0750502, "e": 0.0657696, "g": 0.0309532, "h": 0.0235865, "i": 0.0120697, "l": 0.0264408, "m": 0.0279034, "f": 0.00752341, "p": 0.0183405, "s": 0.0485367, "t": 0.069832, "w": 0.00623751, "y": 0.00670259, "v": 0.0154017 },
  "m": { "a": 0.183829, "r": 0.0719228, "n": 0.0591464, "d": 0.0464059, "c": 0.05883, "q": 0.0980555, "e": 0.0659853, "g": 0.100775, "h": 0.0531982, "i": 0.208114, "l": 0.375936, "k": 0.447952, "f": 0.0851348, "p": 0.0664268, "s": 0.0761559, "t": 0.0871387, "w": 0.0391515, "y": 0.0437861, "v": 0.16674 },
  "f": { "a": 0.0184622, "r": 0.0291372, "n": 0.0161295, "d": 0.0136352, "c": 0.0147497, "q": 0.014747, "e": 0.0139563, "g": 0.0166161, "h": 0.0348575, "i": 0.0327381, "l": 0.170743, "k": 0.013818, "m": 0.0210387, "p": 0.0130827, "s": 0.019505, "t": 0.017372, "w": 0.0271887, "y": 0.33215, "v": 0.0532642 },
  "p": { "a": 0.144065, "r": 0.0562393, "n": 0.0308833, "d": 0.0233692, "c": 0.0159089, "q": 0.0754762, "e": 0.0209456, "g": 0.0279794, "h": 0.0212593, "i": 0.0117358, "l": 0.0117194, "k": 0.025894, "m": 0.026201, "f": 0.00985845, "s": 0.12444, "t": 0.0410668, "w": 0.00953791, "y": 0.0103778, "v": 0.0226066 },
  "s": { "a": 0.346066, "r": 0.0382564, "n": 0.147539, "d": 0.067571, "c": 0.0669799, "q": 0.0589534, "e": 0.0671727, "g": 0.177036, "h": 0.0192326, "i": 0.0210732, "l": 0.0224032, "k": 0.113321, "m": 0.0219933, "f": 0.0603485, "p": 0.0899423, "t": 0.305145, "w": 0.0136121, "y": 0.0201747, "v": 0.0161707 },
  "t": { "a": 0.220023, "r": 0.0225489, "n": 0.0876698, "d": 0.0307564, "c": 0.0139441, "q": 0.0261628, "e": 0.0344032, "g": 0.0185013, "h": 0.0155366, "i": 0.0510108, "l": 0.0337603, "k": 0.0704101, "m": 0.0329338, "f": 0.0174582, "p": 0.0389612, "s": 0.297051, "w": 0.00910176, "y": 0.0267151, "v": 0.0790083 },
  "w": { "a": 0.0372139, "r": 0.0651107, "n": 0.0404032, "d": 0.0335909, "c": 0.0336661, "q": 0.0355943, "e": 0.034545, "g": 0.0460239, "h": 0.0349358, "i": 0.0474496, "l": 0.0332912, "k": 0.0331462, "m": 0.034955, "f": 0.0415318, "p": 0.0327005, "s": 0.0708519, "t": 0.0615234, "y": 0.0594996, "v": 0.03602 },
  "y": { "a": 0.024769, "r": 0.0188153, "n": 0.0421002, "d": 0.0225346, "c": 0.057178, "q": 0.0153946, "e": 0.0136064, "g": 0.0169153, "h": 0.0560281, "i": 0.0256403, "l": 0.0175585, "k": 0.0134694, "m": 0.0144013, "f": 0.34669, "p": 0.0125324, "s": 0.0444579, "t": 0.0196546, "w": 0.0158641, "v": 0.0180848 },
  "v": { "a": 0.191804, "r": 0.0151484, "n": 0.0286516, "d": 0.0110818, "c": 0.0120059, "q": 0.0211964, "e": 0.0179575, "g": 0.0344371, "h": 0.0199009, "i": 0.582944, "l": 0.141354, "k": 0.0230762, "m": 0.0308204, "f": 0.0191075, "p": 0.0159821, "s": 0.0179355, "t": 0.123834, "w": 0.00970168, "y": 0.0118245 }
 }
}
