{
 "alphabet": "arndcqeghilkmfpstwyv",
 "insrate": 0.00382857,
 "insextprob": 0.647059,
 "delrate": 0.00318849,
 "delextprob": 0.83871,
 "rootprob":
 {
  "a": 0.0773566,
  "r": 0.0419508,
  "n": 0.0379474,
  "d": 0.0448318,
  "c": 0.0394332,
  "q": 0.0367888,
  "e": 0.0534871,
  "g": 0.107784,
  "h": 0.0206055,
  "i": 0.0378373,
  "l": 0.0777795,
  "k": 0.0972446,
  "m": 0.0213824,
  "f": 0.0291682,
  "p": 0.0507384,
  "s": 0.0636318,
  "t": 0.0537828,
  "w": 0.0109358,
  "y": 0.0181581,
  "v": 0.079156
 },
 "subrate":
 {
  "a": { "r": 0.0312634, "n": 0.0231321, "d": 0.0390381, "c": 0.0087508, "q": 0.0578766, "e": 0.0869751, "g": 0.161446, "h": 0.0240263, "i": 0.0159592, "l": 0.0340178, "k": 0.0259918, "m": 0.0194111, "f": 0.0118285, "p": 0.104189, "s": 0.270647, "t": 0.132397, "w": 0.00771837, "y": 0.0112467, "v": 0.158556 },
  "r": { "a": 0.0852161, "n": 0.030468, "d": 0.0204633, "c": 0.027164, "q": 0.122789, "e": 0.0400612, "g": 0.0359229, "h": 0.0319555, "i": 0.0164039, "l": 0.04479, "k": 0.348527, "m": 0.0214496, "f": 0.0171935, "p": 0.05335, "s": 0.106037, "t": 0.0302837, "w": 0.014214, "y": 0.0198668, "v": 0.0243658 },
  "n": { "a": 0.160882, "r": 0.0489833, "d": 0.360564, "c": 0.0169975, "q": 0.0690241, "e": 0.057404, "g": 0.17017, "h": 0.183664, "i": 0.0248262, "l": 0.0253036, "k": 0.232587, "m": 0.0289145, "f": 0.0176122, "p": 0.0593111, "s": 0.386147, "t": 0.181226, "w": 0.0191416, "y": 0.0399003, "v": 0.0475043 },
  "d": { "a": 0.106736, "r": 0.0154225, "n": 0.312047, "c": 0.011546, "q": 0.0536364, "e": 0.433808, "g": 0.142931, "h": 0.0200755, "i": 0.0138547, "l": 0.0132426, "k": 0.0514519, "m": 0.015713, "f": 0.00946593, "p": 0.0701594, "s": 0.0841482, "t": 0.0430593, "w": 0.0113806, "y": 0.0138339, "v": 0.0453709 },
  "c": { "a": 0.0233205, "r": 0.0238472, "n": 0.0172844, "d": 0.0290133, "q": 0.012952, "e": 0.0133709, "g": 0.0165082, "h": 0.0218051, "i": 0.0252705, "l": 0.0285612, "k": 0.0124991, "m": 0.0220616, "f": 0.0118359, "p": 0.0202249, "s": 0.0913912, "t": 0.031371, "w": 0.012861, "y": 0.0311079, "v": 0.0451127 },
  "q": { "a": 0.0606326, "r": 0.0708868, "n": 0.0653731, "d": 0.0617234, "c": 0.015552, "e": 0.472469, "g": 0.0344643, "h": 0.138949, "i": 0.020887, "l": 0.0667925, "k": 0.144891, "m": 0.0636637, "f": 0.0153033, "p": 0.0845661, "s": 0.0870476, "t": 0.0551621, "w": 0.0173919, "y": 0.0186098, "v": 0.0371491 },
  "e": { "a": 0.175702, "r": 0.0138738, "n": 0.0819444, "d": 0.621595, "c": 0.0105533, "q": 0.194735, "g": 0.0626285, "h": 0.0142462, "i": 0.0389709, "l": 0.0177589, "k": 0.0472713, "m": 0.0342341, "f": 0.00955698, "p": 0.0407115, "s": 0.0917578, "t": 0.0378737, "w": 0.0111581, "y": 0.0202619, "v": 0.0370915 },
  "g": { "a": 0.173315, "r": 0.0141835, "n": 0.0494061, "d": 0.0585608, "c": 0.00480331, "q": 0.0373362, "e": 0.0699287, "h": 0.014439, "i": 0.00795735, "l": 0.0130562, "k": 0.0346175, "m": 0.00790876, "f": 0.00726639, "p": 0.0206598, "s": 0.180038, "t": 0.0168853, "w": 0.00584906, "y": 0.00715434, "v": 0.0194301 },
  "h": { "a": 0.0392176, "r": 0.0273752, "n": 0.105457, "d": 0.0542023, "c": 0.0232099, "q": 0.155086, "e": 0.0634197, "g": 0.0617714, "i": 0.0203158, "l": 0.0391738, "k": 0.0264822, "m": 0.0240179, "f": 0.0200484, "p": 0.0408271, "s": 0.0621124, "t": 0.0250358, "w": 0.0187112, "y": 0.0294797, "v": 0.0254972 },
  "i": { "a": 0.0659496, "r": 0.0615517, "n": 0.041917, "d": 0.0248737, "c": 0.0442718, "q": 0.030693, "e": 0.0244134, "g": 0.0384048, "h": 0.0439533, "l": 0.281667, "k": 0.0697787, "m": 0.0600463, "f": 0.0602516, "p": 0.0309233, "s": 0.0469267, "t": 0.205286, "w": 0.0198397, "y": 0.025646, "v": 0.792084 },
  "l": { "a": 0.0432771, "r": 0.0160075, "n": 0.0168236, "d": 0.00831505, "c": 0.00832138, "q": 0.0125537, "e": 0.00855172, "g": 0.0142758, "h": 0.0122476, "i": 0.10919, "k": 0.0301427, "m": 0.107499, "f": 0.0807757, "p": 0.0150735, "s": 0.0196289, "t": 0.0374112, "w": 0.00734017, "y": 0.010091, "v": 0.102941 },
  "k": { "a": 0.024318, "r": 0.233452, "n": 0.113877, "d": 0.0139, "c": 0.00649868, "q": 0.0458485, "e": 0.0295078, "g": 0.0292057, "h": 0.0138434, "i": 0.00965333, "l": 0.0293699, "m": 0.02169, "f": 0.0139448, "p": 0.0326857, "s": 0.0471285, "t": 0.0455151, "w": 0.0070486, "y": 0.00738916, "v": 0.0229866 },
  "m": { "a": 0.0997097, "r": 0.0661379, "n": 0.0552577, "d": 0.0656692, "c": 0.0331824, "q": 0.0549578, "e": 0.0429955, "g": 0.0459343, "h": 0.0421273, "i": 0.124981, "l": 0.476896, "k": 0.187761, "f": 0.04257, "p": 0.0574032, "s": 0.0855407, "t": 0.243057, "w": 0.0337232, "y": 0.0376417, "v": 0.207237 },
  "f": { "a": 0.0380802, "r": 0.0175809, "n": 0.0507529, "d": 0.0189961, "c": 0.0314607, "q": 0.0191779, "e": 0.0197722, "g": 0.0314687, "h": 0.0326738, "i": 0.0378185, "l": 0.0813313, "k": 0.0237261, "m": 0.0394218, "p": 0.0296106, "s": 0.0338088, "t": 0.0243552, "w": 0.0337442, "y": 0.176033, "v": 0.0230111 },
  "p": { "a": 0.13254, "r": 0.0889614, "n": 0.032093, "d": 0.0296526, "c": 0.0228356, "q": 0.0451931, "e": 0.0281562, "g": 0.027073, "h": 0.057403, "i": 0.0131709, "l": 0.0396003, "k": 0.0400116, "m": 0.0138817, "f": 0.028335, "s": 0.234459, "t": 0.0558425, "w": 0.0119484, "y": 0.0165594, "v": 0.0400057 },
  "s": { "a": 0.38916, "r": 0.036975, "n": 0.215539, "d": 0.0610368, "c": 0.0177192, "q": 0.0198178, "e": 0.0475295, "g": 0.147342, "h": 0.020059, "i": 0.0104548, "l": 0.0176131, "k": 0.0229753, "m": 0.0123533, "f": 0.0382848, "p": 0.116385, "t": 0.285675, "w": 0.00984582, "y": 0.0147443, "v": 0.018432 },
  "t": { "a": 0.169682, "r": 0.0319499, "n": 0.108801, "d": 0.0500396, "c": 0.0167515, "q": 0.0189522, "e": 0.0553175, "g": 0.0346148, "h": 0.0131676, "i": 0.0681308, "l": 0.035691, "k": 0.0411145, "m": 0.0202917, "f": 0.0276614, "p": 0.0312418, "s": 0.44119, "w": 0.0108993, "y": 0.0135551, "v": 0.188581 },
  "w": { "a": 0.065457, "r": 0.118142, "n": 0.0697359, "d": 0.0640618, "c": 0.0557076, "q": 0.0743192, "e": 0.0648002, "g": 0.0670889, "h": 0.144368, "i": 0.0670603, "l": 0.138402, "k": 0.0632191, "m": 0.0713855, "f": 0.113944, "p": 0.0686581, "s": 0.109401, "t": 0.0660439, "y": 0.0662411, "v": 0.0678777 },
  "y": { "a": 0.03247, "r": 0.0272085, "n": 0.0465833, "d": 0.0314402, "c": 0.0856079, "q": 0.0307079, "e": 0.0353718, "g": 0.0344786, "h": 0.107879, "i": 0.0456544, "l": 0.0709827, "k": 0.0301972, "m": 0.0340673, "f": 0.183462, "p": 0.0332752, "s": 0.0743258, "t": 0.0369479, "w": 0.0304508, "v": 0.0319972 },
  "v": { "a": 0.205637, "r": 0.0162246, "n": 0.029995, "d": 0.0304137, "c": 0.0439377, "q": 0.0143069, "e": 0.0240134, "g": 0.0533134, "h": 0.0218032, "i": 0.41722, "l": 0.188284, "k": 0.010924, "m": 0.0338866, "f": 0.0129786, "p": 0.0208206, "s": 0.0407102, "t": 0.104533, "w": 0.00895348, "y": 0.0222527 }
 }
}
