{
 "alphabet": "arndcqeghilkmfpstwyv",
 "insrate": 0.00597355,
 "insextprob": 0.696429,
 "delrate": 0.00492118,
 "delextprob": 0.72549,
 "rootprob":
 {
  "a": 0.0792772,
  "r": 0.0346461,
  "n": 0.047419,
  "d": 0.0512413,
  "c": 0.0240356,
  "q": 0.0379833,
  "e": 0.0488546,
  "g": 0.0950622,
  "h": 0.0372163,
  "i": 0.0304172,
  "l": 0.0823923,
  "k": 0.0701008,
  "m": 0.0264799,
  "f": 0.0490874,
  "p": 0.0351891,
  "s": 0.0689015,
  "t": 0.0669123,
  "w": 0.0140423,
  "y": 0.0366211,
  "v": 0.0641204
 },
 "subrate":
 {
  "a": { "r": 0.0294857, "n": 0.0214087, "d": 0.0458242, "c": 0.0185223, "q": 0.0278045, "e": 0.0820295, "g": 0.165576, "h": 0.0095995, "i": 0.0389248, "l": 0.0358968, "k": 0.0311213, "m": 0.0168101, "f": 0.0108364, "p": 0.10899, "s": 0.357007, "t": 0.190956, "w": 0.00700832, "y": 0.0144642, "v": 0.155921 },
  "r": { "a": 0.0451143, "n": 0.0381041, "d": 0.0343996, "c": 0.0201684, "q": 0.102118, "e": 0.0217483, "g": 0.0323219, "h": 0.103002, "i": 0.0249739, "l": 0.0443315, "k": 0.458659, "m": 0.0212593, "f": 0.0154541, "p": 0.0245525, "s": 0.067296, "t": 0.0622336, "w": 0.0258549, "y": 0.0160173, "v": 0.0367662 },
  "n": { "a": 0.0700185, "r": 0.0691492, "d": 0.334603, "c": 0.0156138, "q": 0.0495798, "e": 0.114721, "g": 0.14934, "h": 0.129199, "i": 0.0289231, "l": 0.0255607, "k": 0.143829, "m": 0.0192022, "f": 0.0159221, "p": 0.0375495, "s": 0.246802, "t": 0.079118, "w": 0.0197403, "y": 0.01477, "v": 0.0208137 },
  "d": { "a": 0.0683973, "r": 0.0159361, "n": 0.320201, "c": 0.0118422, "q": 0.0456651, "e": 0.510627, "g": 0.123832, "h": 0.0198338, "i": 0.0146522, "l": 0.0177928, "k": 0.0691095, "m": 0.017313, "f": 0.010279, "p": 0.027434, "s": 0.144467, "t": 0.0573865, "w": 0.0154022, "y": 0.0131532, "v": 0.0193223 },
  "c": { "a": 0.0262719, "r": 0.0424256, "n": 0.0183074, "d": 0.0172441, "q": 0.0180555, "e": 0.0167642, "g": 0.0326119, "h": 0.0181913, "i": 0.0215261, "l": 0.018585, "k": 0.0211682, "m": 0.0234982, "f": 0.0299296, "p": 0.0320844, "s": 0.098728, "t": 0.0301921, "w": 0.0161635, "y": 0.0422552, "v": 0.0529834 },
  "q": { "a": 0.111708, "r": 0.137945, "n": 0.0643557, "d": 0.0622144, "c": 0.019295, "e": 0.347059, "g": 0.058098, "h": 0.145244, "i": 0.020971, "l": 0.0625475, "k": 0.130148, "m": 0.0554146, "f": 0.015153, "p": 0.068336, "s": 0.0673187, "t": 0.0541036, "w": 0.0147749, "y": 0.0162482, "v": 0.0429969 },
  "e": { "a": 0.154238, "r": 0.0226927, "n": 0.0911292, "d": 0.338948, "c": 0.0111783, "q": 0.20492, "g": 0.101087, "h": 0.0246803, "i": 0.0132013, "l": 0.028706, "k": 0.054196, "m": 0.0182316, "f": 0.00946872, "p": 0.0379481, "s": 0.0646752, "t": 0.0307435, "w": 0.0102935, "y": 0.0204909, "v": 0.0323301 },
  "g": { "a": 0.273473, "r": 0.00757641, "n": 0.0774311, "d": 0.0865047, "c": 0.0101178, "q": 0.00854113, "e": 0.0287738, "h": 0.00770791, "i": 0.0134852, "l": 0.0219567, "k": 0.0131489, "m": 0.00950152, "f": 0.00651913, "p": 0.0144682, "s": 0.191668, "t": 0.028752, "w": 0.005776, "y": 0.00758048, "v": 0.0205468 },
  "h": { "a": 0.0228007, "r": 0.0391489, "n": 0.166091, "d": 0.132246, "c": 0.020101, "q": 0.180756, "e": 0.0416656, "g": 0.0368335, "i": 0.0177124, "l": 0.0443657, "k": 0.0456629, "m": 0.0194051, "f": 0.0156115, "p": 0.141363, "s": 0.0261171, "t": 0.0240488, "w": 0.017044, "y": 0.0190387, "v": 0.0412674 },
  "i": { "a": 0.081816, "r": 0.0573823, "n": 0.0526163, "d": 0.0287028, "c": 0.0228467, "q": 0.0231747, "e": 0.0232646, "g": 0.0287903, "h": 0.0221161, "l": 0.314732, "k": 0.0387686, "m": 0.103092, "f": 0.0774725, "p": 0.0449297, "s": 0.0555954, "t": 0.118793, "w": 0.0219199, "y": 0.0358835, "v": 0.683678 },
  "l": { "a": 0.028323, "r": 0.00684337, "n": 0.00675615, "d": 0.0108275, "c": 0.00596714, "q": 0.0285742, "e": 0.00849154, "g": 0.0103975, "h": 0.0180582, "i": 0.102754, "k": 0.0314812, "m": 0.0888771, "f": 0.0727235, "p": 0.0101933, "s": 0.0124033, "t": 0.0160672, "w": 0.00939901, "y": 0.0110871, "v": 0.103212 },
  "k": { "a": 0.0332641, "r": 0.194326, "n": 0.0363674, "d": 0.0491035, "c": 0.00950238, "q": 0.0987566, "e": 0.0475462, "g": 0.0283708, "h": 0.0154836, "i": 0.0299369, "l": 0.0270725, "m": 0.0286067, "f": 0.0102868, "p": 0.0247688, "s": 0.0623164, "t": 0.0852034, "w": 0.00742712, "y": 0.00924171, "v": 0.0297384 },
  "m": { "a": 0.0504696, "r": 0.0503881, "n": 0.0325122, "d": 0.0380284, "c": 0.0282661, "q": 0.0958187, "e": 0.0433441, "g": 0.0401568, "h": 0.032635, "i": 0.264288, "l": 0.533283, "k": 0.0956125, "f": 0.0940389, "p": 0.0680909, "s": 0.0659915, "t": 0.0724038, "w": 0.0268036, "y": 0.0311873, "v": 0.131089 },
  "f": { "a": 0.0122698, "r": 0.00982838, "n": 0.0126926, "d": 0.0100993, "c": 0.0274627, "q": 0.0103458, "e": 0.00968836, "g": 0.0109203, "h": 0.0141874, "i": 0.108266, "l": 0.129051, "k": 0.0100971, "m": 0.0243342, "p": 0.0102281, "s": 0.026633, "t": 0.0198134, "w": 0.00974779, "y": 0.191345, "v": 0.0161532 },
  "p": { "a": 0.141286, "r": 0.047306, "n": 0.034395, "d": 0.0359064, "c": 0.0253916, "q": 0.0701216, "e": 0.0509221, "g": 0.0345755, "h": 0.106941, "i": 0.0168825, "l": 0.020315, "k": 0.0359272, "m": 0.017815, "f": 0.0135604, "s": 0.172261, "t": 0.0737845, "w": 0.0136182, "y": 0.0141282, "v": 0.0346488 },
  "s": { "a": 0.340333, "r": 0.111217, "n": 0.157495, "d": 0.0496846, "c": 0.0257655, "q": 0.0234231, "e": 0.0257397, "g": 0.195953, "h": 0.0213905, "i": 0.0131845, "l": 0.0461177, "k": 0.0850975, "m": 0.0121515, "f": 0.0272929, "p": 0.0989593, "t": 0.407176, "w": 0.0105232, "y": 0.016256, "v": 0.0156657 },
  "t": { "a": 0.238931, "r": 0.0220085, "n": 0.104082, "d": 0.0747434, "c": 0.0152425, "q": 0.0529689, "e": 0.0388558, "g": 0.0570164, "h": 0.0269816, "i": 0.0396921, "l": 0.0221453, "k": 0.0948153, "m": 0.0359122, "f": 0.0106873, "p": 0.0564996, "s": 0.399606, "w": 0.00910118, "y": 0.0198776, "v": 0.111539 },
  "w": { "a": 0.0455433, "r": 0.158645, "n": 0.0453471, "d": 0.0449055, "c": 0.0440918, "q": 0.0462861, "e": 0.043196, "g": 0.0439395, "h": 0.0718035, "i": 0.0464315, "l": 0.0685672, "k": 0.0452374, "m": 0.0478837, "f": 0.0812637, "p": 0.0618664, "s": 0.0525449, "t": 0.0456988, "y": 0.0718558, "v": 0.0468949 },
  "y": { "a": 0.0231922, "r": 0.0247193, "n": 0.0921089, "d": 0.0225956, "c": 0.0683131, "q": 0.0317253, "e": 0.0250462, "g": 0.0231456, "h": 0.0785524, "i": 0.0374017, "l": 0.0896609, "k": 0.0170356, "m": 0.0217722, "f": 0.265222, "p": 0.0177131, "s": 0.0780219, "t": 0.0431728, "w": 0.0168356, "v": 0.0235475 },
  "v": { "a": 0.201687, "r": 0.0147886, "n": 0.0180426, "d": 0.0354153, "c": 0.0194741, "q": 0.0124636, "e": 0.0296771, "g": 0.0360051, "h": 0.0210348, "i": 0.326309, "l": 0.131059, "k": 0.0230994, "m": 0.0199978, "f": 0.0220758, "p": 0.0250016, "s": 0.0190889, "t": 0.113121, "w": 0.00999774, "y": 0.0263302 }
 }
}
