{
 "alphabet": "arndcqeghilkmfpstwyv",
 "insrate": 0.00583063,
 "insextprob": 0.673077,
 "delrate": 0.00617095,
 "delextprob": 0.763158,
 "rootprob":
 {
  "a": 0.106977,
  "r": 0.0369125,
  "n": 0.036241,
  "d": 0.0540965,
  "c": 0.0334025,
  "q": 0.0394969,
  "e": 0.0455847,
  "g": 0.0910533,
  "h": 0.0390574,
  "i": 0.0348529,
  "l": 0.110881,
  "k": 0.0723932,
  "m": 0.0143393,
  "f": 0.0325265,
  "p": 0.0463981,
  "s": 0.0546148,
  "t": 0.0576102,
  "w": 0.0177178,
  "y": 0.0266202,
  "v": 0.0492241
 },
 "subrate":
 {
  "a": { "r": 0.0214168, "n": 0.0445761, "d": 0.0246189, "c": 0.0226992, "q": 0.0200159, "e": 0.0761422, "g": 0.228968, "h": 0.0204326, "i": 0.0146745, "l": 0.0460797, "k": 0.0294843, "m": 0.014425, "f": 0.00610332, "p": 0.0635229, "s": 0.305997, "t": 0.21251, "w": 0.00692133, "y": 0.0110493, "v": 0.173364 },
  "r": { "a": 0.0581888, "n": 0.0327999, "d": 0.0228481, "c": 0.0164321, "q": 0.102941, "e": 0.0248169, "g": 0.0247146, "h": 0.125157, "i": 0.0283676, "l": 0.0349413, "k": 0.367825, "m": 0.0202651, "f": 0.0117286, "p": 0.0223021, "s": 0.125155, "t": 0.0567547, "w": 0.0134661, "y": 0.0119859, "v": 0.022465 },
  "n": { "a": 0.069078, "r": 0.0351712, "d": 0.257923, "c": 0.027986, "q": 0.0633434, "e": 0.0576487, "g": 0.0561505, "h": 0.170409, "i": 0.0760983, "l": 0.0489576, "k": 0.29567, "m": 0.0298456, "f": 0.0201517, "p": 0.0265031, "s": 0.329065, "t": 0.17554, "w": 0.0154885, "y": 0.0230144, "v": 0.0274228 },
  "d": { "a": 0.0598501, "r": 0.0258509, "n": 0.276, "c": 0.0160078, "q": 0.0645826, "e": 0.454335, "g": 0.148165, "h": 0.0507359, "i": 0.0251757, "l": 0.0168754, "k": 0.0762526, "m": 0.0147038, "f": 0.0125903, "p": 0.025839, "s": 0.0897539, "t": 0.0228099, "w": 0.0106455, "y": 0.015764, "v": 0.0138647 },
  "c": { "a": 0.0607325, "r": 0.0508438, "n": 0.0418974, "d": 0.0170194, "q": 0.0216472, "e": 0.0165699, "g": 0.0165896, "h": 0.0232193, "i": 0.019716, "l": 0.0151382, "k": 0.0172202, "m": 0.0167495, "f": 0.0145519, "p": 0.0165653, "s": 0.0936709, "t": 0.0277488, "w": 0.0144756, "y": 0.0240645, "v": 0.031303 },
  "q": { "a": 0.0632269, "r": 0.126681, "n": 0.0833324, "d": 0.045377, "c": 0.013149, "e": 0.340268, "g": 0.0357241, "h": 0.12806, "i": 0.0221339, "l": 0.0595451, "k": 0.140114, "m": 0.0326276, "f": 0.0117654, "p": 0.109976, "s": 0.127168, "t": 0.0500639, "w": 0.0115025, "y": 0.0115504, "v": 0.0196934 },
  "e": { "a": 0.0812255, "r": 0.0227603, "n": 0.0722501, "d": 0.37046, "c": 0.0119845, "q": 0.292404, "g": 0.0657632, "h": 0.0196543, "i": 0.0538943, "l": 0.0201045, "k": 0.115732, "m": 0.014703, "f": 0.0102567, "p": 0.0333097, "s": 0.123605, "t": 0.0311207, "w": 0.010025, "y": 0.0120266, "v": 0.0190714 },
  "g": { "a": 0.213488, "r": 0.0094975, "n": 0.0503203, "d": 0.0718567, "c": 0.012492, "q": 0.0269486, "e": 0.0199394, "h": 0.0130056, "i": 0.0124621, "l": 0.0094206, "k": 0.01562, "m": 0.0117337, "f": 0.00631661, "p": 0.0226499, "s": 0.160727, "t": 0.0222991, "w": 0.00754995, "y": 0.00574448, "v": 0.0463952 },
  "h": { "a": 0.0290058, "r": 0.0857357, "n": 0.118336, "d": 0.0673895, "c": 0.0224959, "q": 0.259717, "e": 0.0926377, "g": 0.0363141, "i": 0.0229643, "l": 0.064164, "k": 0.0551606, "m": 0.0351115, "f": 0.0295544, "p": 0.0888344, "s": 0.0922744, "t": 0.0399566, "w": 0.0151417, "y": 0.0257262, "v": 0.034299 },
  "i": { "a": 0.0263383, "r": 0.0500002, "n": 0.0288058, "d": 0.0280073, "c": 0.0173029, "q": 0.0220015, "e": 0.0226011, "g": 0.0185082, "h": 0.0229872, "l": 0.377264, "k": 0.0187126, "m": 0.0572515, "f": 0.0752566, "p": 0.0426041, "s": 0.0431689, "t": 0.0710559, "w": 0.0135381, "y": 0.0180302, "v": 0.727365 },
  "l": { "a": 0.0418206, "r": 0.0102442, "n": 0.0123407, "d": 0.0112085, "c": 0.00469505, "q": 0.0425158, "e": 0.00825315, "g": 0.00703233, "h": 0.0180577, "i": 0.139438, "k": 0.0120976, "m": 0.0576712, "f": 0.095623, "p": 0.0126517, "s": 0.0342377, "t": 0.0157814, "w": 0.011673, "y": 0.0119893, "v": 0.104742 },
  "k": { "a": 0.0336213, "r": 0.205908, "n": 0.0859321, "d": 0.0379541, "c": 0.00884583, "q": 0.114896, "e": 0.0544913, "g": 0.0338074, "h": 0.0165584, "i": 0.0297903, "l": 0.0105563, "m": 0.0652232, "f": 0.00718449, "p": 0.0201422, "s": 0.0968744, "t": 0.123599, "w": 0.00820447, "y": 0.0124409, "v": 0.0147115 },
  "m": { "a": 0.0777659, "r": 0.0914225, "n": 0.0601281, "d": 0.113011, "c": 0.0414859, "q": 0.0932929, "e": 0.0575119, "g": 0.0546476, "h": 0.0548126, "i": 0.248288, "l": 0.556831, "k": 0.108027, "f": 0.0674654, "p": 0.0639596, "s": 0.0748066, "t": 0.094348, "w": 0.0464373, "y": 0.0451518, "v": 0.181018 },
  "f": { "a": 0.0168589, "r": 0.0174845, "n": 0.0151105, "d": 0.0148997, "c": 0.0110216, "q": 0.0127589, "e": 0.0126925, "g": 0.0239757, "h": 0.0211321, "i": 0.0354357, "l": 0.0997958, "k": 0.0292286, "m": 0.050299, "p": 0.0213587, "s": 0.0260823, "t": 0.022941, "w": 0.0293401, "y": 0.184139, "v": 0.0300072 },
  "p": { "a": 0.18615, "r": 0.0765576, "n": 0.0310098, "d": 0.0318542, "c": 0.0227302, "q": 0.0492894, "e": 0.0657242, "g": 0.0912816, "h": 0.017914, "i": 0.0236434, "l": 0.0302447, "k": 0.0573563, "m": 0.0160879, "f": 0.021572, "s": 0.152579, "t": 0.0236507, "w": 0.013377, "y": 0.0110114, "v": 0.0406519 },
  "s": { "a": 0.345405, "r": 0.0782915, "n": 0.179744, "d": 0.0451256, "c": 0.0324852, "q": 0.042019, "e": 0.0316099, "g": 0.167412, "h": 0.0316662, "i": 0.0127855, "l": 0.0184811, "k": 0.0645489, "m": 0.0243621, "f": 0.0218584, "p": 0.120579, "t": 0.265762, "w": 0.0118555, "y": 0.00932118, "v": 0.0224712 },
  "t": { "a": 0.166371, "r": 0.0453076, "n": 0.101798, "d": 0.067636, "c": 0.011062, "q": 0.0321176, "e": 0.0288732, "g": 0.0283282, "h": 0.0164185, "i": 0.0997005, "l": 0.0402496, "k": 0.10606, "m": 0.0282288, "f": 0.00990316, "p": 0.0553245, "s": 0.429635, "w": 0.0096097, "y": 0.015547, "v": 0.166017 },
  "w": { "a": 0.0298634, "r": 0.0832353, "n": 0.053752, "d": 0.0293406, "c": 0.02632, "q": 0.0294558, "e": 0.0284559, "g": 0.0281624, "h": 0.0313807, "i": 0.0280543, "l": 0.0307183, "k": 0.0376534, "m": 0.029598, "f": 0.0276238, "p": 0.0537002, "s": 0.0311061, "t": 0.0289456, "y": 0.0521604, "v": 0.0294526 },
  "y": { "a": 0.0470684, "r": 0.0327892, "n": 0.0215579, "d": 0.0212189, "c": 0.0482965, "q": 0.0192694, "e": 0.0199165, "g": 0.0209018, "h": 0.0477971, "i": 0.0248977, "l": 0.0898276, "k": 0.0208709, "m": 0.0235827, "f": 0.188432, "p": 0.0219343, "s": 0.0399312, "t": 0.0348154, "w": 0.0277988, "v": 0.0331588 },
  "v": { "a": 0.158241, "r": 0.0203942, "n": 0.0173718, "d": 0.0239325, "c": 0.0117213, "q": 0.0246833, "e": 0.0364438, "g": 0.0302307, "h": 0.0191644, "i": 0.468375, "l": 0.12321, "k": 0.0218114, "m": 0.0301382, "f": 0.0150738, "p": 0.0515763, "s": 0.0367761, "t": 0.0999782, "w": 0.00929527, "y": 0.0252621 }
 }
}
