{
 "alphabet": "arndcqeghilkmfpstwyv",
 "insrate": 0.00585977,
 "insextprob": 0.7,
 "delrate": 0.002935,
 "delextprob": 0.653846,
 "rootprob":
 {
  "a": 0.0940587,
  "r": 0.0477509,
  "n": 0.0316269,
  "d": 0.029516,
  "c": 0.0500468,
  "q": 0.0377967,
  "e": 0.0410281,
  "g": 0.0913683,
  "h": 0.0241592,
  "i": 0.0359599,
  "l": 0.0694967,
  "k": 0.105096,
  "m": 0.00507581,
  "f": 0.0449186,
  "p": 0.0517564,
  "s": 0.0740863,
  "t": 0.059162,
  "w": 0.00760218,
  "y": 0.0245795,
  "v": 0.0749153
 },
 "subrate":
 {
  "a": { "r": 0.0199763, "n": 0.0203222, "d": 0.0595595, "c": 0.0118497, "q": 0.0759504, "e": 0.0999128, "g": 0.251975, "h": 0.0124629, "i": 0.0322974, "l": 0.0190758, "k": 0.0320946, "m": 0.0204017, "f": 0.0176732, "p": 0.0843547, "s": 0.199813, "t": 0.212775, "w": 0.00713594, "y": 0.0145473, "v": 0.125651 },
  "r": { "a": 0.0599555, "n": 0.0264613, "d": 0.0233307, "c": 0.0120964, "q": 0.0597334, "e": 0.0356461, "g": 0.0167083, "h": 0.0518179, "i": 0.0142893, "l": 0.0321243, "k": 0.281008, "m": 0.0130235, "f": 0.0291484, "p": 0.0516454, "s": 0.103314, "t": 0.0371593, "w": 0.0127094, "y": 0.00933923, "v": 0.0236938 },
  "n": { "a": 0.124157, "r": 0.042671, "d": 0.349924, "c": 0.0214078, "q": 0.0864664, "e": 0.0797699, "g": 0.158951, "h": 0.132808, "i": 0.0279614, "l": 0.0237606, "k": 0.252769, "m": 0.0275033, "f": 0.0241766, "p": 0.0468803, "s": 0.320314, "t": 0.163783, "w": 0.0217474, "y": 0.024756, "v": 0.0312178 },
  "d": { "a": 0.0944642, "r": 0.0217753, "n": 0.366719, "c": 0.0152542, "q": 0.047006, "e": 0.425864, "g": 0.0838621, "h": 0.027652, "i": 0.0218525, "l": 0.0262686, "k": 0.069328, "m": 0.0213418, "f": 0.0178855, "p": 0.0458419, "s": 0.0617675, "t": 0.0400906, "w": 0.0167504, "y": 0.0248351, "v": 0.0380239 },
  "c": { "a": 0.0380025, "r": 0.0140063, "n": 0.019935, "d": 0.011323, "q": 0.0113394, "e": 0.0111292, "g": 0.0288514, "h": 0.0166574, "i": 0.019846, "l": 0.0181195, "k": 0.0133374, "m": 0.0405864, "f": 0.0151797, "p": 0.0180939, "s": 0.0583867, "t": 0.0228445, "w": 0.0114902, "y": 0.0504825, "v": 0.027987 },
  "q": { "a": 0.128522, "r": 0.0944211, "n": 0.0572486, "d": 0.0811716, "c": 0.0149766, "e": 0.352565, "g": 0.0473784, "h": 0.188132, "i": 0.0204189, "l": 0.04212, "k": 0.130027, "m": 0.0513729, "f": 0.0151781, "p": 0.0661585, "s": 0.125576, "t": 0.0638467, "w": 0.0175557, "y": 0.0169047, "v": 0.0495066 },
  "e": { "a": 0.154571, "r": 0.0244482, "n": 0.111438, "d": 0.360818, "c": 0.0118847, "q": 0.270777, "g": 0.0589149, "h": 0.0462946, "i": 0.0178951, "l": 0.023008, "k": 0.113551, "m": 0.020412, "f": 0.0110954, "p": 0.0426039, "s": 0.0382149, "t": 0.0616767, "w": 0.0123584, "y": 0.0170993, "v": 0.0323132 },
  "g": { "a": 0.187298, "r": 0.00768776, "n": 0.0659249, "d": 0.0703389, "c": 0.00642997, "q": 0.0243529, "e": 0.065028, "h": 0.0108899, "i": 0.00874985, "l": 0.00980531, "k": 0.0129641, "m": 0.0160096, "f": 0.00887025, "p": 0.0290455, "s": 0.153135, "t": 0.0159648, "w": 0.0063491, "y": 0.0064754, "v": 0.0171592 },
  "h": { "a": 0.0668184, "r": 0.156038, "n": 0.210233, "d": 0.114221, "c": 0.0422625, "q": 0.238027, "e": 0.0440649, "g": 0.0369458, "i": 0.0306599, "l": 0.0244526, "k": 0.0668277, "m": 0.0277067, "f": 0.0378857, "p": 0.0588154, "s": 0.0467584, "t": 0.0626149, "w": 0.0237742, "y": 0.0292565, "v": 0.0780368 },
  "i": { "a": 0.038146, "r": 0.0320873, "n": 0.0245871, "d": 0.0255386, "c": 0.0167074, "q": 0.0285008, "e": 0.0246456, "g": 0.0479376, "h": 0.0199564, "l": 0.322097, "k": 0.0332814, "m": 0.0922845, "f": 0.0594499, "p": 0.0312574, "s": 0.0215339, "t": 0.0581367, "w": 0.0152515, "y": 0.0209688, "v": 0.889755 },
  "l": { "a": 0.0487278, "r": 0.0136603, "n": 0.0123498, "d": 0.00886566, "c": 0.00685766, "q": 0.0433388, "e": 0.00976278, "g": 0.0147242, "h": 0.0334413, "i": 0.136999, "k": 0.0253261, "m": 0.0848317, "f": 0.0612141, "p": 0.0209573, "s": 0.0137227, "t": 0.0448646, "w": 0.00888233, "y": 0.0112881, "v": 0.12352 },
  "k": { "a": 0.0461177, "r": 0.18222, "n": 0.13327, "d": 0.0192779, "c": 0.00819448, "q": 0.0744076, "e": 0.0454425, "g": 0.0279578, "h": 0.0163249, "i": 0.011275, "l": 0.0151917, "m": 0.0203814, "f": 0.00566425, "p": 0.0262694, "s": 0.0917468, "t": 0.10934, "w": 0.00604688, "y": 0.00551349, "v": 0.0162499 },
  "m": { "a": 0.173623, "r": 0.163658, "n": 0.0884867, "d": 0.0953814, "c": 0.0639246, "q": 0.186264, "e": 0.100428, "g": 0.115562, "h": 0.0919087, "i": 0.215643, "l": 0.630287, "k": 0.106427, "f": 0.0941368, "p": 0.0877386, "s": 0.134992, "t": 0.192295, "w": 0.0675901, "y": 0.0762824, "v": 0.230301 },
  "f": { "a": 0.0137376, "r": 0.0249046, "n": 0.0118171, "d": 0.0111564, "c": 0.0116323, "q": 0.0117639, "e": 0.011429, "g": 0.0157068, "h": 0.0125715, "i": 0.0822884, "l": 0.127467, "k": 0.0120021, "m": 0.0357357, "p": 0.010946, "s": 0.0283708, "t": 0.0255547, "w": 0.0138724, "y": 0.309245, "v": 0.0274454 },
  "p": { "a": 0.157536, "r": 0.0304438, "n": 0.0382415, "d": 0.0135931, "c": 0.0214441, "q": 0.0500326, "e": 0.0314175, "g": 0.0556241, "h": 0.0279783, "i": 0.0227715, "l": 0.0194294, "k": 0.042299, "m": 0.0124677, "f": 0.0098871, "s": 0.163798, "t": 0.0501816, "w": 0.0115205, "y": 0.012329, "v": 0.0254699 },
  "s": { "a": 0.316015, "r": 0.0627547, "n": 0.141647, "d": 0.0445712, "c": 0.0740481, "q": 0.0368804, "e": 0.034019, "g": 0.161417, "h": 0.0215974, "i": 0.0267606, "l": 0.0216756, "k": 0.0749265, "m": 0.0162357, "f": 0.0145815, "p": 0.11221, "t": 0.393079, "w": 0.0194537, "y": 0.0133583, "v": 0.0151271 },
  "t": { "a": 0.262702, "r": 0.0304673, "n": 0.0880145, "d": 0.0353029, "c": 0.0131902, "q": 0.0252127, "e": 0.0357523, "g": 0.0323962, "h": 0.0418986, "i": 0.062762, "l": 0.0377201, "k": 0.0841687, "m": 0.0214477, "f": 0.0127574, "p": 0.0316817, "s": 0.34416, "w": 0.011084, "y": 0.0178413, "v": 0.122807 },
  "w": { "a": 0.106313, "r": 0.0647541, "n": 0.0649779, "d": 0.0653598, "c": 0.0587886, "q": 0.0693109, "e": 0.069483, "g": 0.0707984, "h": 0.0647659, "i": 0.0686447, "l": 0.068613, "k": 0.065765, "m": 0.0847555, "f": 0.110213, "p": 0.0676641, "s": 0.102703, "t": 0.0759553, "y": 0.103303, "v": 0.0701897 },
  "y": { "a": 0.0187515, "r": 0.0177186, "n": 0.024518, "d": 0.0197815, "c": 0.0353768, "q": 0.0245198, "e": 0.0374246, "g": 0.0314385, "h": 0.0634948, "i": 0.026532, "l": 0.0212786, "k": 0.0232263, "m": 0.0462038, "f": 0.323302, "p": 0.0157905, "s": 0.0461967, "t": 0.0396283, "w": 0.0206137, "v": 0.0399081 },
  "v": { "a": 0.20446, "r": 0.0120374, "n": 0.0106253, "d": 0.0218412, "c": 0.019304, "q": 0.022577, "e": 0.0502804, "g": 0.0247079, "h": 0.0110885, "i": 0.496005, "l": 0.161975, "k": 0.0222117, "m": 0.0438368, "f": 0.0227159, "p": 0.0469294, "s": 0.0146825, "t": 0.0988498, "w": 0.00836672, "y": 0.0113046 }
 }
}
