{
 "alphabet": "arndcqeghilkmfpstwyv",
 "insrate": 0.00745376,
 "insextprob": 0.66129,
 "delrate": 0.00673453,
 "delextprob": 0.634615,
 "rootprob":
 {
  "a": 0.0775581,
  "r": 0.0489064,
  "n": 0.0396384,
  "d": 0.0575584,
  "c": 0.0362235,
  "q": 0.0591496,
  "e": 0.0738771,
  "g": 0.0871388,
  "h": 0.0243662,
  "i": 0.040856,
  "l": 0.0896834,
  "k": 0.0663829,
  "m": 0.0147482,
  "f": 0.0345194,
  "p": 0.0552571,
  "s": 0.0513919,
  "t": 0.0429937,
  "w": 0.00522458,
  "y": 0.036243,
  "v": 0.0582833
 },
 "subrate":
 {
  "a": { "r": 0.0207849, "n": 0.0304894, "d": 0.0353054, "c": 0.0195012, "q": 0.0216705, "e": 0.0555182, "g": 0.220229, "h": 0.0132878, "i": 0.0108698, "l": 0.022882, "k": 0.0410589, "m": 0.0117997, "f": 0.00875463, "p": 0.0984641, "s": 0.241214, "t": 0.176825, "w": 0.00815167, "y": 0.00751087, "v": 0.0942716 },
  "r": { "a": 0.0489135, "n": 0.0378508, "d": 0.0181037, "c": 0.01053, "q": 0.0837447, "e": 0.0177886, "g": 0.0471532, "h": 0.100589, "i": 0.0208823, "l": 0.0385297, "k": 0.399904, "m": 0.0167471, "f": 0.0101562, "p": 0.0823315, "s": 0.123218, "t": 0.0450014, "w": 0.0276748, "y": 0.0123784, "v": 0.0273279 },
  "n": { "a": 0.100803, "r": 0.0587406, "d": 0.484412, "c": 0.0129139, "q": 0.0870209, "e": 0.101432, "g": 0.136192, "h": 0.0873891, "i": 0.0193783, "l": 0.0179027, "k": 0.153498, "m": 0.0186775, "f": 0.0126981, "p": 0.0517206, "s": 0.22619, "t": 0.165052, "w": 0.0170824, "y": 0.0150637, "v": 0.0192453 },
  "d": { "a": 0.10937, "r": 0.0135328, "n": 0.254309, "c": 0.00790135, "q": 0.0319097, "e": 0.488079, "g": 0.0824399, "h": 0.0230667, "i": 0.0121756, "l": 0.0100661, "k": 0.0729623, "m": 0.0107895, "f": 0.0078514, "p": 0.0460101, "s": 0.0714899, "t": 0.0424761, "w": 0.0106633, "y": 0.0105912, "v": 0.0221411 },
  "c": { "a": 0.0210313, "r": 0.0198349, "n": 0.0138008, "d": 0.0127506, "q": 0.0134081, "e": 0.0128153, "g": 0.0290569, "h": 0.018142, "i": 0.0284368, "l": 0.0175431, "k": 0.0128196, "m": 0.0147533, "f": 0.0120277, "p": 0.031644, "s": 0.0547698, "t": 0.0352207, "w": 0.0143243, "y": 0.0120046, "v": 0.0702462 },
  "q": { "a": 0.102717, "r": 0.136306, "n": 0.0671754, "d": 0.0756896, "c": 0.00933448, "e": 0.270987, "g": 0.015919, "h": 0.298386, "i": 0.0215016, "l": 0.0492365, "k": 0.142281, "m": 0.0438225, "f": 0.0103438, "p": 0.0652816, "s": 0.0352373, "t": 0.0448362, "w": 0.0133504, "y": 0.0176047, "v": 0.0186939 },
  "e": { "a": 0.182423, "r": 0.02376, "n": 0.0679399, "d": 0.407756, "c": 0.00705822, "q": 0.274064, "g": 0.112147, "h": 0.0163399, "i": 0.0443998, "l": 0.0148971, "k": 0.0777722, "m": 0.0108966, "f": 0.00721975, "p": 0.0429261, "s": 0.0404119, "t": 0.0661298, "w": 0.00972265, "y": 0.011507, "v": 0.0688553 },
  "g": { "a": 0.187754, "r": 0.00958617, "n": 0.0769246, "d": 0.0806339, "c": 0.00622295, "q": 0.0299918, "e": 0.0349799, "h": 0.0134388, "i": 0.00795946, "l": 0.00924716, "k": 0.0196979, "m": 0.0130413, "f": 0.00661519, "p": 0.024483, "s": 0.158238, "t": 0.0307789, "w": 0.00891604, "y": 0.00754154, "v": 0.0123888 },
  "h": { "a": 0.0389239, "r": 0.160862, "n": 0.149187, "d": 0.0445231, "c": 0.0133607, "q": 0.174808, "e": 0.0238003, "g": 0.0189118, "i": 0.0177422, "l": 0.0359953, "k": 0.0764678, "m": 0.0207999, "f": 0.0153973, "p": 0.0708752, "s": 0.061007, "t": 0.0383787, "w": 0.0310741, "y": 0.0551995, "v": 0.0330212 },
  "i": { "a": 0.0344005, "r": 0.0233682, "n": 0.0622825, "d": 0.0180675, "c": 0.0174852, "q": 0.0251398, "e": 0.0202547, "g": 0.0276749, "h": 0.0308708, "l": 0.301068, "k": 0.0226379, "m": 0.0718692, "f": 0.0789435, "p": 0.0338136, "s": 0.0626358, "t": 0.182773, "w": 0.0206697, "y": 0.0494377, "v": 0.767803 },
  "l": { "a": 0.0450577, "r": 0.00824605, "n": 0.0274233, "d": 0.00745364, "c": 0.0158328, "q": 0.0309544, "e": 0.00786716, "g": 0.00997081, "h": 0.0304489, "i": 0.169407, "k": 0.00758984, "m": 0.0743164, "f": 0.0663447, "p": 0.00974008, "s": 0.0160527, "t": 0.0303416, "w": 0.0171988, "y": 0.0175368, "v": 0.090429 },
  "k": { "a": 0.0147684, "r": 0.23345, "n": 0.0854848, "d": 0.0165119, "c": 0.00604359, "q": 0.0748132, "e": 0.0744665, "g": 0.0350499, "h": 0.0211481, "i": 0.0275524, "l": 0.0119241, "m": 0.011803, "f": 0.0061012, "p": 0.0123454, "s": 0.0624914, "t": 0.0883912, "w": 0.00845928, "y": 0.00792673, "v": 0.0168733 },
  "m": { "a": 0.0920814, "r": 0.0549464, "n": 0.0650525, "d": 0.0631646, "c": 0.0436047, "q": 0.092087, "e": 0.0591435, "g": 0.0529232, "h": 0.0607871, "i": 0.162284, "l": 0.721685, "k": 0.218406, "f": 0.051091, "p": 0.0492231, "s": 0.106846, "t": 0.0904725, "w": 0.0507891, "y": 0.0472795, "v": 0.123776 },
  "f": { "a": 0.0205948, "r": 0.0137835, "n": 0.0145684, "d": 0.013358, "c": 0.0135902, "q": 0.0139022, "e": 0.0133588, "g": 0.0315303, "h": 0.0318303, "i": 0.069641, "l": 0.129274, "k": 0.0137488, "m": 0.0236709, "p": 0.0139199, "s": 0.0401265, "t": 0.0152119, "w": 0.0166098, "y": 0.199966, "v": 0.0339315 },
  "p": { "a": 0.253831, "r": 0.0617978, "n": 0.0304968, "d": 0.0276161, "c": 0.0163169, "q": 0.0470403, "e": 0.0660097, "g": 0.0494876, "h": 0.0465909, "i": 0.0147882, "l": 0.0395649, "k": 0.0305975, "m": 0.0175188, "f": 0.0100981, "s": 0.162207, "t": 0.0518376, "w": 0.0185268, "y": 0.010989, "v": 0.0296064 },
  "s": { "a": 0.306278, "r": 0.0214246, "n": 0.160352, "d": 0.0815253, "c": 0.0728854, "q": 0.0456768, "e": 0.0554918, "g": 0.189638, "h": 0.0304521, "i": 0.0394938, "l": 0.0230049, "k": 0.0946621, "m": 0.0253038, "f": 0.0145255, "p": 0.0763869, "t": 0.396465, "w": 0.0216199, "y": 0.0120468, "v": 0.0229945 },
  "t": { "a": 0.175742, "r": 0.0267335, "n": 0.110663, "d": 0.0340573, "c": 0.0142605, "q": 0.0631689, "e": 0.0681371, "g": 0.0331926, "h": 0.0166697, "i": 0.0731912, "l": 0.0420296, "k": 0.167068, "m": 0.0412431, "f": 0.0117755, "p": 0.039138, "s": 0.403616, "w": 0.0148703, "y": 0.0140836, "v": 0.119067 },
  "w": { "a": 0.13813, "r": 0.131268, "n": 0.135401, "d": 0.127967, "c": 0.0992742, "q": 0.132463, "e": 0.122941, "g": 0.136013, "h": 0.135169, "i": 0.170394, "l": 0.207286, "k": 0.128094, "m": 0.137548, "f": 0.112115, "p": 0.126132, "s": 0.14058, "t": 0.140075, "y": 0.119372, "v": 0.143924 },
  "y": { "a": 0.0338141, "r": 0.0222374, "n": 0.0509699, "d": 0.026261, "c": 0.0142442, "q": 0.0188556, "e": 0.0606021, "g": 0.0247211, "h": 0.0793627, "i": 0.0366129, "l": 0.0261535, "k": 0.051703, "m": 0.020509, "f": 0.183499, "p": 0.0159303, "s": 0.0208217, "t": 0.0299322, "w": 0.0366881, "v": 0.0478538 },
  "v": { "a": 0.11288, "r": 0.0176761, "n": 0.0132756, "d": 0.0170079, "c": 0.00952047, "q": 0.0267454, "e": 0.0164465, "g": 0.0215771, "h": 0.0143005, "i": 0.446246, "l": 0.153537, "k": 0.0182501, "m": 0.0312552, "f": 0.0183464, "p": 0.0339792, "s": 0.0304262, "t": 0.0876073, "w": 0.0107141, "y": 0.0238045 }
 }
}
