{
 "alphabet": "arndcqeghilkmfpstwyv",
 "insrate": 0.00333617,
 "insextprob": 0.74359,
 "delrate": 0.00566106,
 "delextprob": 0.645833,
 "rootprob":
 {
  "a": 0.0630034,
  "r": 0.0335957,
  "n": 0.0211956,
  "d": 0.047562,
  "c": 0.023383,
  "q": 0.0439549,
  "e": 0.0742367,
  "g": 0.0968448,
  "h": 0.0258115,
  "i": 0.042205,
  "l": 0.100083,
  "k": 0.0966209,
  "m": 0.0181251,
  "f": 0.0324238,
  "p": 0.055906,
  "s": 0.0786653,
  "t": 0.0482343,
  "w": 0.00986523,
  "y": 0.0197284,
  "v": 0.0685557
 },
 "subrate":
 {
  "a": { "r": 0.0197988, "n": 0.0372933, "d": 0.0705577, "c": 0.0358168, "q": 0.041372, "e": 0.066122, "g": 0.162409, "h": 0.018011, "i": 0.0274648, "l": 0.0336563, "k": 0.0233786, "m": 0.0251877, "f": 0.0111107, "p": 0.154352, "s": 0.377778, "t": 0.157094, "w": 0.00754563, "y": 0.013392, "v": 0.142003 },
  "r": { "a": 0.0456346, "n": 0.0471651, "d": 0.0499242, "c": 0.0198677, "q": 0.0988661, "e": 0.0261578, "g": 0.0199064, "h": 0.078067, "i": 0.0181723, "l": 0.0199991, "k": 0.304522, "m": 0.0224976, "f": 0.0135937, "p": 0.0565317, "s": 0.0863005, "t": 0.0607643, "w": 0.0274561, "y": 0.0203822, "v": 0.0367053 },
  "n": { "a": 0.0765967, "r": 0.0550231, "d": 0.265507, "c": 0.0206777, "q": 0.0760328, "e": 0.0560966, "g": 0.168588, "h": 0.19772, "i": 0.0394153, "l": 0.0351603, "k": 0.175942, "m": 0.0250298, "f": 0.0169668, "p": 0.0408261, "s": 0.372625, "t": 0.14804, "w": 0.0191737, "y": 0.0187333, "v": 0.0232178 },
  "d": { "a": 0.0950844, "r": 0.0243826, "n": 0.355461, "c": 0.0112906, "q": 0.068252, "e": 0.426231, "g": 0.115104, "h": 0.0342439, "i": 0.0265025, "l": 0.0273352, "k": 0.0265731, "m": 0.0167765, "f": 0.0106739, "p": 0.037823, "s": 0.095856, "t": 0.0479187, "w": 0.011287, "y": 0.0106292, "v": 0.0258809 },
  "c": { "a": 0.0694908, "r": 0.0231226, "n": 0.0226523, "d": 0.0244053, "q": 0.0198984, "e": 0.0229428, "g": 0.0304974, "h": 0.021774, "i": 0.0235042, "l": 0.0225563, "k": 0.0326888, "m": 0.020866, "f": 0.023612, "p": 0.0404209, "s": 0.0398823, "t": 0.0602754, "w": 0.0165699, "y": 0.0182732, "v": 0.0558117 },
  "q": { "a": 0.0645254, "r": 0.111629, "n": 0.117614, "d": 0.0791894, "c": 0.0228672, "e": 0.303809, "g": 0.0296564, "h": 0.214279, "i": 0.0156636, "l": 0.0428567, "k": 0.101691, "m": 0.044519, "f": 0.0152585, "p": 0.0736529, "s": 0.0491061, "t": 0.0436802, "w": 0.0118649, "y": 0.0130367, "v": 0.0168566 },
  "e": { "a": 0.233894, "r": 0.0185574, "n": 0.0847545, "d": 0.452996, "c": 0.00846129, "q": 0.181254, "g": 0.0438227, "h": 0.0384089, "i": 0.0145539, "l": 0.0103881, "k": 0.0847059, "m": 0.0127313, "f": 0.00807597, "p": 0.0257317, "s": 0.064711, "t": 0.0313343, "w": 0.00823505, "y": 0.00808857, "v": 0.0201351 },
  "g": { "a": 0.182792, "r": 0.0138919, "n": 0.0581141, "d": 0.0712384, "c": 0.00936476, "q": 0.0143854, "e": 0.0231872, "h": 0.0121215, "i": 0.0149971, "l": 0.0142789, "k": 0.0306404, "m": 0.0127825, "f": 0.00527068, "p": 0.0372875, "s": 0.152712, "t": 0.0312184, "w": 0.00550312, "y": 0.00561677, "v": 0.050881 },
  "h": { "a": 0.0931124, "r": 0.13594, "n": 0.276992, "d": 0.10722, "c": 0.0212761, "q": 0.254311, "e": 0.0387897, "g": 0.0301277, "i": 0.023588, "l": 0.0241699, "k": 0.0713888, "m": 0.0228796, "f": 0.0408151, "p": 0.0556911, "s": 0.0491106, "t": 0.0450146, "w": 0.0184358, "y": 0.037339, "v": 0.0214308 },
  "i": { "a": 0.0416293, "r": 0.0346175, "n": 0.0260006, "d": 0.0175613, "c": 0.0180846, "q": 0.0502961, "e": 0.0684892, "g": 0.0198268, "h": 0.0136328, "l": 0.275736, "k": 0.0340844, "m": 0.0670841, "f": 0.102642, "p": 0.0287052, "s": 0.0247172, "t": 0.0851399, "w": 0.0128026, "y": 0.0186777, "v": 0.654536 },
  "l": { "a": 0.030757, "r": 0.0176627, "n": 0.016429, "d": 0.00661273, "c": 0.00697071, "q": 0.0448812, "e": 0.0148595, "g": 0.00783413, "h": 0.0115594, "i": 0.151569, "k": 0.00622646, "m": 0.0796705, "f": 0.0566113, "p": 0.0262227, "s": 0.0151609, "t": 0.0398493, "w": 0.00908922, "y": 0.00792873, "v": 0.129156 },
  "k": { "a": 0.0481017, "r": 0.18746, "n": 0.120986, "d": 0.0294559, "c": 0.00699658, "q": 0.0845831, "e": 0.0708046, "g": 0.0215688, "h": 0.0274725, "i": 0.011949, "l": 0.0142039, "m": 0.0308761, "f": 0.00796559, "p": 0.0145153, "s": 0.105952, "t": 0.0806764, "w": 0.00878135, "y": 0.0103981, "v": 0.00841158 },
  "m": { "a": 0.0558671, "r": 0.058537, "n": 0.0445349, "d": 0.0476575, "c": 0.0381838, "q": 0.0996672, "e": 0.046231, "g": 0.0802486, "h": 0.0520544, "i": 0.185198, "l": 0.572471, "k": 0.0846131, "f": 0.038137, "p": 0.0402646, "s": 0.0430001, "t": 0.100163, "w": 0.0312225, "y": 0.0331308, "v": 0.234331 },
  "f": { "a": 0.0179727, "r": 0.0154615, "n": 0.0172249, "d": 0.0161362, "c": 0.0160508, "q": 0.0189514, "e": 0.0258694, "g": 0.0556927, "h": 0.0154206, "i": 0.0288727, "l": 0.127116, "k": 0.0164256, "m": 0.0180886, "p": 0.0150707, "s": 0.0210134, "t": 0.0229808, "w": 0.0138079, "y": 0.189284, "v": 0.0182977 },
  "p": { "a": 0.209009, "r": 0.0302916, "n": 0.0260049, "d": 0.0241354, "c": 0.0195344, "q": 0.069502, "e": 0.0184669, "g": 0.0222856, "h": 0.042535, "i": 0.0130709, "l": 0.0241448, "k": 0.0219311, "m": 0.0129863, "f": 0.0148217, "s": 0.170524, "t": 0.0798386, "w": 0.00864145, "y": 0.00965606, "v": 0.0376305 },
  "s": { "a": 0.375937, "r": 0.0716361, "n": 0.135414, "d": 0.0597774, "c": 0.0918403, "q": 0.0343645, "e": 0.0601766, "g": 0.207195, "h": 0.0249992, "i": 0.0164413, "l": 0.0174145, "k": 0.106067, "m": 0.0110546, "f": 0.00969515, "p": 0.101722, "t": 0.258694, "w": 0.0346516, "y": 0.0220466, "v": 0.0248338 },
  "t": { "a": 0.311414, "r": 0.0323577, "n": 0.0570354, "d": 0.0270655, "c": 0.0183926, "q": 0.0397216, "e": 0.0366034, "g": 0.0193836, "h": 0.0186484, "i": 0.0553607, "l": 0.023096, "k": 0.127882, "m": 0.0209146, "f": 0.0277804, "p": 0.0381643, "s": 0.467387, "w": 0.0118322, "y": 0.026479, "v": 0.075874 },
  "w": { "a": 0.0513569, "r": 0.0471996, "n": 0.0572321, "d": 0.0503718, "c": 0.0429834, "q": 0.0471037, "e": 0.0466401, "g": 0.0622696, "h": 0.0514059, "i": 0.0432393, "l": 0.0440731, "k": 0.044392, "m": 0.0441276, "f": 0.0773303, "p": 0.046793, "s": 0.0827925, "t": 0.0682503, "y": 0.0414087, "v": 0.0441237 },
  "y": { "a": 0.0365441, "r": 0.0316416, "n": 0.0323238, "d": 0.0357179, "c": 0.0357843, "q": 0.042529, "e": 0.0347282, "g": 0.0329997, "h": 0.0508903, "i": 0.0302268, "l": 0.0496198, "k": 0.02901, "m": 0.0290839, "f": 0.287542, "p": 0.0281223, "s": 0.0380519, "t": 0.0422471, "w": 0.0244916, "v": 0.0498154 },
  "v": { "a": 0.180531, "r": 0.0257504, "n": 0.0105198, "d": 0.0129774, "c": 0.0202033, "q": 0.0160252, "e": 0.0291779, "g": 0.0264424, "h": 0.00794202, "i": 0.425564, "l": 0.0993855, "k": 0.0145033, "m": 0.0539982, "f": 0.0096399, "p": 0.0280084, "s": 0.016855, "t": 0.115815, "w": 0.00811256, "y": 0.0077437 }
 }
}
