{
 "alphabet": "arndcqeghilkmfpstwyv",
 "insrate": 0.00652695,
 "insextprob": 0.735294,
 "delrate": 0.00760991,
 "delextprob": 0.752941,
 "rootprob":
 {
  "a": 0.0875038,
  "r": 0.0424146,
  "n": 0.0496246,
  "d": 0.0529669,
  "c": 0.0188064,
  "q": 0.0347501,
  "e": 0.0611419,
  "g": 0.0874221,
  "h": 0.0190711,
  "i": 0.0338505,
  "l": 0.0926696,
  "k": 0.0810942,
  "m": 0.0125167,
  "f": 0.0411425,
  "p": 0.0556322,
  "s": 0.0578382,
  "t": 0.0447734,
  "w": 0.0119992,
  "y": 0.0438912,
  "v": 0.0708909
 },
 "subrate":
 {
  "a": { "r": 0.0183593, "n": 0.0400646, "d": 0.0387559, "c": 0.0204302, "q": 0.0301341, "e": 0.0595172, "g": 0.221234, "h": 0.0182225, "i": 0.0171721, "l": 0.0418498, "k": 0.0393764, "m": 0.0221574, "f": 0.0101629, "p": 0.130738, "s": 0.239783, "t": 0.18966, "w": 0.0102903, "y": 0.0113463, "v": 0.108065 },
  "r": { "a": 0.0286424, "n": 0.0389028, "d": 0.0168658, "c": 0.0179699, "q": 0.111566, "e": 0.0187809, "g": 0.040343, "h": 0.057537, "i": 0.0266177, "l": 0.0147553, "k": 0.336242, "m": 0.0330209, "f": 0.0275995, "p": 0.0716877, "s": 0.0573105, "t": 0.0213008, "w": 0.0237807, "y": 0.0131221, "v": 0.0145182 },
  "n": { "a": 0.0546015, "r": 0.0395004, "d": 0.329729, "c": 0.024385, "q": 0.0563401, "e": 0.111456, "g": 0.0868424, "h": 0.131017, "i": 0.0598084, "l": 0.0265502, "k": 0.210405, "m": 0.061489, "f": 0.0180103, "p": 0.0246983, "s": 0.274206, "t": 0.207167, "w": 0.0163951, "y": 0.0275511, "v": 0.0507492 },
  "d": { "a": 0.139264, "r": 0.0164156, "n": 0.266427, "c": 0.0115819, "q": 0.0544022, "e": 0.41851, "g": 0.0778248, "h": 0.0279698, "i": 0.0243254, "l": 0.013704, "k": 0.0711896, "m": 0.0149987, "f": 0.0200384, "p": 0.0494128, "s": 0.0878171, "t": 0.0713816, "w": 0.0103483, "y": 0.00965845, "v": 0.023773 },
  "c": { "a": 0.0483723, "r": 0.0211951, "n": 0.0248066, "d": 0.0226989, "q": 0.0227932, "e": 0.024606, "g": 0.0242539, "h": 0.022326, "i": 0.0259183, "l": 0.0486803, "k": 0.0220686, "m": 0.0266581, "f": 0.0206986, "p": 0.0228163, "s": 0.0347575, "t": 0.0601721, "w": 0.0205884, "y": 0.0575299, "v": 0.0313615 },
  "q": { "a": 0.0621834, "r": 0.121488, "n": 0.0551796, "d": 0.0517772, "c": 0.016021, "e": 0.496937, "g": 0.0640002, "h": 0.228807, "i": 0.0274944, "l": 0.157372, "k": 0.0774131, "m": 0.0456304, "f": 0.0173967, "p": 0.141536, "s": 0.0411329, "t": 0.027936, "w": 0.0158771, "y": 0.014973, "v": 0.0246341 },
  "e": { "a": 0.104638, "r": 0.0408393, "n": 0.0704219, "d": 0.438966, "c": 0.0122515, "q": 0.339106, "g": 0.088359, "h": 0.033187, "i": 0.0288174, "l": 0.0161205, "k": 0.0856666, "m": 0.0164646, "f": 0.0223938, "p": 0.0339204, "s": 0.0581931, "t": 0.0376299, "w": 0.0102985, "y": 0.00999767, "v": 0.030708 },
  "g": { "a": 0.234978, "r": 0.0112186, "n": 0.0358469, "d": 0.0372218, "c": 0.0180664, "q": 0.015039, "e": 0.0250496, "h": 0.0114537, "i": 0.0132399, "l": 0.0158801, "k": 0.0359699, "m": 0.0116622, "f": 0.0056579, "p": 0.0227751, "s": 0.183953, "t": 0.0154168, "w": 0.00608508, "y": 0.00564052, "v": 0.0409174 },
  "h": { "a": 0.0416808, "r": 0.145074, "n": 0.0965117, "d": 0.0333562, "c": 0.0284924, "q": 0.0890222, "e": 0.0278132, "g": 0.0202932, "i": 0.0336075, "l": 0.0465488, "k": 0.0486484, "m": 0.0290644, "f": 0.0383939, "p": 0.0581851, "s": 0.0254327, "t": 0.0295948, "w": 0.027852, "y": 0.0647364, "v": 0.0481318 },
  "i": { "a": 0.0796362, "r": 0.0333747, "n": 0.0308368, "d": 0.0265982, "c": 0.019916, "q": 0.0221336, "e": 0.0475374, "g": 0.0278739, "h": 0.025019, "l": 0.230536, "k": 0.0358939, "m": 0.108511, "f": 0.0362429, "p": 0.0233565, "s": 0.0316581, "t": 0.138896, "w": 0.0150717, "y": 0.0168369, "v": 0.607195 },
  "l": { "a": 0.0614552, "r": 0.014242, "n": 0.00836565, "d": 0.00726656, "c": 0.00600329, "q": 0.0131216, "e": 0.0237035, "g": 0.00969843, "h": 0.0258545, "i": 0.142146, "k": 0.0255835, "m": 0.109328, "f": 0.0784059, "p": 0.0317537, "s": 0.0128108, "t": 0.0180478, "w": 0.00674909, "y": 0.0149495, "v": 0.137615 },
  "k": { "a": 0.0361567, "r": 0.209483, "n": 0.110013, "d": 0.0201142, "c": 0.00577403, "q": 0.0413902, "e": 0.0408362, "g": 0.0225713, "h": 0.0239688, "i": 0.018369, "l": 0.0182694, "m": 0.0371671, "f": 0.00564781, "p": 0.0223779, "s": 0.0388682, "t": 0.0659766, "w": 0.00699657, "y": 0.00543342, "v": 0.0128918 },
  "m": { "a": 0.157616, "r": 0.0716799, "n": 0.083695, "d": 0.0610782, "c": 0.0461003, "q": 0.0788571, "e": 0.0811712, "g": 0.0749643, "h": 0.0854352, "i": 0.343793, "l": 0.494008, "k": 0.177341, "f": 0.0609853, "p": 0.0998095, "s": 0.0931716, "t": 0.17976, "w": 0.0460891, "y": 0.0491648, "v": 0.348676 },
  "f": { "a": 0.0203627, "r": 0.0171786, "n": 0.0128395, "d": 0.0114552, "c": 0.0103023, "q": 0.011939, "e": 0.0117854, "g": 0.0149031, "h": 0.0408115, "i": 0.0399844, "l": 0.0688462, "k": 0.0113805, "m": 0.0289374, "p": 0.0221944, "s": 0.0134398, "t": 0.0187865, "w": 0.0203793, "y": 0.205553, "v": 0.0437014 },
  "p": { "a": 0.152412, "r": 0.0616796, "n": 0.0401303, "d": 0.018144, "c": 0.0194575, "q": 0.0894374, "e": 0.0591498, "g": 0.0357647, "h": 0.0509687, "i": 0.0140522, "l": 0.0157751, "k": 0.031582, "m": 0.0244323, "f": 0.0113289, "s": 0.149583, "t": 0.0399305, "w": 0.00948508, "y": 0.00923515, "v": 0.0595613 },
  "s": { "a": 0.363129, "r": 0.0466545, "n": 0.146386, "d": 0.0629367, "c": 0.0245737, "q": 0.0371689, "e": 0.0381267, "g": 0.211997, "h": 0.0412771, "i": 0.0165397, "l": 0.0185233, "k": 0.0669818, "m": 0.020849, "f": 0.0174169, "p": 0.108695, "t": 0.372228, "w": 0.0217347, "y": 0.0185806, "v": 0.0395078 },
  "t": { "a": 0.320171, "r": 0.0221859, "n": 0.0663555, "d": 0.0571943, "c": 0.0140589, "q": 0.0673072, "e": 0.0512798, "g": 0.0342159, "h": 0.0257646, "i": 0.0598662, "l": 0.0490773, "k": 0.103887, "m": 0.0292057, "f": 0.0168316, "p": 0.0535742, "s": 0.351618, "w": 0.0128828, "y": 0.0207276, "v": 0.118652 },
  "w": { "a": 0.0578505, "r": 0.111714, "n": 0.0574291, "d": 0.0537927, "c": 0.0492536, "q": 0.0559839, "e": 0.0545791, "g": 0.0534759, "h": 0.0579678, "i": 0.0585015, "l": 0.0717844, "k": 0.0653935, "m": 0.0592673, "f": 0.15581, "p": 0.0549954, "s": 0.101472, "t": 0.0570928, "y": 0.0573099, "v": 0.05705 },
  "y": { "a": 0.0304006, "r": 0.0137649, "n": 0.0384311, "d": 0.0303927, "c": 0.021165, "q": 0.0235001, "e": 0.0150817, "g": 0.0115056, "h": 0.0753594, "i": 0.0375554, "l": 0.0246236, "k": 0.0148151, "m": 0.0167258, "f": 0.190508, "p": 0.0154387, "s": 0.0141493, "t": 0.0439953, "w": 0.0132847, "v": 0.0424478 },
  "v": { "a": 0.225022, "r": 0.0225778, "n": 0.0137651, "d": 0.0253071, "c": 0.0153403, "q": 0.0122462, "e": 0.0508289, "g": 0.0473016, "h": 0.0173798, "i": 0.319665, "l": 0.10208, "k": 0.01534, "m": 0.040966, "f": 0.0294925, "p": 0.0609906, "s": 0.0260001, "t": 0.0802716, "w": 0.00781886, "y": 0.0162402 }
 }
}
