{
 "alphabet": "arndcqeghilkmfpstwyv",
 "insrate": 0.00602653,
 "insextprob": 0.485714,
 "delrate": 0.00368944,
 "delextprob": 0.607143,
 "rootprob":
 {
  "a": 0.0947214,
  "r": 0.0401675,
  "n": 0.0379842,
  "d": 0.0664949,
  "c": 0.0447735,
  "q": 0.0307241,
  "e": 0.0507213,
  "g": 0.0908908,
  "h": 0.03922,
  "i": 0.0320868,
  "l": 0.0902318,
  "k": 0.0601994,
  "m": 0.0241589,
  "f": 0.0323012,
  "p": 0.0606427,
  "s": 0.0624393,
  "t": 0.0451353,
  "w": 0.0090675,
  "y": 0.0344339,
  "v": 0.0536054
 },
 "subrate":
 {
  "a": { "r": 0.0144207, "n": 0.0257829, "d": 0.0400485, "c": 0.0119074, "q": 0.0441654, "e": 0.0792221, "g": 0.157305, "h": 0.00698236, "i": 0.0180595, "l": 0.0425873, "k": 0.0343113, "m": 0.0228643, "f": 0.00632449, "p": 0.111338, "s": 0.300813, "t": 0.189375, "w": 0.00629267, "y": 0.011359, "v": 0.126436 },
  "r": { "a": 0.0352073, "n": 0.0534053, "d": 0.0190216, "c": 0.0191859, "q": 0.114521, "e": 0.0232743, "g": 0.0702334, "h": 0.157337, "i": 0.0155401, "l": 0.0242443, "k": 0.403344, "m": 0.024419, "f": 0.0127953, "p": 0.0610966, "s": 0.11401, "t": 0.0280976, "w": 0.0202857, "y": 0.0131949, "v": 0.0171805 },
  "n": { "a": 0.0718829, "r": 0.0592559, "d": 0.264089, "c": 0.0114304, "q": 0.0595842, "e": 0.0683403, "g": 0.137452, "h": 0.139809, "i": 0.0205331, "l": 0.0209782, "k": 0.371503, "m": 0.0181096, "f": 0.0143642, "p": 0.0198415, "s": 0.167389, "t": 0.147971, "w": 0.0167459, "y": 0.0270602, "v": 0.0187032 },
  "d": { "a": 0.0592738, "r": 0.0124722, "n": 0.253118, "c": 0.0073457, "q": 0.0402894, "e": 0.464658, "g": 0.136837, "h": 0.0507916, "i": 0.0103868, "l": 0.0120184, "k": 0.0543974, "m": 0.0119038, "f": 0.00833457, "p": 0.0247813, "s": 0.07258, "t": 0.0756203, "w": 0.0105429, "y": 0.00958261, "v": 0.014233 },
  "c": { "a": 0.0299995, "r": 0.0119097, "n": 0.0205516, "d": 0.0112654, "q": 0.0105435, "e": 0.0106918, "g": 0.0170163, "h": 0.0126356, "i": 0.0270921, "l": 0.0114307, "k": 0.0191142, "m": 0.0107402, "f": 0.0110729, "p": 0.0167813, "s": 0.0267431, "t": 0.0429772, "w": 0.00995716, "y": 0.0215283, "v": 0.0173773 },
  "q": { "a": 0.0650118, "r": 0.071411, "n": 0.0765776, "d": 0.0459816, "c": 0.013333, "e": 0.281818, "g": 0.0253161, "h": 0.205212, "i": 0.0250594, "l": 0.095799, "k": 0.144099, "m": 0.049582, "f": 0.0160367, "p": 0.0681648, "s": 0.0663849, "t": 0.0718855, "w": 0.0166756, "y": 0.0163162, "v": 0.0354414 },
  "e": { "a": 0.127871, "r": 0.0175019, "n": 0.119134, "d": 0.475833, "c": 0.00877288, "q": 0.296899, "g": 0.078486, "h": 0.0514895, "i": 0.0153739, "l": 0.0244989, "k": 0.109687, "m": 0.0224513, "f": 0.0101126, "p": 0.0595407, "s": 0.0498497, "t": 0.059435, "w": 0.0111273, "y": 0.0119638, "v": 0.0234644 },
  "g": { "a": 0.222661, "r": 0.0160699, "n": 0.0814567, "d": 0.0694501, "c": 0.00550568, "q": 0.0110561, "e": 0.0739295, "h": 0.0118849, "i": 0.0178107, "l": 0.0177942, "k": 0.0425215, "m": 0.0160328, "f": 0.0114994, "p": 0.0411717, "s": 0.134257, "t": 0.0180677, "w": 0.00825473, "y": 0.00621594, "v": 0.0203713 },
  "h": { "a": 0.0464871, "r": 0.165778, "n": 0.169339, "d": 0.0442769, "c": 0.0129972, "q": 0.12499, "e": 0.0613524, "g": 0.02697, "i": 0.0167081, "l": 0.032957, "k": 0.0538803, "m": 0.0162825, "f": 0.0158044, "p": 0.0225086, "s": 0.0521945, "t": 0.0314764, "w": 0.0146354, "y": 0.0481508, "v": 0.032111 },
  "i": { "a": 0.0373889, "r": 0.085007, "n": 0.0828045, "d": 0.0303689, "c": 0.0194234, "q": 0.0261118, "e": 0.0244463, "g": 0.0415063, "h": 0.0223289, "l": 0.256281, "k": 0.0291404, "m": 0.134337, "f": 0.0674468, "p": 0.0193923, "s": 0.0370206, "t": 0.0752286, "w": 0.0171873, "y": 0.0389521, "v": 0.648327 },
  "l": { "a": 0.0422314, "r": 0.019964, "n": 0.0203052, "d": 0.00699038, "c": 0.00764393, "q": 0.043851, "e": 0.016342, "g": 0.00802037, "h": 0.0209105, "i": 0.132728, "k": 0.0267004, "m": 0.0983091, "f": 0.0854094, "p": 0.0330436, "s": 0.0217492, "t": 0.0167957, "w": 0.0152743, "y": 0.012488, "v": 0.0729005 },
  "k": { "a": 0.0241968, "r": 0.195293, "n": 0.156823, "d": 0.0235343, "c": 0.00801078, "q": 0.146989, "e": 0.104131, "g": 0.0393954, "h": 0.0457212, "i": 0.010706, "l": 0.0292392, "m": 0.0171345, "f": 0.0110319, "p": 0.0200379, "s": 0.0936904, "t": 0.0384854, "w": 0.00956593, "y": 0.00988357, "v": 0.0196963 },
  "m": { "a": 0.23483, "r": 0.0531233, "n": 0.0435286, "d": 0.0533096, "c": 0.0269961, "q": 0.121912, "e": 0.0446688, "g": 0.0355757, "h": 0.0400222, "i": 0.157726, "l": 0.524078, "k": 0.152937, "f": 0.0818011, "p": 0.0518327, "s": 0.0448573, "t": 0.137687, "w": 0.0333167, "y": 0.0382378, "v": 0.0911406 },
  "f": { "a": 0.0252296, "r": 0.014052, "n": 0.0160746, "d": 0.0125453, "c": 0.011322, "q": 0.0185921, "e": 0.0129982, "g": 0.0472335, "h": 0.0152135, "i": 0.0383434, "l": 0.167168, "k": 0.0132289, "m": 0.0209241, "p": 0.0122279, "s": 0.032967, "t": 0.0225982, "w": 0.0408936, "y": 0.265712, "v": 0.023297 },
  "p": { "a": 0.146371, "r": 0.0479758, "n": 0.0445798, "d": 0.0151277, "c": 0.00754621, "q": 0.0220808, "e": 0.0561882, "g": 0.031354, "h": 0.0253287, "i": 0.0114428, "l": 0.0406267, "k": 0.0551467, "m": 0.0112269, "f": 0.00890766, "s": 0.135519, "t": 0.0323425, "w": 0.0233595, "y": 0.00859711, "v": 0.0377097 },
  "s": { "a": 0.494043, "r": 0.029683, "n": 0.206677, "d": 0.0583385, "c": 0.0166739, "q": 0.0270716, "e": 0.0316861, "g": 0.231703, "h": 0.0201403, "i": 0.0177395, "l": 0.0315709, "k": 0.0879244, "m": 0.0132538, "f": 0.0108247, "p": 0.118417, "t": 0.328117, "w": 0.0127625, "y": 0.0133511, "v": 0.026647 },
  "t": { "a": 0.364618, "r": 0.0308936, "n": 0.1183, "d": 0.0336896, "c": 0.0166058, "q": 0.0411531, "e": 0.0435387, "g": 0.0236116, "h": 0.0171283, "i": 0.047244, "l": 0.0576909, "k": 0.0605302, "m": 0.0302992, "f": 0.0137713, "p": 0.0300167, "s": 0.420348, "w": 0.0126361, "y": 0.0348958, "v": 0.101066 },
  "w": { "a": 0.0444786, "r": 0.0981612, "n": 0.0395285, "d": 0.035401, "c": 0.0308468, "q": 0.0374349, "e": 0.0365474, "g": 0.0387682, "h": 0.0362519, "i": 0.0372289, "l": 0.0695602, "k": 0.0379284, "m": 0.0391555, "f": 0.0533574, "p": 0.0377717, "s": 0.0816694, "t": 0.0410528, "y": 0.103058, "v": 0.0385432 },
  "y": { "a": 0.0337599, "r": 0.0170165, "n": 0.018174, "d": 0.0132228, "c": 0.02316, "q": 0.0168788, "e": 0.0145146, "g": 0.0140318, "h": 0.0178535, "i": 0.0231499, "l": 0.0299649, "k": 0.0222206, "m": 0.0170188, "f": 0.341178, "p": 0.0126159, "s": 0.0458319, "t": 0.0287214, "w": 0.0172615, "v": 0.0339149 },
  "v": { "a": 0.120367, "r": 0.0244618, "n": 0.0145337, "d": 0.0128473, "c": 0.0279795, "q": 0.0260693, "e": 0.0228706, "g": 0.0583643, "h": 0.0113904, "i": 0.529157, "l": 0.169629, "k": 0.0145739, "m": 0.0376433, "f": 0.0320486, "p": 0.0198277, "s": 0.0150375, "t": 0.0639097, "w": 0.0100164, "y": 0.0139814 }
 }
}
