{
 "alphabet": "arndcqeghilkmfpstwyv",
 "insrate": 0.0062365,
 "insextprob": 0.743243,
 "delrate": 0.00558141,
 "delextprob": 0.595238,
 "rootprob":
 {
  "a": 0.0727635,
  "r": 0.0509463,
  "n": 0.0286835,
  "d": 0.0518135,
  "c": 0.0331275,
  "q": 0.0434195,
  "e": 0.0496387,
  "g": 0.0908233,
  "h": 0.0346414,
  "i": 0.0320047,
  "l": 0.0894012,
  "k": 0.0659382,
  "m": 0.0224981,
  "f": 0.0469274,
  "p": 0.0553769,
  "s": 0.07298,
  "t": 0.0450688,
  "w": 0.0144097,
  "y": 0.0337644,
  "v": 0.0657735
 },
 "subrate":
 {
  "a": { "r": 0.0191642, "n": 0.0177918, "d": 0.0433838, "c": 0.0170811, "q": 0.0310028, "e": 0.102593, "g": 0.222735, "h": 0.0154711, "i": 0.0135325, "l": 0.0238304, "k": 0.0364362, "m": 0.035975, "f": 0.00870747, "p": 0.107494, "s": 0.260843, "t": 0.177794, "w": 0.00581887, "y": 0.0164948, "v": 0.11082 },
  "r": { "a": 0.0517289, "n": 0.0359433, "d": 0.0150941, "c": 0.0132726, "q": 0.0883509, "e": 0.0160997, "g": 0.0231363, "h": 0.0596825, "i": 0.0237081, "l": 0.0207828, "k": 0.349479, "m": 0.0286657, "f": 0.00986722, "p": 0.0984614, "s": 0.118787, "t": 0.0212714, "w": 0.00955327, "y": 0.0206129, "v": 0.021756 },
  "n": { "a": 0.0582088, "r": 0.0311182, "d": 0.356593, "c": 0.0143373, "q": 0.0912909, "e": 0.0553092, "g": 0.142643, "h": 0.201338, "i": 0.0399093, "l": 0.0232738, "k": 0.254456, "m": 0.0224627, "f": 0.0160446, "p": 0.0340278, "s": 0.243559, "t": 0.0862803, "w": 0.0124018, "y": 0.0383004, "v": 0.031393 },
  "d": { "a": 0.0833217, "r": 0.0206052, "n": 0.329083, "c": 0.00987552, "q": 0.0439345, "e": 0.525751, "g": 0.131268, "h": 0.0298653, "i": 0.0156231, "l": 0.0116635, "k": 0.03821, "m": 0.0148255, "f": 0.00938034, "p": 0.0292137, "s": 0.0699679, "t": 0.032069, "w": 0.0087705, "y": 0.0111634, "v": 0.0377745 },
  "c": { "a": 0.0452865, "r": 0.0223039, "n": 0.0156077, "d": 0.0250038, "q": 0.0242518, "e": 0.0202037, "g": 0.0236187, "h": 0.0146628, "i": 0.0172344, "l": 0.0136931, "k": 0.0158663, "m": 0.0144202, "f": 0.0142275, "p": 0.0193104, "s": 0.0715905, "t": 0.0193643, "w": 0.0128375, "y": 0.0258747, "v": 0.0452453 },
  "q": { "a": 0.0588084, "r": 0.117366, "n": 0.0802079, "d": 0.0918538, "c": 0.0190539, "e": 0.374236, "g": 0.0275485, "h": 0.172713, "i": 0.0226806, "l": 0.0325058, "k": 0.125114, "m": 0.0313121, "f": 0.0113014, "p": 0.0458641, "s": 0.0618428, "t": 0.0340056, "w": 0.0107512, "y": 0.0125435, "v": 0.026512 },
  "e": { "a": 0.186554, "r": 0.017209, "n": 0.0550081, "d": 0.418871, "c": 0.0101992, "q": 0.236863, "g": 0.0463366, "h": 0.0178941, "i": 0.0138687, "l": 0.0235578, "k": 0.0782796, "m": 0.0254747, "f": 0.00878656, "p": 0.0488405, "s": 0.0578629, "t": 0.0247416, "w": 0.00815807, "y": 0.00956918, "v": 0.0273828 },
  "g": { "a": 0.181738, "r": 0.023882, "n": 0.061462, "d": 0.0699346, "c": 0.011073, "q": 0.0108075, "e": 0.0320905, "h": 0.0159058, "i": 0.00896698, "l": 0.0080772, "k": 0.0166068, "m": 0.00708777, "f": 0.00996167, "p": 0.0395672, "s": 0.117108, "t": 0.0378244, "w": 0.00522151, "y": 0.00816461, "v": 0.0215172 },
  "h": { "a": 0.0344884, "r": 0.07635, "n": 0.278599, "d": 0.0632099, "c": 0.0143366, "q": 0.241112, "e": 0.0421247, "g": 0.0298949, "i": 0.0207427, "l": 0.0212344, "k": 0.0459937, "m": 0.0207414, "f": 0.0287502, "p": 0.0443642, "s": 0.0767947, "t": 0.0253905, "w": 0.0148147, "y": 0.0753153, "v": 0.0760065 },
  "i": { "a": 0.112198, "r": 0.0229698, "n": 0.0349393, "d": 0.038591, "c": 0.0187305, "q": 0.0246456, "e": 0.0337017, "g": 0.0293133, "h": 0.0226772, "l": 0.337304, "k": 0.0481801, "m": 0.109619, "f": 0.0564244, "p": 0.0291153, "s": 0.0338568, "t": 0.119383, "w": 0.0164865, "y": 0.0237389, "v": 0.808912 },
  "l": { "a": 0.0474973, "r": 0.0151817, "n": 0.0116488, "d": 0.00771216, "c": 0.0067109, "q": 0.0333435, "e": 0.012365, "g": 0.0132685, "h": 0.0286024, "i": 0.112321, "k": 0.0340025, "m": 0.139541, "f": 0.0442575, "p": 0.0241282, "s": 0.0133692, "t": 0.0215499, "w": 0.0155647, "y": 0.0106591, "v": 0.0820434 },
  "k": { "a": 0.0559377, "r": 0.190912, "n": 0.138478, "d": 0.0483854, "c": 0.00685986, "q": 0.0837044, "e": 0.0442081, "g": 0.0855386, "h": 0.0245982, "i": 0.0239467, "l": 0.0120408, "m": 0.033602, "f": 0.00762649, "p": 0.0544013, "s": 0.0535565, "t": 0.0659624, "w": 0.00671385, "y": 0.00835527, "v": 0.0183257 },
  "m": { "a": 0.125328, "r": 0.0359856, "n": 0.0871844, "d": 0.0307021, "c": 0.0214537, "q": 0.0821235, "e": 0.0567259, "g": 0.0361569, "h": 0.0284045, "i": 0.207357, "l": 0.469309, "k": 0.131301, "f": 0.0587426, "p": 0.0312332, "s": 0.045906, "t": 0.0805444, "w": 0.0208628, "y": 0.0270758, "v": 0.154326 },
  "f": { "a": 0.0250565, "r": 0.0122147, "n": 0.0167235, "d": 0.0140256, "c": 0.0253106, "q": 0.0141088, "e": 0.01781, "g": 0.0105978, "h": 0.027884, "i": 0.0647674, "l": 0.210361, "k": 0.0118909, "m": 0.0419242, "p": 0.0114238, "s": 0.0538065, "t": 0.017583, "w": 0.0221034, "y": 0.150701, "v": 0.0173236 },
  "p": { "a": 0.152977, "r": 0.0670712, "n": 0.0299576, "d": 0.0397199, "c": 0.00989891, "q": 0.073804, "e": 0.0246718, "g": 0.0209336, "h": 0.0488654, "i": 0.0351936, "l": 0.0193564, "k": 0.0519743, "m": 0.018524, "f": 0.0135097, "s": 0.136156, "t": 0.0676045, "w": 0.00807928, "y": 0.00845191, "v": 0.0547643 },
  "s": { "a": 0.330401, "r": 0.0523537, "n": 0.242445, "d": 0.0966732, "c": 0.0481681, "q": 0.0311562, "e": 0.0760302, "g": 0.122333, "h": 0.018505, "i": 0.0206099, "l": 0.0220066, "k": 0.0740485, "m": 0.0129767, "f": 0.0152618, "p": 0.112191, "t": 0.441036, "w": 0.00782707, "y": 0.0110504, "v": 0.0485697 },
  "t": { "a": 0.177793, "r": 0.01943, "n": 0.0888689, "d": 0.0362432, "c": 0.0151231, "q": 0.0218102, "e": 0.0431666, "g": 0.034343, "h": 0.0136521, "i": 0.0453527, "l": 0.0347941, "k": 0.153098, "m": 0.0276175, "f": 0.0107696, "p": 0.0522753, "s": 0.451106, "w": 0.00865743, "y": 0.0101569, "v": 0.114392 },
  "w": { "a": 0.0599219, "r": 0.0734924, "n": 0.0662214, "d": 0.0515488, "c": 0.0507595, "q": 0.0522818, "e": 0.0501553, "g": 0.0540473, "h": 0.0661379, "i": 0.0484159, "l": 0.0504368, "k": 0.0528481, "m": 0.0496926, "f": 0.112563, "p": 0.050323, "s": 0.109635, "t": 0.0524868, "y": 0.0900448, "v": 0.0489836 },
  "y": { "a": 0.0192572, "r": 0.0310907, "n": 0.0213262, "d": 0.0197379, "c": 0.0166928, "q": 0.0202162, "e": 0.0208977, "g": 0.0166242, "h": 0.103218, "i": 0.0222095, "l": 0.0556339, "k": 0.0394881, "m": 0.0325505, "f": 0.348293, "p": 0.0166709, "s": 0.0203844, "t": 0.0313751, "w": 0.0175196, "v": 0.0200828 },
  "v": { "a": 0.208466, "r": 0.019662, "n": 0.0101723, "d": 0.0110475, "c": 0.0241282, "q": 0.0271485, "e": 0.0330158, "g": 0.0599549, "h": 0.0110259, "i": 0.330843, "l": 0.145311, "k": 0.0169601, "m": 0.0419941, "f": 0.0136805, "p": 0.0258131, "s": 0.0434282, "t": 0.0803012, "w": 0.0070936, "y": 0.0168294 }
 }
}
