{
 "alphabet": "arndcqeghilkmfpstwyv",
 "insrate": 0.00378232,
 "insextprob": 0.694444,
 "delrate": 0.00550128,
 "delextprob": 0.714286,
 "rootprob":
 {
  "a": 0.0988049,
  "r": 0.0467616,
  "n": 0.0453094,
  "d": 0.0319535,
  "c": 0.0288712,
  "q": 0.0422901,
  "e": 0.051932,
  "g": 0.0862242,
  "h": 0.0490326,
  "i": 0.0467433,
  "l": 0.0578463,
  "k": 0.094464,
  "m": 0.0146126,
  "f": 0.021287,
  "p": 0.0416285,
  "s": 0.0788762,
  "t": 0.0493537,
  "w": 0.0144516,
  "y": 0.0307049,
  "v": 0.0688524
 },
 "subrate":
 {
  "a": { "r": 0.0285233, "n": 0.0261097, "d": 0.0752252, "c": 0.0164087, "q": 0.0337402, "e": 0.0970665, "g": 0.197943, "h": 0.00894461, "i": 0.0277565, "l": 0.0280885, "k": 0.0325398, "m": 0.0114052, "f": 0.0131349, "p": 0.101411, "s": 0.312011, "t": 0.224777, "w": 0.0062846, "y": 0.00678781, "v": 0.123705 },
  "r": { "a": 0.0451485, "n": 0.0232154, "d": 0.0287422, "c": 0.0218811, "q": 0.0531533, "e": 0.0216093, "g": 0.0353734, "h": 0.0431845, "i": 0.0673003, "l": 0.0161997, "k": 0.501764, "m": 0.021405, "f": 0.0115933, "p": 0.0532756, "s": 0.0669096, "t": 0.0313411, "w": 0.0159861, "y": 0.0193227, "v": 0.0376819 },
  "n": { "a": 0.0963717, "r": 0.0774056, "d": 0.283265, "c": 0.0201281, "q": 0.0519914, "e": 0.0815208, "g": 0.114505, "h": 0.115168, "i": 0.0340937, "l": 0.029307, "k": 0.258402, "m": 0.0210014, "f": 0.0287902, "p": 0.0423184, "s": 0.320628, "t": 0.0981649, "w": 0.0123561, "y": 0.029617, "v": 0.0349967 },
  "d": { "a": 0.0824443, "r": 0.024135, "n": 0.230258, "c": 0.0287498, "q": 0.0451691, "e": 0.522786, "g": 0.126895, "h": 0.0546386, "i": 0.0179675, "l": 0.0173992, "k": 0.0479683, "m": 0.0215597, "f": 0.0143446, "p": 0.025218, "s": 0.0452954, "t": 0.093033, "w": 0.0118113, "y": 0.0199947, "v": 0.0212092 },
  "c": { "a": 0.10429, "r": 0.0374991, "n": 0.0239906, "d": 0.0232249, "q": 0.0187304, "e": 0.0190019, "g": 0.0178855, "h": 0.0176749, "i": 0.0233472, "l": 0.0189311, "k": 0.0181864, "m": 0.0181441, "f": 0.0168891, "p": 0.0222855, "s": 0.127825, "t": 0.0248462, "w": 0.0154503, "y": 0.0315829, "v": 0.0794762 },
  "q": { "a": 0.0896373, "r": 0.159098, "n": 0.0974143, "d": 0.0856515, "c": 0.0157362, "e": 0.408274, "g": 0.0355318, "h": 0.224516, "i": 0.0392122, "l": 0.105081, "k": 0.0998775, "m": 0.0683558, "f": 0.0216695, "p": 0.0592712, "s": 0.0958346, "t": 0.0333001, "w": 0.0146961, "y": 0.0225958, "v": 0.0752318 },
  "e": { "a": 0.233411, "r": 0.0170826, "n": 0.116566, "d": 0.485491, "c": 0.0108063, "q": 0.247654, "g": 0.0444265, "h": 0.0639172, "i": 0.0143962, "l": 0.0189828, "k": 0.0637586, "m": 0.02692, "f": 0.0110681, "p": 0.052623, "s": 0.0338869, "t": 0.0401988, "w": 0.00950891, "y": 0.0147061, "v": 0.0250355 },
  "g": { "a": 0.198837, "r": 0.0143005, "n": 0.0912509, "d": 0.0375959, "c": 0.00569391, "q": 0.0208322, "e": 0.0392953, "h": 0.0134267, "i": 0.0230969, "l": 0.00710727, "k": 0.0257142, "m": 0.0085539, "f": 0.0179396, "p": 0.0172742, "s": 0.113334, "t": 0.0166665, "w": 0.00526239, "y": 0.00610443, "v": 0.0159369 },
  "h": { "a": 0.0256846, "r": 0.117684, "n": 0.188101, "d": 0.0372006, "c": 0.0140486, "q": 0.305568, "e": 0.0303111, "g": 0.0280572, "i": 0.0164363, "l": 0.0287391, "k": 0.056361, "m": 0.01529, "f": 0.0149051, "p": 0.0768228, "s": 0.0210344, "t": 0.024574, "w": 0.0113433, "y": 0.0762158, "v": 0.0166874 },
  "i": { "a": 0.0500841, "r": 0.0170981, "n": 0.020578, "d": 0.0171082, "c": 0.0253767, "q": 0.0246641, "e": 0.0250733, "g": 0.0209121, "h": 0.0159335, "l": 0.329737, "k": 0.0207695, "m": 0.0737754, "f": 0.133922, "p": 0.0263155, "s": 0.0243299, "t": 0.121818, "w": 0.0117847, "y": 0.0254265, "v": 0.674942 },
  "l": { "a": 0.0466221, "r": 0.021211, "n": 0.0148877, "d": 0.00981302, "c": 0.00916526, "q": 0.0268483, "e": 0.0109601, "g": 0.016518, "h": 0.010744, "i": 0.0954343, "k": 0.0104631, "m": 0.138435, "f": 0.100985, "p": 0.0320889, "s": 0.0165739, "t": 0.0227, "w": 0.00887166, "y": 0.0121301, "v": 0.111811 },
  "k": { "a": 0.0563705, "r": 0.205832, "n": 0.115055, "d": 0.0436191, "c": 0.00573645, "q": 0.101995, "e": 0.0588037, "g": 0.0222182, "h": 0.0257431, "i": 0.0154013, "l": 0.0148631, "m": 0.0387753, "f": 0.00618188, "p": 0.0236309, "s": 0.0671675, "t": 0.0617358, "w": 0.00716825, "y": 0.010413, "v": 0.0188028 },
  "m": { "a": 0.0699122, "r": 0.104131, "n": 0.0686472, "d": 0.0491745, "c": 0.0355206, "q": 0.107967, "e": 0.0638428, "g": 0.0548967, "h": 0.0440115, "i": 0.181799, "l": 0.388792, "k": 0.0979064, "f": 0.0673726, "p": 0.0755791, "s": 0.100701, "t": 0.118664, "w": 0.0335227, "y": 0.0464885, "v": 0.122889 },
  "f": { "a": 0.0236277, "r": 0.0183776, "n": 0.0184236, "d": 0.0158074, "c": 0.0146655, "q": 0.017472, "e": 0.0169789, "g": 0.0255186, "h": 0.0179307, "i": 0.0525198, "l": 0.155469, "k": 0.0227629, "m": 0.0219376, "p": 0.0415959, "s": 0.0474764, "t": 0.0445805, "w": 0.0290607, "y": 0.0931259, "v": 0.0320211 },
  "p": { "a": 0.202503, "r": 0.0428783, "n": 0.0261428, "d": 0.038794, "c": 0.0146755, "q": 0.0427937, "e": 0.0447214, "g": 0.0379056, "h": 0.0627512, "i": 0.0246229, "l": 0.0271169, "k": 0.0521831, "m": 0.014464, "f": 0.0220356, "s": 0.202868, "t": 0.0371831, "w": 0.0118957, "y": 0.014579, "v": 0.022888 },
  "s": { "a": 0.284697, "r": 0.0696288, "n": 0.12655, "d": 0.0680575, "c": 0.0469844, "q": 0.0292822, "e": 0.0352176, "g": 0.186585, "h": 0.0197122, "i": 0.0128173, "l": 0.0164208, "k": 0.0686766, "m": 0.0111272, "f": 0.00995904, "p": 0.101164, "t": 0.381573, "w": 0.00635116, "y": 0.00747318, "v": 0.0136654 },
  "t": { "a": 0.192095, "r": 0.0193081, "n": 0.0842332, "d": 0.0287304, "c": 0.0152079, "q": 0.0494434, "e": 0.0465619, "g": 0.0302454, "h": 0.0153016, "i": 0.0662477, "l": 0.0436108, "k": 0.0702108, "m": 0.0246057, "f": 0.0168492, "p": 0.0663313, "s": 0.424024, "w": 0.00822088, "y": 0.0101546, "v": 0.0560621 },
  "w": { "a": 0.045158, "r": 0.0957941, "n": 0.0361342, "d": 0.0332237, "c": 0.0313218, "q": 0.035191, "e": 0.0336812, "g": 0.0324944, "h": 0.0355705, "i": 0.0399855, "l": 0.0456354, "k": 0.0350691, "m": 0.0365503, "f": 0.038368, "p": 0.0831164, "s": 0.0645637, "t": 0.0355851, "y": 0.0606715, "v": 0.0455404 },
  "y": { "a": 0.0270125, "r": 0.0463692, "n": 0.0325241, "d": 0.0238162, "c": 0.0409687, "q": 0.0255028, "e": 0.0260153, "g": 0.0232046, "h": 0.0928902, "i": 0.0269668, "l": 0.0466412, "k": 0.0499913, "m": 0.0245073, "f": 0.419546, "p": 0.030814, "s": 0.0682513, "t": 0.0462362, "w": 0.0405758, "v": 0.0260946 },
  "v": { "a": 0.192183, "r": 0.0130522, "n": 0.0276618, "d": 0.0249265, "c": 0.0257057, "q": 0.0122913, "e": 0.0257531, "g": 0.0362613, "h": 0.0100956, "i": 0.440962, "l": 0.126962, "k": 0.0151182, "m": 0.037317, "f": 0.0202353, "p": 0.0227264, "s": 0.0139061, "t": 0.0856741, "w": 0.00720103, "y": 0.00937543 }
 }
}
