{
 "alphabet": "arndcqeghilkmfpstwyv",
 "insrate": 0.00410532,
 "insextprob": 0.692308,
 "delrate": 0.0020541,
 "delextprob": 0.714286,
 "rootprob":
 {
  "a": 0.076691,
  "r": 0.0436293,
  "n": 0.0480221,
  "d": 0.057777,
  "c": 0.0431159,
  "q": 0.0312517,
  "e": 0.0532911,
  "g": 0.0974632,
  "h": 0.0250602,
  "i": 0.0337429,
  "l": 0.0796009,
  "k": 0.0790248,
  "m": 0.0126177,
  "f": 0.0409655,
  "p": 0.0415407,
  "s": 0.0619414,
  "t": 0.0710271,
  "w": 0.0179818,
  "y": 0.0213375,
  "v": 0.0639182
 },
 "subrate":
 {
  "a": { "r": 0.0306406, "n": 0.0720385, "d": 0.0574291, "c": 0.016658, "q": 0.0550744, "e": 0.100195, "g": 0.195908, "h": 0.0350755, "i": 0.0115834, "l": 0.0295525, "k": 0.0361284, "m": 0.0109531, "f": 0.00780153, "p": 0.117495, "s": 0.309022, "t": 0.235475, "w": 0.00913193, "y": 0.00951082, "v": 0.121426 },
  "r": { "a": 0.0441562, "n": 0.0386123, "d": 0.0334793, "c": 0.0128983, "q": 0.0697847, "e": 0.0210305, "g": 0.0411229, "h": 0.0525109, "i": 0.0340056, "l": 0.0262942, "k": 0.394823, "m": 0.0201305, "f": 0.0110613, "p": 0.0514996, "s": 0.0638216, "t": 0.0345099, "w": 0.0153507, "y": 0.0182281, "v": 0.0342688 },
  "n": { "a": 0.0904406, "r": 0.0273527, "d": 0.302921, "c": 0.0195964, "q": 0.0481751, "e": 0.138823, "g": 0.125211, "h": 0.1389, "i": 0.0192239, "l": 0.0495218, "k": 0.174584, "m": 0.0301068, "f": 0.0115623, "p": 0.0310739, "s": 0.266553, "t": 0.219869, "w": 0.0108943, "y": 0.0572657, "v": 0.025331 },
  "d": { "a": 0.0520638, "r": 0.0127482, "n": 0.281842, "c": 0.0100244, "q": 0.0373624, "e": 0.410041, "g": 0.167719, "h": 0.0628768, "i": 0.0132078, "l": 0.012945, "k": 0.0285812, "m": 0.0123636, "f": 0.00867967, "p": 0.0162214, "s": 0.136566, "t": 0.057886, "w": 0.00826134, "y": 0.0100496, "v": 0.0281987 },
  "c": { "a": 0.0609953, "r": 0.0127063, "n": 0.0143453, "d": 0.0173133, "q": 0.0281578, "e": 0.0272363, "g": 0.018708, "h": 0.0246915, "i": 0.0297293, "l": 0.0114493, "k": 0.0139511, "m": 0.0121228, "f": 0.0101751, "p": 0.012471, "s": 0.132602, "t": 0.0144307, "w": 0.0100694, "y": 0.0388883, "v": 0.0308153 },
  "q": { "a": 0.0991209, "r": 0.0506691, "n": 0.0595612, "d": 0.124236, "c": 0.0164895, "e": 0.312193, "g": 0.0307402, "h": 0.173077, "i": 0.024185, "l": 0.0545172, "k": 0.178778, "m": 0.0451048, "f": 0.0174329, "p": 0.062381, "s": 0.0674009, "t": 0.082107, "w": 0.0143139, "y": 0.0210138, "v": 0.0252178 },
  "e": { "a": 0.107014, "r": 0.0192613, "n": 0.078282, "d": 0.418697, "c": 0.0100272, "q": 0.248435, "g": 0.0560852, "h": 0.0319934, "i": 0.0434982, "l": 0.0174797, "k": 0.0881847, "m": 0.0153297, "f": 0.0102049, "p": 0.0168278, "s": 0.0590425, "t": 0.0714998, "w": 0.00860403, "y": 0.0503107, "v": 0.0507007 },
  "g": { "a": 0.243321, "r": 0.0185633, "n": 0.0523815, "d": 0.0258639, "c": 0.00703432, "q": 0.0260804, "e": 0.0262996, "h": 0.00793653, "i": 0.00904839, "l": 0.0193109, "k": 0.0363107, "m": 0.00706147, "f": 0.00533656, "p": 0.0211343, "s": 0.144393, "t": 0.0176259, "w": 0.00514038, "y": 0.00559429, "v": 0.0247825 },
  "h": { "a": 0.0508159, "r": 0.207266, "n": 0.183919, "d": 0.15291, "c": 0.0216955, "q": 0.11827, "e": 0.0602344, "g": 0.0382112, "i": 0.0307456, "l": 0.115396, "k": 0.0785335, "m": 0.0450663, "f": 0.0207224, "p": 0.120221, "s": 0.0611064, "t": 0.0706567, "w": 0.0196257, "y": 0.0374936, "v": 0.0484465 },
  "i": { "a": 0.0514003, "r": 0.0199487, "n": 0.0398309, "d": 0.0235452, "c": 0.0389703, "q": 0.0342187, "e": 0.0526751, "g": 0.0242787, "h": 0.0194492, "l": 0.225747, "k": 0.0378049, "m": 0.0531411, "f": 0.0391144, "p": 0.0181683, "s": 0.0385291, "t": 0.0990799, "w": 0.0146902, "y": 0.0170505, "v": 0.654723 },
  "l": { "a": 0.0334786, "r": 0.019526, "n": 0.0102878, "d": 0.0162083, "c": 0.0071564, "q": 0.0190907, "e": 0.00913124, "g": 0.00964859, "h": 0.0200755, "i": 0.154333, "k": 0.0151549, "m": 0.0698504, "f": 0.0502864, "p": 0.0202024, "s": 0.0323218, "t": 0.0237287, "w": 0.00823262, "y": 0.015962, "v": 0.0973859 },
  "k": { "a": 0.0341314, "r": 0.300133, "n": 0.113769, "d": 0.0240582, "c": 0.00741759, "q": 0.0961265, "e": 0.0380575, "g": 0.0216062, "h": 0.0209162, "i": 0.0314166, "l": 0.0232915, "m": 0.0401756, "f": 0.00685438, "p": 0.029698, "s": 0.0723043, "t": 0.089448, "w": 0.00718709, "y": 0.0136197, "v": 0.0260756 },
  "m": { "a": 0.142122, "r": 0.0761673, "n": 0.051809, "d": 0.0497363, "c": 0.0343672, "q": 0.0730677, "e": 0.0512318, "g": 0.0425177, "h": 0.0466012, "i": 0.124655, "l": 0.305852, "k": 0.16578, "f": 0.0657545, "p": 0.0425113, "s": 0.053258, "t": 0.142168, "w": 0.0329488, "y": 0.0372885, "v": 0.188299 },
  "f": { "a": 0.0149664, "r": 0.0153639, "n": 0.0328107, "d": 0.0123295, "c": 0.0121546, "q": 0.0157762, "e": 0.0145229, "g": 0.0131882, "h": 0.0315023, "i": 0.0305022, "l": 0.144324, "k": 0.0157624, "m": 0.0233638, "p": 0.0253654, "s": 0.0544176, "t": 0.0140206, "w": 0.0196237, "y": 0.180457, "v": 0.017348 },
  "p": { "a": 0.179245, "r": 0.0591657, "n": 0.0282243, "d": 0.0250922, "c": 0.0137183, "q": 0.0442096, "e": 0.073957, "g": 0.0644676, "h": 0.0215879, "i": 0.01401, "l": 0.0163752, "k": 0.0452879, "m": 0.021908, "f": 0.0168936, "s": 0.119531, "t": 0.0741677, "w": 0.0102638, "y": 0.011274, "v": 0.0383105 },
  "s": { "a": 0.35293, "r": 0.0534218, "n": 0.143717, "d": 0.0629338, "c": 0.0273396, "q": 0.0451225, "e": 0.0559181, "g": 0.261071, "h": 0.0182682, "i": 0.0145865, "l": 0.03518, "k": 0.0674437, "m": 0.0121688, "f": 0.00867403, "p": 0.10912, "t": 0.259911, "w": 0.0150783, "y": 0.00881471, "v": 0.0137513 },
  "t": { "a": 0.274716, "r": 0.0218763, "n": 0.110671, "d": 0.0202926, "c": 0.0220273, "q": 0.0310563, "e": 0.03939, "g": 0.024056, "h": 0.0176101, "i": 0.0604977, "l": 0.0283596, "k": 0.0579371, "m": 0.0195208, "f": 0.0223316, "p": 0.0435099, "s": 0.400928, "w": 0.0121759, "y": 0.0138757, "v": 0.0845199 },
  "w": { "a": 0.028829, "r": 0.166644, "n": 0.0341737, "d": 0.0273545, "c": 0.0412444, "q": 0.0277569, "e": 0.0273492, "g": 0.0268951, "h": 0.0291943, "i": 0.0491183, "l": 0.108875, "k": 0.029433, "m": 0.0290036, "f": 0.0481554, "p": 0.026724, "s": 0.029034, "t": 0.028757, "y": 0.0410288, "v": 0.0504265 },
  "y": { "a": 0.0276811, "r": 0.0485975, "n": 0.0396734, "d": 0.02622, "c": 0.0383456, "q": 0.0300352, "e": 0.0336008, "g": 0.0258969, "h": 0.0393095, "i": 0.0265484, "l": 0.0304138, "k": 0.0951337, "m": 0.0526966, "f": 0.434636, "p": 0.0282198, "s": 0.0331127, "t": 0.0642569, "w": 0.022667, "v": 0.0261794 },
  "v": { "a": 0.249029, "r": 0.0189995, "n": 0.0170319, "d": 0.0305267, "c": 0.013165, "q": 0.0170061, "e": 0.040425, "g": 0.0420888, "h": 0.0137017, "i": 0.431127, "l": 0.153091, "k": 0.0219187, "m": 0.0268594, "f": 0.0308084, "p": 0.0149247, "s": 0.0321764, "t": 0.114055, "w": 0.00855483, "y": 0.0150603 }
 }
}
