{
 "alphabet": "arndcqeghilkmfpstwyv",
 "insrate": 0.00619958,
 "insextprob": 0.694915,
 "delrate": 0.00482685,
 "delextprob": 0.517241,
 "rootprob":
 {
  "a": 0.0727815,
  "r": 0.0488651,
  "n": 0.0544232,
  "d": 0.039297,
  "c": 0.0330402,
  "q": 0.028005,
  "e": 0.0480783,
  "g": 0.0776498,
  "h": 0.0385405,
  "i": 0.0472926,
  "l": 0.0813264,
  "k": 0.06864,
  "m": 0.0261934,
  "f": 0.0406471,
  "p": 0.0658553,
  "s": 0.074926,
  "t": 0.0524279,
  "w": 0.0157196,
  "y": 0.0173348,
  "v": 0.0689565
 },
 "subrate":
 {
  "a": { "r": 0.0190303, "n": 0.0436441, "d": 0.0961036, "c": 0.0195828, "q": 0.035396, "e": 0.0923163, "g": 0.23595, "h": 0.0105789, "i": 0.0224603, "l": 0.0573667, "k": 0.0305811, "m": 0.0223898, "f": 0.0103734, "p": 0.0407457, "s": 0.32765, "t": 0.204089, "w": 0.00628585, "y": 0.00901926, "v": 0.172447 },
  "r": { "a": 0.0368773, "n": 0.0316707, "d": 0.0155903, "c": 0.018315, "q": 0.12524, "e": 0.0275746, "g": 0.02057, "h": 0.0839904, "i": 0.0450755, "l": 0.0145093, "k": 0.359869, "m": 0.0236693, "f": 0.0163247, "p": 0.0410922, "s": 0.123173, "t": 0.0577845, "w": 0.0236241, "y": 0.0157759, "v": 0.0339503 },
  "n": { "a": 0.0602918, "r": 0.0295111, "d": 0.36906, "c": 0.0109387, "q": 0.079791, "e": 0.0860112, "g": 0.247641, "h": 0.149396, "i": 0.044982, "l": 0.0169102, "k": 0.224186, "m": 0.0239691, "f": 0.0118252, "p": 0.0341566, "s": 0.274577, "t": 0.118025, "w": 0.00980418, "y": 0.0229886, "v": 0.0198133 },
  "d": { "a": 0.0980025, "r": 0.0197599, "n": 0.364392, "c": 0.0128303, "q": 0.0880935, "e": 0.31601, "g": 0.112117, "h": 0.0516233, "i": 0.0237688, "l": 0.0159587, "k": 0.0775727, "m": 0.0172719, "f": 0.0124937, "p": 0.0346319, "s": 0.0933593, "t": 0.0448666, "w": 0.0100699, "y": 0.0124425, "v": 0.0411828 },
  "c": { "a": 0.0594375, "r": 0.0231699, "n": 0.021263, "d": 0.0129491, "q": 0.0121624, "e": 0.0129496, "g": 0.0147404, "h": 0.0124443, "i": 0.0155156, "l": 0.0135778, "k": 0.0132977, "m": 0.0132383, "f": 0.0123648, "p": 0.0130583, "s": 0.115289, "t": 0.0272444, "w": 0.0109695, "y": 0.0191748, "v": 0.0681956 },
  "q": { "a": 0.105868, "r": 0.103426, "n": 0.0774934, "d": 0.0511996, "c": 0.0133638, "e": 0.292425, "g": 0.0329551, "h": 0.124258, "i": 0.03396, "l": 0.0675544, "k": 0.0726266, "m": 0.0350514, "f": 0.0162966, "p": 0.0696571, "s": 0.0406555, "t": 0.0518298, "w": 0.0125527, "y": 0.0179732, "v": 0.0294733 },
  "e": { "a": 0.159873, "r": 0.0200145, "n": 0.122148, "d": 0.669642, "c": 0.0174108, "q": 0.129651, "g": 0.05157, "h": 0.053024, "i": 0.0456705, "l": 0.0238341, "k": 0.108702, "m": 0.0182417, "f": 0.0154652, "p": 0.0313339, "s": 0.0333084, "t": 0.0690918, "w": 0.011085, "y": 0.0139973, "v": 0.0590322 },
  "g": { "a": 0.17203, "r": 0.0128055, "n": 0.0674778, "d": 0.0428133, "c": 0.00631508, "q": 0.0225788, "e": 0.0336987, "h": 0.0121632, "i": 0.00945724, "l": 0.0100893, "k": 0.0229876, "m": 0.0179113, "f": 0.01008, "p": 0.0200202, "s": 0.153602, "t": 0.0165128, "w": 0.00746534, "y": 0.00675779, "v": 0.0432787 },
  "h": { "a": 0.034616, "r": 0.136198, "n": 0.161474, "d": 0.031155, "c": 0.0375047, "q": 0.233426, "e": 0.0311277, "g": 0.0291298, "i": 0.033048, "l": 0.0504675, "k": 0.0576868, "m": 0.0205483, "f": 0.027339, "p": 0.0832053, "s": 0.0328709, "t": 0.0358208, "w": 0.0127469, "y": 0.0448224, "v": 0.0271136 },
  "i": { "a": 0.0426448, "r": 0.026366, "n": 0.0273665, "d": 0.0143424, "c": 0.0145642, "q": 0.0212711, "e": 0.0378977, "g": 0.0201086, "h": 0.0152259, "l": 0.231106, "k": 0.0691854, "m": 0.0607101, "f": 0.105622, "p": 0.0192763, "s": 0.0297637, "t": 0.123206, "w": 0.00956118, "y": 0.017696, "v": 0.612227 },
  "l": { "a": 0.0440087, "r": 0.0141168, "n": 0.0219627, "d": 0.00814582, "c": 0.00529555, "q": 0.0198318, "e": 0.00729751, "g": 0.00630691, "h": 0.0158575, "i": 0.0867764, "k": 0.0160572, "m": 0.0797351, "f": 0.0378603, "p": 0.0190679, "s": 0.0190651, "t": 0.0134417, "w": 0.00455735, "y": 0.00903501, "v": 0.0819209 },
  "k": { "a": 0.0229236, "r": 0.177025, "n": 0.102736, "d": 0.0421842, "c": 0.00659192, "q": 0.0654862, "e": 0.0971955, "g": 0.0238056, "h": 0.0365062, "i": 0.019544, "l": 0.00959646, "m": 0.0387666, "f": 0.0102629, "p": 0.0234924, "s": 0.0460829, "t": 0.0650975, "w": 0.00665439, "y": 0.0115141, "v": 0.0122731 },
  "m": { "a": 0.134333, "r": 0.0656799, "n": 0.0423682, "d": 0.0373768, "c": 0.0231371, "q": 0.10109, "e": 0.0398817, "g": 0.0571788, "h": 0.0330241, "i": 0.156619, "l": 0.531036, "k": 0.135833, "f": 0.0417243, "p": 0.0349235, "s": 0.0670169, "t": 0.0946876, "w": 0.0243388, "y": 0.0284884, "v": 0.125579 },
  "f": { "a": 0.0318549, "r": 0.0124746, "n": 0.0317187, "d": 0.0133532, "c": 0.0113803, "q": 0.0129617, "e": 0.0137689, "g": 0.0137537, "h": 0.041022, "i": 0.0742642, "l": 0.156042, "k": 0.0129736, "m": 0.0204619, "p": 0.0163784, "s": 0.0347598, "t": 0.0200374, "w": 0.010759, "y": 0.213186, "v": 0.0293448 },
  "p": { "a": 0.223226, "r": 0.0453116, "n": 0.0261121, "d": 0.0149704, "c": 0.0154913, "q": 0.0671031, "e": 0.0233619, "g": 0.0257491, "h": 0.046829, "i": 0.0210506, "l": 0.0220379, "k": 0.0267104, "m": 0.0112613, "f": 0.00990717, "s": 0.150528, "t": 0.0620365, "w": 0.00753211, "y": 0.0109409, "v": 0.0281144 },
  "s": { "a": 0.348818, "r": 0.0638194, "n": 0.267949, "d": 0.0854445, "c": 0.0383734, "q": 0.0345906, "e": 0.0272681, "g": 0.26141, "h": 0.0252361, "i": 0.0171914, "l": 0.0213479, "k": 0.0631175, "m": 0.0329106, "f": 0.0315689, "p": 0.116374, "t": 0.42307, "w": 0.00806212, "y": 0.0116456, "v": 0.0236044 },
  "t": { "a": 0.193772, "r": 0.0355614, "n": 0.130348, "d": 0.0292216, "c": 0.0158768, "q": 0.0199952, "e": 0.0329136, "g": 0.0427971, "h": 0.0154825, "i": 0.0725493, "l": 0.0390387, "k": 0.131241, "m": 0.0427538, "f": 0.0129758, "p": 0.0619603, "s": 0.271021, "w": 0.0075247, "y": 0.0110596, "v": 0.150077 },
  "w": { "a": 0.0270864, "r": 0.0279395, "n": 0.0269655, "d": 0.0262586, "c": 0.0246691, "q": 0.0266666, "e": 0.0269424, "g": 0.0268496, "h": 0.0269036, "i": 0.0273403, "l": 0.0508189, "k": 0.0275523, "m": 0.0298793, "f": 0.0501585, "p": 0.0277459, "s": 0.0272418, "t": 0.0271827, "y": 0.026582, "v": 0.0269837 },
  "y": { "a": 0.0353712, "r": 0.0266667, "n": 0.0421175, "d": 0.0274432, "c": 0.0451104, "q": 0.0273823, "e": 0.0510235, "g": 0.027136, "h": 0.0616547, "i": 0.0417369, "l": 0.0713123, "k": 0.0543288, "m": 0.0308889, "f": 0.332326, "p": 0.0356671, "s": 0.0366853, "t": 0.0920635, "w": 0.0223248, "v": 0.086529 },
  "v": { "a": 0.176256, "r": 0.0170098, "n": 0.0212888, "d": 0.0279781, "c": 0.0112989, "q": 0.0249347, "e": 0.0375134, "g": 0.0690593, "h": 0.0158175, "i": 0.405351, "l": 0.133569, "k": 0.0151346, "m": 0.0236685, "f": 0.032408, "p": 0.0397917, "s": 0.0235947, "t": 0.130052, "w": 0.00653448, "y": 0.00987902 }
 }
}
