{
 "alphabet": "arndcqeghilkmfpstwyv",
 "insrate": 0.00334993,
 "insextprob": 0.710526,
 "delrate": 0.00638694,
 "delextprob": 0.695652,
 "rootprob":
 {
  "a": 0.0950257,
  "r": 0.0310537,
  "n": 0.0559992,
  "d": 0.0460937,
  "c": 0.0271145,
  "q": 0.0341277,
  "e": 0.0619894,
  "g": 0.0789157,
  "h": 0.0365912,
  "i": 0.0341377,
  "l": 0.0982601,
  "k": 0.0846117,
  "m": 0.0158821,
  "f": 0.0249258,
  "p": 0.0446278,
  "s": 0.0709287,
  "t": 0.0366702,
  "w": 0.0108487,
  "y": 0.0339603,
  "v": 0.0782363
 },
 "subrate":
 {
  "a": { "r": 0.0284564, "n": 0.0238502, "d": 0.0321867, "c": 0.0364279, "q": 0.0552955, "e": 0.111484, "g": 0.23249, "h": 0.0134766, "i": 0.0165908, "l": 0.0463827, "k": 0.0285568, "m": 0.0200466, "f": 0.0140846, "p": 0.0744148, "s": 0.313627, "t": 0.176006, "w": 0.00562161, "y": 0.0130581, "v": 0.131736 },
  "r": { "a": 0.0622148, "n": 0.0538286, "d": 0.052006, "c": 0.0203114, "q": 0.0815764, "e": 0.0249845, "g": 0.0338325, "h": 0.0749001, "i": 0.0387909, "l": 0.0280919, "k": 0.526641, "m": 0.0566102, "f": 0.0154481, "p": 0.050351, "s": 0.116766, "t": 0.0343195, "w": 0.0147982, "y": 0.0165538, "v": 0.0242895 },
  "n": { "a": 0.117651, "r": 0.0438104, "d": 0.41811, "c": 0.0241362, "q": 0.046969, "e": 0.0503409, "g": 0.19324, "h": 0.121584, "i": 0.0341217, "l": 0.0226644, "k": 0.186098, "m": 0.0158869, "f": 0.0120543, "p": 0.0326789, "s": 0.394059, "t": 0.180821, "w": 0.0216077, "y": 0.0178048, "v": 0.0167616 },
  "d": { "a": 0.113447, "r": 0.0229365, "n": 0.344597, "c": 0.0165102, "q": 0.0552326, "e": 0.539018, "g": 0.126467, "h": 0.0305013, "i": 0.0277524, "l": 0.0166223, "k": 0.0392983, "m": 0.0145048, "f": 0.0107931, "p": 0.0748274, "s": 0.0735665, "t": 0.0498882, "w": 0.0106521, "y": 0.0165545, "v": 0.0262249 },
  "c": { "a": 0.0730111, "r": 0.0332792, "n": 0.0195181, "d": 0.0182617, "q": 0.0175543, "e": 0.0176717, "g": 0.0642048, "h": 0.0181129, "i": 0.0345207, "l": 0.0251826, "k": 0.0194753, "m": 0.0180724, "f": 0.0174307, "p": 0.0545072, "s": 0.0723435, "t": 0.0376308, "w": 0.0152184, "y": 0.0317604, "v": 0.0378739 },
  "q": { "a": 0.125878, "r": 0.145995, "n": 0.0655413, "d": 0.0678956, "c": 0.0179938, "e": 0.177279, "g": 0.0578029, "h": 0.214557, "i": 0.0229099, "l": 0.0459155, "k": 0.156896, "m": 0.0454985, "f": 0.0157779, "p": 0.102748, "s": 0.0649451, "t": 0.0863261, "w": 0.017826, "y": 0.0157836, "v": 0.0224129 },
  "e": { "a": 0.104072, "r": 0.0157174, "n": 0.0444902, "d": 0.576441, "c": 0.0141438, "q": 0.191192, "g": 0.0706674, "h": 0.0420047, "i": 0.0261042, "l": 0.0176584, "k": 0.072877, "m": 0.0138898, "f": 0.00950455, "p": 0.0436676, "s": 0.0637936, "t": 0.0773871, "w": 0.00882147, "y": 0.0184898, "v": 0.0246271 },
  "g": { "a": 0.19616, "r": 0.0144406, "n": 0.0397249, "d": 0.0642808, "c": 0.00931817, "q": 0.015479, "e": 0.0610678, "h": 0.0169113, "i": 0.0125741, "l": 0.0201386, "k": 0.0462071, "m": 0.0137776, "f": 0.00609441, "p": 0.0267929, "s": 0.120357, "t": 0.0154205, "w": 0.00571682, "y": 0.0090413, "v": 0.0310721 },
  "h": { "a": 0.0505717, "r": 0.104013, "n": 0.152691, "d": 0.0660539, "c": 0.0275451, "q": 0.158753, "e": 0.0535594, "g": 0.0232469, "i": 0.0328995, "l": 0.0598314, "k": 0.0208064, "m": 0.0215347, "f": 0.0375903, "p": 0.0446065, "s": 0.062022, "t": 0.0318518, "w": 0.0187763, "y": 0.0497983, "v": 0.060952 },
  "i": { "a": 0.0279777, "r": 0.0296911, "n": 0.0231961, "d": 0.0307452, "c": 0.0182014, "q": 0.061249, "e": 0.0328681, "g": 0.0335941, "h": 0.0385181, "l": 0.216391, "k": 0.030247, "m": 0.145223, "f": 0.0632175, "p": 0.0380897, "s": 0.0353524, "t": 0.128277, "w": 0.0141572, "y": 0.0178828, "v": 0.631315 },
  "l": { "a": 0.0390371, "r": 0.0188103, "n": 0.0088684, "d": 0.00635468, "c": 0.00620954, "q": 0.0285791, "e": 0.00731031, "g": 0.00703286, "h": 0.0132393, "i": 0.118306, "k": 0.0117558, "m": 0.053835, "f": 0.0959552, "p": 0.0103224, "s": 0.00776105, "t": 0.0147219, "w": 0.00634832, "y": 0.0118525, "v": 0.0778009 },
  "k": { "a": 0.0342725, "r": 0.229257, "n": 0.122916, "d": 0.0343412, "c": 0.00669506, "q": 0.051993, "e": 0.0319853, "g": 0.0211342, "h": 0.0105835, "i": 0.0257333, "l": 0.0309108, "m": 0.0176932, "f": 0.00590148, "p": 0.0254106, "s": 0.0617358, "t": 0.13699, "w": 0.00589915, "y": 0.0101087, "v": 0.0132065 },
  "m": { "a": 0.0769222, "r": 0.0550254, "n": 0.0550221, "d": 0.0538374, "c": 0.0393213, "q": 0.104661, "e": 0.0580308, "g": 0.0506183, "h": 0.0741498, "i": 0.195303, "l": 0.420418, "k": 0.125295, "f": 0.043544, "p": 0.0532524, "s": 0.058328, "t": 0.114474, "w": 0.0344385, "y": 0.037379, "v": 0.153939 },
  "f": { "a": 0.0608466, "r": 0.0219564, "n": 0.0254813, "d": 0.0240691, "c": 0.020704, "q": 0.022918, "e": 0.0254088, "g": 0.0350422, "h": 0.0529191, "i": 0.0871783, "l": 0.137704, "k": 0.0192137, "m": 0.0270908, "p": 0.0248652, "s": 0.027337, "t": 0.0286198, "w": 0.0191008, "y": 0.192676, "v": 0.0652241 },
  "p": { "a": 0.201268, "r": 0.0690931, "n": 0.0305955, "d": 0.0300528, "c": 0.0129109, "q": 0.0483811, "e": 0.0688071, "g": 0.0262988, "h": 0.0254728, "i": 0.0121626, "l": 0.0321728, "k": 0.0228191, "m": 0.012777, "f": 0.00994478, "s": 0.127246, "t": 0.0586848, "w": 0.00954099, "y": 0.0145566, "v": 0.0482027 },
  "s": { "a": 0.32965, "r": 0.0511886, "n": 0.191828, "d": 0.0783145, "c": 0.0371986, "q": 0.0370365, "e": 0.0302011, "g": 0.204386, "h": 0.0328462, "i": 0.0169017, "l": 0.0245783, "k": 0.117471, "m": 0.0148578, "f": 0.0131877, "p": 0.136145, "t": 0.326217, "w": 0.00712941, "y": 0.0125891, "v": 0.020514 },
  "t": { "a": 0.273698, "r": 0.0281617, "n": 0.0853594, "d": 0.0386626, "c": 0.0205479, "q": 0.0417511, "e": 0.0586304, "g": 0.0439815, "h": 0.0254055, "i": 0.0768107, "l": 0.0284309, "k": 0.0861175, "m": 0.0258973, "f": 0.0120405, "p": 0.0584011, "s": 0.460833, "w": 0.00999391, "y": 0.0125737, "v": 0.127313 },
  "w": { "a": 0.0464918, "r": 0.058256, "n": 0.0474609, "d": 0.0474199, "c": 0.0448246, "q": 0.0462191, "e": 0.0466298, "g": 0.0469338, "h": 0.0474167, "i": 0.0538353, "l": 0.0483978, "k": 0.0480194, "m": 0.046487, "f": 0.0872813, "p": 0.0886645, "s": 0.0482943, "t": 0.0490608, "y": 0.0641938, "v": 0.0486227 },
  "y": { "a": 0.0183954, "r": 0.022153, "n": 0.0357033, "d": 0.0317289, "c": 0.0240135, "q": 0.017079, "e": 0.027306, "g": 0.0198633, "h": 0.0392197, "i": 0.0313265, "l": 0.0195051, "k": 0.01548, "m": 0.0169166, "f": 0.270512, "p": 0.0169478, "s": 0.0219786, "t": 0.0221346, "w": 0.0149777, "v": 0.0524052 },
  "v": { "a": 0.155004, "r": 0.00975267, "n": 0.0115922, "d": 0.0158093, "c": 0.0132482, "q": 0.0111284, "e": 0.0276016, "g": 0.0508321, "h": 0.00860054, "i": 0.326849, "l": 0.159282, "k": 0.0162177, "m": 0.0249833, "f": 0.0118207, "p": 0.0160953, "s": 0.029461, "t": 0.110841, "w": 0.00686998, "y": 0.028032 }
 }
}
