{
 "alphabet": "arndcqeghilkmfpstwyv",
 "insrate": 0.00356676,
 "insextprob": 0.731707,
 "delrate": 0.00292041,
 "delextprob": 0.608696,
 "rootprob":
 {
  "a": 0.0914373,
  "r": 0.0429227,
  "n": 0.0478033,
  "d": 0.042684,
  "c": 0.0358783,
  "q": 0.0295058,
  "e": 0.0686262,
  "g": 0.0672347,
  "h": 0.0434774,
  "i": 0.0319747,
  "l": 0.0791689,
  "k": 0.0784577,
  "m": 0.01284,
  "f": 0.0560185,
  "p": 0.0511061,
  "s": 0.056941,
  "t": 0.0508997,
  "w": 0.012556,
  "y": 0.028179,
  "v": 0.0722885
 },
 "subrate":
 {
  "a": { "r": 0.0149808, "n": 0.0466463, "d": 0.0658758, "c": 0.0142172, "q": 0.035793, "e": 0.108057, "g": 0.209643, "h": 0.00972614, "i": 0.0200659, "l": 0.022882, "k": 0.0499259, "m": 0.0125718, "f": 0.0139149, "p": 0.165052, "s": 0.244728, "t": 0.212851, "w": 0.00607786, "y": 0.00714937, "v": 0.131026 },
  "r": { "a": 0.0352272, "n": 0.044084, "d": 0.0217208, "c": 0.0112657, "q": 0.0873921, "e": 0.0211037, "g": 0.0317637, "h": 0.166057, "i": 0.0387659, "l": 0.0297097, "k": 0.408517, "m": 0.0227942, "f": 0.010819, "p": 0.0450562, "s": 0.167473, "t": 0.0776244, "w": 0.0441444, "y": 0.0115158, "v": 0.0174785 },
  "n": { "a": 0.0543961, "r": 0.0511447, "d": 0.262235, "c": 0.0124031, "q": 0.0514263, "e": 0.138047, "g": 0.150498, "h": 0.186314, "i": 0.0259713, "l": 0.0147283, "k": 0.278301, "m": 0.018201, "f": 0.02423, "p": 0.0278593, "s": 0.22312, "t": 0.141863, "w": 0.013553, "y": 0.0162756, "v": 0.0167016 },
  "d": { "a": 0.0576815, "r": 0.0215057, "n": 0.348972, "c": 0.0118079, "q": 0.0949175, "e": 0.439907, "g": 0.098319, "h": 0.0772122, "i": 0.0155731, "l": 0.0144365, "k": 0.0341936, "m": 0.0156802, "f": 0.0123096, "p": 0.0399593, "s": 0.0687643, "t": 0.0729825, "w": 0.0125256, "y": 0.0115481, "v": 0.0234086 },
  "c": { "a": 0.0507676, "r": 0.0142624, "n": 0.01686, "d": 0.0145168, "q": 0.0171204, "e": 0.0239272, "g": 0.0277725, "h": 0.0257072, "i": 0.0277135, "l": 0.0168424, "k": 0.0155037, "m": 0.0161895, "f": 0.0302577, "p": 0.0520973, "s": 0.0692383, "t": 0.0307139, "w": 0.0125616, "y": 0.0301666, "v": 0.045872 },
  "q": { "a": 0.106451, "r": 0.165599, "n": 0.107861, "d": 0.0795418, "c": 0.0151979, "e": 0.303137, "g": 0.0602014, "h": 0.201607, "i": 0.0255558, "l": 0.0565914, "k": 0.186728, "m": 0.0487391, "f": 0.0152682, "p": 0.0596312, "s": 0.109845, "t": 0.0796022, "w": 0.0159844, "y": 0.0156285, "v": 0.0350676 },
  "e": { "a": 0.188319, "r": 0.0178154, "n": 0.0548188, "d": 0.451595, "c": 0.00947444, "q": 0.261371, "g": 0.0811664, "h": 0.025235, "i": 0.0205228, "l": 0.0142786, "k": 0.0858745, "m": 0.0215274, "f": 0.00984769, "p": 0.0376715, "s": 0.0617198, "t": 0.0452814, "w": 0.00888312, "y": 0.00856936, "v": 0.0432245 },
  "g": { "a": 0.151206, "r": 0.0262139, "n": 0.0735575, "d": 0.0447001, "c": 0.0177892, "q": 0.0201409, "e": 0.0462369, "h": 0.0108999, "i": 0.0138063, "l": 0.0104415, "k": 0.0442571, "m": 0.0103154, "f": 0.00840763, "p": 0.0491422, "s": 0.158016, "t": 0.0181664, "w": 0.00703712, "y": 0.0109355, "v": 0.0288599 },
  "h": { "a": 0.0205772, "r": 0.125945, "n": 0.13891, "d": 0.0909301, "c": 0.0176424, "q": 0.216583, "e": 0.0356633, "g": 0.0154296, "i": 0.0150494, "l": 0.0655218, "k": 0.045561, "m": 0.0161085, "f": 0.0264072, "p": 0.0279318, "s": 0.0302672, "t": 0.0321074, "w": 0.0110963, "y": 0.0349843, "v": 0.0273503 },
  "i": { "a": 0.0439091, "r": 0.0230136, "n": 0.0419202, "d": 0.0225155, "c": 0.0194061, "q": 0.0294763, "e": 0.0248432, "g": 0.040257, "h": 0.0635924, "l": 0.332145, "k": 0.0445806, "m": 0.0683461, "f": 0.0446034, "p": 0.0345918, "s": 0.0289399, "t": 0.102658, "w": 0.0161906, "y": 0.0230848, "v": 0.625152 },
  "l": { "a": 0.0138226, "r": 0.0159579, "n": 0.0273434, "d": 0.00789046, "c": 0.013535, "q": 0.0338441, "e": 0.0191919, "g": 0.0104405, "h": 0.0192583, "i": 0.109339, "k": 0.0145775, "m": 0.106804, "f": 0.0514697, "p": 0.027621, "s": 0.0336325, "t": 0.0184826, "w": 0.012822, "y": 0.008209, "v": 0.108952 },
  "k": { "a": 0.0504742, "r": 0.214323, "n": 0.0608322, "d": 0.0241348, "c": 0.00600144, "q": 0.0815229, "e": 0.050024, "g": 0.0396813, "h": 0.0180645, "i": 0.0166039, "l": 0.0207037, "m": 0.0332401, "f": 0.00541144, "p": 0.0287108, "s": 0.0737181, "t": 0.0856874, "w": 0.0118055, "y": 0.0146765, "v": 0.0114139 },
  "m": { "a": 0.0621478, "r": 0.0690179, "n": 0.0578743, "d": 0.0401863, "c": 0.034368, "q": 0.0560854, "e": 0.0461067, "g": 0.0534572, "h": 0.0457131, "i": 0.233444, "l": 0.346455, "k": 0.144681, "f": 0.101787, "p": 0.0631046, "s": 0.0905895, "t": 0.16304, "w": 0.0466443, "y": 0.0356762, "v": 0.172776 },
  "f": { "a": 0.0097216, "r": 0.00849951, "n": 0.0104036, "d": 0.0173486, "c": 0.00849012, "q": 0.00846646, "e": 0.00892274, "g": 0.0249899, "h": 0.00942954, "i": 0.0479907, "l": 0.0947714, "k": 0.00893513, "m": 0.0202741, "p": 0.00809316, "s": 0.0136728, "t": 0.0142662, "w": 0.011162, "y": 0.255754, "v": 0.0225832 },
  "p": { "a": 0.147942, "r": 0.0201281, "n": 0.0283921, "d": 0.0328284, "c": 0.00919424, "q": 0.0616906, "e": 0.0286149, "g": 0.041782, "h": 0.0313753, "i": 0.0311018, "l": 0.0324933, "k": 0.0428342, "m": 0.0149303, "f": 0.0105127, "s": 0.140787, "t": 0.0640184, "w": 0.00917452, "y": 0.00938359, "v": 0.020509 },
  "s": { "a": 0.373546, "r": 0.0381571, "n": 0.189419, "d": 0.0355845, "c": 0.0660309, "q": 0.035906, "e": 0.0473949, "g": 0.191673, "h": 0.0427202, "i": 0.025234, "l": 0.0307516, "k": 0.0670242, "m": 0.0135798, "f": 0.0284713, "p": 0.113946, "t": 0.343957, "w": 0.0110512, "y": 0.0271858, "v": 0.0165046 },
  "t": { "a": 0.213801, "r": 0.0362979, "n": 0.104412, "d": 0.0749663, "c": 0.0137781, "q": 0.0541749, "e": 0.0367968, "g": 0.0327878, "h": 0.0221351, "i": 0.0522994, "l": 0.0280969, "k": 0.121939, "m": 0.0328599, "f": 0.0251406, "p": 0.0371927, "s": 0.298517, "w": 0.00827931, "y": 0.010155, "v": 0.0498217 },
  "w": { "a": 0.04437, "r": 0.153081, "n": 0.0474519, "d": 0.0511872, "c": 0.035115, "q": 0.0467105, "e": 0.0445363, "g": 0.0529925, "h": 0.0600336, "i": 0.0443884, "l": 0.0575221, "k": 0.0521155, "m": 0.065852, "f": 0.0387886, "p": 0.0472345, "s": 0.0541324, "t": 0.0461708, "y": 0.0699859, "v": 0.0426804 },
  "y": { "a": 0.0187731, "r": 0.0169846, "n": 0.0383106, "d": 0.0230775, "c": 0.0338474, "q": 0.0176658, "e": 0.0290628, "g": 0.0184933, "h": 0.0485049, "i": 0.0230646, "l": 0.0404029, "k": 0.017146, "m": 0.0233697, "f": 0.417896, "p": 0.0173011, "s": 0.068806, "t": 0.0199984, "w": 0.0180535, "v": 0.0323448 },
  "v": { "a": 0.21177, "r": 0.0124615, "n": 0.0264851, "d": 0.0143659, "c": 0.0341934, "q": 0.013185, "e": 0.0229117, "g": 0.0521689, "h": 0.0290386, "i": 0.343509, "l": 0.133137, "k": 0.0215441, "m": 0.0354667, "f": 0.0140772, "p": 0.0145192, "s": 0.0173079, "t": 0.108133, "w": 0.00791771, "y": 0.0266147 }
 }
}
