{
 "alphabet": "arndcqeghilkmfpstwyv",
 "insrate": 0.00575901,
 "insextprob": 0.716667,
 "delrate": 0.00373035,
 "delextprob": 0.645161,
 "rootprob":
 {
  "a": 0.088968,
  "r": 0.0455534,
  "n": 0.0323154,
  "d": 0.0426127,
  "c": 0.0495282,
  "q": 0.0453298,
  "e": 0.0403594,
  "g": 0.0780286,
  "h": 0.0338873,
  "i": 0.0321689,
  "l": 0.0939033,
  "k": 0.0728005,
  "m": 0.0111912,
  "f": 0.0470377,
  "p": 0.0458068,
  "s": 0.067746,
  "t": 0.0673119,
  "w": 0.0119359,
  "y": 0.0327995,
  "v": 0.0607153
 },
 "subrate":
 {
  "a": { "r": 0.020886, "n": 0.0303946, "d": 0.0684669, "c": 0.0346208, "q": 0.0487808, "e": 0.109256, "g": 0.345934, "h": 0.0177958, "i": 0.0245675, "l": 0.0209811, "k": 0.0454178, "m": 0.0239908, "f": 0.0104171, "p": 0.10791, "s": 0.358154, "t": 0.125008, "w": 0.00636535, "y": 0.00793801, "v": 0.184832 },
  "r": { "a": 0.0708915, "n": 0.0448007, "d": 0.0180029, "c": 0.0124328, "q": 0.206361, "e": 0.0240881, "g": 0.0507288, "h": 0.0853251, "i": 0.0297769, "l": 0.0283218, "k": 0.443603, "m": 0.022883, "f": 0.0135103, "p": 0.11395, "s": 0.0441226, "t": 0.0803832, "w": 0.0243845, "y": 0.0145278, "v": 0.0431497 },
  "n": { "a": 0.102608, "r": 0.0344193, "d": 0.207428, "c": 0.0246129, "q": 0.0656291, "e": 0.072188, "g": 0.135085, "h": 0.14303, "i": 0.031827, "l": 0.0527925, "k": 0.260498, "m": 0.0218945, "f": 0.0152312, "p": 0.0281048, "s": 0.25588, "t": 0.167945, "w": 0.0135713, "y": 0.0288465, "v": 0.038727 },
  "d": { "a": 0.0606962, "r": 0.015037, "n": 0.28866, "c": 0.0108856, "q": 0.0365879, "e": 0.440954, "g": 0.038018, "h": 0.0413697, "i": 0.021869, "l": 0.0132339, "k": 0.0348627, "m": 0.014734, "f": 0.0110768, "p": 0.0243535, "s": 0.13078, "t": 0.0592609, "w": 0.0102555, "y": 0.0128753, "v": 0.0256403 },
  "c": { "a": 0.0519058, "r": 0.0107151, "n": 0.0251668, "d": 0.011787, "q": 0.0313996, "e": 0.0139198, "g": 0.0122991, "h": 0.028041, "i": 0.0342997, "l": 0.00906124, "k": 0.0114498, "m": 0.0100445, "f": 0.00926017, "p": 0.0122083, "s": 0.0560757, "t": 0.0329766, "w": 0.0088743, "y": 0.0520556, "v": 0.0135024 },
  "q": { "a": 0.0920547, "r": 0.170055, "n": 0.0732609, "d": 0.0542343, "c": 0.0158355, "e": 0.250672, "g": 0.0351222, "h": 0.283496, "i": 0.0156094, "l": 0.0649711, "k": 0.110865, "m": 0.0310973, "f": 0.0132612, "p": 0.0897438, "s": 0.0313321, "t": 0.0405169, "w": 0.0114939, "y": 0.0130503, "v": 0.0270393 },
  "e": { "a": 0.148798, "r": 0.02829, "n": 0.0729426, "d": 0.450007, "c": 0.012793, "q": 0.325099, "g": 0.0831827, "h": 0.0276614, "i": 0.0195473, "l": 0.0223433, "k": 0.150735, "m": 0.0209042, "f": 0.0133369, "p": 0.069716, "s": 0.0843121, "t": 0.0284373, "w": 0.0121671, "y": 0.0136064, "v": 0.0481587 },
  "g": { "a": 0.226591, "r": 0.0103718, "n": 0.0881354, "d": 0.0504865, "c": 0.0101498, "q": 0.0105949, "e": 0.0297827, "h": 0.008217, "i": 0.00731258, "l": 0.00640031, "k": 0.0347622, "m": 0.012229, "f": 0.0145704, "p": 0.0260269, "s": 0.167027, "t": 0.0235136, "w": 0.00539882, "y": 0.00614053, "v": 0.0205736 },
  "h": { "a": 0.0535286, "r": 0.095704, "n": 0.21504, "d": 0.068842, "c": 0.0344315, "q": 0.192928, "e": 0.0354792, "g": 0.0329229, "i": 0.0208376, "l": 0.0386469, "k": 0.0491576, "m": 0.0265811, "f": 0.0153071, "p": 0.036754, "s": 0.0572987, "t": 0.0340568, "w": 0.0136641, "y": 0.019693, "v": 0.0499948 },
  "i": { "a": 0.05982, "r": 0.0580208, "n": 0.0412059, "d": 0.0283948, "c": 0.0158723, "q": 0.033835, "e": 0.0412673, "g": 0.028854, "h": 0.0257653, "l": 0.225514, "k": 0.0373826, "m": 0.0726262, "f": 0.0684304, "p": 0.0289588, "s": 0.0238254, "t": 0.0760331, "w": 0.0142844, "y": 0.0200689, "v": 0.531971 },
  "l": { "a": 0.0359525, "r": 0.011802, "n": 0.00957471, "d": 0.00911685, "c": 0.00450538, "q": 0.0330828, "e": 0.0159233, "g": 0.0100805, "h": 0.0218538, "i": 0.0889889, "k": 0.00768524, "m": 0.091467, "f": 0.0393956, "p": 0.0108747, "s": 0.0255974, "t": 0.0201543, "w": 0.00661305, "y": 0.00970208, "v": 0.126681 },
  "k": { "a": 0.032521, "r": 0.241852, "n": 0.109224, "d": 0.0192819, "c": 0.0057628, "q": 0.0812869, "e": 0.0349698, "g": 0.0376076, "h": 0.0256573, "i": 0.0169522, "l": 0.0104544, "m": 0.0573327, "f": 0.00666759, "p": 0.0516336, "s": 0.0310964, "t": 0.0649352, "w": 0.00670197, "y": 0.0117332, "v": 0.0163458 },
  "m": { "a": 0.110321, "r": 0.0805681, "n": 0.0488632, "d": 0.044995, "c": 0.03346, "q": 0.0711192, "e": 0.057941, "g": 0.0672168, "h": 0.0528214, "i": 0.174556, "l": 0.563335, "k": 0.179896, "f": 0.0806605, "p": 0.0747536, "s": 0.0730075, "t": 0.0786779, "w": 0.036706, "y": 0.0396456, "v": 0.17517 },
  "f": { "a": 0.0452549, "r": 0.0253884, "n": 0.0115256, "d": 0.0117208, "c": 0.0169974, "q": 0.0136364, "e": 0.0124861, "g": 0.033018, "h": 0.0159417, "i": 0.0526893, "l": 0.120221, "k": 0.0121141, "m": 0.0153139, "p": 0.0113429, "s": 0.0380762, "t": 0.0192092, "w": 0.019455, "y": 0.1918, "v": 0.0622856 },
  "p": { "a": 0.164276, "r": 0.04631, "n": 0.0206695, "d": 0.0297117, "c": 0.0108778, "q": 0.0357828, "e": 0.032335, "g": 0.0556993, "h": 0.0304036, "i": 0.0238332, "l": 0.031732, "k": 0.0440671, "m": 0.0179825, "f": 0.0134723, "s": 0.160292, "t": 0.0908977, "w": 0.00979005, "y": 0.0135605, "v": 0.0713348 },
  "s": { "a": 0.431173, "r": 0.0313884, "n": 0.196709, "d": 0.0881528, "c": 0.0283041, "q": 0.0197004, "e": 0.0285906, "g": 0.187779, "h": 0.0175112, "i": 0.013416, "l": 0.0361853, "k": 0.093217, "m": 0.0142302, "f": 0.0400875, "p": 0.137221, "t": 0.423465, "w": 0.00796691, "y": 0.0278795, "v": 0.0252593 },
  "t": { "a": 0.205111, "r": 0.0172899, "n": 0.115074, "d": 0.0393809, "c": 0.01279, "q": 0.0274115, "e": 0.0701004, "g": 0.0417281, "h": 0.0303393, "i": 0.0836832, "l": 0.0635129, "k": 0.110659, "m": 0.0170669, "f": 0.0113174, "p": 0.0750402, "s": 0.295288, "w": 0.00847681, "y": 0.0222936, "v": 0.137303 },
  "w": { "a": 0.0396024, "r": 0.0867281, "n": 0.0383109, "d": 0.0364152, "c": 0.0330847, "q": 0.0401862, "e": 0.0376949, "g": 0.071753, "h": 0.0383637, "i": 0.0393986, "l": 0.0816321, "k": 0.0397984, "m": 0.0405061, "f": 0.0745668, "p": 0.0374508, "s": 0.0559372, "t": 0.0573868, "y": 0.0700654, "v": 0.0458176 },
  "y": { "a": 0.0233979, "r": 0.0213625, "n": 0.0522848, "d": 0.0184392, "c": 0.0696529, "q": 0.0314991, "e": 0.019684, "g": 0.0306805, "h": 0.0373774, "i": 0.0230522, "l": 0.0740535, "k": 0.0216392, "m": 0.0202977, "f": 0.314654, "p": 0.0380387, "s": 0.0222639, "t": 0.0424762, "w": 0.0163924, "v": 0.0415688 },
  "v": { "a": 0.225982, "r": 0.0148158, "n": 0.025027, "d": 0.033809, "c": 0.026268, "q": 0.0170904, "e": 0.0226742, "g": 0.0472812, "h": 0.0179932, "i": 0.337933, "l": 0.0839006, "k": 0.0344672, "m": 0.0255531, "f": 0.0184052, "p": 0.0219202, "s": 0.0165654, "t": 0.123997, "w": 0.00854465, "y": 0.0309094 }
 }
}
