{
 "alphabet": "arndcqeghilkmfpstwyv",
 "insrate": 0.00624923,
 "insextprob": 0.684211,
 "delrate": 0.00624443,
 "delextprob": 0.766234,
 "rootprob":
 {
  "a": 0.0971728,
  "r": 0.0511416,
  "n": 0.0543753,
  "d": 0.0362414,
  "c": 0.0403966,
  "q": 0.042101,
  "e": 0.0400288,
  "g": 0.0733076,
  "h": 0.0484011,
  "i": 0.0327948,
  "l": 0.0532262,
  "k": 0.085942,
  "m": 0.00613223,
  "f": 0.0514728,
  "p": 0.0448196,
  "s": 0.0506765,
  "t": 0.0766945,
  "w": 0.0105494,
  "y": 0.0360008,
  "v": 0.068525
 },
 "subrate":
 {
  "a": { "r": 0.0232759, "n": 0.0330939, "d": 0.0347044, "c": 0.0149193, "q": 0.0402223, "e": 0.0842113, "g": 0.262729, "h": 0.0166126, "i": 0.0189905, "l": 0.0410873, "k": 0.0353073, "m": 0.0187101, "f": 0.0177749, "p": 0.138013, "s": 0.291431, "t": 0.174606, "w": 0.00702788, "y": 0.00788501, "v": 0.129369 },
  "r": { "a": 0.0480995, "n": 0.0287908, "d": 0.023361, "c": 0.0109417, "q": 0.139132, "e": 0.0162964, "g": 0.0286864, "h": 0.0833893, "i": 0.0240411, "l": 0.0408536, "k": 0.369115, "m": 0.0182055, "f": 0.0275147, "p": 0.0779995, "s": 0.0804164, "t": 0.0588353, "w": 0.0264683, "y": 0.0127059, "v": 0.0177391 },
  "n": { "a": 0.106669, "r": 0.057714, "d": 0.308594, "c": 0.0139672, "q": 0.0471723, "e": 0.0341919, "g": 0.124186, "h": 0.113911, "i": 0.0234795, "l": 0.027441, "k": 0.221946, "m": 0.0159351, "f": 0.0199251, "p": 0.0324936, "s": 0.343686, "t": 0.152705, "w": 0.0110588, "y": 0.0290439, "v": 0.0293852 },
  "d": { "a": 0.0847694, "r": 0.0203387, "n": 0.249668, "c": 0.015471, "q": 0.0255994, "e": 0.398795, "g": 0.124013, "h": 0.036122, "i": 0.0173176, "l": 0.0179412, "k": 0.0260826, "m": 0.0166206, "f": 0.0138035, "p": 0.0467426, "s": 0.124253, "t": 0.0306071, "w": 0.0136773, "y": 0.0152263, "v": 0.0400332 },
  "c": { "a": 0.0425131, "r": 0.0417952, "n": 0.0171679, "d": 0.0286438, "q": 0.0160788, "e": 0.0179684, "g": 0.0213089, "h": 0.0239654, "i": 0.013358, "l": 0.0125001, "k": 0.015365, "m": 0.0220518, "f": 0.0153959, "p": 0.0496785, "s": 0.172529, "t": 0.020907, "w": 0.0125632, "y": 0.012958, "v": 0.0364512 },
  "q": { "a": 0.0656282, "r": 0.111713, "n": 0.0790726, "d": 0.0623866, "c": 0.0129805, "e": 0.271524, "g": 0.0416174, "h": 0.131308, "i": 0.0232617, "l": 0.0441746, "k": 0.0840993, "m": 0.0239101, "f": 0.0162333, "p": 0.0782293, "s": 0.0695444, "t": 0.0934734, "w": 0.0123993, "y": 0.0139694, "v": 0.040423 },
  "e": { "a": 0.106606, "r": 0.0238284, "n": 0.0404457, "d": 0.536495, "c": 0.0144476, "q": 0.29465, "g": 0.044045, "h": 0.0469268, "i": 0.0202805, "l": 0.0174449, "k": 0.109871, "m": 0.0194295, "f": 0.0134421, "p": 0.0519338, "s": 0.10399, "t": 0.0559867, "w": 0.0162611, "y": 0.0251838, "v": 0.0406439 },
  "g": { "a": 0.116676, "r": 0.0196986, "n": 0.0411848, "d": 0.0315477, "c": 0.014461, "q": 0.0129366, "e": 0.0277046, "h": 0.00819746, "i": 0.010415, "l": 0.0186961, "k": 0.0197067, "m": 0.0108291, "f": 0.0103752, "p": 0.0242207, "s": 0.147324, "t": 0.0398202, "w": 0.00673187, "y": 0.011807, "v": 0.0341535 },
  "h": { "a": 0.0283984, "r": 0.144016, "n": 0.258467, "d": 0.0731081, "c": 0.0245579, "q": 0.238346, "e": 0.0270734, "g": 0.0138484, "i": 0.0137474, "l": 0.0323588, "k": 0.0778498, "m": 0.0157461, "f": 0.0219634, "p": 0.0275223, "s": 0.0364097, "t": 0.0383864, "w": 0.0126432, "y": 0.0341994, "v": 0.0137002 },
  "i": { "a": 0.0716389, "r": 0.0341891, "n": 0.0376199, "d": 0.0189032, "c": 0.0178424, "q": 0.0318234, "e": 0.0237093, "g": 0.0175462, "h": 0.0201225, "l": 0.230085, "k": 0.073886, "m": 0.0959224, "f": 0.10758, "p": 0.0347829, "s": 0.0191977, "t": 0.0848158, "w": 0.0177324, "y": 0.0247178, "v": 0.650777 },
  "l": { "a": 0.0267463, "r": 0.022996, "n": 0.0144456, "d": 0.00853499, "c": 0.00921707, "q": 0.0221249, "e": 0.0177728, "g": 0.0154897, "h": 0.0201391, "i": 0.145268, "k": 0.0331546, "m": 0.0672767, "f": 0.0302653, "p": 0.0335538, "s": 0.0121541, "t": 0.0238846, "w": 0.0134166, "y": 0.0131476, "v": 0.0895804 },
  "k": { "a": 0.0567436, "r": 0.248338, "n": 0.121064, "d": 0.0251073, "c": 0.00638641, "q": 0.0702607, "e": 0.0378592, "g": 0.015634, "h": 0.0287456, "i": 0.0235107, "l": 0.0129921, "m": 0.0403109, "f": 0.00615763, "p": 0.0345157, "s": 0.0539827, "t": 0.108746, "w": 0.00727781, "y": 0.00695151, "v": 0.0249553 },
  "m": { "a": 0.146566, "r": 0.132452, "n": 0.109845, "d": 0.0821243, "c": 0.086917, "q": 0.206211, "e": 0.098184, "g": 0.127332, "h": 0.0877145, "i": 0.196414, "l": 0.369791, "k": 0.324173, "f": 0.0842766, "p": 0.0978453, "s": 0.0997086, "t": 0.133488, "w": 0.0647643, "y": 0.0944614, "v": 0.257039 },
  "f": { "a": 0.0315019, "r": 0.0142243, "n": 0.0148473, "d": 0.0110415, "c": 0.00962308, "q": 0.0129346, "e": 0.0108014, "g": 0.0201382, "h": 0.0214983, "i": 0.0896477, "l": 0.107366, "k": 0.0138606, "m": 0.0319432, "p": 0.0110112, "s": 0.0391059, "t": 0.0154563, "w": 0.0333986, "y": 0.203875, "v": 0.0275312 },
  "p": { "a": 0.165385, "r": 0.057976, "n": 0.0369382, "d": 0.0182619, "c": 0.0118268, "q": 0.0326676, "e": 0.048539, "g": 0.0262353, "h": 0.0248897, "i": 0.0296863, "l": 0.0385584, "k": 0.0315366, "m": 0.024808, "f": 0.0183408, "s": 0.0937273, "t": 0.0252072, "w": 0.00979728, "y": 0.0199228, "v": 0.061635 },
  "s": { "a": 0.43907, "r": 0.0516961, "n": 0.165749, "d": 0.0623006, "c": 0.0564596, "q": 0.0324866, "e": 0.0389473, "g": 0.151855, "h": 0.0175276, "i": 0.0130011, "l": 0.0139317, "k": 0.0523041, "m": 0.0139641, "f": 0.0139705, "p": 0.0976342, "t": 0.255442, "w": 0.00828951, "y": 0.029676, "v": 0.0197793 },
  "t": { "a": 0.252307, "r": 0.0183224, "n": 0.118579, "d": 0.0294025, "c": 0.00910185, "q": 0.0688781, "e": 0.0473419, "g": 0.0268544, "h": 0.0270744, "i": 0.0946822, "l": 0.0342436, "k": 0.0857572, "m": 0.0168378, "f": 0.0105219, "p": 0.0747531, "s": 0.294454, "w": 0.0092786, "y": 0.00908064, "v": 0.110424 },
  "w": { "a": 0.0511198, "r": 0.0678418, "n": 0.0438163, "d": 0.0392644, "c": 0.0365619, "q": 0.0790899, "e": 0.0418926, "g": 0.039759, "h": 0.0416783, "i": 0.0420557, "l": 0.0785065, "k": 0.0787373, "m": 0.0433955, "f": 0.0609127, "p": 0.0422208, "s": 0.11053, "t": 0.045453, "y": 0.0443735, "v": 0.0419852 },
  "y": { "a": 0.0205408, "r": 0.015625, "n": 0.0256817, "d": 0.015768, "c": 0.0180113, "q": 0.0202614, "e": 0.0149522, "g": 0.0176504, "h": 0.0299693, "i": 0.0444649, "l": 0.0239452, "k": 0.037702, "m": 0.0174244, "f": 0.288061, "p": 0.0275203, "s": 0.042957, "t": 0.0650213, "w": 0.0300578, "v": 0.0351298 },
  "v": { "a": 0.144884, "r": 0.0252224, "n": 0.0163629, "d": 0.0100329, "c": 0.0105878, "q": 0.0239119, "e": 0.0163274, "g": 0.0266737, "h": 0.018163, "i": 0.388743, "l": 0.132405, "k": 0.026938, "m": 0.0694865, "f": 0.0146259, "p": 0.0279044, "s": 0.0143108, "t": 0.0653344, "w": 0.00783919, "y": 0.0124557 }
 }
}
