{
 "alphabet": "arndcqeghilkmfpstwyv",
 "insrate": 0.00617794,
 "insextprob": 0.612245,
 "delrate": 0.00455562,
 "delextprob": 0.5,
 "rootprob":
 {
  "a": 0.0989462,
  "r": 0.0481217,
  "n": 0.0344479,
  "d": 0.0343475,
  "c": 0.0211117,
  "q": 0.0478006,
  "e": 0.0524851,
  "g": 0.0874682,
  "h": 0.031921,
  "i": 0.0503091,
  "l": 0.0807535,
  "k": 0.0735587,
  "m": 0.0184589,
  "f": 0.0347633,
  "p": 0.0437112,
  "s": 0.0835618,
  "t": 0.0584063,
  "w": 0.00884535,
  "y": 0.0285413,
  "v": 0.0624406
 },
 "subrate":
 {
  "a": { "r": 0.0142295, "n": 0.0263414, "d": 0.0274362, "c": 0.0114543, "q": 0.0427731, "e": 0.0991813, "g": 0.173725, "h": 0.0111306, "i": 0.0216423, "l": 0.0176892, "k": 0.0213073, "m": 0.022014, "f": 0.0119186, "p": 0.12885, "s": 0.365947, "t": 0.149455, "w": 0.00577019, "y": 0.00623316, "v": 0.0956185 },
  "r": { "a": 0.065713, "n": 0.0435405, "d": 0.0216775, "c": 0.0103337, "q": 0.121133, "e": 0.0213901, "g": 0.0267478, "h": 0.0574303, "i": 0.0209744, "l": 0.0354902, "k": 0.389946, "m": 0.0162866, "f": 0.0142711, "p": 0.042242, "s": 0.0709052, "t": 0.0285481, "w": 0.0291973, "y": 0.0127711, "v": 0.0157312 },
  "n": { "a": 0.100357, "r": 0.0463432, "d": 0.457905, "c": 0.0163295, "q": 0.0715822, "e": 0.0596656, "g": 0.151295, "h": 0.162958, "i": 0.0358299, "l": 0.0562799, "k": 0.315216, "m": 0.0248819, "f": 0.024022, "p": 0.0267099, "s": 0.292641, "t": 0.121043, "w": 0.0164173, "y": 0.0334926, "v": 0.0429511 },
  "d": { "a": 0.0389863, "r": 0.0215379, "n": 0.249579, "c": 0.00974918, "q": 0.107361, "e": 0.428551, "g": 0.0805932, "h": 0.0350575, "i": 0.0174669, "l": 0.0129177, "k": 0.0585789, "m": 0.0160862, "f": 0.0120527, "p": 0.0186921, "s": 0.120537, "t": 0.0366433, "w": 0.0100752, "y": 0.0109138, "v": 0.0271628 },
  "c": { "a": 0.0702916, "r": 0.0167231, "n": 0.0190309, "d": 0.0175684, "q": 0.0180948, "e": 0.0176088, "g": 0.0533062, "h": 0.0174747, "i": 0.0357596, "l": 0.030423, "k": 0.0177471, "m": 0.0194327, "f": 0.0173235, "p": 0.047922, "s": 0.0550516, "t": 0.019879, "w": 0.0178923, "y": 0.0162836, "v": 0.0260052 },
  "q": { "a": 0.102667, "r": 0.0720687, "n": 0.0822265, "d": 0.0745624, "c": 0.0240996, "e": 0.368968, "g": 0.0221061, "h": 0.330023, "i": 0.0462389, "l": 0.0553262, "k": 0.117187, "m": 0.0461332, "f": 0.0292105, "p": 0.107153, "s": 0.0743611, "t": 0.0269368, "w": 0.0135418, "y": 0.0169025, "v": 0.0415085 },
  "e": { "a": 0.125794, "r": 0.0259032, "n": 0.038284, "d": 0.547912, "c": 0.00907593, "q": 0.265678, "g": 0.0796927, "h": 0.0225841, "i": 0.0150367, "l": 0.0133592, "k": 0.045323, "m": 0.0221271, "f": 0.0136843, "p": 0.0386641, "s": 0.050323, "t": 0.0199966, "w": 0.00912521, "y": 0.0102437, "v": 0.0312606 },
  "g": { "a": 0.233807, "r": 0.00931399, "n": 0.0720814, "d": 0.0506437, "c": 0.0136771, "q": 0.0299242, "e": 0.031727, "h": 0.0153105, "i": 0.00773669, "l": 0.0237477, "k": 0.0243407, "m": 0.011888, "f": 0.00738569, "p": 0.0152684, "s": 0.154623, "t": 0.0335544, "w": 0.0102421, "y": 0.00671846, "v": 0.0213911 },
  "h": { "a": 0.0342084, "r": 0.0874747, "n": 0.135079, "d": 0.0880423, "c": 0.0160175, "q": 0.247307, "e": 0.0544136, "g": 0.0221627, "i": 0.0217339, "l": 0.0989979, "k": 0.0514835, "m": 0.047611, "f": 0.0788489, "p": 0.0744641, "s": 0.0449945, "t": 0.0328103, "w": 0.0519637, "y": 0.0246859, "v": 0.0439409 },
  "i": { "a": 0.045969, "r": 0.0254773, "n": 0.0324704, "d": 0.0180728, "c": 0.0380029, "q": 0.0290493, "e": 0.0316125, "g": 0.036192, "h": 0.0148703, "l": 0.163487, "k": 0.0384272, "m": 0.112836, "f": 0.0646793, "p": 0.0157469, "s": 0.025413, "t": 0.10714, "w": 0.015987, "y": 0.0193594, "v": 0.540975 },
  "l": { "a": 0.0163921, "r": 0.0186255, "n": 0.0192689, "d": 0.00800375, "c": 0.00728378, "q": 0.0162234, "e": 0.0182922, "g": 0.00781755, "h": 0.00936235, "i": 0.0555261, "k": 0.0101313, "m": 0.0708923, "f": 0.0890349, "p": 0.0390364, "s": 0.0287849, "t": 0.0246471, "w": 0.00558072, "y": 0.0103413, "v": 0.131064 },
  "k": { "a": 0.0483023, "r": 0.232778, "n": 0.112505, "d": 0.0357133, "c": 0.00702704, "q": 0.0814021, "e": 0.04971, "g": 0.0312692, "h": 0.019179, "i": 0.0172893, "l": 0.0434129, "m": 0.0417546, "f": 0.0153475, "p": 0.0496586, "s": 0.0599626, "t": 0.0713215, "w": 0.0122246, "y": 0.00936495, "v": 0.0175722 },
  "m": { "a": 0.1164, "r": 0.0612109, "n": 0.0477351, "d": 0.0441724, "c": 0.0310784, "q": 0.0744521, "e": 0.192894, "g": 0.0533483, "h": 0.0411069, "i": 0.0913295, "l": 0.465351, "k": 0.109814, "f": 0.0720477, "p": 0.0391326, "s": 0.0483023, "t": 0.0633261, "w": 0.0300758, "y": 0.0354914, "v": 0.144248 },
  "f": { "a": 0.0282551, "r": 0.0122969, "n": 0.0139469, "d": 0.0134246, "c": 0.0273249, "q": 0.0135161, "e": 0.0158293, "g": 0.0247873, "h": 0.0188197, "i": 0.075408, "l": 0.118489, "k": 0.0124917, "m": 0.0332516, "p": 0.0126837, "s": 0.0412099, "t": 0.0286453, "w": 0.0122917, "y": 0.243749, "v": 0.0280183 },
  "p": { "a": 0.242442, "r": 0.0223552, "n": 0.0425348, "d": 0.0255324, "c": 0.0121038, "q": 0.139044, "e": 0.0476952, "g": 0.0240322, "h": 0.0490272, "i": 0.0215552, "l": 0.0136679, "k": 0.0241127, "m": 0.0146196, "f": 0.0119132, "s": 0.122522, "t": 0.0638352, "w": 0.0102801, "y": 0.0110182, "v": 0.0318893 },
  "s": { "a": 0.384524, "r": 0.0456321, "n": 0.220159, "d": 0.0643241, "c": 0.0313342, "q": 0.0300215, "e": 0.0281855, "g": 0.226399, "h": 0.0213798, "i": 0.0169463, "l": 0.0112195, "k": 0.0961629, "m": 0.0106748, "f": 0.0129585, "p": 0.110179, "t": 0.417042, "w": 0.010459, "y": 0.00945517, "v": 0.0274847 },
  "t": { "a": 0.222835, "r": 0.0195052, "n": 0.0830459, "d": 0.0482623, "c": 0.0102987, "q": 0.0223044, "e": 0.0414051, "g": 0.0173123, "h": 0.0147383, "i": 0.0846153, "l": 0.0584886, "k": 0.0590515, "m": 0.0239821, "f": 0.0148216, "p": 0.0300341, "s": 0.431168, "w": 0.00848388, "y": 0.0152114, "v": 0.0885785 },
  "w": { "a": 0.0439342, "r": 0.0798634, "n": 0.0490068, "d": 0.042494, "c": 0.04059, "q": 0.0468541, "e": 0.0418065, "g": 0.0421879, "h": 0.0804869, "i": 0.0423637, "l": 0.052052, "k": 0.0491047, "m": 0.0450016, "f": 0.041836, "p": 0.0423938, "s": 0.0523667, "t": 0.0444947, "y": 0.0399518, "v": 0.0441306 },
  "y": { "a": 0.02365, "r": 0.0298142, "n": 0.102966, "d": 0.0206968, "c": 0.034934, "q": 0.0225068, "e": 0.0213591, "g": 0.0263879, "h": 0.100929, "i": 0.0248489, "l": 0.049675, "k": 0.0498212, "m": 0.026349, "f": 0.306502, "p": 0.0207014, "s": 0.0263831, "t": 0.0531787, "w": 0.0476543, "v": 0.0374767 },
  "v": { "a": 0.133599, "r": 0.0122975, "n": 0.0204423, "d": 0.0145575, "c": 0.028376, "q": 0.0133089, "e": 0.0252373, "g": 0.0250937, "h": 0.0104251, "i": 0.299705, "l": 0.146931, "k": 0.0153818, "m": 0.0611818, "f": 0.0194807, "p": 0.0423499, "s": 0.0511188, "t": 0.0715581, "w": 0.00818575, "y": 0.0101187 }
 }
}
