{
 "alphabet": "arndcqeghilkmfpstwyv",
 "insrate": 0.00515373,
 "insextprob": 0.758065,
 "delrate": 0.00549452,
 "delextprob": 0.659574,
 "rootprob":
 {
  "a": 0.0585446,
  "r": 0.0429967,
  "n": 0.0412184,
  "d": 0.0430572,
  "c": 0.0272383,
  "q": 0.0346059,
  "e": 0.0524375,
  "g": 0.0863008,
  "h": 0.0328814,
  "i": 0.0355878,
  "l": 0.0825629,
  "k": 0.101756,
  "m": 0.0164685,
  "f": 0.0483809,
  "p": 0.0560832,
  "s": 0.0710404,
  "t": 0.0684283,
  "w": 0.0103997,
  "y": 0.0174267,
  "v": 0.0725847
 },
 "subrate":
 {
  "a": { "r": 0.0163971, "n": 0.027443, "d": 0.0389561, "c": 0.0138291, "q": 0.0214245, "e": 0.0991517, "g": 0.185663, "h": 0.0181838, "i": 0.0167437, "l": 0.052365, "k": 0.051655, "m": 0.0244517, "f": 0.0119839, "p": 0.0695442, "s": 0.250136, "t": 0.179027, "w": 0.00675997, "y": 0.0141135, "v": 0.157431 },
  "r": { "a": 0.0338817, "n": 0.030423, "d": 0.0186352, "c": 0.0167314, "q": 0.108498, "e": 0.023299, "g": 0.0444144, "h": 0.129258, "i": 0.017244, "l": 0.030502, "k": 0.254329, "m": 0.0172314, "f": 0.0209324, "p": 0.0671943, "s": 0.212934, "t": 0.0365565, "w": 0.0622328, "y": 0.0175946, "v": 0.0180487 },
  "n": { "a": 0.143534, "r": 0.0462882, "d": 0.244435, "c": 0.0162643, "q": 0.0889474, "e": 0.0466972, "g": 0.167919, "h": 0.154916, "i": 0.0289567, "l": 0.0364114, "k": 0.219337, "m": 0.0200211, "f": 0.015187, "p": 0.0206084, "s": 0.237292, "t": 0.0956215, "w": 0.0138159, "y": 0.0203832, "v": 0.0381392 },
  "d": { "a": 0.0594515, "r": 0.0151367, "n": 0.365585, "c": 0.0104431, "q": 0.0690198, "e": 0.524376, "g": 0.0467897, "h": 0.0191185, "i": 0.0196529, "l": 0.014279, "k": 0.0795657, "m": 0.0144485, "f": 0.00952913, "p": 0.0178199, "s": 0.0525986, "t": 0.0414421, "w": 0.010207, "y": 0.0111286, "v": 0.0159868 },
  "c": { "a": 0.0971451, "r": 0.0262457, "n": 0.0305737, "d": 0.018217, "q": 0.0197982, "e": 0.018359, "g": 0.065209, "h": 0.0379709, "i": 0.0293838, "l": 0.0227645, "k": 0.0197253, "m": 0.0197195, "f": 0.0172289, "p": 0.0212677, "s": 0.0541969, "t": 0.0274824, "w": 0.0172417, "y": 0.0334436, "v": 0.0779518 },
  "q": { "a": 0.0804976, "r": 0.116954, "n": 0.0968193, "d": 0.0622419, "c": 0.0227345, "e": 0.235709, "g": 0.035407, "h": 0.208417, "i": 0.0207504, "l": 0.0462288, "k": 0.161301, "m": 0.0233345, "f": 0.0155079, "p": 0.0809843, "s": 0.0662707, "t": 0.0899698, "w": 0.0188831, "y": 0.0155631, "v": 0.0228317 },
  "e": { "a": 0.185306, "r": 0.020361, "n": 0.0569746, "d": 0.571751, "c": 0.00959578, "q": 0.185062, "g": 0.0326726, "h": 0.0190736, "i": 0.0121386, "l": 0.0117843, "k": 0.0598527, "m": 0.0158961, "f": 0.00889075, "p": 0.0472107, "s": 0.0394392, "t": 0.0260738, "w": 0.00978913, "y": 0.0100518, "v": 0.0251507 },
  "g": { "a": 0.158494, "r": 0.0247769, "n": 0.0760666, "d": 0.0288575, "c": 0.0102428, "q": 0.0213121, "e": 0.0364612, "h": 0.00901477, "i": 0.0164269, "l": 0.0116457, "k": 0.020992, "m": 0.0230816, "f": 0.00831787, "p": 0.0264647, "s": 0.180666, "t": 0.0228469, "w": 0.00613791, "y": 0.00838873, "v": 0.0252281 },
  "h": { "a": 0.0600243, "r": 0.138353, "n": 0.172278, "d": 0.0920065, "c": 0.0243884, "q": 0.285631, "e": 0.0696282, "g": 0.058376, "i": 0.0268364, "l": 0.0395183, "k": 0.0400891, "m": 0.025056, "f": 0.0318097, "p": 0.0333036, "s": 0.0518162, "t": 0.0329253, "w": 0.0366344, "y": 0.0271802, "v": 0.0953392 },
  "i": { "a": 0.0592794, "r": 0.0309818, "n": 0.0675, "d": 0.0224144, "c": 0.0200606, "q": 0.0239923, "e": 0.0234624, "g": 0.0409293, "h": 0.0279504, "l": 0.339128, "k": 0.0654763, "m": 0.105841, "f": 0.0943225, "p": 0.0266681, "s": 0.0307669, "t": 0.13751, "w": 0.0166806, "y": 0.0229039, "v": 0.825156 },
  "l": { "a": 0.0369287, "r": 0.0129255, "n": 0.0150669, "d": 0.00722167, "c": 0.00656683, "q": 0.0339718, "e": 0.0149419, "g": 0.00924331, "h": 0.0158479, "i": 0.109999, "k": 0.0159187, "m": 0.0916695, "f": 0.0584139, "p": 0.0335587, "s": 0.0177779, "t": 0.0289766, "w": 0.0152124, "y": 0.0180524, "v": 0.111658 },
  "k": { "a": 0.0305816, "r": 0.167599, "n": 0.0900918, "d": 0.0290842, "c": 0.0060474, "q": 0.0832262, "e": 0.0730386, "g": 0.0372818, "h": 0.0188843, "i": 0.0172674, "l": 0.00888756, "m": 0.0295043, "f": 0.00700654, "p": 0.0194545, "s": 0.0861342, "t": 0.0624438, "w": 0.00723788, "y": 0.00600927, "v": 0.00994184 },
  "m": { "a": 0.126406, "r": 0.0318905, "n": 0.036182, "d": 0.0312032, "c": 0.0267815, "q": 0.0617338, "e": 0.0345478, "g": 0.0461118, "h": 0.0377456, "i": 0.120854, "l": 0.351635, "k": 0.0713389, "f": 0.0796931, "p": 0.0350156, "s": 0.0619065, "t": 0.080607, "w": 0.02952, "y": 0.0310339, "v": 0.0991017 },
  "f": { "a": 0.0219251, "r": 0.0104974, "n": 0.017326, "d": 0.0109362, "c": 0.0101968, "q": 0.0109673, "e": 0.0126524, "g": 0.0110742, "h": 0.0290824, "i": 0.0685642, "l": 0.106018, "k": 0.0134443, "m": 0.0286109, "p": 0.0103388, "s": 0.0277174, "t": 0.0165762, "w": 0.0217175, "y": 0.252074, "v": 0.0149437 },
  "p": { "a": 0.296452, "r": 0.0588297, "n": 0.0205789, "d": 0.0428533, "c": 0.0270923, "q": 0.0539524, "e": 0.0225039, "g": 0.0523006, "h": 0.0430894, "i": 0.0166546, "l": 0.029064, "k": 0.0319829, "m": 0.013367, "f": 0.0127317, "s": 0.149757, "t": 0.0743968, "w": 0.0115841, "y": 0.0131805, "v": 0.109046 },
  "s": { "a": 0.375847, "r": 0.0290371, "n": 0.176515, "d": 0.0504205, "c": 0.0313273, "q": 0.0165148, "e": 0.0510284, "g": 0.196844, "h": 0.0270285, "i": 0.011802, "l": 0.0203652, "k": 0.0800372, "m": 0.0214031, "f": 0.0221235, "p": 0.113079, "t": 0.244062, "w": 0.0142297, "y": 0.0105077, "v": 0.021827 },
  "t": { "a": 0.341455, "r": 0.0208204, "n": 0.0896539, "d": 0.0243452, "c": 0.0243035, "q": 0.0340804, "e": 0.0247539, "g": 0.0367664, "h": 0.0141503, "i": 0.114381, "l": 0.0576879, "k": 0.109002, "m": 0.0325318, "f": 0.0103437, "p": 0.0470002, "s": 0.457824, "w": 0.00916268, "y": 0.035965, "v": 0.0870914 },
  "w": { "a": 0.0400476, "r": 0.228608, "n": 0.0378901, "d": 0.0361025, "c": 0.0325788, "q": 0.0393516, "e": 0.0407182, "g": 0.0375066, "h": 0.0417802, "i": 0.0390053, "l": 0.0392163, "k": 0.0401426, "m": 0.088553, "f": 0.0624097, "p": 0.0366006, "s": 0.09694, "t": 0.0417673, "y": 0.067456, "v": 0.0422706 },
  "y": { "a": 0.0416563, "r": 0.0238788, "n": 0.0324652, "d": 0.0264187, "c": 0.02225, "q": 0.0246108, "e": 0.0408925, "g": 0.0235208, "h": 0.104776, "i": 0.0373032, "l": 0.0590267, "k": 0.0588663, "m": 0.0411164, "f": 0.468434, "p": 0.0231028, "s": 0.0322175, "t": 0.0302235, "w": 0.0339425, "v": 0.0476233 },
  "v": { "a": 0.202374, "r": 0.00884875, "n": 0.0204141, "d": 0.0177896, "c": 0.0244571, "q": 0.0170419, "e": 0.022399, "g": 0.026599, "h": 0.0180012, "i": 0.465322, "l": 0.152137, "k": 0.0229491, "m": 0.0303454, "f": 0.0139501, "p": 0.029401, "s": 0.0414213, "t": 0.119283, "w": 0.00726417, "y": 0.0112741 }
 }
}
