{
 "alphabet": "arndcqeghilkmfpstwyv",
 "insrate": 0.00402837,
 "insextprob": 0.478261,
 "delrate": 0.00402476,
 "delextprob": 0.625,
 "rootprob":
 {
  "a": 0.0808428,
  "r": 0.0246203,
  "n": 0.0450524,
  "d": 0.0553195,
  "c": 0.0370237,
  "q": 0.0344857,
  "e": 0.0357734,
  "g": 0.0762919,
  "h": 0.0324594,
  "i": 0.0446281,
  "l": 0.0952311,
  "k": 0.0898941,
  "m": 0.0168322,
  "f": 0.0296709,
  "p": 0.0566103,
  "s": 0.0721333,
  "t": 0.0569104,
  "w": 0.0148042,
  "y": 0.0425051,
  "v": 0.0589114
 },
 "subrate":
 {
  "a": { "r": 0.0232139, "n": 0.0276329, "d": 0.0336901, "c": 0.0178662, "q": 0.0352337, "e": 0.0786162, "g": 0.15999, "h": 0.0233295, "i": 0.0170441, "l": 0.0292877, "k": 0.0383201, "m": 0.0206422, "f": 0.00787757, "p": 0.134707, "s": 0.312024, "t": 0.181573, "w": 0.00529137, "y": 0.0111578, "v": 0.13561 },
  "r": { "a": 0.0601066, "n": 0.0359941, "d": 0.0236694, "c": 0.016109, "q": 0.122664, "e": 0.0312725, "g": 0.0285007, "h": 0.11922, "i": 0.0193161, "l": 0.023349, "k": 0.451093, "m": 0.0281364, "f": 0.014509, "p": 0.0601016, "s": 0.0504351, "t": 0.0258644, "w": 0.0337645, "y": 0.0150754, "v": 0.0198561 },
  "n": { "a": 0.139553, "r": 0.0490777, "d": 0.305593, "c": 0.0144538, "q": 0.05502, "e": 0.106636, "g": 0.120738, "h": 0.14117, "i": 0.0387193, "l": 0.0363774, "k": 0.144642, "m": 0.018366, "f": 0.0135394, "p": 0.0425091, "s": 0.215784, "t": 0.0913851, "w": 0.0112254, "y": 0.0262875, "v": 0.0277952 },
  "d": { "a": 0.138733, "r": 0.0194654, "n": 0.261791, "c": 0.010223, "q": 0.0713775, "e": 0.532301, "g": 0.15842, "h": 0.0480576, "i": 0.0179056, "l": 0.0110599, "k": 0.0543533, "m": 0.0133802, "f": 0.0115534, "p": 0.0180492, "s": 0.0659138, "t": 0.0323561, "w": 0.00871742, "y": 0.0120113, "v": 0.022697 },
  "c": { "a": 0.0362665, "r": 0.0294399, "n": 0.0124541, "d": 0.0113089, "q": 0.0176968, "e": 0.0118683, "g": 0.0145155, "h": 0.0115513, "i": 0.0191636, "l": 0.012011, "k": 0.01174, "m": 0.0121336, "f": 0.0195028, "p": 0.0259776, "s": 0.0997149, "t": 0.0223938, "w": 0.0104203, "y": 0.0132736, "v": 0.0300917 },
  "q": { "a": 0.12872, "r": 0.139346, "n": 0.0461902, "d": 0.0791238, "c": 0.0181919, "e": 0.32194, "g": 0.0307914, "h": 0.242761, "i": 0.0331023, "l": 0.0538497, "k": 0.186197, "m": 0.0303257, "f": 0.0169477, "p": 0.0707077, "s": 0.0679469, "t": 0.0342206, "w": 0.0144464, "y": 0.018587, "v": 0.0312847 },
  "e": { "a": 0.160537, "r": 0.0337633, "n": 0.0707423, "d": 0.510433, "c": 0.0129318, "q": 0.253973, "g": 0.0747846, "h": 0.0492865, "i": 0.0182882, "l": 0.0223543, "k": 0.100662, "m": 0.0170392, "f": 0.01522, "p": 0.0567213, "s": 0.0611405, "t": 0.0500241, "w": 0.0104336, "y": 0.0191342, "v": 0.0327155 },
  "g": { "a": 0.195033, "r": 0.0136717, "n": 0.0345975, "d": 0.0651156, "c": 0.0129469, "q": 0.0200381, "e": 0.0528702, "h": 0.0185272, "i": 0.0110249, "l": 0.00827236, "k": 0.0555845, "m": 0.00809255, "f": 0.0201499, "p": 0.0284585, "s": 0.124336, "t": 0.0199924, "w": 0.00576125, "y": 0.00937842, "v": 0.0310314 },
  "h": { "a": 0.0480346, "r": 0.0898233, "n": 0.207133, "d": 0.0571316, "c": 0.0184049, "q": 0.161556, "e": 0.0316394, "g": 0.0243208, "i": 0.0388643, "l": 0.0644323, "k": 0.0602486, "m": 0.0213877, "f": 0.0298898, "p": 0.0616264, "s": 0.0673313, "t": 0.028048, "w": 0.013632, "y": 0.0624451, "v": 0.0416296 },
  "i": { "a": 0.0602119, "r": 0.0333636, "n": 0.041045, "d": 0.0150745, "c": 0.0128316, "q": 0.0200064, "e": 0.0320201, "g": 0.0168648, "h": 0.0192274, "l": 0.23721, "k": 0.0552266, "m": 0.0690621, "f": 0.0705316, "p": 0.0299597, "s": 0.0178083, "t": 0.111123, "w": 0.0105262, "y": 0.027184, "v": 0.623063 },
  "l": { "a": 0.0208969, "r": 0.0124534, "n": 0.00949472, "d": 0.00846652, "c": 0.00531628, "q": 0.0428205, "e": 0.0140014, "g": 0.00944783, "h": 0.0206352, "i": 0.117841, "k": 0.0137438, "m": 0.0669725, "f": 0.0699015, "p": 0.0326619, "s": 0.0221876, "t": 0.035641, "w": 0.00491956, "y": 0.0159975, "v": 0.141548 },
  "k": { "a": 0.0406007, "r": 0.215685, "n": 0.0691172, "d": 0.0570646, "c": 0.0075976, "q": 0.0872344, "e": 0.0551546, "g": 0.0355692, "h": 0.0204331, "i": 0.0105158, "l": 0.00912463, "m": 0.0482276, "f": 0.00615694, "p": 0.0282501, "s": 0.0363453, "t": 0.0597182, "w": 0.00607062, "y": 0.00737538, "v": 0.0163562 },
  "m": { "a": 0.0840216, "r": 0.0548232, "n": 0.0793941, "d": 0.042276, "c": 0.0291168, "q": 0.107227, "e": 0.0432892, "g": 0.0369018, "h": 0.0367471, "i": 0.0900947, "l": 0.453577, "k": 0.0912801, "f": 0.0470691, "p": 0.0738312, "s": 0.0627031, "t": 0.0970339, "w": 0.0260769, "y": 0.0472568, "v": 0.135724 },
  "f": { "a": 0.0274175, "r": 0.0153105, "n": 0.016613, "d": 0.0146293, "c": 0.0348786, "q": 0.0156781, "e": 0.0163293, "g": 0.0272072, "h": 0.0343384, "i": 0.052336, "l": 0.137241, "k": 0.0169327, "m": 0.0208992, "p": 0.0149376, "s": 0.0515272, "t": 0.0247224, "w": 0.0125699, "y": 0.256757, "v": 0.0467785 },
  "p": { "a": 0.140658, "r": 0.0438142, "n": 0.027159, "d": 0.0374559, "c": 0.0197724, "q": 0.0466339, "e": 0.0370068, "g": 0.0265583, "h": 0.0492297, "i": 0.0339704, "l": 0.0597734, "k": 0.0204564, "m": 0.0168053, "f": 0.0133426, "s": 0.17484, "t": 0.0601944, "w": 0.00806804, "y": 0.0124052, "v": 0.0324282 },
  "s": { "a": 0.386642, "r": 0.0456208, "n": 0.157442, "d": 0.0451207, "c": 0.0226624, "q": 0.0230454, "e": 0.0339226, "g": 0.217699, "h": 0.0175473, "i": 0.0177387, "l": 0.022108, "k": 0.0784267, "m": 0.0131389, "f": 0.0124522, "p": 0.104175, "t": 0.338712, "w": 0.0124992, "y": 0.0115616, "v": 0.0340088 },
  "t": { "a": 0.259879, "r": 0.0311328, "n": 0.111202, "d": 0.0184132, "c": 0.01398, "q": 0.022876, "e": 0.0490466, "g": 0.0205519, "h": 0.013119, "i": 0.0764879, "l": 0.0342847, "k": 0.1236, "m": 0.0212751, "f": 0.0107165, "p": 0.0930957, "s": 0.438565, "w": 0.0080513, "y": 0.0135623, "v": 0.128201 },
  "w": { "a": 0.0305906, "r": 0.0292224, "n": 0.029761, "d": 0.0279641, "c": 0.0275681, "q": 0.02893, "e": 0.0292426, "g": 0.0284658, "h": 0.028586, "i": 0.0302211, "l": 0.0386048, "k": 0.0281419, "m": 0.0307062, "f": 0.054557, "p": 0.0410082, "s": 0.0788896, "t": 0.030662, "y": 0.0819766, "v": 0.0293031 },
  "y": { "a": 0.0272974, "r": 0.0198247, "n": 0.034555, "d": 0.0214876, "c": 0.0381055, "q": 0.0137417, "e": 0.0217488, "g": 0.0230899, "h": 0.0651854, "i": 0.0216463, "l": 0.0599811, "k": 0.0216589, "m": 0.0141187, "f": 0.22875, "p": 0.0121469, "s": 0.0286587, "t": 0.0550318, "w": 0.0108012, "v": 0.0304553 },
  "v": { "a": 0.22105, "r": 0.0162552, "n": 0.0263337, "d": 0.0122796, "c": 0.0106589, "q": 0.0232452, "e": 0.0466886, "g": 0.0338159, "h": 0.0225419, "i": 0.371163, "l": 0.142632, "k": 0.0160539, "m": 0.0405464, "f": 0.0265885, "p": 0.0186856, "s": 0.0163216, "t": 0.106795, "w": 0.00704134, "y": 0.0130644 }
 }
}
