{
 "alphabet": "arndcqeghilkmfpstwyv",
 "insrate": 0.00339804,
 "insextprob": 0.615385,
 "delrate": 0.00543112,
 "delextprob": 0.5,
 "rootprob":
 {
  "a": 0.0858466,
  "r": 0.0315357,
  "n": 0.033979,
  "d": 0.0529711,
  "c": 0.0257588,
  "q": 0.0485027,
  "e": 0.0422632,
  "g": 0.0794464,
  "h": 0.0250768,
  "i": 0.0411942,
  "l": 0.0874053,
  "k": 0.10235,
  "m": 0.0206861,
  "f": 0.0409668,
  "p": 0.0615738,
  "s": 0.053937,
  "t": 0.0507011,
  "w": 0.0128941,
  "y": 0.0415115,
  "v": 0.0613998
 },
 "subrate":
 {
  "a": { "r": 0.0101383, "n": 0.0598124, "d": 0.0556844, "c": 0.0198973, "q": 0.0427679, "e": 0.0702306, "g": 0.182357, "h": 0.0107207, "i": 0.0232082, "l": 0.0824024, "k": 0.0417659, "m": 0.0196513, "f": 0.0125433, "p": 0.121889, "s": 0.301962, "t": 0.179459, "w": 0.00625611, "y": 0.00618327, "v": 0.107849 },
  "r": { "a": 0.0576598, "n": 0.0487855, "d": 0.0260294, "c": 0.0214707, "q": 0.0451633, "e": 0.0265387, "g": 0.0265651, "h": 0.129533, "i": 0.0239369, "l": 0.0476879, "k": 0.434022, "m": 0.0294183, "f": 0.0317798, "p": 0.0611391, "s": 0.0542453, "t": 0.0323108, "w": 0.0141905, "y": 0.0156187, "v": 0.0293439 },
  "n": { "a": 0.104836, "r": 0.0271315, "d": 0.377912, "c": 0.0209618, "q": 0.0506495, "e": 0.0732479, "g": 0.140101, "h": 0.179757, "i": 0.0246055, "l": 0.0245749, "k": 0.195489, "m": 0.0190942, "f": 0.0150672, "p": 0.0290988, "s": 0.348812, "t": 0.103259, "w": 0.0138907, "y": 0.0227691, "v": 0.031891 },
  "d": { "a": 0.11373, "r": 0.0134337, "n": 0.319619, "c": 0.0210556, "q": 0.0385828, "e": 0.406522, "g": 0.117371, "h": 0.0509721, "i": 0.0361942, "l": 0.0211992, "k": 0.0289087, "m": 0.0136816, "f": 0.0140964, "p": 0.0207517, "s": 0.10441, "t": 0.06004, "w": 0.0106514, "y": 0.0105293, "v": 0.0158029 },
  "c": { "a": 0.0271071, "r": 0.0169584, "n": 0.0193453, "d": 0.0372689, "q": 0.0179941, "e": 0.0462462, "g": 0.0178793, "h": 0.0222178, "i": 0.0192108, "l": 0.0157108, "k": 0.0197455, "m": 0.0166692, "f": 0.0149222, "p": 0.0225181, "s": 0.0978745, "t": 0.0188363, "w": 0.0142739, "y": 0.0213832, "v": 0.029059 },
  "q": { "a": 0.0517222, "r": 0.166558, "n": 0.12147, "d": 0.0533876, "c": 0.0151954, "e": 0.261777, "g": 0.0311609, "h": 0.218861, "i": 0.0232372, "l": 0.0774972, "k": 0.0902014, "m": 0.0206199, "f": 0.0146058, "p": 0.0994884, "s": 0.0623107, "t": 0.0536318, "w": 0.0127138, "y": 0.0215896, "v": 0.0633193 },
  "e": { "a": 0.126403, "r": 0.0164634, "n": 0.0869627, "d": 0.374967, "c": 0.0125178, "q": 0.149109, "g": 0.0502048, "h": 0.0284002, "i": 0.0300537, "l": 0.0250533, "k": 0.0717408, "m": 0.013311, "f": 0.0101217, "p": 0.0294575, "s": 0.0607418, "t": 0.0353909, "w": 0.0111275, "y": 0.00984354, "v": 0.0321853 },
  "g": { "a": 0.150909, "r": 0.00768688, "n": 0.0344416, "d": 0.0582527, "c": 0.0113495, "q": 0.0198435, "e": 0.0205127, "h": 0.0130328, "i": 0.0199126, "l": 0.00761122, "k": 0.0372182, "m": 0.00692276, "f": 0.00966465, "p": 0.0186497, "s": 0.210547, "t": 0.0248616, "w": 0.0065807, "y": 0.00526413, "v": 0.0235778 },
  "h": { "a": 0.0454783, "r": 0.152467, "n": 0.135925, "d": 0.0629428, "c": 0.0289287, "q": 0.15988, "e": 0.0338056, "g": 0.0243345, "i": 0.0237651, "l": 0.0838223, "k": 0.0757129, "m": 0.0213759, "f": 0.0246243, "p": 0.0341837, "s": 0.0792811, "t": 0.0424358, "w": 0.0160506, "y": 0.0999958, "v": 0.0418451 },
  "i": { "a": 0.0376408, "r": 0.047182, "n": 0.0433389, "d": 0.0175037, "c": 0.0337522, "q": 0.0326342, "e": 0.0281046, "g": 0.0315606, "h": 0.0273784, "l": 0.251896, "k": 0.0775447, "m": 0.041274, "f": 0.0313051, "p": 0.0257209, "s": 0.0275214, "t": 0.148326, "w": 0.0133759, "y": 0.024118, "v": 0.691125 },
  "l": { "a": 0.039491, "r": 0.00867991, "n": 0.024908, "d": 0.0137626, "c": 0.00866288, "q": 0.0427933, "e": 0.00746338, "g": 0.0132484, "h": 0.0188036, "i": 0.0829706, "k": 0.0177797, "m": 0.0968764, "f": 0.0487288, "p": 0.0108476, "s": 0.011741, "t": 0.0253519, "w": 0.00774913, "y": 0.0180262, "v": 0.135489 },
  "k": { "a": 0.0310616, "r": 0.168268, "n": 0.132607, "d": 0.0488031, "c": 0.00667961, "q": 0.0746432, "e": 0.0597891, "g": 0.0421821, "h": 0.0197383, "i": 0.0122114, "l": 0.0189064, "m": 0.0495631, "f": 0.00530818, "p": 0.0424405, "s": 0.082569, "t": 0.0777686, "w": 0.00540584, "y": 0.00570304, "v": 0.0112137 },
  "m": { "a": 0.18871, "r": 0.124938, "n": 0.050999, "d": 0.0400693, "c": 0.0387189, "q": 0.0598535, "e": 0.0423382, "g": 0.0407228, "h": 0.0403422, "i": 0.289109, "l": 0.498797, "k": 0.125644, "f": 0.13417, "p": 0.0399343, "s": 0.0491295, "t": 0.0843973, "w": 0.0321434, "y": 0.0345989, "v": 0.195739 },
  "f": { "a": 0.0211018, "r": 0.0127405, "n": 0.0134559, "d": 0.0262017, "c": 0.0230506, "q": 0.0125597, "e": 0.0121655, "g": 0.0197031, "h": 0.0140713, "i": 0.0622105, "l": 0.123649, "k": 0.0142501, "m": 0.0225208, "p": 0.0126706, "s": 0.0192258, "t": 0.013562, "w": 0.0177565, "y": 0.224399, "v": 0.0350873 },
  "p": { "a": 0.132884, "r": 0.0448178, "n": 0.0325785, "d": 0.0282446, "c": 0.0163048, "q": 0.0805641, "e": 0.0359174, "g": 0.03457, "h": 0.0451206, "i": 0.0138526, "l": 0.0333514, "k": 0.029032, "m": 0.013541, "f": 0.0190868, "s": 0.218374, "t": 0.0584846, "w": 0.0091038, "y": 0.0135061, "v": 0.033036 },
  "s": { "a": 0.458694, "r": 0.0315655, "n": 0.194255, "d": 0.0879303, "c": 0.038802, "q": 0.0385464, "e": 0.0477712, "g": 0.214819, "h": 0.027378, "i": 0.0136905, "l": 0.0187865, "k": 0.0689472, "m": 0.0131583, "f": 0.00993861, "p": 0.107811, "t": 0.367538, "w": 0.00845909, "y": 0.00934566, "v": 0.0217574 },
  "t": { "a": 0.230362, "r": 0.0212373, "n": 0.107954, "d": 0.0294345, "c": 0.0249251, "q": 0.0458884, "e": 0.063856, "g": 0.05269, "h": 0.0176542, "i": 0.0459122, "l": 0.0350207, "k": 0.0799226, "m": 0.0195363, "f": 0.00990962, "p": 0.0673258, "s": 0.441452, "w": 0.00974255, "y": 0.0165628, "v": 0.133007 },
  "w": { "a": 0.0395197, "r": 0.0915091, "n": 0.0411703, "d": 0.0411737, "c": 0.03781, "q": 0.0389409, "e": 0.0388755, "g": 0.0379364, "h": 0.0388715, "i": 0.0382863, "l": 0.0415292, "k": 0.0392208, "m": 0.0381897, "f": 0.0638336, "p": 0.0379414, "s": 0.0679143, "t": 0.0434912, "y": 0.040883, "v": 0.0383595 },
  "y": { "a": 0.026612, "r": 0.0186527, "n": 0.0457556, "d": 0.0145655, "c": 0.0186454, "q": 0.0138735, "e": 0.0127869, "g": 0.0237589, "h": 0.0483362, "i": 0.0166968, "l": 0.0369837, "k": 0.0197748, "m": 0.0145081, "f": 0.230352, "p": 0.0139275, "s": 0.0168508, "t": 0.0275457, "w": 0.0308708, "v": 0.0418767 },
  "v": { "a": 0.17165, "r": 0.0112723, "n": 0.0155958, "d": 0.0175661, "c": 0.0206112, "q": 0.0147086, "e": 0.0271522, "g": 0.0250362, "h": 0.0193821, "i": 0.400494, "l": 0.134319, "k": 0.0377701, "m": 0.0254834, "f": 0.0213764, "p": 0.016814, "s": 0.026818, "t": 0.112889, "w": 0.00799569, "y": 0.00934641 }
 }
}
