{
 "alphabet": "arndcqeghilkmfpstwyv",
 "insrate": 0.00635392,
 "insextprob": 0.525,
 "delrate": 0.00502395,
 "delextprob": 0.625,
 "rootprob":
 {
  "a": 0.06856,
  "r": 0.0285437,
  "n": 0.0375086,
  "d": 0.0423119,
  "c": 0.0334842,
  "q": 0.0447133,
  "e": 0.0535986,
  "g": 0.0810778,
  "h": 0.0350124,
  "i": 0.0253893,
  "l": 0.0876329,
  "k": 0.0811492,
  "m": 0.0180767,
  "f": 0.0473585,
  "p": 0.0519294,
  "s": 0.0781128,
  "t": 0.0626447,
  "w": 0.00897512,
  "y": 0.0323133,
  "v": 0.0816075
 },
 "subrate":
 {
  "a": { "r": 0.0338348, "n": 0.028107, "d": 0.072533, "c": 0.0168949, "q": 0.0408622, "e": 0.111887, "g": 0.241572, "h": 0.0131752, "i": 0.0204942, "l": 0.046348, "k": 0.0510288, "m": 0.0281295, "f": 0.00908821, "p": 0.117683, "s": 0.274673, "t": 0.144299, "w": 0.00714804, "y": 0.0132379, "v": 0.104509 },
  "r": { "a": 0.0392258, "n": 0.0720617, "d": 0.0425861, "c": 0.0301114, "q": 0.128723, "e": 0.0321888, "g": 0.0447053, "h": 0.132033, "i": 0.0254267, "l": 0.0589663, "k": 0.450422, "m": 0.0308821, "f": 0.0176305, "p": 0.0331141, "s": 0.0670444, "t": 0.0618904, "w": 0.0152234, "y": 0.0179063, "v": 0.0269868 },
  "n": { "a": 0.0605856, "r": 0.062007, "d": 0.34409, "c": 0.0132026, "q": 0.0615874, "e": 0.0606082, "g": 0.147544, "h": 0.154227, "i": 0.0197416, "l": 0.0204985, "k": 0.170249, "m": 0.0209874, "f": 0.0219871, "p": 0.0844919, "s": 0.271344, "t": 0.10725, "w": 0.0159663, "y": 0.0195544, "v": 0.0255482 },
  "d": { "a": 0.12362, "r": 0.0137131, "n": 0.300718, "c": 0.00961903, "q": 0.0368948, "e": 0.412131, "g": 0.0898605, "h": 0.0489209, "i": 0.0132828, "l": 0.0203428, "k": 0.0307982, "m": 0.0134047, "f": 0.00979314, "p": 0.0175901, "s": 0.109024, "t": 0.048184, "w": 0.0154043, "y": 0.0112089, "v": 0.0170355 },
  "c": { "a": 0.0283187, "r": 0.0402974, "n": 0.0184601, "d": 0.0180451, "q": 0.015777, "e": 0.0166884, "g": 0.0288001, "h": 0.0158218, "i": 0.0507423, "l": 0.0172585, "k": 0.020224, "m": 0.0198999, "f": 0.0201463, "p": 0.0615617, "s": 0.11523, "t": 0.0282993, "w": 0.0258249, "y": 0.0527724, "v": 0.0581497 },
  "q": { "a": 0.112429, "r": 0.0897003, "n": 0.0918419, "d": 0.0869875, "c": 0.0117804, "e": 0.308988, "g": 0.0414847, "h": 0.139271, "i": 0.0176057, "l": 0.0400944, "k": 0.125743, "m": 0.02216, "f": 0.0129097, "p": 0.0682492, "s": 0.0671819, "t": 0.0571466, "w": 0.0121327, "y": 0.0125693, "v": 0.0219416 },
  "e": { "a": 0.143233, "r": 0.0192396, "n": 0.0560898, "d": 0.51049, "c": 0.0109622, "q": 0.367576, "g": 0.0592915, "h": 0.0389515, "i": 0.0152011, "l": 0.0197181, "k": 0.0997825, "m": 0.014749, "f": 0.010397, "p": 0.0525185, "s": 0.0775309, "t": 0.0315865, "w": 0.0115505, "y": 0.0128893, "v": 0.0321655 },
  "g": { "a": 0.135228, "r": 0.00926714, "n": 0.0300267, "d": 0.0963472, "c": 0.0078488, "q": 0.00997135, "e": 0.0219608, "h": 0.0150136, "i": 0.00851774, "l": 0.00968261, "k": 0.0184161, "m": 0.00744681, "f": 0.00639051, "p": 0.012721, "s": 0.135268, "t": 0.0383562, "w": 0.00545962, "y": 0.0079689, "v": 0.0241741 },
  "h": { "a": 0.063221, "r": 0.0584632, "n": 0.322961, "d": 0.0487265, "c": 0.0140118, "q": 0.200935, "e": 0.0367402, "g": 0.0201633, "i": 0.0211866, "l": 0.0472971, "k": 0.025882, "m": 0.0197777, "f": 0.046078, "p": 0.0503666, "s": 0.0628024, "t": 0.0272343, "w": 0.0139413, "y": 0.0383015, "v": 0.0207971 },
  "i": { "a": 0.0415985, "r": 0.0419508, "n": 0.039798, "d": 0.0260003, "c": 0.0332041, "q": 0.0209915, "e": 0.0193635, "g": 0.0257147, "h": 0.0203385, "l": 0.282699, "k": 0.0657981, "m": 0.0983348, "f": 0.0312633, "p": 0.038428, "s": 0.0383896, "t": 0.146605, "w": 0.0140375, "y": 0.019587, "v": 0.642385 },
  "l": { "a": 0.0446903, "r": 0.0107409, "n": 0.018232, "d": 0.00685712, "c": 0.00552403, "q": 0.0211824, "e": 0.00683416, "g": 0.0163614, "h": 0.023619, "i": 0.147599, "k": 0.0143347, "m": 0.0956103, "f": 0.0812107, "p": 0.0137068, "s": 0.0158247, "t": 0.0342263, "w": 0.00996372, "y": 0.0073831, "v": 0.0889119 },
  "k": { "a": 0.0217047, "r": 0.262968, "n": 0.0911976, "d": 0.0206556, "c": 0.00695923, "q": 0.0450254, "e": 0.0795778, "g": 0.0201482, "h": 0.0203002, "i": 0.0338369, "l": 0.0183221, "m": 0.0403288, "f": 0.00686126, "p": 0.0162033, "s": 0.061115, "t": 0.0833916, "w": 0.00653678, "y": 0.00729027, "v": 0.0150835 },
  "m": { "a": 0.155343, "r": 0.0810373, "n": 0.0510663, "d": 0.0406046, "c": 0.0330104, "q": 0.0893038, "e": 0.0418835, "g": 0.113552, "h": 0.0442529, "i": 0.21572, "l": 0.631308, "k": 0.184051, "f": 0.130895, "p": 0.0468167, "s": 0.064077, "t": 0.118637, "w": 0.0322604, "y": 0.0404867, "v": 0.123191 },
  "f": { "a": 0.0203059, "r": 0.0203191, "n": 0.0110923, "d": 0.0108584, "c": 0.0163662, "q": 0.0102017, "e": 0.0112514, "g": 0.0199895, "h": 0.0207026, "i": 0.103682, "l": 0.155111, "k": 0.0148111, "m": 0.0244614, "p": 0.017675, "s": 0.0126117, "t": 0.0250664, "w": 0.00967361, "y": 0.151061, "v": 0.017404 },
  "p": { "a": 0.120147, "r": 0.0588931, "n": 0.0282232, "d": 0.0181551, "c": 0.01877, "q": 0.0810369, "e": 0.0524781, "g": 0.0128885, "h": 0.102593, "i": 0.0192183, "l": 0.0334982, "k": 0.0194372, "m": 0.0137672, "f": 0.0098824, "s": 0.107333, "t": 0.0290417, "w": 0.00957495, "y": 0.0100167, "v": 0.0371695 },
  "s": { "a": 0.341357, "r": 0.0757565, "n": 0.188043, "d": 0.0662491, "c": 0.0702534, "q": 0.0394218, "e": 0.0708997, "g": 0.207336, "h": 0.0356157, "i": 0.033492, "l": 0.036947, "k": 0.0940844, "m": 0.0198678, "f": 0.0210245, "p": 0.117666, "t": 0.329112, "w": 0.00832015, "y": 0.0111222, "v": 0.0218926 },
  "t": { "a": 0.213346, "r": 0.0196376, "n": 0.0751522, "d": 0.0357726, "c": 0.0137322, "q": 0.0168476, "e": 0.0310465, "g": 0.031191, "h": 0.0194443, "i": 0.0697792, "l": 0.0290349, "k": 0.104819, "m": 0.0319044, "f": 0.012164, "p": 0.0525266, "s": 0.401884, "w": 0.00835628, "y": 0.0169654, "v": 0.141869 },
  "w": { "a": 0.0622837, "r": 0.122036, "n": 0.052406, "d": 0.0531324, "c": 0.0443308, "q": 0.0658014, "e": 0.053139, "g": 0.0513505, "h": 0.0526209, "i": 0.0506608, "l": 0.0499063, "k": 0.0533166, "m": 0.050525, "f": 0.0453408, "p": 0.0499678, "s": 0.0536199, "t": 0.0525048, "y": 0.0891205, "v": 0.0495848 },
  "y": { "a": 0.0389854, "r": 0.0310464, "n": 0.022462, "d": 0.0205037, "c": 0.0421013, "q": 0.0166616, "e": 0.0182256, "g": 0.0200679, "h": 0.072797, "i": 0.0388732, "l": 0.0199832, "k": 0.0267647, "m": 0.034075, "f": 0.281588, "p": 0.0335343, "s": 0.0608126, "t": 0.0351251, "w": 0.0156506, "v": 0.0236937 },
  "v": { "a": 0.197401, "r": 0.0175121, "n": 0.0209121, "d": 0.0284155, "c": 0.0295986, "q": 0.0118109, "e": 0.0128378, "g": 0.0505728, "h": 0.0181769, "i": 0.407075, "l": 0.128194, "k": 0.0264857, "m": 0.0306437, "f": 0.0123643, "p": 0.0444611, "s": 0.0316723, "t": 0.163904, "w": 0.00842711, "y": 0.0314035 }
 }
}
