{
 "alphabet": "arndcqeghilkmfpstwyv",
 "insrate": 0.00551505,
 "insextprob": 0.701754,
 "delrate": 0.00324832,
 "delextprob": 0.736842,
 "rootprob":
 {
  "a": 0.0922081,
  "r": 0.0506877,
  "n": 0.0408657,
  "d": 0.0451697,
  "c": 0.0276688,
  "q": 0.0455847,
  "e": 0.0399958,
  "g": 0.0762799,
  "h": 0.0403019,
  "i": 0.0354711,
  "l": 0.0880016,
  "k": 0.0774995,
  "m": 0.00903231,
  "f": 0.0348855,
  "p": 0.0691343,
  "s": 0.0571774,
  "t": 0.060895,
  "w": 0.010138,
  "y": 0.0315385,
  "v": 0.0674645
 },
 "subrate":
 {
  "a": { "r": 0.0391805, "n": 0.0522735, "d": 0.0358343, "c": 0.0149254, "q": 0.037346, "e": 0.132477, "g": 0.225073, "h": 0.0150605, "i": 0.0216666, "l": 0.024333, "k": 0.0381308, "m": 0.0386642, "f": 0.00908527, "p": 0.0920954, "s": 0.336611, "t": 0.224033, "w": 0.00723573, "y": 0.0059534, "v": 0.167654 },
  "r": { "a": 0.110971, "n": 0.0308514, "d": 0.0189126, "c": 0.0236844, "q": 0.12555, "e": 0.0210495, "g": 0.0333554, "h": 0.0752766, "i": 0.0178927, "l": 0.0338362, "k": 0.337911, "m": 0.0363667, "f": 0.0149383, "p": 0.0565757, "s": 0.0673229, "t": 0.034082, "w": 0.0164368, "y": 0.0162657, "v": 0.018585 },
  "n": { "a": 0.0698306, "r": 0.0392193, "d": 0.345255, "c": 0.0136087, "q": 0.0955041, "e": 0.0681053, "g": 0.133984, "h": 0.116496, "i": 0.0176075, "l": 0.0253814, "k": 0.338057, "m": 0.0179485, "f": 0.0167547, "p": 0.0436325, "s": 0.298991, "t": 0.109096, "w": 0.0134976, "y": 0.0366041, "v": 0.0394096 },
  "d": { "a": 0.0419754, "r": 0.0195852, "n": 0.340749, "c": 0.0107011, "q": 0.0518538, "e": 0.598621, "g": 0.0691469, "h": 0.0405754, "i": 0.0144214, "l": 0.0137611, "k": 0.0416147, "m": 0.0142692, "f": 0.0116284, "p": 0.025131, "s": 0.0719972, "t": 0.0354213, "w": 0.0117925, "y": 0.0117782, "v": 0.0253442 },
  "c": { "a": 0.0666545, "r": 0.0334228, "n": 0.0229545, "d": 0.0171165, "q": 0.0176354, "e": 0.0167496, "g": 0.0189559, "h": 0.0381837, "i": 0.0237845, "l": 0.0406218, "k": 0.0310754, "m": 0.0201696, "f": 0.0181586, "p": 0.0171783, "s": 0.0804055, "t": 0.0301281, "w": 0.0170942, "y": 0.0242426, "v": 0.060259 },
  "q": { "a": 0.117962, "r": 0.0576193, "n": 0.0743225, "d": 0.0484469, "c": 0.0110135, "e": 0.206555, "g": 0.0527393, "h": 0.224815, "i": 0.0154173, "l": 0.0575724, "k": 0.125539, "m": 0.0446863, "f": 0.0131574, "p": 0.123144, "s": 0.0726304, "t": 0.0374969, "w": 0.0126968, "y": 0.0178988, "v": 0.0163207 },
  "e": { "a": 0.144609, "r": 0.0252735, "n": 0.0787848, "d": 0.432662, "c": 0.0104549, "q": 0.224094, "g": 0.0430186, "h": 0.018157, "i": 0.027187, "l": 0.0188588, "k": 0.0764248, "m": 0.0259448, "f": 0.0139665, "p": 0.0359582, "s": 0.0575433, "t": 0.0303607, "w": 0.0116773, "y": 0.0106638, "v": 0.0285585 },
  "g": { "a": 0.211772, "r": 0.0113661, "n": 0.0655337, "d": 0.0532985, "c": 0.0107727, "q": 0.00957597, "e": 0.0327381, "h": 0.010053, "i": 0.00952866, "l": 0.00901261, "k": 0.0158057, "m": 0.0154016, "f": 0.00681592, "p": 0.0212643, "s": 0.119989, "t": 0.021328, "w": 0.00657943, "y": 0.00582504, "v": 0.0284693 },
  "h": { "a": 0.0452717, "r": 0.0693437, "n": 0.17187, "d": 0.0290834, "c": 0.0222796, "q": 0.137326, "e": 0.0407104, "g": 0.0153427, "i": 0.0161038, "l": 0.0448557, "k": 0.0641645, "m": 0.0180974, "f": 0.0528776, "p": 0.0939278, "s": 0.0392034, "t": 0.0195568, "w": 0.0150212, "y": 0.0411399, "v": 0.0354192 },
  "i": { "a": 0.0370645, "r": 0.0202392, "n": 0.0556341, "d": 0.0196387, "c": 0.0258923, "q": 0.0314442, "e": 0.0388177, "g": 0.0222393, "h": 0.0238914, "l": 0.213184, "k": 0.0392854, "m": 0.102618, "f": 0.0582043, "p": 0.0178694, "s": 0.024307, "t": 0.0710369, "w": 0.0149589, "y": 0.0399749, "v": 0.646703 },
  "l": { "a": 0.0285724, "r": 0.00777941, "n": 0.0197358, "d": 0.00660293, "c": 0.00638615, "q": 0.022432, "e": 0.0270014, "g": 0.00603935, "h": 0.0323934, "i": 0.122178, "k": 0.024716, "m": 0.0667268, "f": 0.0406613, "p": 0.048074, "s": 0.0158903, "t": 0.0324498, "w": 0.00627539, "y": 0.00914294, "v": 0.119775 },
  "k": { "a": 0.0417319, "r": 0.129154, "n": 0.138216, "d": 0.0244062, "c": 0.00711685, "q": 0.0686472, "e": 0.0567567, "g": 0.028425, "h": 0.00802934, "i": 0.0123373, "l": 0.0112705, "m": 0.0169913, "f": 0.0056232, "p": 0.0163489, "s": 0.0832413, "t": 0.0600913, "w": 0.0109486, "y": 0.00518123, "v": 0.0078912 },
  "m": { "a": 0.212539, "r": 0.0667168, "n": 0.0764989, "d": 0.0557954, "c": 0.0518647, "q": 0.0873375, "e": 0.0688535, "g": 0.067226, "h": 0.0721601, "i": 0.249476, "l": 0.407339, "k": 0.278906, "f": 0.0770254, "p": 0.0641576, "s": 0.122993, "t": 0.120546, "w": 0.0470996, "y": 0.0502042, "v": 0.311716 },
  "f": { "a": 0.0154422, "r": 0.0219385, "n": 0.0136273, "d": 0.0117729, "c": 0.0157761, "q": 0.0128313, "e": 0.0126252, "g": 0.0248592, "h": 0.0199094, "i": 0.0340114, "l": 0.146404, "k": 0.0125401, "m": 0.0208908, "p": 0.0127068, "s": 0.0335688, "t": 0.0284562, "w": 0.0124585, "y": 0.1743, "v": 0.0232822 },
  "p": { "a": 0.122201, "r": 0.0275442, "n": 0.0187344, "d": 0.014409, "c": 0.0104072, "q": 0.0644656, "e": 0.0563489, "g": 0.0340131, "h": 0.0465002, "i": 0.0152728, "l": 0.0367984, "k": 0.0361108, "m": 0.0102953, "f": 0.015795, "s": 0.149652, "t": 0.0628684, "w": 0.011585, "y": 0.00671045, "v": 0.0338408 },
  "s": { "a": 0.46079, "r": 0.0382348, "n": 0.162053, "d": 0.079426, "c": 0.0293204, "q": 0.0525222, "e": 0.0458909, "g": 0.20468, "h": 0.0442066, "i": 0.0143931, "l": 0.0225002, "k": 0.0309948, "m": 0.0237623, "f": 0.0210749, "p": 0.128735, "t": 0.392511, "w": 0.0100535, "y": 0.00811354, "v": 0.0229037 },
  "t": { "a": 0.173708, "r": 0.0344898, "n": 0.146673, "d": 0.0584361, "c": 0.0292116, "q": 0.0257179, "e": 0.037777, "g": 0.0835652, "h": 0.0182277, "i": 0.107622, "l": 0.0396717, "k": 0.100529, "m": 0.0346932, "f": 0.0286053, "p": 0.0247693, "s": 0.401261, "w": 0.010386, "y": 0.0153798, "v": 0.133891 },
  "w": { "a": 0.0799886, "r": 0.241381, "n": 0.0800016, "d": 0.0684439, "c": 0.0864799, "q": 0.0755259, "e": 0.0698728, "g": 0.0690208, "h": 0.101254, "i": 0.0701112, "l": 0.0692976, "k": 0.123084, "m": 0.0735051, "f": 0.12842, "p": 0.128646, "s": 0.148454, "t": 0.0813011, "y": 0.0607532, "v": 0.0692807 },
  "y": { "a": 0.0171327, "r": 0.0159469, "n": 0.0387926, "d": 0.0439016, "c": 0.0270555, "q": 0.0178814, "e": 0.0351562, "g": 0.0148435, "h": 0.0287216, "i": 0.020077, "l": 0.0277426, "k": 0.0184301, "m": 0.0259372, "f": 0.238505, "p": 0.0223035, "s": 0.0314636, "t": 0.0450054, "w": 0.0152852, "v": 0.0166987 },
  "v": { "a": 0.181604, "r": 0.0202748, "n": 0.0530385, "d": 0.0163288, "c": 0.0176092, "q": 0.0215837, "e": 0.0210551, "g": 0.0585381, "h": 0.0112625, "i": 0.387472, "l": 0.0816722, "k": 0.025029, "m": 0.0361214, "f": 0.0123557, "p": 0.0170887, "s": 0.0231143, "t": 0.0962505, "w": 0.0077775, "y": 0.00880946 }
 }
}
