{
 "alphabet": "arndcqeghilkmfpstwyv",
 "insrate": 0.00421868,
 "insextprob": 0.617647,
 "delrate": 0.00680223,
 "delextprob": 0.734177,
 "rootprob":
 {
  "a": 0.089792,
  "r": 0.0335054,
  "n": 0.0435194,
  "d": 0.0573632,
  "c": 0.043444,
  "q": 0.041807,
  "e": 0.0462748,
  "g": 0.0879684,
  "h": 0.0386693,
  "i": 0.0435245,
  "l": 0.0825153,
  "k": 0.0719484,
  "m": 0.0186023,
  "f": 0.052963,
  "p": 0.0569716,
  "s": 0.0568931,
  "t": 0.0426984,
  "w": 0.00907572,
  "y": 0.0323128,
  "v": 0.0501513
 },
 "subrate":
 {
  "a": { "r": 0.0176259, "n": 0.0399702, "d": 0.0428437, "c": 0.0157072, "q": 0.0337521, "e": 0.0796246, "g": 0.164629, "h": 0.00881686, "i": 0.0227944, "l": 0.0607931, "k": 0.0171535, "m": 0.0118206, "f": 0.0118397, "p": 0.120223, "s": 0.330167, "t": 0.178929, "w": 0.00750959, "y": 0.032658, "v": 0.194202 },
  "r": { "a": 0.0598808, "n": 0.0494183, "d": 0.0280272, "c": 0.0240473, "q": 0.0989708, "e": 0.032562, "g": 0.0425008, "h": 0.0780934, "i": 0.0251248, "l": 0.0353402, "k": 0.496867, "m": 0.0247713, "f": 0.0167697, "p": 0.0612899, "s": 0.15166, "t": 0.0368952, "w": 0.0196682, "y": 0.0178462, "v": 0.0469977 },
  "n": { "a": 0.035242, "r": 0.0260415, "d": 0.340363, "c": 0.0127158, "q": 0.0605566, "e": 0.0815169, "g": 0.122976, "h": 0.175198, "i": 0.0285831, "l": 0.0410949, "k": 0.248914, "m": 0.02334, "f": 0.0279064, "p": 0.0331136, "s": 0.284501, "t": 0.109256, "w": 0.0246319, "y": 0.0501908, "v": 0.0214465 },
  "d": { "a": 0.0466917, "r": 0.0124373, "n": 0.341589, "c": 0.0152279, "q": 0.0212146, "e": 0.466898, "g": 0.0477052, "h": 0.0470991, "i": 0.0123949, "l": 0.0151129, "k": 0.0507406, "m": 0.0106586, "f": 0.00832724, "p": 0.0323088, "s": 0.0874037, "t": 0.0368523, "w": 0.00970259, "y": 0.00920861, "v": 0.0129359 },
  "c": { "a": 0.0548247, "r": 0.0293158, "n": 0.019075, "d": 0.022459, "q": 0.0137108, "e": 0.0254208, "g": 0.0496736, "h": 0.0223526, "i": 0.0221939, "l": 0.0139067, "k": 0.0315398, "m": 0.0133021, "f": 0.0117312, "p": 0.0251524, "s": 0.0490633, "t": 0.0179424, "w": 0.0131229, "y": 0.0242937, "v": 0.0542951 },
  "q": { "a": 0.111609, "r": 0.0819528, "n": 0.0605513, "d": 0.0853281, "c": 0.0132787, "e": 0.459546, "g": 0.0265211, "h": 0.121192, "i": 0.0194751, "l": 0.108103, "k": 0.132835, "m": 0.0355153, "f": 0.0130089, "p": 0.117536, "s": 0.0471452, "t": 0.0417211, "w": 0.0151595, "y": 0.0141633, "v": 0.0402127 },
  "e": { "a": 0.149421, "r": 0.0173318, "n": 0.086463, "d": 0.427387, "c": 0.00945996, "q": 0.213074, "g": 0.0728379, "h": 0.0671929, "i": 0.0505817, "l": 0.0332675, "k": 0.0915101, "m": 0.023431, "f": 0.00959982, "p": 0.0247649, "s": 0.0578663, "t": 0.0591986, "w": 0.010943, "y": 0.0252734, "v": 0.0323865 },
  "g": { "a": 0.188749, "r": 0.0208576, "n": 0.0558154, "d": 0.0495756, "c": 0.00847865, "q": 0.038489, "e": 0.0617913, "h": 0.0164385, "i": 0.0111767, "l": 0.00950995, "k": 0.0239128, "m": 0.00760085, "f": 0.019357, "p": 0.0328484, "s": 0.166966, "t": 0.0107389, "w": 0.00690088, "y": 0.00860697, "v": 0.03708 },
  "h": { "a": 0.0863318, "r": 0.100443, "n": 0.158503, "d": 0.0693328, "c": 0.0358787, "q": 0.248777, "e": 0.0349307, "g": 0.0690241, "i": 0.0203911, "l": 0.0668746, "k": 0.0629504, "m": 0.0185045, "f": 0.0192416, "p": 0.0529229, "s": 0.0766068, "t": 0.0219441, "w": 0.0295392, "y": 0.0399225, "v": 0.0455008 },
  "i": { "a": 0.0244219, "r": 0.0177275, "n": 0.0491708, "d": 0.0175988, "c": 0.0138171, "q": 0.0305181, "e": 0.0191042, "g": 0.0326154, "h": 0.0188387, "l": 0.326786, "k": 0.0505057, "m": 0.064605, "f": 0.05418, "p": 0.0175351, "s": 0.0439904, "t": 0.124432, "w": 0.0269003, "y": 0.0409415, "v": 0.76078 },
  "l": { "a": 0.0429489, "r": 0.00793847, "n": 0.0152903, "d": 0.011373, "c": 0.00533573, "q": 0.0346064, "e": 0.0103696, "g": 0.0150805, "h": 0.019051, "i": 0.101562, "k": 0.0207033, "m": 0.11553, "f": 0.0572417, "p": 0.00717152, "s": 0.0175698, "t": 0.0320809, "w": 0.0101934, "y": 0.0132355, "v": 0.0784367 },
  "k": { "a": 0.0222462, "r": 0.173394, "n": 0.0960755, "d": 0.0237086, "c": 0.008418, "q": 0.0900643, "e": 0.0750277, "g": 0.0303644, "h": 0.0133441, "i": 0.0175542, "l": 0.0119022, "m": 0.0279187, "f": 0.00598179, "p": 0.0169683, "s": 0.083306, "t": 0.055841, "w": 0.00652139, "y": 0.0060293, "v": 0.011299 },
  "m": { "a": 0.100987, "r": 0.0373071, "n": 0.0477933, "d": 0.0357571, "c": 0.0271822, "q": 0.0507894, "e": 0.0368193, "g": 0.0555105, "h": 0.0385242, "i": 0.233984, "l": 0.327314, "k": 0.121099, "f": 0.0491664, "p": 0.0388768, "s": 0.0667824, "t": 0.112993, "w": 0.0368649, "y": 0.0401999, "v": 0.179098 },
  "f": { "a": 0.0122986, "r": 0.00963287, "n": 0.0114334, "d": 0.0119244, "c": 0.00855244, "q": 0.0101126, "e": 0.0116071, "g": 0.0203679, "h": 0.0197247, "i": 0.0638331, "l": 0.149517, "k": 0.0129914, "m": 0.0173534, "p": 0.00962213, "s": 0.0361268, "t": 0.0204528, "w": 0.0174052, "y": 0.237545, "v": 0.0468785 },
  "p": { "a": 0.167112, "r": 0.0280249, "n": 0.0549382, "d": 0.0173813, "c": 0.0144639, "q": 0.0523803, "e": 0.0484727, "g": 0.0870125, "h": 0.0166057, "i": 0.0171425, "l": 0.0102491, "k": 0.0293382, "m": 0.0104262, "f": 0.0257394, "s": 0.168002, "t": 0.049807, "w": 0.00990462, "y": 0.0110286, "v": 0.0326741 },
  "s": { "a": 0.317745, "r": 0.0637423, "n": 0.156777, "d": 0.0778869, "c": 0.0404968, "q": 0.0403112, "e": 0.040701, "g": 0.201334, "h": 0.0171144, "i": 0.0228379, "l": 0.0218391, "k": 0.0553628, "m": 0.0108026, "f": 0.0100439, "p": 0.137261, "t": 0.288665, "w": 0.0145346, "y": 0.0150239, "v": 0.0187987 },
  "t": { "a": 0.196569, "r": 0.0206008, "n": 0.069904, "d": 0.0235099, "c": 0.0144192, "q": 0.025424, "e": 0.0304079, "g": 0.0366649, "h": 0.013982, "i": 0.0972964, "l": 0.0435662, "k": 0.109209, "m": 0.0182787, "f": 0.0129721, "p": 0.0439552, "s": 0.379936, "w": 0.015496, "y": 0.021835, "v": 0.104155 },
  "w": { "a": 0.104148, "r": 0.0608065, "n": 0.0635852, "d": 0.0597433, "c": 0.0481835, "q": 0.0604457, "e": 0.0596719, "g": 0.0830191, "h": 0.0577894, "i": 0.0667169, "l": 0.0921789, "k": 0.0788249, "m": 0.0584037, "f": 0.0541816, "p": 0.114227, "s": 0.0742462, "t": 0.0716173, "y": 0.0546339, "v": 0.0967942 },
  "y": { "a": 0.0218153, "r": 0.0172466, "n": 0.0496284, "d": 0.0235688, "c": 0.0447919, "q": 0.0200378, "e": 0.0296899, "g": 0.020633, "h": 0.0654654, "i": 0.0406151, "l": 0.0497206, "k": 0.0201882, "m": 0.0247539, "f": 0.296843, "p": 0.0268242, "s": 0.0447593, "t": 0.0255598, "w": 0.0212445, "v": 0.0286883 },
  "v": { "a": 0.177386, "r": 0.0121887, "n": 0.016707, "d": 0.0144389, "c": 0.0165441, "q": 0.0264326, "e": 0.0174718, "g": 0.0517261, "h": 0.011808, "i": 0.368607, "l": 0.11087, "k": 0.0213238, "m": 0.0367687, "f": 0.0152116, "p": 0.0148533, "s": 0.0260273, "t": 0.113477, "w": 0.0121248, "y": 0.014306 }
 }
}
