{
 "alphabet": "arndcqeghilkmfpstwyv",
 "insrate": 0.00693286,
 "insextprob": 0.666667,
 "delrate": 0.0036395,
 "delextprob": 0.65625,
 "rootprob":
 {
  "a": 0.0751868,
  "r": 0.0483995,
  "n": 0.0380429,
  "d": 0.056011,
  "c": 0.0378634,
  "q": 0.0485801,
  "e": 0.0302097,
  "g": 0.095597,
  "h": 0.0348795,
  "i": 0.040345,
  "l": 0.0883656,
  "k": 0.0918845,
  "m": 0.0118585,
  "f": 0.0445629,
  "p": 0.0390225,
  "s": 0.056078,
  "t": 0.0435558,
  "w": 0.0120501,
  "y": 0.0358968,
  "v": 0.0716102
 },
 "subrate":
 {
  "a": { "r": 0.0182802, "n": 0.0206331, "d": 0.0534198, "c": 0.011254, "q": 0.0570728, "e": 0.0760338, "g": 0.197518, "h": 0.0110332, "i": 0.0181892, "l": 0.0210787, "k": 0.0326637, "m": 0.0239949, "f": 0.0129199, "p": 0.0946574, "s": 0.279913, "t": 0.131658, "w": 0.00619413, "y": 0.020276, "v": 0.142167 },
  "r": { "a": 0.0336597, "n": 0.0291924, "d": 0.0188078, "c": 0.0140907, "q": 0.129298, "e": 0.0218469, "g": 0.0327175, "h": 0.0422383, "i": 0.020259, "l": 0.0141908, "k": 0.446638, "m": 0.0155754, "f": 0.0121171, "p": 0.0866236, "s": 0.0920616, "t": 0.0354562, "w": 0.0374864, "y": 0.0120265, "v": 0.0528594 },
  "n": { "a": 0.167633, "r": 0.0480309, "d": 0.383438, "c": 0.0205645, "q": 0.0670117, "e": 0.0703659, "g": 0.10622, "h": 0.189871, "i": 0.0384052, "l": 0.0194783, "k": 0.269806, "m": 0.0311245, "f": 0.01731, "p": 0.0248928, "s": 0.296508, "t": 0.173076, "w": 0.0238264, "y": 0.0250071, "v": 0.0526015 },
  "d": { "a": 0.0992271, "r": 0.0148712, "n": 0.285278, "c": 0.0134231, "q": 0.0320531, "e": 0.443773, "g": 0.081735, "h": 0.0611299, "i": 0.0314168, "l": 0.0199611, "k": 0.085809, "m": 0.012613, "f": 0.0102045, "p": 0.0312339, "s": 0.116377, "t": 0.0724848, "w": 0.00936203, "y": 0.0122715, "v": 0.0322982 },
  "c": { "a": 0.0379515, "r": 0.0146511, "n": 0.0213587, "d": 0.0229285, "q": 0.0146789, "e": 0.016937, "g": 0.015684, "h": 0.0258725, "i": 0.0187097, "l": 0.0143066, "k": 0.0208969, "m": 0.0314992, "f": 0.0130522, "p": 0.0223101, "s": 0.0946025, "t": 0.0278352, "w": 0.0334805, "y": 0.0256205, "v": 0.0296379 },
  "q": { "a": 0.0997025, "r": 0.0901085, "n": 0.0515854, "d": 0.0657742, "c": 0.0129425, "e": 0.457926, "g": 0.0391125, "h": 0.19107, "i": 0.0187402, "l": 0.0357626, "k": 0.143771, "m": 0.0352357, "f": 0.0258027, "p": 0.0501316, "s": 0.0402633, "t": 0.0837572, "w": 0.0123874, "y": 0.0146185, "v": 0.0302276 },
  "e": { "a": 0.194299, "r": 0.0203695, "n": 0.0646721, "d": 0.483697, "c": 0.015339, "q": 0.238494, "g": 0.0537252, "h": 0.0254415, "i": 0.0216911, "l": 0.0153673, "k": 0.109277, "m": 0.0155385, "f": 0.01534, "p": 0.0457079, "s": 0.0611997, "t": 0.0367809, "w": 0.0123297, "y": 0.0131872, "v": 0.0521446 },
  "g": { "a": 0.200944, "r": 0.0210107, "n": 0.0687096, "d": 0.0838664, "c": 0.0101117, "q": 0.0227817, "e": 0.0478701, "h": 0.0305355, "i": 0.0189787, "l": 0.0191327, "k": 0.0168313, "m": 0.0101316, "f": 0.019349, "p": 0.0347129, "s": 0.176913, "t": 0.0205875, "w": 0.0061499, "y": 0.0102903, "v": 0.0111133 },
  "h": { "a": 0.0343391, "r": 0.131506, "n": 0.176236, "d": 0.0420291, "c": 0.0240172, "q": 0.187825, "e": 0.0219952, "g": 0.0292291, "i": 0.0177402, "l": 0.0490326, "k": 0.0364261, "m": 0.0202491, "f": 0.0477591, "p": 0.0311434, "s": 0.0417247, "t": 0.0340717, "w": 0.0126928, "y": 0.0489628, "v": 0.0270168 },
  "i": { "a": 0.0269122, "r": 0.0191192, "n": 0.0910906, "d": 0.022093, "c": 0.019985, "q": 0.0295865, "e": 0.0327075, "g": 0.0217804, "h": 0.0168412, "l": 0.323608, "k": 0.0307046, "m": 0.0886399, "f": 0.0851654, "p": 0.0198015, "s": 0.0267131, "t": 0.139113, "w": 0.0142139, "y": 0.0274351, "v": 0.707972 },
  "l": { "a": 0.0183178, "r": 0.0152366, "n": 0.020249, "d": 0.0131602, "c": 0.00562311, "q": 0.0329652, "e": 0.0112597, "g": 0.0126049, "h": 0.0297633, "i": 0.162763, "k": 0.0105638, "m": 0.0623047, "f": 0.0502118, "p": 0.021267, "s": 0.0115429, "t": 0.0316343, "w": 0.0120597, "y": 0.024061, "v": 0.160644 },
  "k": { "a": 0.0229709, "r": 0.222784, "n": 0.0817882, "d": 0.0447919, "c": 0.00542774, "q": 0.0685804, "e": 0.0633495, "g": 0.0284626, "h": 0.0179499, "i": 0.00994794, "l": 0.0210006, "m": 0.0172997, "f": 0.00725053, "p": 0.0270883, "s": 0.0593397, "t": 0.0559618, "w": 0.00967034, "y": 0.00664101, "v": 0.0117379 },
  "m": { "a": 0.0856328, "r": 0.0579901, "n": 0.0690887, "d": 0.0640204, "c": 0.0428319, "q": 0.0951594, "e": 0.0648392, "g": 0.0610013, "h": 0.0537568, "i": 0.191616, "l": 0.335483, "k": 0.201539, "f": 0.194391, "p": 0.0910259, "s": 0.0654372, "t": 0.163126, "w": 0.0432417, "y": 0.0783211, "v": 0.294052 },
  "f": { "a": 0.0141398, "r": 0.0437795, "n": 0.0148396, "d": 0.0110372, "c": 0.010177, "q": 0.0145651, "e": 0.0110033, "g": 0.0233829, "h": 0.011608, "i": 0.0608902, "l": 0.0971571, "k": 0.0211721, "m": 0.0172175, "p": 0.013798, "s": 0.0297007, "t": 0.0164149, "w": 0.0215571, "y": 0.206187, "v": 0.0218266 },
  "p": { "a": 0.140368, "r": 0.0313242, "n": 0.0313114, "d": 0.0371842, "c": 0.0257245, "q": 0.0479842, "e": 0.0463437, "g": 0.027923, "h": 0.0349834, "i": 0.0307116, "l": 0.0740152, "k": 0.034088, "m": 0.0175445, "f": 0.0137823, "s": 0.106574, "t": 0.0326205, "w": 0.0148053, "y": 0.0220563, "v": 0.0850261 },
  "s": { "a": 0.402708, "r": 0.0758143, "n": 0.187063, "d": 0.0828951, "c": 0.0318192, "q": 0.0342367, "e": 0.0565967, "g": 0.218922, "h": 0.0396101, "i": 0.0190035, "l": 0.0157991, "k": 0.0569777, "m": 0.0144521, "f": 0.0150215, "p": 0.127769, "t": 0.294932, "w": 0.00889584, "y": 0.0155514, "v": 0.03145 },
  "t": { "a": 0.237919, "r": 0.0226, "n": 0.0636106, "d": 0.0363373, "c": 0.0216334, "q": 0.0393681, "e": 0.0501255, "g": 0.0414183, "h": 0.0162878, "i": 0.0399007, "l": 0.0188743, "k": 0.0713688, "m": 0.036729, "f": 0.0207707, "p": 0.0897537, "s": 0.362462, "w": 0.0104631, "y": 0.0186535, "v": 0.0984398 },
  "w": { "a": 0.0372003, "r": 0.123055, "n": 0.0382735, "d": 0.0358438, "c": 0.0339306, "q": 0.0361309, "e": 0.0387119, "g": 0.0360467, "h": 0.0362412, "i": 0.0401766, "l": 0.0409239, "k": 0.0373743, "m": 0.0378188, "f": 0.0391521, "p": 0.0601479, "s": 0.0715248, "t": 0.038094, "y": 0.0547244, "v": 0.0445259 },
  "y": { "a": 0.0350984, "r": 0.0286064, "n": 0.038442, "d": 0.0181499, "c": 0.0388523, "q": 0.0198871, "e": 0.0178297, "g": 0.028897, "h": 0.0665009, "i": 0.0267038, "l": 0.0520211, "k": 0.0217223, "m": 0.0230324, "f": 0.205445, "p": 0.0195447, "s": 0.0696829, "t": 0.0387068, "w": 0.0317794, "v": 0.0272782 },
  "v": { "a": 0.177072, "r": 0.00990659, "n": 0.0176873, "d": 0.0131944, "c": 0.0149138, "q": 0.0236146, "e": 0.0268555, "g": 0.0595618, "h": 0.00966785, "i": 0.377832, "l": 0.159141, "k": 0.0207871, "m": 0.0795461, "f": 0.0206177, "p": 0.0145371, "s": 0.0149322, "t": 0.103385, "w": 0.00727396, "y": 0.0115722 }
 }
}
