{
 "alphabet": "arndcqeghilkmfpstwyv",
 "insrate": 0.00875662,
 "insextprob": 0.625,
 "delrate": 0.00511945,
 "delextprob": 0.658537,
 "rootprob":
 {
  "a": 0.0907717,
  "r": 0.0384126,
  "n": 0.0293777,
  "d": 0.044224,
  "c": 0.0446076,
  "q": 0.0303691,
  "e": 0.0492446,
  "g": 0.0720599,
  "h": 0.0497684,
  "i": 0.0375031,
  "l": 0.0866169,
  "k": 0.0734761,
  "m": 0.0156128,
  "f": 0.0491895,
  "p": 0.0394506,
  "s": 0.0783449,
  "t": 0.0515149,
  "w": 0.0087754,
  "y": 0.0419709,
  "v": 0.0687093
 },
 "subrate":
 {
  "a": { "r": 0.0217932, "n": 0.020578, "d": 0.0216467, "c": 0.0203022, "q": 0.0430031, "e": 0.0924528, "g": 0.150399, "h": 0.0292242, "i": 0.0159477, "l": 0.0413422, "k": 0.0190095, "m": 0.021772, "f": 0.0194334, "p": 0.139804, "s": 0.242108, "t": 0.14675, "w": 0.00753904, "y": 0.0151122, "v": 0.13619 },
  "r": { "a": 0.0515386, "n": 0.0447521, "d": 0.0236869, "c": 0.0169644, "q": 0.141893, "e": 0.0441904, "g": 0.0267845, "h": 0.0583607, "i": 0.0754144, "l": 0.0256821, "k": 0.497598, "m": 0.0224862, "f": 0.0195879, "p": 0.0794677, "s": 0.103697, "t": 0.0281659, "w": 0.0200469, "y": 0.0301749, "v": 0.0298178 },
  "n": { "a": 0.0717539, "r": 0.034156, "d": 0.33733, "c": 0.0197938, "q": 0.129961, "e": 0.0731557, "g": 0.202526, "h": 0.142462, "i": 0.0481661, "l": 0.0222422, "k": 0.344982, "m": 0.0257149, "f": 0.017419, "p": 0.0367362, "s": 0.277916, "t": 0.128534, "w": 0.0182229, "y": 0.0318961, "v": 0.041529 },
  "d": { "a": 0.082918, "r": 0.0162935, "n": 0.209163, "c": 0.0132364, "q": 0.0618088, "e": 0.437687, "g": 0.162789, "h": 0.0443222, "i": 0.0186744, "l": 0.0255929, "k": 0.053646, "m": 0.0155381, "f": 0.012897, "p": 0.017501, "s": 0.0792089, "t": 0.0350866, "w": 0.0128754, "y": 0.0125192, "v": 0.018698 },
  "c": { "a": 0.0378479, "r": 0.0151213, "n": 0.0141268, "d": 0.0141913, "q": 0.0133444, "e": 0.0108504, "g": 0.0413843, "h": 0.0199793, "i": 0.0446202, "l": 0.00971553, "k": 0.0146699, "m": 0.0195387, "f": 0.0137063, "p": 0.0163527, "s": 0.115807, "t": 0.0301854, "w": 0.0106957, "y": 0.0102119, "v": 0.0316613 },
  "q": { "a": 0.0645106, "r": 0.119783, "n": 0.0552855, "d": 0.0742639, "c": 0.016942, "e": 0.394424, "g": 0.0358101, "h": 0.265757, "i": 0.0302685, "l": 0.0839483, "k": 0.171413, "m": 0.0315389, "f": 0.0266658, "p": 0.0482626, "s": 0.120808, "t": 0.0502245, "w": 0.0176025, "y": 0.0174811, "v": 0.0228073 },
  "e": { "a": 0.189951, "r": 0.0163645, "n": 0.0549707, "d": 0.409105, "c": 0.0132972, "q": 0.333144, "g": 0.0753103, "h": 0.0403852, "i": 0.0194194, "l": 0.015027, "k": 0.0657543, "m": 0.0152493, "f": 0.0171595, "p": 0.0261541, "s": 0.11586, "t": 0.0333618, "w": 0.0128922, "y": 0.0218254, "v": 0.0277699 },
  "g": { "a": 0.1695, "r": 0.00952309, "n": 0.0929316, "d": 0.0579477, "c": 0.00780216, "q": 0.0115782, "e": 0.0493487, "h": 0.010138, "i": 0.0113179, "l": 0.00846893, "k": 0.04437, "m": 0.0101012, "f": 0.00906405, "p": 0.0416444, "s": 0.106333, "t": 0.0168784, "w": 0.00781682, "y": 0.00708618, "v": 0.088177 },
  "h": { "a": 0.0604614, "r": 0.0879415, "n": 0.285197, "d": 0.037114, "c": 0.0412913, "q": 0.181526, "e": 0.0445634, "g": 0.0187045, "i": 0.0261857, "l": 0.0714916, "k": 0.0333029, "m": 0.0203764, "f": 0.0509493, "p": 0.0390298, "s": 0.0399424, "t": 0.0666646, "w": 0.0163621, "y": 0.0822486, "v": 0.0366337 },
  "i": { "a": 0.0628022, "r": 0.0319936, "n": 0.0323738, "d": 0.022666, "c": 0.0199815, "q": 0.0391354, "e": 0.0241845, "g": 0.0219633, "h": 0.0312037, "l": 0.3371, "k": 0.0377519, "m": 0.0677381, "f": 0.0811526, "p": 0.0451845, "s": 0.0247942, "t": 0.0928205, "w": 0.0160623, "y": 0.0224818, "v": 0.835815 },
  "l": { "a": 0.0332531, "r": 0.0105996, "n": 0.0216268, "d": 0.0100609, "c": 0.00648339, "q": 0.0286687, "e": 0.0183469, "g": 0.0133932, "h": 0.0187436, "i": 0.133343, "k": 0.017157, "m": 0.0885147, "f": 0.0587035, "p": 0.0122706, "s": 0.031944, "t": 0.0151341, "w": 0.0121489, "y": 0.0203173, "v": 0.0943317 },
  "k": { "a": 0.0447808, "r": 0.185874, "n": 0.0972416, "d": 0.014591, "c": 0.00910655, "q": 0.0797334, "e": 0.0924177, "g": 0.013936, "h": 0.0116239, "i": 0.0274628, "l": 0.00893154, "m": 0.0210778, "f": 0.00625572, "p": 0.0183344, "s": 0.078734, "t": 0.0539913, "w": 0.0112104, "y": 0.0097451, "v": 0.0248287 },
  "m": { "a": 0.0979701, "r": 0.0822654, "n": 0.101629, "d": 0.0586135, "c": 0.0439641, "q": 0.081685, "e": 0.0631501, "g": 0.0637674, "h": 0.0568785, "i": 0.251512, "l": 0.580213, "k": 0.19151, "f": 0.0624385, "p": 0.06845, "s": 0.0695069, "t": 0.118007, "w": 0.045528, "y": 0.0706059, "v": 0.238125 },
  "f": { "a": 0.0263715, "r": 0.0132209, "n": 0.0216946, "d": 0.0125344, "c": 0.0117072, "q": 0.0131961, "e": 0.0134779, "g": 0.0173349, "h": 0.0305646, "i": 0.0955825, "l": 0.181576, "k": 0.0130824, "m": 0.028179, "p": 0.0178346, "s": 0.0540275, "t": 0.0176467, "w": 0.0130359, "y": 0.244179, "v": 0.0361775 },
  "p": { "a": 0.251953, "r": 0.0669494, "n": 0.0246065, "d": 0.0184827, "c": 0.0231423, "q": 0.0549755, "e": 0.0612454, "g": 0.0198456, "h": 0.0498522, "i": 0.045197, "l": 0.0156433, "k": 0.0300022, "m": 0.0330367, "f": 0.0280988, "s": 0.195521, "t": 0.0891454, "w": 0.0156698, "y": 0.0185387, "v": 0.038659 },
  "s": { "a": 0.361167, "r": 0.0434246, "n": 0.215417, "d": 0.135276, "c": 0.0659395, "q": 0.0389241, "e": 0.0243856, "g": 0.174416, "h": 0.0418675, "i": 0.0236586, "l": 0.0147195, "k": 0.0689176, "m": 0.0121048, "f": 0.0195434, "p": 0.102111, "t": 0.276621, "w": 0.0225766, "y": 0.0109053, "v": 0.0246942 },
  "t": { "a": 0.341156, "r": 0.0336952, "n": 0.106749, "d": 0.0309852, "c": 0.0218902, "q": 0.0375821, "e": 0.0341769, "g": 0.0241923, "h": 0.0236588, "i": 0.0718467, "l": 0.0186394, "k": 0.0808204, "m": 0.0336379, "f": 0.0158778, "p": 0.0460418, "s": 0.276211, "w": 0.014352, "y": 0.0225534, "v": 0.105956 },
  "w": { "a": 0.102274, "r": 0.177178, "n": 0.104658, "d": 0.0923385, "c": 0.083781, "q": 0.0974275, "e": 0.0947386, "g": 0.0960878, "h": 0.0949517, "i": 0.102954, "l": 0.0994592, "k": 0.100244, "m": 0.0929647, "f": 0.0944976, "p": 0.188297, "s": 0.260102, "t": 0.108313, "y": 0.0878829, "v": 0.0950553 },
  "y": { "a": 0.028354, "r": 0.0290365, "n": 0.0552728, "d": 0.0166791, "c": 0.041637, "q": 0.0355023, "e": 0.0293643, "g": 0.0259938, "h": 0.0410502, "i": 0.0239895, "l": 0.0301614, "k": 0.033467, "m": 0.031665, "f": 0.401521, "p": 0.016884, "s": 0.0400501, "t": 0.0329804, "w": 0.0163702, "v": 0.0595209 },
  "v": { "a": 0.21463, "r": 0.0341624, "n": 0.0152872, "d": 0.0286287, "c": 0.0437689, "q": 0.0159711, "e": 0.0225946, "g": 0.0226468, "h": 0.0275684, "i": 0.478986, "l": 0.16506, "k": 0.0305755, "m": 0.0294733, "f": 0.020106, "p": 0.0394543, "s": 0.0230306, "t": 0.108993, "w": 0.00997715, "y": 0.0181038 }
 }
}
