{
 "alphabet": "arndcqeghilkmfpstwyv",
 "insrate": 0.00774232,
 "insextprob": 0.695652,
 "delrate": 0.0062678,
 "delextprob": 0.790123,
 "rootprob":
 {
  "a": 0.0735223,
  "r": 0.0371346,
  "n": 0.0269208,
  "d": 0.0505904,
  "c": 0.0341209,
  "q": 0.0370444,
  "e": 0.0484799,
  "g": 0.0994507,
  "h": 0.0264314,
  "i": 0.0349938,
  "l": 0.103862,
  "k": 0.0743705,
  "m": 0.0148822,
  "f": 0.0517982,
  "p": 0.0520534,
  "s": 0.0670312,
  "t": 0.0645702,
  "w": 0.0187883,
  "y": 0.0324058,
  "v": 0.0515487
 },
 "subrate":
 {
  "a": { "r": 0.0157548, "n": 0.0291866, "d": 0.0390995, "c": 0.0288775, "q": 0.0456453, "e": 0.0786656, "g": 0.205046, "h": 0.0130016, "i": 0.0162439, "l": 0.0351691, "k": 0.0433246, "m": 0.0148526, "f": 0.0103518, "p": 0.126561, "s": 0.304967, "t": 0.174769, "w": 0.00556078, "y": 0.0213048, "v": 0.162617 },
  "r": { "a": 0.0753862, "n": 0.0314966, "d": 0.0234036, "c": 0.0145997, "q": 0.12723, "e": 0.031194, "g": 0.0303361, "h": 0.0809629, "i": 0.02252, "l": 0.0317109, "k": 0.421025, "m": 0.023118, "f": 0.0157498, "p": 0.0476112, "s": 0.0476976, "t": 0.0596322, "w": 0.0238188, "y": 0.0204362, "v": 0.0704933 },
  "n": { "a": 0.0859565, "r": 0.0425826, "d": 0.536849, "c": 0.0266301, "q": 0.0439381, "e": 0.0632827, "g": 0.14831, "h": 0.130281, "i": 0.0396169, "l": 0.0212599, "k": 0.32949, "m": 0.0228789, "f": 0.0262818, "p": 0.0348725, "s": 0.297001, "t": 0.157558, "w": 0.0390915, "y": 0.0651097, "v": 0.0289873 },
  "d": { "a": 0.0969661, "r": 0.014166, "n": 0.333566, "c": 0.0107964, "q": 0.0860309, "e": 0.415882, "g": 0.154322, "h": 0.0258351, "i": 0.0154635, "l": 0.0234162, "k": 0.0378348, "m": 0.0140878, "f": 0.0142692, "p": 0.0409497, "s": 0.105264, "t": 0.0525565, "w": 0.00947657, "y": 0.0189397, "v": 0.0175745 },
  "c": { "a": 0.051188, "r": 0.0129126, "n": 0.0148961, "d": 0.0134154, "q": 0.0133415, "e": 0.0132906, "g": 0.0151734, "h": 0.0134948, "i": 0.0533653, "l": 0.0164091, "k": 0.0134234, "m": 0.0142607, "f": 0.0143262, "p": 0.0167157, "s": 0.0581329, "t": 0.0671528, "w": 0.0116626, "y": 0.0301512, "v": 0.0562522 },
  "q": { "a": 0.0723587, "r": 0.094656, "n": 0.0552752, "d": 0.121323, "c": 0.0140221, "e": 0.351814, "g": 0.0292005, "h": 0.153259, "i": 0.0249273, "l": 0.0407771, "k": 0.161534, "m": 0.0453154, "f": 0.0174587, "p": 0.0988198, "s": 0.0464097, "t": 0.0584853, "w": 0.0126577, "y": 0.0163374, "v": 0.0903724 },
  "e": { "a": 0.1513, "r": 0.0184319, "n": 0.0600221, "d": 0.47535, "c": 0.0106489, "q": 0.173159, "g": 0.0685706, "h": 0.0407683, "i": 0.0277314, "l": 0.0157525, "k": 0.0795548, "m": 0.0165958, "f": 0.0117153, "p": 0.045302, "s": 0.0578558, "t": 0.0235147, "w": 0.00959815, "y": 0.0128946, "v": 0.0260607 },
  "g": { "a": 0.26743, "r": 0.0139774, "n": 0.0811691, "d": 0.0556183, "c": 0.0105446, "q": 0.0139457, "e": 0.0254685, "h": 0.0110325, "i": 0.0114857, "l": 0.0141141, "k": 0.0201016, "m": 0.0076511, "f": 0.0127978, "p": 0.0268754, "s": 0.219005, "t": 0.0143025, "w": 0.00520571, "y": 0.00595901, "v": 0.0303365 },
  "h": { "a": 0.0433358, "r": 0.163275, "n": 0.127083, "d": 0.0856232, "c": 0.0345814, "q": 0.223195, "e": 0.0661536, "g": 0.0340847, "i": 0.0248537, "l": 0.0301611, "k": 0.0589568, "m": 0.0284091, "f": 0.0222654, "p": 0.0757499, "s": 0.0354699, "t": 0.0283678, "w": 0.0161906, "y": 0.0475428, "v": 0.0463411 },
  "i": { "a": 0.0578219, "r": 0.0392478, "n": 0.0270603, "d": 0.0343728, "c": 0.0210845, "q": 0.0380432, "e": 0.0224305, "g": 0.028085, "h": 0.0247068, "l": 0.387148, "k": 0.0512596, "m": 0.0678619, "f": 0.0745925, "p": 0.0225643, "s": 0.0570444, "t": 0.122516, "w": 0.0143975, "y": 0.0178172, "v": 0.485238 },
  "l": { "a": 0.0595346, "r": 0.0147277, "n": 0.0123559, "d": 0.0101289, "c": 0.00475598, "q": 0.0206828, "e": 0.00637694, "g": 0.0106683, "h": 0.0238634, "i": 0.115159, "k": 0.014982, "m": 0.0770118, "f": 0.0672063, "p": 0.00901004, "s": 0.0144674, "t": 0.0209559, "w": 0.00508916, "y": 0.00632266, "v": 0.102164 },
  "k": { "a": 0.029066, "r": 0.194269, "n": 0.121697, "d": 0.040429, "c": 0.00773973, "q": 0.0701142, "e": 0.0407681, "g": 0.0273211, "h": 0.0196332, "i": 0.0127588, "l": 0.0196661, "m": 0.0228691, "f": 0.00808042, "p": 0.0248209, "s": 0.0582531, "t": 0.069931, "w": 0.00681882, "y": 0.00842786, "v": 0.0289046 },
  "m": { "a": 0.108174, "r": 0.0483444, "n": 0.108811, "d": 0.0520258, "c": 0.0360848, "q": 0.212571, "e": 0.0885768, "g": 0.0464722, "h": 0.0768942, "i": 0.163309, "l": 0.507625, "k": 0.156039, "f": 0.0933006, "p": 0.0578971, "s": 0.136665, "t": 0.0795394, "w": 0.0321436, "y": 0.040531, "v": 0.140475 },
  "f": { "a": 0.0248367, "r": 0.0206975, "n": 0.0142539, "d": 0.0147405, "c": 0.0126464, "q": 0.0133918, "e": 0.0122183, "g": 0.01228, "h": 0.0274538, "i": 0.0805775, "l": 0.137232, "k": 0.0149112, "m": 0.0210673, "p": 0.0151236, "s": 0.0313517, "t": 0.0210872, "w": 0.0224048, "y": 0.241479, "v": 0.0252629 },
  "p": { "a": 0.24213, "r": 0.055016, "n": 0.0173364, "d": 0.0160541, "c": 0.0145454, "q": 0.0679317, "e": 0.0299887, "g": 0.053487, "h": 0.0488996, "i": 0.0180666, "l": 0.0639626, "k": 0.0246219, "m": 0.0159066, "f": 0.0136575, "s": 0.270397, "t": 0.0231021, "w": 0.00938225, "y": 0.0184656, "v": 0.053523 },
  "s": { "a": 0.338661, "r": 0.0952286, "n": 0.169747, "d": 0.0420312, "c": 0.0274268, "q": 0.0272433, "e": 0.0269849, "g": 0.209589, "h": 0.0449642, "i": 0.0256129, "l": 0.0183653, "k": 0.0742813, "m": 0.0109352, "f": 0.0180706, "p": 0.159094, "t": 0.309641, "w": 0.00642377, "y": 0.00851845, "v": 0.0192472 },
  "t": { "a": 0.260207, "r": 0.0525221, "n": 0.0603588, "d": 0.0429476, "c": 0.0249972, "q": 0.0312378, "e": 0.0400297, "g": 0.0371766, "h": 0.0208814, "i": 0.0568802, "l": 0.0225378, "k": 0.122375, "m": 0.035369, "f": 0.00952111, "p": 0.0822923, "s": 0.365249, "w": 0.00714455, "y": 0.0170316, "v": 0.0762417 },
  "w": { "a": 0.0296071, "r": 0.0763268, "n": 0.0301279, "d": 0.0288354, "c": 0.0475979, "q": 0.0295592, "e": 0.028717, "g": 0.0287158, "h": 0.0304836, "i": 0.032046, "l": 0.0538917, "k": 0.0306542, "m": 0.0299801, "f": 0.0557925, "p": 0.02909, "s": 0.0295155, "t": 0.0299613, "y": 0.0288884, "v": 0.0304581 },
  "y": { "a": 0.0354378, "r": 0.0192297, "n": 0.029022, "d": 0.0315623, "c": 0.0432485, "q": 0.0201158, "e": 0.0203895, "g": 0.019112, "h": 0.0577706, "i": 0.0407132, "l": 0.0902622, "k": 0.0372261, "m": 0.0218194, "f": 0.303996, "p": 0.0266963, "s": 0.0385592, "t": 0.0536422, "w": 0.0164299, "v": 0.0590585 },
  "v": { "a": 0.182362, "r": 0.0231209, "n": 0.0262054, "d": 0.0512641, "c": 0.0209672, "q": 0.0180033, "e": 0.0327498, "g": 0.0283864, "h": 0.0370967, "i": 0.3145, "l": 0.139654, "k": 0.0161455, "m": 0.0744483, "f": 0.01951, "p": 0.0191578, "s": 0.0465478, "t": 0.142516, "w": 0.00842365, "y": 0.0107175 }
 }
}
