{
 "alphabet": "arndcqeghilkmfpstwyv",
 "insrate": 0.00458471,
 "insextprob": 0.59375,
 "delrate": 0.00493687,
 "delextprob": 0.784615,
 "rootprob":
 {
  "a": 0.101551,
  "r": 0.0407572,
  "n": 0.0403962,
  "d": 0.0543552,
  "c": 0.027335,
  "q": 0.0392344,
  "e": 0.0395276,
  "g": 0.102258,
  "h": 0.0344237,
  "i": 0.028975,
  "l": 0.0686832,
  "k": 0.067896,
  "m": 0.0137593,
  "f": 0.0445451,
  "p": 0.0541218,
  "s": 0.0580415,
  "t": 0.0547055,
  "w": 0.0072956,
  "y": 0.0490345,
  "v": 0.0731042
 },
 "subrate":
 {
  "a": { "r": 0.0223399, "n": 0.0433302, "d": 0.0411037, "c": 0.0177795, "q": 0.0253715, "e": 0.119046, "g": 0.180259, "h": 0.0114648, "i": 0.0225468, "l": 0.0190214, "k": 0.0387087, "m": 0.0238819, "f": 0.00891306, "p": 0.123689, "s": 0.340694, "t": 0.214683, "w": 0.0066955, "y": 0.00720309, "v": 0.122921 },
  "r": { "a": 0.0267851, "n": 0.0465191, "d": 0.0264758, "c": 0.015533, "q": 0.0754798, "e": 0.0234201, "g": 0.0263849, "h": 0.114468, "i": 0.0431726, "l": 0.0574499, "k": 0.416975, "m": 0.0321143, "f": 0.0130195, "p": 0.0814323, "s": 0.102434, "t": 0.0438458, "w": 0.0225722, "y": 0.0125503, "v": 0.0258898 },
  "n": { "a": 0.0500345, "r": 0.0330446, "d": 0.25958, "c": 0.0150782, "q": 0.0495105, "e": 0.0542158, "g": 0.134735, "h": 0.175027, "i": 0.0352491, "l": 0.0336327, "k": 0.164956, "m": 0.0356015, "f": 0.0312016, "p": 0.0247979, "s": 0.357075, "t": 0.125532, "w": 0.0181672, "y": 0.0238174, "v": 0.0242109 },
  "d": { "a": 0.0809984, "r": 0.021354, "n": 0.367778, "c": 0.0124378, "q": 0.0403858, "e": 0.498595, "g": 0.114311, "h": 0.0450105, "i": 0.0175096, "l": 0.012405, "k": 0.0650515, "m": 0.0135557, "f": 0.0100568, "p": 0.0252922, "s": 0.100247, "t": 0.0494483, "w": 0.0116555, "y": 0.0105151, "v": 0.0231566 },
  "c": { "a": 0.0873842, "r": 0.0443088, "n": 0.0321734, "d": 0.0382124, "q": 0.0263651, "e": 0.0292029, "g": 0.0664387, "h": 0.0470574, "i": 0.0282432, "l": 0.0255692, "k": 0.027671, "m": 0.0261384, "f": 0.0237502, "p": 0.0273185, "s": 0.128474, "t": 0.0865249, "w": 0.0239184, "y": 0.031361, "v": 0.0518192 },
  "q": { "a": 0.126158, "r": 0.132046, "n": 0.0629392, "d": 0.0252691, "c": 0.013871, "e": 0.251786, "g": 0.028483, "h": 0.132923, "i": 0.0274782, "l": 0.0853369, "k": 0.181895, "m": 0.0415203, "f": 0.0126514, "p": 0.0970333, "s": 0.033004, "t": 0.0620317, "w": 0.0142342, "y": 0.0128097, "v": 0.0331477 },
  "e": { "a": 0.149563, "r": 0.0263253, "n": 0.0510573, "d": 0.496837, "c": 0.0139551, "q": 0.224546, "g": 0.0918258, "h": 0.047371, "i": 0.0191941, "l": 0.0290203, "k": 0.0535129, "m": 0.0178469, "f": 0.0116889, "p": 0.0304991, "s": 0.0341398, "t": 0.0860467, "w": 0.0132503, "y": 0.0135025, "v": 0.0354559 },
  "g": { "a": 0.239033, "r": 0.012348, "n": 0.065917, "d": 0.0810424, "c": 0.00937357, "q": 0.0115168, "e": 0.0311418, "h": 0.0104216, "i": 0.0117952, "l": 0.00746325, "k": 0.0261255, "m": 0.0191292, "f": 0.0197074, "p": 0.0458239, "s": 0.15623, "t": 0.0224178, "w": 0.00739865, "y": 0.0082622, "v": 0.0494669 },
  "h": { "a": 0.0689307, "r": 0.160747, "n": 0.0683983, "d": 0.0392137, "c": 0.0159289, "q": 0.140304, "e": 0.0706468, "g": 0.0208508, "i": 0.0236914, "l": 0.0912441, "k": 0.0374475, "m": 0.0246076, "f": 0.0342147, "p": 0.0912027, "s": 0.0718397, "t": 0.0411145, "w": 0.0166487, "y": 0.032929, "v": 0.0222944 },
  "i": { "a": 0.0741966, "r": 0.0291208, "n": 0.0219091, "d": 0.0197913, "c": 0.0293068, "q": 0.0340581, "e": 0.0255273, "g": 0.0222012, "h": 0.0201848, "l": 0.341848, "k": 0.0424073, "m": 0.0482455, "f": 0.0593911, "p": 0.0296547, "s": 0.0492577, "t": 0.061354, "w": 0.0157396, "y": 0.0481509, "v": 0.565633 },
  "l": { "a": 0.0201115, "r": 0.0176097, "n": 0.00973421, "d": 0.0141092, "c": 0.0133658, "q": 0.0511397, "e": 0.017544, "g": 0.0145509, "h": 0.0173194, "i": 0.166765, "k": 0.0257556, "m": 0.0904417, "f": 0.0806786, "p": 0.0331702, "s": 0.0162446, "t": 0.0291783, "w": 0.011398, "y": 0.00805509, "v": 0.0851082 },
  "k": { "a": 0.0466863, "r": 0.206552, "n": 0.16122, "d": 0.0157209, "c": 0.0126497, "q": 0.0574149, "e": 0.0530884, "g": 0.0330196, "h": 0.0266991, "i": 0.01364, "l": 0.0145078, "m": 0.0383602, "f": 0.0087915, "p": 0.0370748, "s": 0.0389187, "t": 0.0454304, "w": 0.0099451, "y": 0.00761875, "v": 0.0124392 },
  "m": { "a": 0.0684527, "r": 0.0536262, "n": 0.0526663, "d": 0.0458669, "c": 0.0399965, "q": 0.0655759, "e": 0.0896386, "g": 0.05503, "h": 0.049332, "i": 0.129947, "l": 0.450066, "k": 0.248752, "f": 0.0961541, "p": 0.0515436, "s": 0.0768945, "t": 0.0796419, "w": 0.0386264, "y": 0.0393711, "v": 0.118159 },
  "f": { "a": 0.0267199, "r": 0.0111608, "n": 0.0124421, "d": 0.020976, "c": 0.0113756, "q": 0.0127696, "e": 0.0127294, "g": 0.0167977, "h": 0.011626, "i": 0.0460683, "l": 0.141161, "k": 0.0109312, "m": 0.0240803, "p": 0.0119268, "s": 0.0314303, "t": 0.0149277, "w": 0.0110127, "y": 0.211022, "v": 0.0212908 },
  "p": { "a": 0.151008, "r": 0.0237931, "n": 0.023226, "d": 0.0218851, "c": 0.0118226, "q": 0.0912917, "e": 0.0456391, "g": 0.0620116, "h": 0.0305153, "i": 0.021763, "l": 0.0375311, "k": 0.0513197, "m": 0.0211671, "f": 0.00932307, "s": 0.215577, "t": 0.120444, "w": 0.0167766, "y": 0.012557, "v": 0.0384535 },
  "s": { "a": 0.28429, "r": 0.0200455, "n": 0.195109, "d": 0.0476972, "c": 0.0115798, "q": 0.037172, "e": 0.0353183, "g": 0.136121, "h": 0.0257914, "i": 0.0122786, "l": 0.0155131, "k": 0.0861019, "m": 0.0123087, "f": 0.0115619, "p": 0.0966204, "t": 0.341816, "w": 0.00827476, "y": 0.014566, "v": 0.0139175 },
  "t": { "a": 0.27824, "r": 0.0258907, "n": 0.100579, "d": 0.026506, "c": 0.0142464, "q": 0.0350657, "e": 0.0596344, "g": 0.0395925, "h": 0.0197422, "i": 0.0570083, "l": 0.0214035, "k": 0.122041, "m": 0.0336763, "f": 0.00964639, "p": 0.0277629, "s": 0.397892, "w": 0.00954375, "y": 0.0119924, "v": 0.114583 },
  "w": { "a": 0.0666442, "r": 0.0656554, "n": 0.0990531, "d": 0.0700823, "c": 0.0584406, "q": 0.066978, "e": 0.068278, "g": 0.0693482, "h": 0.0949685, "i": 0.0653977, "l": 0.0668636, "k": 0.0664396, "m": 0.0650094, "f": 0.0573592, "p": 0.067042, "s": 0.0695318, "t": 0.0685549, "y": 0.061464, "v": 0.0650418 },
  "y": { "a": 0.0139123, "r": 0.0268643, "n": 0.0288843, "d": 0.0152097, "c": 0.023885, "q": 0.0125066, "e": 0.0168722, "g": 0.0149626, "h": 0.0639672, "i": 0.0167468, "l": 0.0359869, "k": 0.0162478, "m": 0.0133844, "f": 0.35643, "p": 0.0139498, "s": 0.0395009, "t": 0.0216972, "w": 0.0221165, "v": 0.0344094 },
  "v": { "a": 0.228534, "r": 0.0328147, "n": 0.0141149, "d": 0.0171944, "c": 0.0346651, "q": 0.0118146, "e": 0.0158666, "g": 0.046719, "h": 0.0305178, "i": 0.471706, "l": 0.114972, "k": 0.0172146, "m": 0.0327139, "f": 0.013608, "p": 0.027216, "s": 0.0322641, "t": 0.0767433, "w": 0.00846055, "y": 0.009996 }
 }
}
