{
 "alphabet": "arndcqeghilkmfpstwyv",
 "insrate": 0.00696195,
 "insextprob": 0.766667,
 "delrate": 0.00497107,
 "delextprob": 0.482759,
 "rootprob":
 {
  "a": 0.0705463,
  "r": 0.0391554,
  "n": 0.0543746,
  "d": 0.0601242,
  "c": 0.0479407,
  "q": 0.0375771,
  "e": 0.0411339,
  "g": 0.109331,
  "h": 0.0273641,
  "i": 0.0488068,
  "l": 0.0821298,
  "k": 0.0785346,
  "m": 0.0105269,
  "f": 0.0375451,
  "p": 0.0348735,
  "s": 0.0558414,
  "t": 0.059367,
  "w": 0.0162497,
  "y": 0.0286074,
  "v": 0.0599705
 },
 "subrate":
 {
  "a": { "r": 0.0199421, "n": 0.0420605, "d": 0.0452105, "c": 0.021336, "q": 0.0740863, "e": 0.089837, "g": 0.182338, "h": 0.0117222, "i": 0.0180565, "l": 0.031001, "k": 0.0547882, "m": 0.03074, "f": 0.0149312, "p": 0.116307, "s": 0.328641, "t": 0.12645, "w": 0.00650953, "y": 0.0100404, "v": 0.134618 },
  "r": { "a": 0.0235006, "n": 0.0474523, "d": 0.0219586, "c": 0.0214069, "q": 0.140795, "e": 0.0292186, "g": 0.0231186, "h": 0.128805, "i": 0.0195613, "l": 0.0294361, "k": 0.34856, "m": 0.0421435, "f": 0.0175319, "p": 0.0166184, "s": 0.088631, "t": 0.0279667, "w": 0.0173809, "y": 0.0188301, "v": 0.0146329 },
  "n": { "a": 0.105138, "r": 0.0201135, "d": 0.404319, "c": 0.0108764, "q": 0.0552802, "e": 0.0528078, "g": 0.128773, "h": 0.148813, "i": 0.0131064, "l": 0.0145376, "k": 0.219411, "m": 0.0141948, "f": 0.0129797, "p": 0.0319936, "s": 0.352841, "t": 0.153291, "w": 0.00992755, "y": 0.0273371, "v": 0.0192153 },
  "d": { "a": 0.148635, "r": 0.0150883, "n": 0.342224, "c": 0.00898717, "q": 0.0538646, "e": 0.558828, "g": 0.081118, "h": 0.0386008, "i": 0.0117108, "l": 0.0155031, "k": 0.0658789, "m": 0.0126231, "f": 0.00958784, "p": 0.0218284, "s": 0.0972365, "t": 0.0423806, "w": 0.00845515, "y": 0.0196277, "v": 0.0199583 },
  "c": { "a": 0.0506891, "r": 0.0232973, "n": 0.013836, "d": 0.0144452, "q": 0.0129048, "e": 0.014132, "g": 0.0244011, "h": 0.011826, "i": 0.0198155, "l": 0.0197537, "k": 0.0170969, "m": 0.0161943, "f": 0.01271, "p": 0.0153536, "s": 0.0968089, "t": 0.0199729, "w": 0.0100156, "y": 0.0421163, "v": 0.034382 },
  "q": { "a": 0.0969208, "r": 0.0772353, "n": 0.0574413, "d": 0.0863843, "c": 0.011913, "e": 0.275041, "g": 0.0205552, "h": 0.129303, "i": 0.0171953, "l": 0.0277915, "k": 0.144418, "m": 0.0422226, "f": 0.0123298, "p": 0.129067, "s": 0.0701032, "t": 0.049797, "w": 0.0109153, "y": 0.0190132, "v": 0.0229299 },
  "e": { "a": 0.177769, "r": 0.021108, "n": 0.0679458, "d": 0.533934, "c": 0.0107453, "q": 0.19292, "g": 0.0791981, "h": 0.0358137, "i": 0.0163573, "l": 0.0247242, "k": 0.117191, "m": 0.0146789, "f": 0.010915, "p": 0.0332042, "s": 0.064832, "t": 0.0611596, "w": 0.00957323, "y": 0.0220811, "v": 0.0255342 },
  "g": { "a": 0.2014, "r": 0.00549249, "n": 0.0440638, "d": 0.0698086, "c": 0.0110936, "q": 0.0150377, "e": 0.0585735, "h": 0.00813071, "i": 0.0096108, "l": 0.00962873, "k": 0.0168265, "m": 0.00651489, "f": 0.00963439, "p": 0.0252366, "s": 0.121722, "t": 0.0223085, "w": 0.0047747, "y": 0.00679134, "v": 0.0428787 },
  "h": { "a": 0.0659854, "r": 0.0619287, "n": 0.260678, "d": 0.0960443, "c": 0.0176892, "q": 0.181749, "e": 0.0379314, "g": 0.033917, "i": 0.0275484, "l": 0.0716404, "k": 0.0545216, "m": 0.0440929, "f": 0.0202038, "p": 0.0520703, "s": 0.0824943, "t": 0.0387452, "w": 0.0165328, "y": 0.0417979, "v": 0.0345122 },
  "i": { "a": 0.0360791, "r": 0.0181117, "n": 0.0217097, "d": 0.0186992, "c": 0.0414243, "q": 0.0191717, "e": 0.0286365, "g": 0.0340388, "h": 0.0231953, "l": 0.196277, "k": 0.0249913, "m": 0.088619, "f": 0.0392801, "p": 0.0241613, "s": 0.0170061, "t": 0.0820488, "w": 0.0101655, "y": 0.028589, "v": 0.622621 },
  "l": { "a": 0.0251482, "r": 0.0105345, "n": 0.014682, "d": 0.00780567, "c": 0.0104706, "q": 0.027305, "e": 0.0116604, "g": 0.0131093, "h": 0.0194895, "i": 0.145573, "k": 0.0109601, "m": 0.105971, "f": 0.0418993, "p": 0.0178249, "s": 0.016843, "t": 0.0302038, "w": 0.00549988, "y": 0.0110213, "v": 0.0749553 },
  "k": { "a": 0.0559725, "r": 0.226829, "n": 0.0948409, "d": 0.0415664, "c": 0.00834748, "q": 0.0836991, "e": 0.0596595, "g": 0.0326969, "h": 0.0181332, "i": 0.0149457, "l": 0.0352078, "m": 0.0358592, "f": 0.0120054, "p": 0.0124769, "s": 0.0740984, "t": 0.0646225, "w": 0.00742082, "y": 0.0143991, "v": 0.0129788 },
  "m": { "a": 0.148556, "r": 0.144834, "n": 0.102276, "d": 0.11657, "c": 0.07257, "q": 0.147181, "e": 0.0908358, "g": 0.092067, "h": 0.097575, "i": 0.185603, "l": 0.740531, "k": 0.3121, "f": 0.107053, "p": 0.0874149, "s": 0.112966, "t": 0.176313, "w": 0.0486552, "y": 0.0893901, "v": 0.281185 },
  "f": { "a": 0.033561, "r": 0.0205629, "n": 0.0239799, "d": 0.0166033, "c": 0.0240747, "q": 0.0182911, "e": 0.0169039, "g": 0.0203772, "h": 0.0219323, "i": 0.0362296, "l": 0.207886, "k": 0.0224655, "m": 0.0523802, "p": 0.0181545, "s": 0.0255977, "t": 0.0299588, "w": 0.014937, "y": 0.240438, "v": 0.0447365 },
  "p": { "a": 0.151063, "r": 0.022888, "n": 0.0331698, "d": 0.0398331, "c": 0.0210055, "q": 0.0936192, "e": 0.0481832, "g": 0.0594395, "h": 0.0601274, "i": 0.0298321, "l": 0.0393413, "k": 0.0521615, "m": 0.0225038, "f": 0.0199217, "s": 0.145006, "t": 0.0820286, "w": 0.0126761, "y": 0.0164096, "v": 0.0580573 },
  "s": { "a": 0.331496, "r": 0.048557, "n": 0.207144, "d": 0.0714234, "c": 0.0234531, "q": 0.0565305, "e": 0.0340834, "g": 0.219073, "h": 0.0185608, "i": 0.0109869, "l": 0.0207088, "k": 0.0857181, "m": 0.0120605, "f": 0.0101722, "p": 0.122996, "t": 0.373417, "w": 0.00849999, "y": 0.0167964, "v": 0.0208573 },
  "t": { "a": 0.174861, "r": 0.0185515, "n": 0.0948943, "d": 0.0336466, "c": 0.012497, "q": 0.0333958, "e": 0.0389308, "g": 0.0178543, "h": 0.0302864, "i": 0.038497, "l": 0.0321084, "k": 0.145286, "m": 0.0397406, "f": 0.0111468, "p": 0.0401523, "s": 0.376543, "w": 0.0097824, "y": 0.0248443, "v": 0.086572 },
  "w": { "a": 0.0261519, "r": 0.0710345, "n": 0.0259607, "d": 0.0247102, "c": 0.0244114, "q": 0.0255926, "e": 0.0250325, "g": 0.0254403, "h": 0.0257364, "i": 0.0261677, "l": 0.0470886, "k": 0.0302368, "m": 0.0285869, "f": 0.0268745, "p": 0.0303626, "s": 0.0492689, "t": 0.0279947, "y": 0.0521731, "v": 0.0261171 },
  "y": { "a": 0.0848937, "r": 0.0188935, "n": 0.025451, "d": 0.0188814, "c": 0.041088, "q": 0.0222937, "e": 0.0200822, "g": 0.0396633, "h": 0.0784547, "i": 0.0204461, "l": 0.0323284, "k": 0.038247, "m": 0.0217785, "f": 0.152343, "p": 0.0254074, "s": 0.0907632, "t": 0.024056, "w": 0.0455474, "v": 0.0538722 },
  "v": { "a": 0.214314, "r": 0.0138348, "n": 0.0136728, "d": 0.0131909, "c": 0.0212776, "q": 0.0435556, "e": 0.0222605, "g": 0.0556529, "h": 0.0196289, "i": 0.396447, "l": 0.130173, "k": 0.0175983, "m": 0.0378012, "f": 0.0243698, "p": 0.0668213, "s": 0.0164455, "t": 0.0737613, "w": 0.00746975, "y": 0.0337408 }
 }
}
