{
 "alphabet": "arndcqeghilkmfpstwyv",
 "insrate": 0.00543077,
 "insextprob": 0.725806,
 "delrate": 0.00447841,
 "delextprob": 0.72,
 "rootprob":
 {
  "a": 0.0781601,
  "r": 0.030804,
  "n": 0.0366551,
  "d": 0.03915,
  "c": 0.0281788,
  "q": 0.0500983,
  "e": 0.0561679,
  "g": 0.115513,
  "h": 0.0381221,
  "i": 0.0450274,
  "l": 0.100222,
  "k": 0.0532605,
  "m": 0.0175491,
  "f": 0.0327413,
  "p": 0.0638252,
  "s": 0.0439176,
  "t": 0.0543998,
  "w": 0.00871006,
  "y": 0.0431127,
  "v": 0.0643853
 },
 "subrate":
 {
  "a": { "r": 0.0138897, "n": 0.0335785, "d": 0.0458845, "c": 0.0184301, "q": 0.0365658, "e": 0.0893669, "g": 0.145416, "h": 0.0151642, "i": 0.0163283, "l": 0.0422322, "k": 0.0313023, "m": 0.0159996, "f": 0.013865, "p": 0.123113, "s": 0.316157, "t": 0.192905, "w": 0.00831622, "y": 0.00724137, "v": 0.118647 },
  "r": { "a": 0.0585353, "n": 0.0470541, "d": 0.0355747, "c": 0.0228931, "q": 0.152358, "e": 0.0305419, "g": 0.0386038, "h": 0.0480054, "i": 0.055454, "l": 0.041685, "k": 0.473251, "m": 0.0232489, "f": 0.0160131, "p": 0.0809711, "s": 0.108149, "t": 0.0411684, "w": 0.036639, "y": 0.0168982, "v": 0.037045 },
  "n": { "a": 0.0865522, "r": 0.0408723, "d": 0.301081, "c": 0.016279, "q": 0.104964, "e": 0.0676267, "g": 0.184591, "h": 0.0877604, "i": 0.0269654, "l": 0.0377449, "k": 0.259734, "m": 0.0208706, "f": 0.0193366, "p": 0.023937, "s": 0.47449, "t": 0.178551, "w": 0.0308492, "y": 0.0501601, "v": 0.0452813 },
  "d": { "a": 0.0915838, "r": 0.0206241, "n": 0.202934, "c": 0.0121845, "q": 0.0594164, "e": 0.55645, "g": 0.155116, "h": 0.042192, "i": 0.0295575, "l": 0.0136879, "k": 0.0493116, "m": 0.0139529, "f": 0.0143296, "p": 0.0172419, "s": 0.105964, "t": 0.0391596, "w": 0.0142545, "y": 0.0209054, "v": 0.0327188 },
  "c": { "a": 0.0471761, "r": 0.0278307, "n": 0.0168762, "d": 0.0159818, "q": 0.0181553, "e": 0.0168677, "g": 0.0285698, "h": 0.0147317, "i": 0.0141401, "l": 0.01403, "k": 0.017738, "m": 0.0266338, "f": 0.0151372, "p": 0.0266797, "s": 0.0767275, "t": 0.0254006, "w": 0.0254218, "y": 0.0383609, "v": 0.015909 },
  "q": { "a": 0.107091, "r": 0.0797319, "n": 0.0660512, "d": 0.0798134, "c": 0.0132675, "e": 0.371608, "g": 0.0409402, "h": 0.086226, "i": 0.0246884, "l": 0.0409169, "k": 0.183838, "m": 0.0255541, "f": 0.0141565, "p": 0.110454, "s": 0.0731064, "t": 0.108806, "w": 0.015428, "y": 0.0152164, "v": 0.0287446 },
  "e": { "a": 0.158228, "r": 0.0206774, "n": 0.0280526, "d": 0.413449, "c": 0.01117, "q": 0.183458, "g": 0.0709154, "h": 0.0186687, "i": 0.0140114, "l": 0.0109601, "k": 0.10157, "m": 0.0113715, "f": 0.013292, "p": 0.0517171, "s": 0.0903765, "t": 0.033432, "w": 0.010995, "y": 0.0118253, "v": 0.0208258 },
  "g": { "a": 0.242194, "r": 0.0104987, "n": 0.0793542, "d": 0.0242056, "c": 0.00872995, "q": 0.0188074, "e": 0.02828, "h": 0.00677194, "i": 0.012601, "l": 0.0189033, "k": 0.0167206, "m": 0.0111475, "f": 0.00905269, "p": 0.028878, "s": 0.176751, "t": 0.0280413, "w": 0.00636286, "y": 0.00645065, "v": 0.0443604 },
  "h": { "a": 0.0707049, "r": 0.0538061, "n": 0.165806, "d": 0.0400141, "c": 0.0275248, "q": 0.176186, "e": 0.0444021, "g": 0.0246182, "i": 0.0256224, "l": 0.0262991, "k": 0.0545083, "m": 0.0198712, "f": 0.0307938, "p": 0.0204167, "s": 0.0587278, "t": 0.0306117, "w": 0.0195912, "y": 0.0465466, "v": 0.0602816 },
  "i": { "a": 0.0423571, "r": 0.0207257, "n": 0.0628942, "d": 0.0245487, "c": 0.024172, "q": 0.049622, "e": 0.0434953, "g": 0.0346158, "h": 0.0196853, "l": 0.260284, "k": 0.0611652, "m": 0.139511, "f": 0.0580002, "p": 0.0204347, "s": 0.0250593, "t": 0.039335, "w": 0.018483, "y": 0.0179343, "v": 0.737858 },
  "l": { "a": 0.0226123, "r": 0.0112795, "n": 0.0138521, "d": 0.00837337, "c": 0.0104013, "q": 0.0329288, "e": 0.00761079, "g": 0.00820325, "h": 0.00974367, "i": 0.105696, "k": 0.0204311, "m": 0.11417, "f": 0.0665554, "p": 0.0143546, "s": 0.0204822, "t": 0.0111135, "w": 0.0152526, "y": 0.0107929, "v": 0.102422 },
  "k": { "a": 0.0325836, "r": 0.1845, "n": 0.0931572, "d": 0.0519171, "c": 0.00625644, "q": 0.0608722, "e": 0.0894899, "g": 0.0163726, "h": 0.0146979, "i": 0.0192552, "l": 0.0239576, "m": 0.0153834, "f": 0.00691633, "p": 0.0183402, "s": 0.0572657, "t": 0.0414217, "w": 0.00808326, "y": 0.00888353, "v": 0.0172542 },
  "m": { "a": 0.103736, "r": 0.0805581, "n": 0.052212, "d": 0.0581914, "c": 0.0408195, "q": 0.118597, "e": 0.0515132, "g": 0.0402173, "h": 0.0354284, "i": 0.175644, "l": 0.76387, "k": 0.101239, "f": 0.0661184, "p": 0.0364171, "s": 0.0468, "t": 0.0931171, "w": 0.0392861, "y": 0.033711, "v": 0.111505 },
  "f": { "a": 0.0287158, "r": 0.0142363, "n": 0.0358718, "d": 0.0153199, "c": 0.0232019, "q": 0.0155862, "e": 0.0132809, "g": 0.0157498, "h": 0.0189403, "i": 0.0203481, "l": 0.151517, "k": 0.0152937, "m": 0.0211879, "p": 0.0170885, "s": 0.0227714, "t": 0.0306305, "w": 0.0212708, "y": 0.195912, "v": 0.0515373 },
  "p": { "a": 0.194794, "r": 0.074772, "n": 0.0145409, "d": 0.0315044, "c": 0.0127702, "q": 0.0826371, "e": 0.0517357, "g": 0.0146625, "h": 0.0104138, "i": 0.0194574, "l": 0.0254019, "k": 0.0206839, "m": 0.0114894, "f": 0.0201296, "s": 0.162665, "t": 0.0580901, "w": 0.0105619, "y": 0.011953, "v": 0.053826 },
  "s": { "a": 0.403761, "r": 0.0341165, "n": 0.212733, "d": 0.0574076, "c": 0.0597526, "q": 0.0361107, "e": 0.0414932, "g": 0.200781, "h": 0.0213347, "i": 0.0177096, "l": 0.0231155, "k": 0.0957164, "m": 0.0135978, "f": 0.0137253, "p": 0.0844519, "t": 0.425864, "w": 0.0125047, "y": 0.011626, "v": 0.0273034 },
  "t": { "a": 0.285487, "r": 0.0323269, "n": 0.0932617, "d": 0.0409309, "c": 0.0158292, "q": 0.0700724, "e": 0.0372856, "g": 0.0556984, "h": 0.0155129, "i": 0.0589187, "l": 0.0200067, "k": 0.12015, "m": 0.0194, "f": 0.0134905, "p": 0.0352001, "s": 0.381886, "w": 0.0130924, "y": 0.0229898, "v": 0.128837 },
  "w": { "a": 0.119035, "r": 0.427807, "n": 0.107674, "d": 0.109789, "c": 0.0954933, "q": 0.107371, "e": 0.112509, "g": 0.133862, "h": 0.112253, "i": 0.0930967, "l": 0.114497, "k": 0.11882, "m": 0.0980462, "f": 0.184319, "p": 0.0940834, "s": 0.192883, "t": 0.101809, "y": 0.0886426, "v": 0.0953969 },
  "y": { "a": 0.0157508, "r": 0.0153699, "n": 0.0536149, "d": 0.021143, "c": 0.0307461, "q": 0.0139895, "e": 0.0144269, "g": 0.0129135, "h": 0.0388526, "i": 0.045878, "l": 0.0524027, "k": 0.0142812, "m": 0.0165113, "f": 0.327925, "p": 0.0133665, "s": 0.0157753, "t": 0.0320137, "w": 0.0171764, "v": 0.0156449 },
  "v": { "a": 0.197612, "r": 0.0271265, "n": 0.0193479, "d": 0.0228488, "c": 0.0103967, "q": 0.0240572, "e": 0.0345154, "g": 0.0618269, "h": 0.0128735, "i": 0.327978, "l": 0.0934268, "k": 0.0225509, "m": 0.0506526, "f": 0.0175039, "p": 0.0322973, "s": 0.0198064, "t": 0.150556, "w": 0.0107349, "y": 0.0125748 }
 }
}
