{
 "alphabet": "arndcqeghilkmfpstwyv",
 "insrate": 0.0350094,
 "insextprob": 0.6875,
 "delrate": 0.0210304,
 "delextprob": 0.689655,
 "rootprob":
 {
  "a": 0.0866279,
  "r": 0.043972,
  "n": 0.0390894,
  "d": 0.0570451,
  "c": 0.0193078,
  "q": 0.0367281,
  "e": 0.0580589,
  "g": 0.0832518,
  "h": 0.0244313,
  "i": 0.048466,
  "l": 0.086209,
  "k": 0.0620286,
  "m": 0.0195027,
  "f": 0.0384319,
  "p": 0.0457631,
  "s": 0.0695179,
  "t": 0.0610127,
  "w": 0.0143859,
  "y": 0.0352742,
  "v": 0.0708956
 },
 "subrate":
 {
  "a": { "r": 0.0254546, "n": 0.0209165, "d": 0.0442436, "c": 0.0208118, "q": 0.0350234, "e": 0.0964489, "g": 0.123784, "h": 0.00812702, "i": 0.00983414, "l": 0.0360024, "k": 0.0589978, "m": 0.0182884, "f": 0.00849024, "p": 0.0690922, "s": 0.245933, "t": 0.135823, "w": 0.00170811, "y": 0.0089122, "v": 0.149259 },
  "r": { "a": 0.0501473, "n": 0.026065, "d": 0.00881904, "c": 0.0107032, "q": 0.117008, "e": 0.0267595, "g": 0.0510845, "h": 0.0547987, "i": 0.00951083, "l": 0.0450281, "k": 0.348377, "m": 0.0139832, "f": 0.00414283, "p": 0.0326352, "s": 0.089317, "t": 0.0355011, "w": 0.0175731, "y": 0.0141247, "v": 0.0187391 },
  "n": { "a": 0.046354, "r": 0.0293208, "d": 0.325058, "c": 0.0053751, "q": 0.0595022, "e": 0.0577163, "g": 0.0983447, "h": 0.101443, "i": 0.0281917, "l": 0.0119003, "k": 0.196082, "m": 0.00405726, "f": 0.00387868, "p": 0.00936956, "s": 0.28996, "t": 0.129992, "w": 0.00108581, "y": 0.0402046, "v": 0.0146019 },
  "d": { "a": 0.0671877, "r": 0.00679797, "n": 0.222741, "c": 0.000613891, "q": 0.0237749, "e": 0.376214, "g": 0.0756295, "h": 0.0238635, "i": 0.00200599, "l": 0.00767293, "k": 0.0312385, "m": 0.00212368, "f": 0.00188486, "p": 0.0203636, "s": 0.0781957, "t": 0.0240041, "w": 0.00195925, "y": 0.0120581, "v": 0.0113346 },
  "c": { "a": 0.0933757, "r": 0.0243756, "n": 0.0108821, "d": 0.00181375, "q": 0.0038091, "e": 0.00130106, "g": 0.0267953, "h": 0.00638389, "i": 0.00865405, "l": 0.0347694, "k": 0.0048196, "m": 0.00799253, "f": 0.0160541, "p": 0.00525457, "s": 0.102703, "t": 0.0328483, "w": 0.0108265, "y": 0.0201331, "v": 0.0745652 },
  "q": { "a": 0.0826073, "r": 0.140086, "n": 0.0633277, "d": 0.0369266, "c": 0.00200243, "e": 0.333275, "g": 0.028838, "h": 0.110105, "i": 0.00579448, "l": 0.0786693, "k": 0.253558, "m": 0.031629, "f": 0.00403029, "p": 0.044829, "s": 0.0750664, "t": 0.0549363, "w": 0.00325724, "y": 0.00843001, "v": 0.0224171 },
  "e": { "a": 0.143908, "r": 0.0202668, "n": 0.0388587, "d": 0.369645, "c": 0.000432673, "q": 0.21083, "g": 0.0496037, "h": 0.014616, "i": 0.00648005, "l": 0.0139574, "k": 0.168246, "m": 0.00645008, "f": 0.00327252, "p": 0.0327729, "s": 0.0514324, "t": 0.0526847, "w": 0.00236373, "y": 0.00726729, "v": 0.0438051 },
  "g": { "a": 0.128804, "r": 0.0269819, "n": 0.046176, "d": 0.0518222, "c": 0.00621439, "q": 0.0127224, "e": 0.0345931, "h": 0.00639513, "i": 0.00154887, "l": 0.00554661, "k": 0.0243186, "m": 0.00356354, "f": 0.00201396, "p": 0.0116984, "s": 0.0978993, "t": 0.0144609, "w": 0.00508784, "y": 0.0038355, "v": 0.0139323 },
  "h": { "a": 0.0288166, "r": 0.0986279, "n": 0.162306, "d": 0.0557193, "c": 0.00504512, "q": 0.165524, "e": 0.0347337, "g": 0.021792, "i": 0.00702914, "l": 0.0451901, "k": 0.0579671, "m": 0.00827211, "f": 0.0274023, "p": 0.0334377, "s": 0.0540028, "t": 0.0303076, "w": 0.00396432, "y": 0.143398, "v": 0.00880654 },
  "i": { "a": 0.0175775, "r": 0.00862894, "n": 0.0227375, "d": 0.00236108, "c": 0.00344759, "q": 0.00439112, "e": 0.00776265, "g": 0.00266055, "h": 0.00354333, "l": 0.286902, "k": 0.0210814, "m": 0.0871433, "f": 0.0427336, "p": 0.00479949, "s": 0.0233064, "t": 0.0933714, "w": 0.00320811, "y": 0.015555, "v": 0.581952 },
  "l": { "a": 0.0361773, "r": 0.0229672, "n": 0.00539592, "d": 0.00507723, "c": 0.00778712, "q": 0.0335159, "e": 0.00939981, "g": 0.00535635, "h": 0.0128067, "i": 0.161294, "k": 0.0167668, "m": 0.0993539, "f": 0.0853151, "p": 0.0199726, "s": 0.0251522, "t": 0.0209148, "w": 0.010045, "y": 0.0147572, "v": 0.133956 },
  "k": { "a": 0.0823951, "r": 0.246964, "n": 0.123567, "d": 0.0287288, "c": 0.00150021, "q": 0.150135, "e": 0.157479, "g": 0.0326393, "h": 0.0228316, "i": 0.016472, "l": 0.023303, "m": 0.0191231, "f": 0.00358319, "p": 0.0267472, "s": 0.0705619, "t": 0.0888135, "w": 0.00207608, "y": 0.00493354, "v": 0.0227261 },
  "m": { "a": 0.0812342, "r": 0.0315274, "n": 0.008132, "d": 0.00621172, "c": 0.00791266, "q": 0.0595647, "e": 0.0192017, "g": 0.0152118, "h": 0.0103626, "i": 0.216559, "l": 0.43918, "k": 0.0608213, "f": 0.0480239, "p": 0.00822877, "s": 0.0360353, "t": 0.0970828, "w": 0.00778624, "y": 0.0158611, "v": 0.153161 },
  "f": { "a": 0.0191375, "r": 0.00474004, "n": 0.00394504, "d": 0.00279773, "c": 0.00806541, "q": 0.00385162, "e": 0.00494379, "g": 0.00436267, "h": 0.0174198, "i": 0.0538908, "l": 0.191376, "k": 0.00578322, "m": 0.0243703, "p": 0.007754, "s": 0.0398312, "t": 0.0110076, "w": 0.0230948, "y": 0.238943, "v": 0.0483559 },
  "p": { "a": 0.130789, "r": 0.0313579, "n": 0.00800318, "d": 0.0253838, "c": 0.00221694, "q": 0.0359784, "e": 0.0415784, "g": 0.0212817, "h": 0.0178512, "i": 0.00508296, "l": 0.0376246, "k": 0.0362539, "m": 0.00350683, "f": 0.00651182, "s": 0.117705, "t": 0.0509314, "w": 0.00210477, "y": 0.0079982, "v": 0.0234295 },
  "s": { "a": 0.306463, "r": 0.0564955, "n": 0.163042, "d": 0.0641659, "c": 0.0285246, "q": 0.0396595, "e": 0.0429545, "g": 0.11724, "h": 0.0189787, "i": 0.0162486, "l": 0.0311912, "k": 0.0629601, "m": 0.0101094, "f": 0.02202, "p": 0.0774843, "t": 0.280341, "w": 0.00790757, "y": 0.0291351, "v": 0.0173172 },
  "t": { "a": 0.192846, "r": 0.0255858, "n": 0.083283, "d": 0.0224431, "c": 0.010395, "q": 0.0330703, "e": 0.0501341, "g": 0.0197319, "h": 0.0121361, "i": 0.0741705, "l": 0.029552, "k": 0.0902923, "m": 0.0310325, "f": 0.00693368, "p": 0.0382015, "s": 0.319421, "w": 0.00167385, "y": 0.0107785, "v": 0.103293 },
  "w": { "a": 0.0102857, "r": 0.0537141, "n": 0.00295038, "d": 0.00776911, "c": 0.0145306, "q": 0.00831595, "e": 0.00953959, "g": 0.0294436, "h": 0.00673254, "i": 0.0108081, "l": 0.0601956, "k": 0.00895157, "m": 0.0105557, "f": 0.0616978, "p": 0.00669549, "s": 0.0382123, "t": 0.00709904, "y": 0.0920111, "v": 0.0271856 },
  "y": { "a": 0.021887, "r": 0.0176075, "n": 0.044553, "d": 0.0195002, "c": 0.0110201, "q": 0.00877747, "e": 0.0119615, "g": 0.0090523, "h": 0.0993189, "i": 0.0213723, "l": 0.036066, "k": 0.00867548, "m": 0.00876941, "f": 0.260332, "p": 0.0103765, "s": 0.0574191, "t": 0.0186433, "w": 0.037525, "v": 0.0234178 },
  "v": { "a": 0.182381, "r": 0.0116226, "n": 0.00805097, "d": 0.00912025, "c": 0.0203072, "q": 0.0116134, "e": 0.0358735, "g": 0.0163605, "h": 0.00303482, "i": 0.397837, "l": 0.16289, "k": 0.0198837, "m": 0.0421331, "f": 0.0262133, "p": 0.0151237, "s": 0.0169807, "t": 0.0888936, "w": 0.00551642, "y": 0.0116516 }
 }
}
