{
 "alphabet": "arndcqeghilkmfpstwyv",
 "insrate": 0.028,
 "insextprob": 0.68,
 "delrate": 0.028,
 "delextprob": 0.68,
 "rootprob":
 {
  "a": 0.087127,
  "r": 0.040904,
  "n": 0.040432,
  "d": 0.046872,
  "c": 0.033474,
  "q": 0.038255,
  "e": 0.04953,
  "g": 0.088612,
  "h": 0.033618,
  "i": 0.036886,
  "l": 0.085357,
  "k": 0.080482,
  "m": 0.014753,
  "f": 0.039772,
  "p": 0.05068,
  "s": 0.069577,
  "t": 0.058542,
  "w": 0.010494,
  "y": 0.029916,
  "v": 0.064718
 },
 "subrate":
 {
  "a": { "r": 0.0109809, "n": 0.0393967, "d": 0.0559247, "c": 0.0119817, "q": 0.0338522, "e": 0.0975084, "g": 0.211452, "h": 0.00768791, "i": 0.0238388, "l": 0.0347962, "k": 0.0208056, "m": 0.0105614, "f": 0.00711801, "p": 0.125975, "s": 0.282942, "t": 0.215948, "w": 0, "y": 0.00713877, "v": 0.133843 },
  "r": { "a": 0.0233897, "n": 0.0128642, "d": 0, "c": 0.00765498, "q": 0.093569, "e": 0.000492467, "g": 0.00792946, "h": 0.0802217, "i": 0.023472, "l": 0.0127303, "k": 0.3713, "m": 0.0132018, "f": 0.00553623, "p": 0.0519018, "s": 0.106536, "t": 0.0151339, "w": 0.0209723, "y": 0.00237959, "v": 0.0154435 },
  "n": { "a": 0.0848961, "r": 0.0130144, "d": 0.421765, "c": 0, "q": 0.0391773, "e": 0.0728851, "g": 0.122466, "h": 0.178828, "i": 0.0282398, "l": 0.0288554, "k": 0.254469, "m": 0.000146686, "f": 0.00553623, "p": 0.0211638, "s": 0.342436, "t": 0.133294, "w": 0.00239981, "y": 0.0282576, "v": 0.00965217 },
  "d": { "a": 0.103954, "r": 0, "n": 0.363817, "c": 0, "q": 0.0509685, "e": 0.567814, "g": 0.110131, "h": 0.0287461, "i": 0.008802, "l": 0, "k": 0.0568154, "m": 0, "f": 0, "p": 0.00655071, "s": 0.0657201, "t": 0.0384167, "w": 0, "y": 0, "v": 0.0115826 },
  "c": { "a": 0.0311863, "r": 0.00935411, "n": 0, "d": 0, "q": 0, "e": 0, "g": 0.00969157, "h": 0.0093592, "i": 0.016137, "l": 0, "k": 0, "m": 0, "f": 0, "p": 0.00957412, "s": 0.111378, "t": 0.00931314, "w": 0, "y": 0.0285551, "v": 0.0315304 },
  "q": { "a": 0.0770995, "r": 0.100048, "n": 0.0414068, "d": 0.0624492, "c": 0, "e": 0.352606, "g": 0.0246694, "h": 0.20256, "i": 0.0066015, "l": 0.0619542, "k": 0.122433, "m": 0.0167222, "f": 0, "p": 0.0770969, "s": 0.0387403, "t": 0.0308498, "w": 0, "y": 0, "v": 0.0225217 },
  "e": { "a": 0.171525, "r": 0.0004067, "n": 0.0594971, "d": 0.537343, "c": 0, "q": 0.272339, "g": 0.0713652, "h": 0.0143731, "i": 0.0223718, "l": 0.00933556, "k": 0.066418, "m": 0.00440058, "f": 0, "p": 0.025699, "s": 0.0546514, "t": 0.0197904, "w": 0, "y": 0.00654387, "v": 0.0238087 },
  "g": { "a": 0.207909, "r": 0.0036603, "n": 0.055879, "d": 0.0582549, "c": 0.00366108, "q": 0.0106501, "e": 0.0398898, "h": 0.00334257, "i": 0, "l": 0.00594081, "k": 0.0216058, "m": 0.00249366, "f": 0.00593168, "p": 0.0171326, "s": 0.161879, "t": 0.0174621, "w": 0, "y": 0, "v": 0.0347478 },
  "h": { "a": 0.0199246, "r": 0.0976081, "n": 0.215074, "d": 0.0400793, "c": 0.00931911, "q": 0.230499, "e": 0.0211761, "g": 0.00881051, "i": 0.00256725, "l": 0.0373423, "k": 0.0208056, "m": 0, "f": 0.0189814, "p": 0.0473667, "s": 0.0242127, "t": 0.0128056, "w": 0.00281717, "y": 0.037776, "v": 0.028313 },
  "i": { "a": 0.0563086, "r": 0.0260288, "n": 0.0309546, "d": 0.0111849, "c": 0.0146443, "q": 0.00684651, "e": 0.0300405, "g": 0, "h": 0.0023398, "l": 0.218113, "k": 0.03681, "m": 0.0492865, "f": 0.0775072, "p": 0.00604681, "s": 0.016603, "t": 0.111758, "w": 0, "y": 0.0110056, "v": 0.572052 },
  "l": { "a": 0.0355177, "r": 0.0061005, "n": 0.0136682, "d": 0, "c": 0, "q": 0.0277664, "e": 0.00541714, "g": 0.00616736, "h": 0.0147073, "i": 0.0942548, "k": 0.0144039, "m": 0.0773036, "f": 0.0620849, "p": 0.0161248, "s": 0.0117604, "t": 0.0192084, "w": 0.00479963, "y": 0.00832857, "v": 0.112609 },
  "k": { "a": 0.0225234, "r": 0.188709, "n": 0.127838, "d": 0.0330888, "c": 0, "q": 0.0581954, "e": 0.0408748, "g": 0.0237884, "h": 0.00869068, "i": 0.0168705, "l": 0.0152764, "m": 0.0356447, "f": 0, "p": 0.0166287, "s": 0.0664119, "t": 0.0791617, "w": 0, "y": 0.00386683, "v": 0.00643478 },
  "m": { "a": 0.0623726, "r": 0.036603, "n": 0.000402007, "d": 0, "c": 0, "q": 0.0433612, "e": 0.014774, "g": 0.0149779, "h": 0, "i": 0.123228, "l": 0.447258, "k": 0.194453, "f": 0.0363809, "p": 0.00856632, "s": 0.042891, "t": 0.0605354, "w": 0, "y": 0, "v": 0.166017 },
  "f": { "a": 0.0155932, "r": 0.0056938, "n": 0.0056281, "d": 0, "c": 0, "q": 0, "e": 0, "g": 0.0132158, "h": 0.0160443, "i": 0.071883, "l": 0.133244, "k": 0, "m": 0.0134951, "p": 0.00554291, "s": 0.0318223, "t": 0.00756693, "w": 0.00792982, "y": 0.207619, "v": 0.00772174 },
  "p": { "a": 0.216572, "r": 0.0418901, "n": 0.0168843, "d": 0.00605851, "c": 0.00632368, "q": 0.0581954, "e": 0.0251158, "g": 0.0299557, "h": 0.0314202, "i": 0.004401, "l": 0.027158, "k": 0.0264071, "m": 0.00249366, "f": 0.0043499, "s": 0.169489, "t": 0.0454016, "w": 0, "y": 0, "v": 0.030887 },
  "s": { "a": 0.354311, "r": 0.0626318, "n": 0.198994, "d": 0.0442737, "c": 0.0535849, "q": 0.0213003, "e": 0.0389049, "g": 0.206166, "h": 0.011699, "i": 0.008802, "l": 0.0144277, "k": 0.0768208, "m": 0.00909454, "f": 0.0181905, "p": 0.123456, "t": 0.320139, "w": 0.00782548, "y": 0.0101133, "v": 0.0193043 },
  "t": { "a": 0.321392, "r": 0.0105742, "n": 0.0920597, "d": 0.0307586, "c": 0.0053252, "q": 0.0201592, "e": 0.0167439, "g": 0.0264315, "h": 0.00735366, "i": 0.070416, "l": 0.0280067, "k": 0.108829, "m": 0.0152554, "f": 0.00514079, "p": 0.0393043, "s": 0.380485, "w": 0, "y": 0.0124928, "v": 0.101026 },
  "w": { "a": 0, "r": 0.0817468, "n": 0.00924617, "d": 0, "c": 0, "q": 0, "e": 0, "g": 0, "h": 0.00902494, "i": 0, "l": 0.0390396, "k": 0, "m": 0, "f": 0.0300538, "p": 0, "s": 0.0518843, "t": 0, "y": 0.0181444, "v": 0 },
  "y": { "a": 0.0207909, "r": 0.0032536, "n": 0.0381907, "d": 0, "c": 0.0319512, "q": 0, "e": 0.0108343, "g": 0, "h": 0.0424506, "i": 0.0135698, "l": 0.0237633, "k": 0.0104028, "m": 0, "f": 0.276021, "p": 0, "s": 0.0235209, "t": 0.024447, "w": 0.00636472, "v": 0.0180174 },
  "v": { "a": 0.180188, "r": 0.00976081, "n": 0.00603011, "d": 0.0083887, "c": 0.0163084, "q": 0.0133127, "e": 0.0182213, "g": 0.0475768, "h": 0.0147073, "i": 0.326041, "l": 0.14852, "k": 0.00800216, "m": 0.037845, "f": 0.00474534, "p": 0.0241873, "s": 0.0207537, "t": 0.0913852, "w": 0, "y": 0.00832857 }
 }
}
